date,proton_flux,xray_flux
2000-01-01,16000.0,5.699999999999999e-07
2000-01-02,14000.0,3.7e-07
2000-01-03,14000.0,3.6e-07
2000-01-04,12000.0,2.7999999999999997e-07
2000-01-05,12000.0,3.2e-07
2000-01-06,12000.0,5.4e-07
2000-01-07,12000.0,4.0999999999999994e-07
2000-01-08,13000.0,6.599999999999999e-07
2000-01-09,27000.0,6.3e-07
2000-01-10,65000.0,6.8e-07
2000-01-11,27000.0,7.4e-07
2000-01-12,14000.0,1.6999999999999998e-06
2000-01-13,14000.0,9.9e-07
2000-01-14,13000.0,1e-06
2000-01-15,13000.0,9.3e-07
2000-01-16,13000.0,1e-06
2000-01-17,13000.0,1.1e-06
2000-01-18,19000.0,1e-06
2000-01-19,33000.0,8.8e-07
2000-01-20,50000.0,6.499999999999999e-07
2000-01-21,28000.0,1.3e-06
2000-01-22,17000.0,5.8e-07
2000-01-23,13000.0,4.7e-07
2000-01-24,13000.0,4.0999999999999994e-07
2000-01-25,12000.0,4e-07
2000-01-26,13000.0,4e-07
2000-01-27,14000.0,3.5e-07
2000-01-28,25000.0,3.2e-07
2000-01-29,32000.0,4.3e-07
2000-01-30,18000.0,2.7e-07
2000-01-31,14000.0,3.6e-07
2000-02-01,14000.0,5.2e-07
2000-02-02,14000.0,4.7e-07
2000-02-03,13000.0,6.4e-07
2000-02-04,13000.0,5.5e-07
2000-02-05,13000.0,7.2e-07
2000-02-06,12000.0,7.1e-07
2000-02-07,12000.0,7.5e-07
2000-02-08,12000.0,7.5e-07
2000-02-09,12000.0,7.1e-07
2000-02-10,13000.0,1.3e-06
2000-02-11,17000.0,7.3e-07
2000-02-12,52000.0,1.3e-06
2000-02-13,21000.0,5.3e-07
2000-02-14,12000.0,8.1e-07
2000-02-15,12000.0,3.7e-07
2000-02-16,12000.0,4.5999999999999994e-07
2000-02-17,13000.0,5.9e-07
2000-02-18,310000.0,8.1e-07
2000-02-19,100000.0,4.2e-07
2000-02-20,41000.0,9e-07
2000-02-21,21000.0,8e-07
2000-02-22,13000.0,8.4e-07
2000-02-23,13000.0,2.6e-06
2000-02-24,14000.0,2.1e-06
2000-02-25,14000.0,1.1e-06
2000-02-26,13000.0,8.699999999999999e-07
2000-02-27,12000.0,4.9000000000000005e-06
2000-02-28,12000.0,8.4e-07
2000-02-29,12000.0,7.1e-07
2000-03-01,11000.0,9.2e-07
2000-03-02,19000.0,9.9e-07
2000-03-03,19000.0,1.2e-06
2000-03-04,12000.0,8.1e-07
2000-03-05,12000.0,1.1e-06
2000-03-06,12000.0,1.2e-06
2000-03-07,12000.0,1.2e-06
2000-03-08,12000.0,1.6e-06
2000-03-09,11000.0,9.699999999999998e-07
2000-03-10,12000.0,8.199999999999999e-07
2000-03-11,11000.0,8.1e-07
2000-03-12,11000.0,1.6e-06
2000-03-13,11000.0,8.9e-07
2000-03-14,11000.0,8.699999999999999e-07
2000-03-15,12000.0,7.699999999999999e-07
2000-03-16,11000.0,7.2e-07
2000-03-17,13000.0,1.4e-06
2000-03-18,13000.0,3.3999999999999996e-06
2000-03-19,12000.0,6.099999999999999e-06
2000-03-20,11000.0,2.9e-06
2000-03-21,11000.0,1.3e-06
2000-03-22,22000.0,1.8e-06
2000-03-23,50000.0,1.6e-06
2000-03-24,18000.0,1.6999999999999998e-06
2000-03-25,13000.0,1.5e-06
2000-03-26,12000.0,1.4e-06
2000-03-27,12000.0,1e-06
2000-03-28,12000.0,1.1e-06
2000-03-29,13000.0,1.5e-06
2000-03-30,12000.0,1.2e-06
2000-03-31,12000.0,1.2e-06
2000-04-01,12000.0,1.3e-06
2000-04-02,11000.0,1.2e-06
2000-04-03,12000.0,1e-06
2000-04-04,220000.0,1.1e-06
2000-04-05,2300000.0,1.5e-06
2000-04-06,370000.0,9.6e-07
2000-04-07,32000.0,8.699999999999999e-07
2000-04-08,13000.0,7.599999999999999e-07
2000-04-09,11000.0,1e-06
2000-04-10,11000.0,1.8e-06
2000-04-11,11000.0,7.599999999999999e-07
2000-04-12,11000.0,1.1e-06
2000-04-13,11000.0,5.599999999999999e-07
2000-04-14,11000.0,5.4e-07
2000-04-15,12000.0,5.3e-07
2000-04-16,12000.0,4.8e-07
2000-04-17,11000.0,5.1e-07
2000-04-18,12000.0,4.7e-07
2000-04-19,12000.0,7.2e-07
2000-04-20,11000.0,1e-06
2000-04-21,11000.0,8.699999999999999e-07
2000-04-22,12000.0,8.9e-07
2000-04-23,21000.0,7.4e-07
2000-04-24,39000.0,7.599999999999999e-07
2000-04-25,15000.0,6.2e-07
2000-04-26,13000.0,5.5e-07
2000-04-27,14000.0,5.1e-07
2000-04-28,15000.0,5.699999999999999e-07
2000-04-29,13000.0,5.8e-07
2000-04-30,11000.0,6e-07
2000-05-01,13000.0,4.4e-07
2000-05-02,12000.0,5e-07
2000-05-03,10000.0,4.5e-07
2000-05-04,12000.0,5e-07
2000-05-05,13000.0,4.7e-07
2000-05-06,22000.0,5.1e-07
2000-05-07,26000.0,2.2999999999999997e-07
2000-05-08,19000.0,2.9e-07
2000-05-09,14000.0,3.9e-07
2000-05-10,12000.0,7.4e-07
2000-05-11,13000.0,1e-06
2000-05-12,13000.0,1.2e-06
2000-05-13,13000.0,2.6e-06
2000-05-14,12000.0,4.1e-06
2000-05-15,16000.0,1.8e-06
2000-05-16,62000.0,1.3e-06
2000-05-17,25000.0,2.7e-06
2000-05-18,37000.0,2e-06
2000-05-19,22000.0,2.9e-06
2000-05-20,19000.0,2.2e-06
2000-05-21,16000.0,1.9e-06
2000-05-22,14000.0,1.6e-06
2000-05-23,13000.0,9.6e-07
2000-05-24,11000.0,2.4e-06
2000-05-25,9900.0,1.9e-06
2000-05-26,10000.0,7.9e-07
2000-05-27,10000.0,6.2e-07
2000-05-28,11000.0,8.699999999999999e-07
2000-05-29,12000.0,5.699999999999999e-07
2000-05-30,12000.0,8e-07
2000-05-31,12000.0,7.3e-07
2000-06-01,12000.0,6.4e-07
2000-06-02,12000.0,5e-07
2000-06-03,13000.0,5.6e-06
2000-06-04,12000.0,5.9e-07
2000-06-05,13000.0,1.3e-06
2000-06-06,12000.0,1e-06
2000-06-07,970000.0,1.6e-06
2000-06-08,3500000.0,1.3e-06
2000-06-09,370000.0,7.699999999999999e-07
2000-06-10,790000.0,7.1e-07
2000-06-11,900000.0,1e-06
2000-06-12,110000.0,1.1e-06
2000-06-13,26000.0,8.8e-07
2000-06-14,12000.0,9.4e-07
2000-06-15,12000.0,1e-06
2000-06-16,12000.0,1.2e-06
2000-06-17,26000.0,1.1e-06
2000-06-18,82000.0,1.3e-06
2000-06-19,13000.0,7.4e-07
2000-06-20,10000.0,6.699999999999999e-07
2000-06-21,10000.0,7.9e-07
2000-06-22,15000.0,1.2e-06
2000-06-23,27000.0,9.9e-07
2000-06-24,14000.0,8.1e-07
2000-06-25,71000.0,1.2e-06
2000-06-26,96000.0,1.1e-06
2000-06-27,15000.0,7.9e-07
2000-06-28,12000.0,7.3e-07
2000-06-29,14000.0,6.2e-07
2000-06-30,12000.0,7.2e-07
2000-07-01,12000.0,7.4e-07
2000-07-02,11000.0,6.699999999999999e-07
2000-07-03,11000.0,5.699999999999999e-07
2000-07-04,10000.0,5.699999999999999e-07
2000-07-05,11000.0,5.9e-07
2000-07-06,11000.0,6.2e-07
2000-07-07,10000.0,1e-06
2000-07-08,11000.0,1e-06
2000-07-09,11000.0,3.2999999999999997e-06
2000-07-10,9900.0,1.6999999999999998e-06
2000-07-11,21000.0,5.5e-06
2000-07-12,37000.0,2.4e-06
2000-07-13,210000.0,3.6e-06
2000-07-14,230000000.0,2.9e-06
2000-07-15,1000000000.0,2.6e-06
2000-07-16,26000000.0,1.6999999999999998e-06
2000-07-17,8000000.0,2.2999999999999996e-06
2000-07-18,2500000.0,1.5e-06
2000-07-19,1300000.0,2.1e-06
2000-07-20,350000.0,2.6e-06
2000-07-21,230000.0,2.1e-06
2000-07-22,540000.0,2.2999999999999996e-06
2000-07-23,150000.0,1.8e-06
2000-07-24,27000.0,1.5e-06
2000-07-25,18000.0,1.4e-06
2000-07-26,21000.0,1.5e-06
2000-07-27,18000.0,1.3e-06
2000-07-28,390000.0,9.2e-07
2000-07-29,140000.0,6.599999999999999e-07
2000-07-30,42000.0,5.5e-07
2000-07-31,21000.0,4.5999999999999994e-07
2000-08-01,12000.0,5.2e-07
2000-08-02,11000.0,4.4e-07
2000-08-03,12000.0,7e-07
2000-08-04,11000.0,6e-07
2000-08-05,10000.0,4.4e-07
2000-08-06,9400.0,7.4e-07
2000-08-07,9500.0,6e-07
2000-08-08,9200.0,7.699999999999999e-07
2000-08-09,9500.0,7.9e-07
2000-08-10,9300.0,8.699999999999999e-07
2000-08-11,80000.0,8.199999999999999e-07
2000-08-12,20000.0,1.4e-06
2000-08-13,91000.0,9.699999999999998e-07
2000-08-14,62000.0,9.3e-07
2000-08-15,17000.0,9e-07
2000-08-16,11000.0,1.4e-06
2000-08-17,10000.0,6.699999999999999e-07
2000-08-18,10000.0,5.1e-07
2000-08-19,11000.0,5.5e-07
2000-08-20,11000.0,5e-07
2000-08-21,11000.0,6.8e-07
2000-08-22,11000.0,5.5e-07
2000-08-23,11000.0,4.5e-07
2000-08-24,11000.0,4.5e-07
2000-08-25,11000.0,3.8e-07
2000-08-26,12000.0,4.3e-07
2000-08-27,11000.0,5.8e-07
2000-08-28,10000.0,8.8e-07
2000-08-29,10000.0,7.1e-07
2000-08-30,10000.0,1.6999999999999998e-06
2000-08-31,10000.0,5.2e-07
2000-09-01,10000.0,4.5e-07
2000-09-02,9900.0,6.3e-07
2000-09-03,9300.0,4.5999999999999994e-07
2000-09-04,11000.0,7.5e-07
2000-09-05,14000.0,1.1e-06
2000-09-06,11000.0,8.199999999999999e-07
2000-09-07,9900.0,5.5e-07
2000-09-08,16000.0,6.8e-07
2000-09-09,21000.0,5.1e-07
2000-09-10,12000.0,8.599999999999999e-07
2000-09-11,9700.0,4.0999999999999994e-07
2000-09-12,2500000.0,5.1e-07
2000-09-13,14000000.0,3.8e-07
2000-09-14,3100000.0,5.5e-07
2000-09-15,1300000.0,6.699999999999999e-07
2000-09-16,450000.0,7.4e-07
2000-09-17,430000.0,1.3e-06
2000-09-18,21000.0,1.3e-06
2000-09-19,27000.0,1.6e-06
2000-09-20,30000.0,1e-06
2000-09-21,13000.0,1.1e-06
2000-09-22,11000.0,1.1e-06
2000-09-23,10000.0,2.2999999999999996e-06
2000-09-24,11000.0,1.3e-06
2000-09-25,10000.0,1.4e-06
2000-09-26,10000.0,1e-06
2000-09-27,10000.0,1.6999999999999998e-06
2000-09-28,10000.0,1.4e-06
2000-09-29,10000.0,1.1e-06
2000-09-30,10000.0,1.2e-06
2000-10-01,10000.0,1.5e-06
2000-10-02,10000.0,1.3e-06
2000-10-03,10000.0,7.699999999999999e-07
2000-10-04,9400.0,7e-07
2000-10-05,9600.0,6.1e-07
2000-10-06,9800.0,5.3e-07
2000-10-07,9400.0,5.3e-07
2000-10-08,9700.0,7.4e-07
2000-10-09,10000.0,5e-07
2000-10-10,15000.0,1.6999999999999998e-06
2000-10-11,27000.0,5.3e-07
2000-10-12,22000.0,4.7e-07
2000-10-13,14000.0,1.3e-06
2000-10-14,10000.0,1.1e-06
2000-10-15,11000.0,1.2e-06
2000-10-16,620000.0,1.5e-06
2000-10-17,490000.0,8.8e-07
2000-10-18,140000.0,8.199999999999999e-07
2000-10-19,52000.0,6.8e-07
2000-10-20,20000.0,5.5e-07
2000-10-21,14000.0,5.3e-07
2000-10-22,11000.0,5.1e-07
2000-10-23,11000.0,6.599999999999999e-07
2000-10-24,11000.0,6.1e-07
2000-10-25,200000.0,6e-07
2000-10-26,630000.0,9.4e-07
2000-10-27,130000.0,1e-06
2000-10-28,37000.0,1.1e-06
2000-10-29,11000.0,1.5e-06
2000-10-30,30000.0,9.4e-07
2000-10-31,140000.0,1e-06
2000-11-01,160000.0,8e-07
2000-11-02,39000.0,8.4e-07
2000-11-03,23000.0,8e-07
2000-11-04,19000.0,2e-06
2000-11-05,11000.0,1.2e-06
2000-11-06,10000.0,8e-07
2000-11-07,8500.0,8.9e-07
2000-11-08,36000.0,1.1e-06
2000-11-09,750000000.0,1.1e-05
2000-11-10,98000000.0,1.3e-06
2000-11-11,7000000.0,6.1e-07
2000-11-12,1500000.0,4.9e-07
2000-11-13,660000.0,4.8e-07
2000-11-14,360000.0,4.7e-07
2000-11-15,240000.0,5.1e-07
2000-11-16,170000.0,9.9e-07
2000-11-17,140000.0,6.3e-07
2000-11-18,100000.0,8.3e-07
2000-11-19,89000.0,1.4e-06
2000-11-20,73000.0,1.8e-06
2000-11-21,65000.0,8.699999999999999e-07
2000-11-22,60000.0,1e-06
2000-11-23,41000.0,1.4e-06
2000-11-24,1800000.0,1.9e-06
2000-11-25,1600000.0,2.1e-06
2000-11-26,18000000.0,8.699999999999999e-07
2000-11-27,13000000.0,8.9e-07
2000-11-28,3400000.0,8.9e-07
2000-11-29,510000.0,8.699999999999999e-07
2000-11-30,370000.0,7.3e-07
2000-12-01,250000.0,7.9e-07
2000-12-02,160000.0,6.499999999999999e-07
2000-12-03,91000.0,5e-07
2000-12-04,42000.0,4.5999999999999994e-07
2000-12-05,26000.0,4.8e-07
2000-12-06,19000.0,6.9e-07
2000-12-07,13000.0,1e-06
2000-12-08,11000.0,8.1e-07
2000-12-09,9500.0,7.699999999999999e-07
2000-12-10,9100.0,5.8e-07
2000-12-11,9400.0,4.7e-07
2000-12-12,10000.0,6.4e-07
2000-12-13,9800.0,5.2e-07
2000-12-14,10000.0,6.2e-07
2000-12-15,11000.0,5.599999999999999e-07
2000-12-16,10000.0,7.2e-07
2000-12-17,11000.0,1.2e-06
2000-12-18,10000.0,1.4e-06
2000-12-19,11000.0,1.3e-06
2000-12-20,10000.0,1.1e-06
2000-12-21,10000.0,1.3e-06
2000-12-22,9400.0,8.8e-07
2000-12-23,9300.0,1.6e-06
2000-12-24,9700.0,1.1e-06
2000-12-25,8600.0,8.4e-07
2000-12-26,9800.0,7.4e-07
2000-12-27,9400.0,8.1e-07
2000-12-28,14000.0,1.6999999999999998e-06
2000-12-29,36000.0,8.1e-07
2000-12-30,29000.0,5.9e-07
2000-12-31,16000.0,6.8e-07
2001-01-01,15000.0,4.9e-07
2001-01-02,12000.0,5.4e-07
2001-01-03,11000.0,6.499999999999999e-07
2001-01-04,11000.0,3.9e-06
2001-01-05,14000.0,6.9e-07
2001-01-06,66000.0,6e-07
2001-01-07,20000.0,1e-06
2001-01-08,11000.0,7.4e-07
2001-01-09,12000.0,7.3e-07
2001-01-10,11000.0,1.6999999999999998e-06
2001-01-11,12000.0,8e-07
2001-01-12,12000.0,5.599999999999999e-07
2001-01-13,12000.0,6.699999999999999e-07
2001-01-14,12000.0,7.699999999999999e-07
2001-01-15,20000.0,6.699999999999999e-07
2001-01-16,16000.0,5.5e-07
2001-01-17,12000.0,7.9e-07
2001-01-18,11000.0,5.8e-07
2001-01-19,10000.0,4.8e-07
2001-01-20,10000.0,7.3e-07
2001-01-21,15000.0,7.3e-07
2001-01-22,150000.0,6.2e-07
2001-01-23,110000.0,5.599999999999999e-07
2001-01-24,79000.0,1.1e-06
2001-01-25,26000.0,5.2e-07
2001-01-26,26000.0,5.4e-07
2001-01-27,20000.0,5.9e-07
2001-01-28,270000.0,8.1e-07
2001-01-29,2100000.0,7.799999999999999e-07
2001-01-30,300000.0,5.9e-07
2001-01-31,67000.0,7.4e-07
2001-02-01,17000.0,7.3e-07
2001-02-02,12000.0,7.2e-07
2001-02-03,11000.0,2.4e-06
2001-02-04,11000.0,9.8e-07
2001-02-05,11000.0,5.5e-07
2001-02-06,11000.0,1e-06
2001-02-07,11000.0,5.5e-07
2001-02-08,12000.0,4.4e-07
2001-02-09,10000.0,4.4e-07
2001-02-10,9800.0,7.599999999999999e-07
2001-02-11,29000.0,5e-07
2001-02-12,16000.0,3.2999999999999996e-07
2001-02-13,11000.0,3.4e-07
2001-02-14,10000.0,2.7999999999999997e-07
2001-02-15,10000.0,3e-07
2001-02-16,10000.0,3.2e-07
2001-02-17,10000.0,1.9e-07
2001-02-18,11000.0,2.1e-07
2001-02-19,10000.0,3.2999999999999996e-07
2001-02-20,11000.0,5.4e-07
2001-02-21,11000.0,3.5e-07
2001-02-22,11000.0,3.9e-07
2001-02-23,10000.0,3.4e-07
2001-02-24,10000.0,6.1e-07
2001-02-25,11000.0,2.7999999999999997e-07
2001-02-26,47000.0,4.0999999999999994e-07
2001-02-27,21000.0,5.1e-07
2001-02-28,11000.0,2.4e-07
2001-03-01,11000.0,2.2999999999999997e-07
2001-03-02,11000.0,2.1e-07
2001-03-03,11000.0,3.2e-07
2001-03-04,11000.0,4.5e-07
2001-03-05,11000.0,3.2e-07
2001-03-06,11000.0,5.5e-07
2001-03-07,11000.0,1.4e-06
2001-03-08,11000.0,9.8e-07
2001-03-09,12000.0,1.2e-06
2001-03-10,13000.0,1e-06
2001-03-11,13000.0,6e-07
2001-03-12,12000.0,6.1e-07
2001-03-13,12000.0,5.1e-07
2001-03-14,12000.0,3.9e-07
2001-03-15,12000.0,3.2e-07
2001-03-16,11000.0,5.4e-07
2001-03-17,11000.0,2.7e-07
2001-03-18,12000.0,2.7999999999999997e-07
2001-03-19,11000.0,5.2e-07
2001-03-20,11000.0,8.199999999999999e-07
2001-03-21,10000.0,9.6e-07
2001-03-22,11000.0,1.6e-06
2001-03-23,10000.0,1.6e-06
2001-03-24,11000.0,9.4e-07
2001-03-25,11000.0,2.6e-06
2001-03-26,39000.0,1.4e-06
2001-03-27,150000.0,2.1e-06
2001-03-28,13000.0,2.8e-06
2001-03-29,560000.0,3.8e-06
2001-03-30,2100000.0,3.3999999999999996e-06
2001-03-31,690000.0,2.8e-06
2001-04-01,75000.0,2.4e-06
2001-04-02,160000.0,6.5e-06
2001-04-03,33000000.0,2e-05
2001-04-04,13000000.0,2.6e-06
2001-04-05,5200000.0,1.6999999999999998e-06
2001-04-06,1100000.0,3.2999999999999997e-06
2001-04-07,570000.0,1.5e-06
2001-04-08,280000.0,6.2e-07
2001-04-09,150000.0,1e-06
2001-04-10,3700000.0,4.7e-07
2001-04-11,12000000.0,7.9e-07
2001-04-12,4300000.0,8.1e-07
2001-04-13,1100000.0,3.2999999999999996e-07
2001-04-14,170000.0,5.1e-07
2001-04-15,21000000.0,5.5e-07
2001-04-16,18000000.0,6.9e-07
2001-04-17,1600000.0,5.1e-07
2001-04-18,12000000.0,5.699999999999999e-07
2001-04-19,2900000.0,5.5e-07
2001-04-20,700000.0,5.4e-07
2001-04-21,160000.0,6.4e-07
2001-04-22,44000.0,1.1e-06
2001-04-23,28000.0,8.1e-07
2001-04-24,20000.0,6.3e-07
2001-04-25,16000.0,1.5e-06
2001-04-26,15000.0,8.199999999999999e-07
2001-04-27,130000.0,1.2e-06
2001-04-28,280000.0,8.8e-07
2001-04-29,14000.0,1e-06
2001-04-30,12000.0,9e-07
2001-05-01,13000.0,7.1e-07
2001-05-02,12000.0,1.3e-06
2001-05-03,11000.0,8.199999999999999e-07
2001-05-04,10000.0,9.3e-07
2001-05-05,10000.0,7.1e-07
2001-05-06,11000.0,4e-07
2001-05-07,400000.0,3.1e-07
2001-05-08,1400000.0,1e-06
2001-05-09,94000.0,4.4e-07
2001-05-10,26000.0,8.599999999999999e-07
2001-05-11,19000.0,3.2e-07
2001-05-12,13000.0,3.7e-07
2001-05-13,12000.0,7.699999999999999e-07
2001-05-14,12000.0,3e-07
2001-05-15,12000.0,4.2e-07
2001-05-16,11000.0,1e-06
2001-05-17,12000.0,5.699999999999999e-07
2001-05-18,11000.0,6.4e-07
2001-05-19,11000.0,6.3e-07
2001-05-20,250000.0,8e-07
2001-05-21,140000.0,4.0999999999999994e-07
2001-05-22,38000.0,4.5e-07
2001-05-23,15000.0,6e-07
2001-05-24,12000.0,5.3e-07
2001-05-25,10000.0,4.5999999999999994e-07
2001-05-26,11000.0,4.2e-07
2001-05-27,10000.0,3.2e-07
2001-05-28,9900.0,3.9e-07
2001-05-29,9800.0,3.5e-07
2001-05-30,11000.0,3.5e-07
2001-05-31,12000.0,4.9e-07
2001-06-01,15000.0,4.8e-07
2001-06-02,36000.0,7.9e-07
2001-06-03,28000.0,4.9e-07
2001-06-04,59000.0,1e-06
2001-06-05,58000.0,5.599999999999999e-07
2001-06-06,24000.0,4.5999999999999994e-07
2001-06-07,16000.0,6.599999999999999e-07
2001-06-08,14000.0,7.9e-07
2001-06-09,11000.0,1.6999999999999998e-06
2001-06-10,11000.0,1e-06
2001-06-11,11000.0,9.3e-07
2001-06-12,24000.0,9e-07
2001-06-13,21000.0,1.8e-06
2001-06-14,17000.0,1.5e-06
2001-06-15,470000.0,1.1e-06
2001-06-16,1000000.0,1.4e-06
2001-06-17,260000.0,1.2e-06
2001-06-18,37000.0,8.1e-07
2001-06-19,19000.0,1.3e-06
2001-06-20,13000.0,1.4e-06
2001-06-21,13000.0,1.2e-06
2001-06-22,13000.0,1.3e-06
2001-06-23,12000.0,1.5e-06
2001-06-24,12000.0,1.5e-06
2001-06-25,12000.0,1e-06
2001-06-26,11000.0,1e-06
2001-06-27,12000.0,8.8e-07
2001-06-28,12000.0,6.499999999999999e-07
2001-06-29,11000.0,4e-07
2001-06-30,11000.0,4e-07
2001-07-01,11000.0,3.8e-07
2001-07-02,11000.0,3.4e-07
2001-07-03,10000.0,3.1e-07
2001-07-04,11000.0,2.7e-07
2001-07-05,11000.0,3.7e-07
2001-07-06,11000.0,2.1e-07
2001-07-07,11000.0,1.9e-07
2001-07-08,11000.0,2e-07
2001-07-09,11000.0,7.3e-07
2001-07-10,11000.0,3.1e-07
2001-07-11,11000.0,3.2999999999999996e-07
2001-07-12,13000.0,6e-07
2001-07-13,13000.0,3.6e-07
2001-07-14,12000.0,3.4e-07
2001-07-15,11000.0,7e-07
2001-07-16,12000.0,4.3e-07
2001-07-17,11000.0,5e-07
2001-07-18,12000.0,4.8e-07
2001-07-19,12000.0,3.8e-07
2001-07-20,12000.0,3.4e-07
2001-07-21,12000.0,4e-07
2001-07-22,11000.0,3.6e-07
2001-07-23,12000.0,3.4e-07
2001-07-24,11000.0,6.599999999999999e-07
2001-07-25,11000.0,4e-07
2001-07-26,11000.0,4e-07
2001-07-27,11000.0,3.2e-07
2001-07-28,11000.0,5.9e-07
2001-07-29,12000.0,2.7e-07
2001-07-30,12000.0,2.4e-07
2001-07-31,12000.0,2.5e-07
2001-08-01,12000.0,2.2e-07
2001-08-02,11000.0,1.9e-07
2001-08-03,11000.0,3e-07
2001-08-04,11000.0,4.0999999999999994e-07
2001-08-05,11000.0,6.8e-07
2001-08-06,11000.0,6.4e-07
2001-08-07,11000.0,8.9e-07
2001-08-08,11000.0,8.699999999999999e-07
2001-08-09,20000.0,1.3e-06
2001-08-10,490000.0,1e-06
2001-08-11,60000.0,6.9e-07
2001-08-12,16000.0,6.9e-07
2001-08-13,12000.0,9.699999999999998e-07
2001-08-14,14000.0,5.9e-07
2001-08-15,34000.0,4.8e-07
2001-08-16,14000000.0,3.9e-07
2001-08-17,5900000.0,4.3e-07
2001-08-18,940000.0,5.9e-07
2001-08-19,560000.0,6.499999999999999e-07
2001-08-20,390000.0,8.1e-07
2001-08-21,320000.0,1.1e-06
2001-08-22,230000.0,1.2e-06
2001-08-23,170000.0,2.7e-06
2001-08-24,130000.0,1e-06
2001-08-25,120000.0,7.2e-06
2001-08-26,80000.0,2e-06
2001-08-27,58000.0,1.4e-06
2001-08-28,33000.0,2.5e-06
2001-08-29,20000.0,1.4e-06
2001-08-30,16000.0,1.2e-06
2001-08-31,11000.0,8.699999999999999e-07
2001-09-01,11000.0,7.5e-07
2001-09-02,11000.0,7.4e-07
2001-09-03,11000.0,1.2e-06
2001-09-04,11000.0,2e-06
2001-09-05,11000.0,3.7e-06
2001-09-06,11000.0,5e-06
2001-09-07,12000.0,3e-06
2001-09-08,12000.0,2.4e-06
2001-09-09,12000.0,1.8e-06
2001-09-10,12000.0,1.6999999999999998e-06
2001-09-11,13000.0,2.8e-06
2001-09-12,13000.0,1.9e-06
2001-09-13,17000.0,1.6999999999999998e-06
2001-09-14,18000.0,2e-06
2001-09-15,210000.0,2e-06
2001-09-16,52000.0,1.6e-06
2001-09-17,14000.0,2e-06
2001-09-18,16000.0,1.6999999999999998e-06
2001-09-19,18000.0,1.5e-06
2001-09-20,15000.0,1.8e-06
2001-09-21,13000.0,1.5e-06
2001-09-22,12000.0,1.6e-06
2001-09-23,11000.0,2.2e-06
2001-09-24,31000000.0,1.8e-06
2001-09-25,270000000.0,2.5e-06
2001-09-26,230000000.0,1.9e-06
2001-09-27,40000000.0,1.8e-06
2001-09-28,12000000.0,1.9e-06
2001-09-29,4300000.0,2.9e-06
2001-09-30,980000.0,2e-06
2001-10-01,11000000.0,1.6e-06
2001-10-02,56000000.0,2.5e-06
2001-10-03,6800000.0,2.2e-06
2001-10-04,1600000.0,1.2e-06
2001-10-05,600000.0,1.2e-06
2001-10-06,420000.0,1.5e-06
2001-10-07,500000.0,7.5e-07
2001-10-08,360000.0,8.4e-07
2001-10-09,170000.0,9.1e-07
2001-10-10,260000.0,9e-07
2001-10-11,100000.0,9.3e-07
2001-10-12,30000.0,8e-07
2001-10-13,19000.0,6.499999999999999e-07
2001-10-14,15000.0,8.9e-07
2001-10-15,14000.0,8.9e-07
2001-10-16,15000.0,9.5e-07
2001-10-17,13000.0,1.3e-06
2001-10-18,12000.0,1.6e-06
2001-10-19,420000.0,2.2e-06
2001-10-20,450000.0,2.4e-06
2001-10-21,120000.0,1.1e-06
2001-10-22,310000.0,1.3e-06
2001-10-23,520000.0,2e-06
2001-10-24,230000.0,1e-06
2001-10-25,130000.0,1.4e-06
2001-10-26,81000.0,1.3e-06
2001-10-27,53000.0,1.3e-06
2001-10-28,55000.0,2.2e-06
2001-10-29,14000.0,1.5e-06
2001-10-30,12000.0,1.8e-06
2001-10-31,12000.0,1.9e-06
2001-11-01,11000.0,1.5e-06
2001-11-02,12000.0,7.499999999999999e-06
2001-11-03,12000.0,1.2e-06
2001-11-04,20000000.0,1.6999999999999998e-06
2001-11-05,530000000.0,3.2999999999999997e-06
2001-11-06,620000000.0,2.7e-06
2001-11-07,26000000.0,1.6999999999999998e-06
2001-11-08,6700000.0,2.4e-06
2001-11-09,1300000.0,2.2e-06
2001-11-10,650000.0,2e-06
2001-11-11,290000.0,2.8e-06
2001-11-12,130000.0,1.2e-06
2001-11-13,67000.0,1.5e-06
2001-11-14,31000.0,1e-06
2001-11-15,24000.0,1.5e-06
2001-11-16,23000.0,9.1e-07
2001-11-17,59000.0,9.8e-07
2001-11-18,230000.0,9.9e-07
2001-11-19,1000000.0,8.4e-07
2001-11-20,1100000.0,8.699999999999999e-07
2001-11-21,230000.0,8.699999999999999e-07
2001-11-22,120000.0,8.1e-07
2001-11-23,250000000.0,1.5000000000000002e-05
2001-11-24,380000000.0,9e-07
2001-11-25,8700000.0,9.6e-07
2001-11-26,2100000.0,1.9e-06
2001-11-27,960000.0,8.1e-07
2001-11-28,510000.0,1.3e-06
2001-11-29,190000.0,1.1e-06
2001-11-30,110000.0,1.4e-06
2001-12-01,51000.0,1.9e-06
2001-12-02,23000.0,1.6e-06
2001-12-03,19000.0,3.6e-06
2001-12-04,14000.0,1.5e-06
2001-12-05,13000.0,1.2e-06
2001-12-06,12000.0,1e-06
2001-12-07,11000.0,1.4e-06
2001-12-08,10000.0,1.3e-06
2001-12-09,11000.0,1.5e-06
2001-12-10,12000.0,1.3e-06
2001-12-11,18000.0,2.8e-06
2001-12-12,57000.0,1.6e-06
2001-12-13,26000.0,2.1e-06
2001-12-14,15000.0,1.6e-06
2001-12-15,13000.0,4.1e-06
2001-12-16,37000.0,1.6e-06
2001-12-17,25000.0,1e-06
2001-12-18,15000.0,1e-06
2001-12-19,15000.0,1.5e-06
2001-12-20,14000.0,1.5e-06
2001-12-21,14000.0,1.6e-06
2001-12-22,13000.0,1.2e-06
2001-12-23,13000.0,1.2e-06
2001-12-24,12000.0,2.2e-06
2001-12-25,13000.0,2.4e-06
2001-12-26,24000000.0,2.9e-06
2001-12-27,3800000.0,3.6e-06
2001-12-28,770000.0,2.6e-06
2001-12-29,1600000.0,1.6000000000000003e-05
2001-12-30,860000.0,8.4e-06
2001-12-31,5900000.0,2.7e-06
2002-01-01,5000000.0,1.6e-06
2002-01-02,3700000.0,2.7e-06
2002-01-03,2300000.0,2.2999999999999996e-06
2002-01-04,1400000.0,1.9e-06
2002-01-05,670000.0,1.9e-06
2002-01-06,280000.0,1.4e-06
2002-01-07,110000.0,1.2e-06
2002-01-08,68000.0,1e-06
2002-01-09,49000.0,4.2e-06
2002-01-10,480000.0,2.5e-06
2002-01-11,5200000.0,2.1e-06
2002-01-12,2000000.0,1.5e-06
2002-01-13,950000.0,1.6e-06
2002-01-14,560000.0,2e-06
2002-01-17,390000.0,1.8e-06
2002-01-18,160000.0,1.1e-06
2002-01-19,56000.0,1e-06
2002-01-20,31000.0,1.1e-06
2002-01-21,28000.0,1.1e-06
2002-01-22,27000.0,1e-06
2002-01-23,24000.0,1.3e-06
2002-01-24,22000.0,1.2e-06
2002-01-25,32000.0,1.6999999999999998e-06
2002-01-26,38000.0,2.1e-06
2002-01-27,170000.0,2e-06
2002-01-28,70000.0,1.4e-06
2002-01-29,30000.0,1.6999999999999998e-06
2002-01-30,19000.0,1.6e-06
2002-01-31,18000.0,1.6999999999999998e-06
2002-02-01,13000.0,1.3e-06
2002-02-02,11000.0,1e-06
2002-02-03,12000.0,1.1e-06
2002-02-04,11000.0,9.6e-07
2002-02-05,13000.0,1.5e-06
2002-02-06,12000.0,1.3e-06
2002-02-07,12000.0,1e-06
2002-02-08,13000.0,1.3e-06
2002-02-09,13000.0,1.4e-06
2002-02-10,13000.0,1.4e-06
2002-02-11,12000.0,9.5e-07
2002-02-12,13000.0,9.6e-07
2002-02-13,13000.0,1e-06
2002-02-14,11000.0,1e-06
2002-02-15,12000.0,7.4e-07
2002-02-16,12000.0,6.9e-07
2002-02-17,13000.0,6.9e-07
2002-02-18,12000.0,7.2e-07
2002-02-19,12000.0,7.599999999999999e-07
2002-02-20,160000.0,9.5e-07
2002-02-21,48000.0,1.4e-06
2002-02-22,18000.0,5e-06
2002-02-23,13000.0,1.1e-06
2002-02-24,12000.0,7.799999999999999e-07
2002-02-25,11000.0,1.2e-06
2002-02-26,11000.0,1.6e-06
2002-02-27,12000.0,1.5e-06
2002-02-28,11000.0,5e-06
2002-03-01,11000.0,1.4e-06
2002-03-02,11000.0,1.1e-06
2002-03-03,11000.0,9.8e-07
2002-03-04,11000.0,7.3e-07
2002-03-05,11000.0,6.4e-07
2002-03-06,13000.0,9.9e-07
2002-03-07,13000.0,7.2e-07
2002-03-08,14000.0,1e-06
2002-03-09,14000.0,1e-06
2002-03-10,13000.0,2e-06
2002-03-11,13000.0,8.099999999999999e-06
2002-03-12,12000.0,2.5e-06
2002-03-13,13000.0,8e-07
2002-03-14,14000.0,2.1e-06
2002-03-15,14000.0,4.7e-07
2002-03-16,120000.0,8e-06
2002-03-17,460000.0,7e-07
2002-03-18,960000.0,6e-07
2002-03-19,1900000.0,6.3e-07
2002-03-20,510000.0,5.5e-07
2002-03-21,130000.0,2.1e-06
2002-03-22,240000.0,7.1e-07
2002-03-23,680000.0,8.599999999999999e-07
2002-03-24,57000.0,6.499999999999999e-07
2002-03-25,15000.0,7.5e-07
2002-03-26,11000.0,5.599999999999999e-07
2002-03-27,11000.0,6.1e-07
2002-03-28,10000.0,8.1e-07
2002-03-29,11000.0,7.699999999999999e-07
2002-03-30,12000.0,1.8e-06
2002-03-31,11000.0,1.4e-06
2002-04-01,12000.0,1e-06
2002-04-02,12000.0,1.4e-06
2002-04-03,11000.0,8.1e-07
2002-04-04,11000.0,1e-06
2002-04-05,11000.0,1.3e-06
2002-04-06,12000.0,1.1e-06
2002-04-07,12000.0,1.5e-06
2002-04-08,12000.0,1.1e-06
2002-04-09,12000.0,1.3e-06
2002-04-10,12000.0,1.2e-06
2002-04-11,25000.0,1e-06
2002-04-12,28000.0,9.3e-07
2002-04-13,13000.0,1.1e-06
2002-04-14,15000.0,2.4e-06
2002-04-15,18000.0,5.4e-06
2002-04-16,12000.0,1.9e-06
2002-04-17,470000.0,1e-06
2002-04-18,310000.0,1.3e-06
2002-04-19,190000.0,8.599999999999999e-07
2002-04-20,35000.0,1e-06
2002-04-21,130000000.0,1.3e-06
2002-04-22,80000000.0,1e-06
2002-04-23,14000000.0,9.9e-07
2002-04-24,5600000.0,9.2e-07
2002-04-25,1200000.0,5.9e-07
2002-04-26,650000.0,4.9e-07
2002-04-27,360000.0,7.2e-07
2002-04-28,130000.0,4.4e-07
2002-04-29,63000.0,7.1e-07
2002-04-30,47000.0,9.4e-07
2002-05-01,120000.0,6.1e-07
2002-05-02,31000.0,6e-07
2002-05-03,23000.0,1.1e-06
2002-05-04,22000.0,8.9e-07
2002-05-05,19000.0,6.699999999999999e-07
2002-05-06,17000.0,6.2e-07
2002-05-07,16000.0,2.6e-06
2002-05-08,18000.0,6.2e-07
2002-05-09,16000.0,7.5e-07
2002-05-10,14000.0,1.2e-06
2002-05-11,12000.0,8.3e-07
2002-05-12,12000.0,7.2e-07
2002-05-13,11000.0,7.5e-07
2002-05-14,11000.0,8.199999999999999e-07
2002-05-15,11000.0,8e-07
2002-05-16,11000.0,2.1e-06
2002-05-17,12000.0,7.2e-07
2002-05-18,12000.0,7e-07
2002-05-19,10000.0,7.599999999999999e-07
2002-05-20,11000.0,1.3e-06
2002-05-21,11000.0,9.3e-07
2002-05-22,1000000.0,4.7e-06
2002-05-23,6800000.0,5.8e-07
2002-05-24,960000.0,5.599999999999999e-07
2002-05-25,54000.0,6.2e-07
2002-05-26,30000.0,8.4e-07
2002-05-27,15000.0,8.499999999999999e-07
2002-05-28,11000.0,1.4e-06
2002-05-29,12000.0,1.3e-06
2002-05-30,14000.0,9.699999999999998e-07
2002-05-31,12000.0,1.9e-06
2002-06-01,11000.0,1.1e-06
2002-06-02,12000.0,1.6e-06
2002-06-03,13000.0,9e-07
2002-06-04,12000.0,4.5999999999999994e-07
2002-06-05,12000.0,4.4e-07
2002-06-06,12000.0,4e-07
2002-06-07,12000.0,3.9e-07
2002-06-08,12000.0,4.3e-07
2002-06-09,13000.0,3.9e-07
2002-06-10,12000.0,6.2e-07
2002-06-11,10000.0,5.8e-07
2002-06-12,11000.0,5.4e-07
2002-06-13,11000.0,4.4e-07
2002-06-14,11000.0,5.2e-07
2002-06-15,11000.0,9.2e-07
2002-06-16,11000.0,4.4e-07
2002-06-17,11000.0,3.7e-07
2002-06-18,11000.0,4.7e-07
2002-06-19,11000.0,4.2e-07
2002-06-20,11000.0,4.5e-07
2002-06-21,11000.0,4.4e-07
2002-06-22,12000.0,4.2e-07
2002-06-23,13000.0,4.8e-07
2002-06-24,12000.0,3.2e-07
2002-06-25,12000.0,3.2e-07
2002-06-26,11000.0,3.6e-07
2002-06-27,13000.0,2.9e-07
2002-06-28,12000.0,3.2999999999999996e-07
2002-06-29,13000.0,3.9e-07
2002-06-30,12000.0,5.9e-07
2002-07-01,12000.0,5.9e-07
2002-07-02,13000.0,5.4e-07
2002-07-03,12000.0,7.5e-07
2002-07-04,16000.0,1.4e-06
2002-07-05,22000.0,4.7e-07
2002-07-06,13000.0,4.5e-07
2002-07-07,470000.0,6.599999999999999e-07
2002-07-08,520000.0,5.3e-07
2002-07-09,120000.0,6.499999999999999e-07
2002-07-10,100000.0,4.4e-07
2002-07-11,41000.0,5.2e-07
2002-07-12,19000.0,6.499999999999999e-07
2002-07-13,13000.0,1.3e-06
2002-07-14,12000.0,3.8e-07
2002-07-15,12000.0,7.3e-07
2002-07-16,730000.0,2e-06
2002-07-17,6400000.0,7.599999999999999e-07
2002-07-18,1300000.0,7.4e-07
2002-07-19,520000.0,9.699999999999998e-07
2002-07-20,110000.0,1.3e-06
2002-07-21,260000.0,8.599999999999999e-06
2002-07-22,1400000.0,9.3e-07
2002-07-23,2000000.0,8.599999999999999e-06
2002-07-24,1700000.0,1.3e-06
2002-07-25,1200000.0,1.3e-06
2002-07-26,870000.0,1.8e-06
2002-07-27,580000.0,9.8e-06
2002-07-28,300000.0,1.2e-06
2002-07-29,160000.0,4.599999999999999e-06
2002-07-30,68000.0,1.4e-06
2002-07-31,23000.0,1.6999999999999998e-06
2002-08-01,12000.0,1.9e-06
2002-08-02,8500.0,1.2e-06
2002-08-03,10000.0,1.3e-06
2002-08-04,16000.0,1.5e-06
2002-08-05,13000.0,9.5e-07
2002-08-06,12000.0,8e-07
2002-08-07,12000.0,6.8e-07
2002-08-08,13000.0,5.5e-07
2002-08-09,14000.0,6.8e-07
2002-08-10,13000.0,8e-07
2002-08-11,18000.0,8.499999999999999e-07
2002-08-12,18000.0,8.9e-07
2002-08-13,18000.0,9.3e-07
2002-08-14,490000.0,1.2e-06
2002-08-15,170000.0,1.1e-06
2002-08-16,35000.0,1.6e-06
2002-08-17,240000.0,1.9e-06
2002-08-18,120000.0,1.6e-06
2002-08-19,160000.0,1.6999999999999998e-06
2002-08-20,67000.0,1.5e-06
2002-08-21,19000.0,1.8e-06
2002-08-22,1300000.0,1.9e-06
2002-08-23,240000.0,1.6999999999999998e-06
2002-08-24,17000000.0,3e-06
2002-08-25,6800000.0,1.1e-06
2002-08-26,910000.0,3.5e-06
2002-08-27,130000.0,7.4e-07
2002-08-28,25000.0,1e-06
2002-08-29,14000.0,2.2999999999999996e-06
2002-08-30,11000.0,1.3e-06
2002-08-31,11000.0,1.3e-06
2002-09-01,11000.0,1.6999999999999998e-06
2002-09-02,11000.0,9.4e-07
2002-09-03,12000.0,1.3e-06
2002-09-04,12000.0,9.699999999999998e-07
2002-09-05,11000.0,6.4e-07
2002-09-06,300000.0,7.5e-07
2002-09-07,2100000.0,9.4e-07
2002-09-08,300000.0,8.3e-07
2002-09-09,54000.0,9.6e-07
2002-09-10,25000.0,9.3e-07
2002-09-11,17000.0,8.699999999999999e-07
2002-09-12,14000.0,7e-07
2002-09-13,12000.0,7.5e-07
2002-09-14,11000.0,6.499999999999999e-07
2002-09-15,12000.0,7.699999999999999e-07
2002-09-16,12000.0,9e-07
2002-09-17,12000.0,6.699999999999999e-07
2002-09-18,11000.0,1.1e-06
2002-09-19,11000.0,6.4e-07
2002-09-20,11000.0,8.199999999999999e-07
2002-09-21,10000.0,7.599999999999999e-07
2002-09-22,11000.0,5.2e-07
2002-09-23,9800.0,9.699999999999998e-07
2002-09-24,11000.0,4.8e-07
2002-09-25,11000.0,6e-07
2002-09-26,11000.0,7.9e-07
2002-09-27,12000.0,6.2e-07
2002-09-28,10000.0,1.3e-06
2002-09-29,11000.0,6e-07
2002-09-30,10000.0,9e-07
2002-10-22,10000.0,7.1e-07
2002-10-23,10000.0,6.699999999999999e-07
2002-10-24,11000.0,4.8e-07
2002-10-25,11000.0,5.5e-07
2002-10-26,10000.0,5.4e-07
2002-10-27,11000.0,6e-07
2002-10-28,11000.0,6.9e-07
2002-10-29,12000.0,9.4e-07
2002-10-30,17000.0,2.2999999999999996e-06
2002-10-31,50000.0,1.1e-06
2002-11-01,74000.0,7e-07
2002-11-02,92000.0,6.3e-07
2002-11-03,59000.0,6.4e-07
2002-11-04,35000.0,8.3e-07
2002-11-05,17000.0,7.3e-07
2002-11-06,12000.0,6.699999999999999e-07
2002-11-07,11000.0,7.2e-07
2002-11-08,11000.0,8.4e-07
2002-11-09,1000000.0,1.2e-06
2002-11-10,10000000.0,1.2e-06
2002-11-11,490000.0,1.4e-06
2002-11-12,65000.0,8.3e-07
2002-11-13,17000.0,1.1e-06
2002-11-14,13000.0,1.1e-06
2002-11-15,12000.0,1.2e-06
2002-11-16,12000.0,1e-06
2002-11-17,11000.0,1e-06
2002-11-18,9100.0,8.499999999999999e-07
2002-11-19,8600.0,8.599999999999999e-07
2002-11-20,9200.0,7.1e-07
2002-11-21,11000.0,6.3e-07
2002-11-22,11000.0,6.4e-07
2002-11-23,11000.0,5.9e-07
2002-11-24,12000.0,4.0999999999999994e-07
2002-11-25,27000.0,4.3e-07
2002-11-26,62000.0,5.1e-07
2002-11-27,55000.0,8.3e-07
2002-11-28,17000.0,7.599999999999999e-07
2002-11-29,15000.0,4.9e-07
2002-11-30,13000.0,4.4e-07
2002-12-01,12000.0,5e-07
2002-12-02,12000.0,3.6e-07
2002-12-03,13000.0,4.0999999999999994e-07
2002-12-04,13000.0,4.2e-07
2002-12-05,12000.0,3.8e-07
2002-12-06,12000.0,3.8e-07
2002-12-07,12000.0,4e-07
2002-12-08,11000.0,5e-07
2002-12-09,11000.0,7.699999999999999e-07
2002-12-10,11000.0,1e-06
2002-12-11,13000.0,9.1e-07
2002-12-12,13000.0,9.4e-07
2002-12-13,12000.0,9.699999999999998e-07
2002-12-14,13000.0,1.1e-06
2002-12-15,13000.0,1.1e-06
2002-12-16,12000.0,1.4e-06
2002-12-17,12000.0,1.3e-06
2002-12-18,11000.0,1.1e-06
2002-12-19,12000.0,9.2e-07
2002-12-20,120000.0,1e-06
2002-12-21,15000.0,6.9e-07
2002-12-22,17000.0,8.599999999999999e-07
2002-12-23,14000.0,7.4e-07
2002-12-24,12000.0,7.1e-07
2002-12-25,11000.0,7.4e-07
2002-12-26,11000.0,4.2e-07
2002-12-27,12000.0,2.7e-07
2002-12-28,13000.0,2.6e-07
2002-12-29,12000.0,1.9e-07
2002-12-30,13000.0,1.5e-07
2002-12-31,14000.0,1.8e-07
2003-01-01,13000.0,1.7e-07
2003-01-02,14000.0,1.8e-07
2003-01-03,13000.0,3.2999999999999996e-07
2003-01-04,13000.0,4.4e-07
2003-01-05,13000.0,4.5999999999999994e-07
2003-01-06,13000.0,7.4e-07
2003-01-07,14000.0,9.3e-07
2003-01-08,14000.0,9.4e-07
2003-01-09,14000.0,1.1e-06
2003-01-10,13000.0,7.599999999999999e-07
2003-01-11,13000.0,8.699999999999999e-07
2003-01-12,13000.0,7.1e-07
2003-01-13,13000.0,7.1e-07
2003-01-14,13000.0,6.2e-07
2003-01-15,13000.0,4.5999999999999994e-07
2003-01-16,14000.0,4.0999999999999994e-07
2003-01-17,14000.0,3.6e-07
2003-01-18,14000.0,3.5e-07
2003-01-19,13000.0,3.5e-07
2003-01-20,13000.0,4.2e-07
2003-01-21,14000.0,5.4e-07
2003-01-22,13000.0,3.4e-07
2003-01-23,12000.0,4.2e-07
2003-01-24,12000.0,4.4e-07
2003-01-25,11000.0,3.2e-07
2003-01-26,11000.0,2.6e-07
2003-01-27,11000.0,2e-07
2003-01-28,12000.0,2e-07
2003-01-29,12000.0,2.5e-07
2003-01-30,11000.0,1.9e-07
2003-01-31,13000.0,2.7999999999999997e-07
2003-02-01,13000.0,4.5e-07
2003-02-02,13000.0,4.2e-07
2003-02-03,13000.0,3.9e-07
2003-02-04,14000.0,3.9e-07
2003-02-05,15000.0,4e-07
2003-02-06,14000.0,5.9e-07
2003-02-07,15000.0,3.8e-07
2003-02-08,15000.0,3.1e-07
2003-02-09,13000.0,3.2e-07
2003-02-10,13000.0,3.1e-07
2003-02-11,14000.0,3.1e-07
2003-02-12,13000.0,2.9e-07
2003-02-13,13000.0,2.7e-07
2003-02-14,13000.0,4.0999999999999994e-07
2003-02-15,13000.0,4.7e-07
2003-02-16,13000.0,2.7999999999999997e-07
2003-02-17,13000.0,2.2999999999999997e-07
2003-02-18,11000.0,1.3999999999999998e-07
2003-02-19,11000.0,1.9e-07
2003-02-20,11000.0,2.7999999999999997e-07
2003-02-21,10000.0,4.5e-07
2003-02-22,10000.0,2.2e-07
2003-02-23,11000.0,1e-07
2003-02-24,12000.0,8e-08
2003-02-25,13000.0,9.400000000000001e-08
2003-02-26,13000.0,2.2e-07
2003-02-27,12000.0,4.0999999999999994e-07
2003-02-28,12000.0,4.5e-07
2003-03-01,12000.0,5.1e-07
2003-03-02,12000.0,5.3e-07
2003-03-03,12000.0,3.7e-07
2003-03-04,12000.0,3.7e-07
2003-03-05,12000.0,3.4e-07
2003-03-06,12000.0,4.0999999999999994e-07
2003-03-07,12000.0,3.8e-07
2003-03-08,13000.0,3.7e-07
2003-03-09,12000.0,3.8e-07
2003-03-10,11000.0,3.2999999999999996e-07
2003-03-11,11000.0,2.9e-07
2003-03-12,11000.0,2.6e-07
2003-03-13,11000.0,2.6e-07
2003-03-14,11000.0,2.5e-07
2003-03-15,11000.0,2.5e-07
2003-03-16,11000.0,3.5e-07
2003-03-17,15000.0,3e-07
2003-03-18,22000.0,4.2e-07
2003-03-19,15000.0,3.6e-07
2003-03-20,12000.0,2.1e-07
2003-03-21,11000.0,1.6e-07
2003-03-22,12000.0,1.3999999999999998e-07
2003-03-23,12000.0,1.3e-07
2003-03-24,12000.0,1.6e-07
2003-03-25,12000.0,1.7e-07
2003-03-26,12000.0,3.2999999999999996e-07
2003-03-27,11000.0,4.2e-07
2003-03-28,11000.0,3.4e-07
2003-03-29,11000.0,4.3e-07
2003-03-30,11000.0,3.8e-07
2003-03-31,11000.0,3.8e-07
2003-06-18,270000.0,3.2e-07
2003-06-19,820000.0,2.9e-07
2003-06-20,170000.0,3e-07
2003-06-21,41000.0,2.6e-07
2003-06-22,24000.0,1.7e-07
2003-06-23,12000.0,1.9e-07
2003-06-24,10000.0,2.9e-07
2003-06-25,9400.0,2.4e-07
2003-06-26,9300.0,3.7e-07
2003-06-27,9600.0,3.8e-07
2003-06-28,9800.0,4.0999999999999994e-07
2003-06-29,11000.0,3.7e-07
2003-06-30,10000.0,4.5e-07
2003-07-01,11000.0,3.8e-07
2003-07-02,11000.0,4.5e-07
2003-07-03,11000.0,4.4e-07
2003-07-04,11000.0,5.1e-07
2003-07-05,11000.0,4.5999999999999994e-07
2003-07-06,11000.0,3.7e-07
2003-07-07,11000.0,3.2e-07
2003-07-08,11000.0,4.5999999999999994e-07
2003-07-09,12000.0,6.699999999999999e-07
2003-07-10,11000.0,5.9e-07
2003-07-11,11000.0,5.599999999999999e-07
2003-07-12,11000.0,5.9e-07
2003-07-13,11000.0,3.8e-07
2003-07-14,11000.0,3.2e-07
2003-07-15,11000.0,2.6e-07
2003-07-16,11000.0,2.7999999999999997e-07
2003-07-17,12000.0,3.9e-07
2003-07-18,13000.0,4.2e-07
2003-07-19,12000.0,5.4e-07
2003-07-20,11000.0,8.9e-07
2003-07-21,12000.0,6.599999999999999e-07
2003-07-22,11000.0,7.2e-07
2003-07-23,12000.0,5.3e-07
2003-07-24,11000.0,5.1e-07
2003-07-25,12000.0,4e-07
2003-07-26,11000.0,2.7999999999999997e-07
2003-07-27,11000.0,1.9e-07
2003-07-28,11000.0,2.2e-07
2003-07-29,13000.0,1.6e-07
2003-07-30,12000.0,1.6e-07
2003-07-31,13000.0,1.8e-07
2003-08-01,12000.0,2.9e-07
2003-08-02,10000.0,3.2999999999999996e-07
2003-08-03,12000.0,2.6e-07
2003-08-04,12000.0,2.6e-07
2003-08-05,11000.0,3.6e-07
2003-08-06,12000.0,2.7e-07
2003-08-07,12000.0,3.6e-07
2003-08-08,12000.0,3.4e-07
2003-08-09,11000.0,3.2999999999999996e-07
2003-08-10,11000.0,3.2e-07
2003-08-11,11000.0,3.2e-07
2003-08-12,11000.0,2.7e-07
2003-08-13,11000.0,6e-07
2003-08-14,12000.0,1e-06
2003-08-15,12000.0,6.8e-07
2003-08-16,12000.0,4e-07
2003-08-17,11000.0,3.7e-07
2003-08-18,11000.0,3.2999999999999996e-07
2003-08-19,14000.0,3.2999999999999996e-07
2003-08-20,13000.0,2.7999999999999997e-07
2003-08-21,12000.0,3.5e-07
2003-08-22,12000.0,3.7e-07
2003-08-23,12000.0,2.2999999999999997e-07
2003-08-24,12000.0,2.4e-07
2003-08-25,12000.0,2.5e-07
2003-08-26,12000.0,3.1e-07
2003-08-27,12000.0,3.8e-07
2003-08-28,11000.0,3.4e-07
2003-08-29,11000.0,2.7999999999999997e-07
2003-08-30,11000.0,2.7999999999999997e-07
2003-08-31,12000.0,2.4e-07
2003-09-01,11000.0,2.2e-07
2003-09-02,12000.0,2.1e-07
2003-09-03,11000.0,3e-07
2003-09-04,12000.0,3.2e-07
2003-09-05,11000.0,3.1e-07
2003-09-06,11000.0,2.1e-07
2003-09-07,11000.0,2.2e-07
2003-09-08,12000.0,2.2999999999999997e-07
2003-09-09,11000.0,1.6e-07
2003-09-10,11000.0,1.7e-07
2003-09-11,11000.0,1.8e-07
2003-09-12,11000.0,1.5e-07
2003-09-13,11000.0,1.9e-07
2003-09-14,11000.0,1.3999999999999998e-07
2003-09-15,12000.0,3.1e-07
2003-09-16,11000.0,4e-07
2003-09-17,13000.0,3e-07
2003-09-18,12000.0,2.7e-07
2003-09-19,13000.0,4.0999999999999994e-07
2003-09-20,12000.0,5.4e-07
2003-09-21,11000.0,4.2e-07
2003-09-22,12000.0,2.6e-07
2003-09-23,13000.0,3e-07
2003-09-24,13000.0,3.9e-07
2003-09-25,13000.0,2.9e-07
2003-09-26,12000.0,3.4e-07
2003-09-27,12000.0,3.1e-07
2003-09-28,13000.0,4e-07
2003-09-29,13000.0,4.8e-07
2003-09-30,13000.0,6.599999999999999e-07
2003-10-01,12000.0,5e-07
2003-10-02,13000.0,4.4e-07
2003-10-03,12000.0,4e-07
2003-10-04,12000.0,3.5e-07
2003-10-05,13000.0,2.2e-07
2003-10-06,12000.0,1.8e-07
2003-10-07,11000.0,2.6e-07
2003-10-08,11000.0,2e-07
2003-10-09,11000.0,1.9e-07
2003-10-10,12000.0,2e-07
2003-10-11,12000.0,2.1e-07
2003-10-12,12000.0,1.8e-07
2003-10-13,12000.0,1.7e-07
2003-10-14,12000.0,1e-07
2003-10-15,12000.0,1.1e-07
2003-10-16,11000.0,1.5e-07
2003-10-17,12000.0,1.3999999999999998e-07
2003-10-18,12000.0,2.4e-07
2003-10-19,13000.0,5.599999999999999e-07
2003-10-20,12000.0,6.499999999999999e-07
2003-10-21,13000.0,1.4e-06
2003-10-22,22000.0,4.9000000000000005e-06
2003-10-23,64000.0,3e-06
2003-10-24,65000.0,1.6e-06
2003-10-25,19000.0,1.6e-06
2003-10-26,4700000.0,2.2e-06
2003-10-27,9600000.0,3.6e-06
2003-10-28,180000000.0,3.2e-06
2003-10-29,770000000.0,3.2999999999999997e-06
2003-10-30,140000000.0,2.8e-06
2003-10-31,7000000.0,1.8e-06
2003-11-01,760000.0,1.8e-06
2003-11-02,15000000.0,1.9e-06
2003-11-03,89000000.0,3.2e-06
2003-11-04,10000000.0,2.2999999999999996e-06
2003-11-05,12000000.0,1.2e-06
2003-11-06,3700000.0,2.5e-07
2003-11-07,810000.0,1.6e-07
2003-11-08,350000.0,1e-07
2003-11-09,150000.0,9.7e-08
2003-11-10,110000.0,1e-07
2003-11-11,89000.0,1.8e-07
2003-11-12,59000.0,2.2e-07
2003-11-13,52000.0,3.2e-07
2003-11-14,43000.0,2.2e-07
2003-11-15,31000.0,1.9e-07
2003-11-16,17000.0,2.9e-07
2003-11-17,11000.0,7.2e-07
2003-11-18,19000.0,1.1e-06
2003-11-19,23000.0,8.4e-07
2003-11-20,150000.0,7.3e-07
2003-11-21,320000.0,6.1e-07
2003-11-22,730000.0,6.2e-07
2003-11-23,540000.0,5.9e-07
2003-11-24,240000.0,5.5e-07
2003-11-25,31000.0,6.4e-07
2003-11-26,12000.0,6e-07
2003-11-27,11000.0,7e-07
2003-11-28,11000.0,6.4e-07
2003-11-29,12000.0,6.8e-07
2003-11-30,12000.0,5.9e-07
2003-12-01,12000.0,5.8e-07
2003-12-02,580000.0,8.1e-07
2003-12-03,1500000.0,4.0999999999999994e-07
2003-12-04,290000.0,3.2e-07
2003-12-05,87000.0,3.1e-07
2003-12-06,24000.0,4.7e-07
2003-12-07,15000.0,2.1e-07
2003-12-08,13000.0,1.2e-07
2003-12-09,13000.0,1e-07
2003-12-10,12000.0,8.7e-08
2003-12-11,12000.0,7.7e-08
2003-12-12,12000.0,7.4e-08
2003-12-13,13000.0,9.7e-08
2003-12-14,13000.0,1.3e-07
2003-12-15,13000.0,2e-07
2003-12-16,11000.0,2.4e-07
2003-12-17,12000.0,3.8e-07
2003-12-18,12000.0,5.2e-07
2003-12-19,13000.0,4.5999999999999994e-07
2003-12-20,13000.0,4.0999999999999994e-07
2003-12-21,12000.0,4e-07
2003-12-22,12000.0,3.8e-07
2003-12-23,11000.0,4.5999999999999994e-07
2003-12-24,12000.0,3.8e-07
2003-12-25,12000.0,4.5e-07
2003-12-26,11000.0,3.5e-07
2003-12-27,11000.0,2.7999999999999997e-07
2003-12-28,11000.0,2.5e-07
2003-12-29,11000.0,2.7e-07
2003-12-30,12000.0,2.7999999999999997e-07
2003-12-31,13000.0,3.9e-07
2012-01-01,13000.0,4.4e-07
2012-01-02,18000.0,4.0999999999999994e-07
2012-01-03,29000.0,4.0999999999999994e-07
2012-01-04,13000.0,3.9e-07
2012-01-05,13000.0,4.3e-07
2012-01-06,13000.0,4.8e-07
2012-01-07,13000.0,6.1e-07
2012-01-08,13000.0,6.1e-07
2012-01-09,13000.0,4.8e-07
2012-01-10,13000.0,4e-07
2012-01-11,13000.0,5.4e-07
2012-01-12,13000.0,5.1e-07
2012-01-13,13000.0,4.9e-07
2012-01-14,12000.0,5.9e-07
2012-01-15,13000.0,6.2e-07
2012-01-16,13000.0,1e-06
2012-01-17,14000.0,5.2e-07
2012-01-18,14000.0,5.699999999999999e-07
2012-01-19,14000.0,5.9e-07
2012-01-20,69000.0,6e-07
2012-01-21,80000.0,4.9e-07
2012-01-22,98000.0,5.5e-07
2012-01-23,140000000.0,6e-07
2012-01-24,210000000.0,5.8e-07
2012-01-25,26000000.0,4.9e-07
2012-01-26,4300000.0,7.3e-07
2012-01-27,4700000.0,5.2e-07
2012-01-28,48000000.0,5.9e-07
2012-01-29,10000000.0,2.7e-07
2012-01-30,3400000.0,2.1e-07
2012-01-31,780000.0,2.5e-07
2012-02-01,200000.0,2.2e-07
2012-02-02,86000.0,2.6e-07
2012-02-03,37000.0,2.1e-07
2012-02-04,22000.0,1.8e-07
2012-02-05,20000.0,1.5e-07
2012-02-06,18000.0,2.2e-07
2012-02-07,14000.0,2.5e-07
2012-02-08,13000.0,3.1e-07
2012-02-09,14000.0,2.7e-07
2012-02-10,13000.0,2.7e-07
2012-02-11,14000.0,3e-07
2012-02-12,13000.0,2.4e-07
2012-02-13,12000.0,2e-07
2012-02-14,12000.0,1.7e-07
2012-02-15,12000.0,1.6e-07
2012-02-16,12000.0,1.6e-07
2012-02-17,13000.0,1.7e-07
2012-02-18,12000.0,1.8e-07
2012-02-19,12000.0,2e-07
2012-02-20,12000.0,2.4e-07
2012-02-21,12000.0,2.1e-07
2012-02-22,13000.0,1.8e-07
2012-02-23,13000.0,2.2e-07
2012-02-24,13000.0,2.7e-07
2012-02-25,130000.0,2.5e-07
2012-02-26,230000.0,2.2999999999999997e-07
2012-02-27,49000.0,2e-07
2012-02-28,14000.0,1.6e-07
2012-02-29,12000.0,1.5e-07
2012-03-01,12000.0,1.7e-07
2012-03-02,12000.0,3e-07
2012-03-03,13000.0,2.6e-07
2012-03-04,14000.0,4.5e-07
2012-03-05,190000.0,1e-06
2012-03-06,230000.0,7.699999999999999e-07
2012-03-07,61000000.0,1.1e-06
2012-03-08,200000000.0,6.499999999999999e-07
2012-03-09,37000000.0,8.8e-07
2012-03-10,14000000.0,7e-07
2012-03-11,6800000.0,5.599999999999999e-07
2012-03-12,2400000.0,4.7e-07
2012-03-13,6000000.0,4.4e-07
2012-03-14,7400000.0,7.599999999999999e-07
2012-03-15,670000.0,4.7e-07
2012-03-16,120000.0,2.4e-07
2012-03-17,25000.0,2e-07
2012-03-18,15000.0,2.4e-07
2012-03-19,13000.0,1.8e-07
2012-03-20,12000.0,2e-07
2012-03-21,13000.0,2.2999999999999997e-07
2012-03-23,13000.0,3.2999999999999996e-07
2012-03-24,13000.0,1.9e-07
2012-03-25,13000.0,2.2e-07
2012-03-26,14000.0,1.8e-07
2012-03-27,13000.0,2.6e-07
2012-03-28,14000.0,3e-07
2012-03-29,14000.0,2.5e-07
2012-03-30,28000.0,1.9e-07
2012-03-31,27000.0,2.6e-07
2012-04-01,20000.0,1.9e-07
2012-04-02,18000.0,2.4e-07
2012-04-03,15000.0,2.2e-07
2012-04-04,13000.0,1.5e-07
2012-04-05,12000.0,2e-07
2012-04-06,16000.0,1.6e-07
2012-04-07,13000.0,1.5e-07
2012-04-08,12000.0,1.2e-07
2012-04-09,12000.0,1.1e-07
2012-04-10,13000.0,1.1e-07
2012-04-11,12000.0,1.1e-07
2012-04-12,13000.0,1.2e-07
2012-04-13,12000.0,1.5e-07
2012-04-14,13000.0,1.5e-07
2012-04-15,12000.0,2.4e-07
2012-04-16,12000.0,2.7e-07
2012-04-17,13000.0,2.9e-07
2012-04-18,14000.0,4e-07
2012-04-19,12000.0,5.2e-07
2012-04-20,14000.0,3.8e-07
2012-04-21,13000.0,5.4e-07
2012-04-22,12000.0,6.4e-07
2012-04-23,12000.0,5.5e-07
2012-04-24,12000.0,5.1e-07
2012-04-25,11000.0,4.7e-07
2012-04-26,11000.0,4.0999999999999994e-07
2012-04-27,12000.0,5.8e-07
2012-04-28,12000.0,5.2e-07
2012-04-29,12000.0,3.7e-07
2012-04-30,12000.0,4.3e-07
2012-05-01,12000.0,3.2999999999999996e-07
2012-05-02,12000.0,2.7999999999999997e-07
2012-05-03,12000.0,3.4e-07
2012-05-04,12000.0,3.9e-07
2012-05-05,12000.0,6.699999999999999e-07
2012-05-06,12000.0,5.4e-07
2012-05-07,13000.0,5.9e-07
2012-05-08,13000.0,3.5e-07
2012-05-09,12000.0,4.0999999999999994e-07
2012-05-10,13000.0,6.499999999999999e-07
2012-05-11,12000.0,6.1e-07
2012-05-12,12000.0,4.9e-07
2012-05-13,12000.0,4.2e-07
2012-05-14,12000.0,4.3e-07
2012-05-15,12000.0,4.9e-07
2012-05-16,12000.0,4.5e-07
2012-05-17,6600000.0,6.499999999999999e-07
2012-05-18,1200000.0,4.5e-07
2012-05-19,260000.0,3.5e-07
2012-05-20,53000.0,3.4e-07
2012-05-21,20000.0,3.1e-07
2012-05-22,13000.0,3e-07
2012-05-23,12000.0,3.1e-07
2012-05-24,12000.0,4.4e-07
2012-05-25,13000.0,4.4e-07
2012-05-26,14000.0,3.6e-07
2012-05-27,520000.0,2.7999999999999997e-07
2012-05-28,100000.0,2.1e-07
2012-05-29,24000.0,2.4e-07
2012-05-30,15000.0,3.6e-07
2012-05-31,12000.0,5.4e-07
2012-06-01,12000.0,5.8e-07
2012-06-02,13000.0,4.3e-07
2012-06-03,12000.0,5e-07
2012-06-04,12000.0,3.7e-07
2012-06-05,12000.0,4e-07
2012-06-06,11000.0,4.9e-07
2012-06-07,11000.0,6e-07
2012-06-08,12000.0,4.7e-07
2012-06-09,12000.0,5.2e-07
2012-06-10,12000.0,5e-07
2012-06-11,12000.0,5.5e-07
2012-06-12,12000.0,6.1e-07
2012-06-13,12000.0,8.599999999999999e-07
2012-06-14,13000.0,9.699999999999998e-07
2012-06-15,26000.0,5.5e-07
2012-06-16,270000.0,4.2e-07
2012-06-17,100000.0,4.5999999999999994e-07
2012-06-18,13000.0,3.6e-07
2012-06-19,13000.0,3.2e-07
2012-06-20,12000.0,2.9e-07
2012-06-21,12000.0,2.1e-07
2012-06-22,12000.0,1.1e-07
2012-06-23,12000.0,1e-07
2012-06-24,12000.0,6.8e-08
2012-06-25,12000.0,1.3e-07
2012-06-26,12000.0,2.2999999999999997e-07
2012-06-27,12000.0,3.6e-07
2012-06-28,12000.0,3.2e-07
2012-06-29,12000.0,3.9e-07
2012-06-30,12000.0,4.3e-07
2012-07-01,12000.0,6.3e-07
2012-07-02,12000.0,8.4e-07
2012-07-03,12000.0,1e-06
2012-07-04,12000.0,2e-06
2012-07-05,14000.0,2.6e-06
2012-07-06,12000.0,2.4e-06
2012-07-07,1100000.0,1.5e-06
2012-07-08,390000.0,2e-06
2012-07-09,900000.0,2e-06
2012-07-10,170000.0,1.4e-06
2012-07-11,31000.0,9e-07
2012-07-12,950000.0,7e-07
2012-07-13,2100000.0,8.199999999999999e-07
2012-07-14,1800000.0,8.699999999999999e-07
2012-07-15,220000.0,6.499999999999999e-07
2012-07-16,16000.0,1e-06
2012-07-17,1400000.0,1e-06
2012-07-18,3500000.0,6.2e-07
2012-07-19,4000000.0,5.8e-07
2012-07-20,3500000.0,3.4e-07
2012-07-21,480000.0,1.7e-07
2012-07-22,130000.0,2.2e-07
2012-07-23,500000.0,2.7999999999999997e-07
2012-07-24,770000.0,2.7e-07
2012-07-25,650000.0,3.2e-07
2012-07-26,390000.0,3.5e-07
2012-07-27,190000.0,4.8e-07
2012-07-28,180000.0,5.5e-07
2012-07-29,120000.0,7e-07
2012-07-30,69000.0,5.599999999999999e-07
2012-07-31,43000.0,5.8e-07
2012-08-01,42000.0,6.3e-07
2012-08-02,41000.0,4.8e-07
2012-08-03,38000.0,5.599999999999999e-07
2012-08-04,20000.0,6e-07
2012-08-05,13000.0,6.2e-07
2012-08-06,12000.0,6.1e-07
2012-08-07,12000.0,5.5e-07
2012-08-08,12000.0,5.599999999999999e-07
2012-08-09,11000.0,6.1e-07
2012-08-10,11000.0,3.6e-07
2012-08-11,11000.0,3.4e-07
2012-08-12,11000.0,2.9e-07
2012-08-13,11000.0,3e-07
2012-08-14,11000.0,2.4e-07
2012-08-15,10000.0,1.7e-07
2012-08-16,11000.0,1.8e-07
2012-08-17,10000.0,1.9e-07
2012-08-18,10000.0,3.7e-07
2012-08-19,11000.0,2e-07
2012-08-20,13000.0,1.9e-07
2012-08-21,12000.0,1.6e-07
2012-08-22,11000.0,1.3999999999999998e-07
2012-08-23,11000.0,1.3999999999999998e-07
2012-08-24,11000.0,1.6e-07
2012-08-25,11000.0,2e-07
2012-08-26,11000.0,2.7e-07
2012-08-27,11000.0,2.2999999999999997e-07
2012-08-28,12000.0,2.2e-07
2012-08-29,11000.0,3.4e-07
2012-08-30,11000.0,6.699999999999999e-07
2012-08-31,11000.0,7.799999999999999e-07
2012-09-01,1100000.0,9.8e-07
2012-09-02,2300000.0,8.199999999999999e-07
2012-09-03,1000000.0,6.699999999999999e-07
2012-09-04,390000.0,6.1e-07
2012-09-05,45000.0,5.4e-07
2012-09-06,15000.0,4.4e-07
2012-09-07,16000.0,5.3e-07
2012-09-08,27000.0,7.1e-07
2012-09-09,19000.0,5.4e-07
2012-09-10,13000.0,4.7e-07
2012-09-11,13000.0,4.8e-07
2012-09-12,12000.0,4.0999999999999994e-07
2012-09-13,11000.0,3.1e-07
2012-09-14,11000.0,1.5e-07
2012-09-15,11000.0,1.7e-07
2012-09-16,12000.0,1.5e-07
2012-09-17,11000.0,2.2999999999999997e-07
2012-09-18,11000.0,2.7999999999999997e-07
2012-09-19,11000.0,2.5e-07
2012-09-20,11000.0,2.7e-07
2012-09-21,12000.0,2.5e-07
2012-09-22,15000.0,3.1e-07
2012-09-23,16000.0,3.7e-07
2012-09-24,28000.0,5.2e-07
2012-09-25,30000.0,4.5999999999999994e-07
2012-09-26,34000.0,3.7e-07
2012-09-27,24000.0,3.2e-07
2012-09-28,710000.0,3.8e-07
2012-09-29,210000.0,5.599999999999999e-07
2012-09-30,74000.0,5.699999999999999e-07
2012-10-01,20000.0,7.599999999999999e-07
2012-10-02,12000.0,4.3e-07
2012-10-03,12000.0,2.1e-07
2012-10-04,12000.0,1.8e-07
2012-10-05,12000.0,2.1e-07
2012-10-06,12000.0,1.7e-07
2012-10-07,12000.0,1.9e-07
2012-10-08,14000.0,4.4e-07
2012-10-09,11000.0,4.5e-07
2012-10-10,11000.0,3.6e-07
2012-10-11,11000.0,5e-07
2012-10-12,11000.0,4.3e-07
2012-10-13,10000.0,4.3e-07
2012-10-14,11000.0,5.4e-07
2012-10-15,11000.0,5.5e-07
2012-10-16,11000.0,4.3e-07
2012-10-17,12000.0,4.5e-07
2012-10-18,11000.0,4.4e-07
2012-10-19,11000.0,5.4e-07
2012-10-20,11000.0,6.2e-07
2012-10-21,11000.0,6.1e-07
2012-10-22,12000.0,5.8e-07
2012-10-23,12000.0,5.8e-07
2012-10-24,12000.0,4.7e-07
2012-10-25,11000.0,3.8e-07
2012-10-26,11000.0,5.1e-07
2012-10-27,11000.0,3.9e-07
2012-10-28,12000.0,3.2e-07
2012-10-29,11000.0,2.4e-07
2012-10-30,11000.0,2.2e-07
2012-10-31,11000.0,2.4e-07
2012-11-01,11000.0,2.2e-07
2012-11-02,11000.0,1.9e-07
2012-11-03,11000.0,2e-07
2012-11-04,11000.0,1.7e-07
2012-11-05,11000.0,1.9e-07
2012-11-06,11000.0,2.1e-07
2012-11-07,11000.0,2.1e-07
2012-11-08,22000.0,2.2e-07
2012-11-09,110000.0,3.1e-07
2012-11-10,82000.0,4.3e-07
2012-11-11,38000.0,5.4e-07
2012-11-12,16000.0,5.9e-07
2012-11-13,11000.0,5.1e-07
2012-11-14,11000.0,4.3e-07
2012-11-15,11000.0,4.2e-07
2012-11-16,11000.0,4e-07
2012-11-17,12000.0,3.9e-07
2012-11-18,11000.0,4.2e-07
2012-11-19,11000.0,4.0999999999999994e-07
2012-11-20,11000.0,6.1e-07
2012-11-21,11000.0,6e-07
2012-11-22,11000.0,3.5e-07
2012-11-23,11000.0,3.1e-07
2012-11-24,11000.0,2.7e-07
2012-11-25,10000.0,2.7e-07
2012-11-26,11000.0,5.8e-07
2012-11-27,10000.0,4.8e-07
2012-11-28,11000.0,4.5999999999999994e-07
2012-11-29,11000.0,3.9e-07
2012-11-30,11000.0,3.4e-07
2012-12-01,11000.0,2.9e-07
2012-12-02,10000.0,1.6e-07
2012-12-03,11000.0,1.2e-07
2012-12-04,10000.0,1.2e-07
2012-12-05,11000.0,1.2e-07
2012-12-06,11000.0,1.2e-07
2012-12-07,11000.0,1.2e-07
2012-12-08,11000.0,1.3e-07
2012-12-09,12000.0,1.3999999999999998e-07
2012-12-10,11000.0,1.8e-07
2012-12-11,11000.0,1.9e-07
2012-12-12,11000.0,1.9e-07
2012-12-13,11000.0,2.5e-07
2012-12-14,29000.0,3.5e-07
2012-12-15,160000.0,3.2999999999999996e-07
2012-12-16,24000.0,3e-07
2012-12-17,13000.0,4.0999999999999994e-07
2012-12-18,11000.0,4.5e-07
2012-12-19,11000.0,3.2999999999999996e-07
2012-12-20,11000.0,2.4e-07
2012-12-21,11000.0,2.2e-07
2012-12-22,11000.0,2.6e-07
2012-12-23,12000.0,2.5e-07
2012-12-24,11000.0,2.1e-07
2012-12-25,11000.0,2.9e-07
2012-12-26,11000.0,3e-07
2012-12-27,11000.0,2.2999999999999997e-07
2012-12-28,12000.0,2e-07
2012-12-29,12000.0,2e-07
2012-12-30,11000.0,2.2e-07
2012-12-31,11000.0,2.9e-07
2013-01-01,12000.0,3.1e-07
2013-01-02,11000.0,2.5e-07
2013-01-03,11000.0,3.5e-07
2013-01-04,12000.0,6.3e-07
2013-01-05,11000.0,7.9e-07
2013-01-06,11000.0,5.8e-07
2013-01-07,11000.0,6.599999999999999e-07
2013-01-08,11000.0,7.599999999999999e-07
2013-01-09,11000.0,1e-06
2013-01-10,12000.0,9.5e-07
2013-01-11,11000.0,9e-07
2013-01-12,12000.0,7.4e-07
2013-01-13,11000.0,8.3e-07
2013-01-14,12000.0,5e-07
2013-01-15,11000.0,4.7e-07
2013-01-16,11000.0,3.9e-07
2013-01-17,62000.0,2.9e-07
2013-01-18,19000.0,2.7e-07
2013-01-19,11000.0,2.4e-07
2013-01-20,12000.0,2.2e-07
2013-01-21,11000.0,2.5e-07
2013-01-22,12000.0,2.6e-07
2013-01-23,12000.0,1.9e-07
2013-01-24,12000.0,1.6e-07
2013-01-25,12000.0,1.5e-07
2013-01-26,11000.0,1.3999999999999998e-07
2013-01-27,11000.0,1.3999999999999998e-07
2013-01-28,12000.0,1.3999999999999998e-07
2013-01-29,11000.0,1e-07
2013-01-30,12000.0,1e-07
2013-01-31,11000.0,1.3999999999999998e-07
2013-02-01,11000.0,1.8e-07
2013-02-02,12000.0,2.2e-07
2013-02-03,12000.0,2.9e-07
2013-02-04,11000.0,1.9e-07
2013-02-05,12000.0,1.7e-07
2013-02-06,11000.0,1.8e-07
2013-02-07,20000.0,1.3999999999999998e-07
2013-02-08,22000.0,1.7e-07
2013-02-09,15000.0,1.9e-07
2013-02-10,13000.0,1.6e-07
2013-02-11,12000.0,1.8e-07
2013-02-12,12000.0,1.8e-07
2013-02-13,12000.0,1.6e-07
2013-02-14,12000.0,1.7e-07
2013-02-15,12000.0,2.1e-07
2013-02-16,11000.0,2e-07
2013-02-17,11000.0,2.2999999999999997e-07
2013-02-18,12000.0,1.5e-07
2013-02-19,12000.0,3.6e-07
2013-02-20,11000.0,3.2e-07
2013-02-21,11000.0,2.7e-07
2013-02-22,12000.0,2.2999999999999997e-07
2013-02-23,11000.0,3.8e-07
2013-02-24,12000.0,2.9e-07
2013-02-25,11000.0,2.2e-07
2013-02-26,13000.0,1.8e-07
2013-02-27,35000.0,2e-07
2013-02-28,24000.0,2.7e-07
2013-03-01,11000.0,2.7e-07
2013-03-02,12000.0,2.9e-07
2013-03-03,11000.0,2.7e-07
2013-03-04,11000.0,2.7e-07
2013-03-05,12000.0,3.2e-07
2013-03-06,18000.0,2.7999999999999997e-07
2013-03-07,20000.0,2.4e-07
2013-03-08,19000.0,3.1e-07
2013-03-09,19000.0,3.2e-07
2013-03-10,20000.0,3.4e-07
2013-03-11,16000.0,2.5e-07
2013-03-12,16000.0,3.2999999999999996e-07
2013-03-13,14000.0,4.7e-07
2013-03-14,13000.0,2.5e-07
2013-03-15,24000.0,4e-07
2013-03-16,540000.0,4.3e-07
2013-03-17,540000.0,3.6e-07
2013-03-18,33000.0,3.7e-07
2013-03-19,11000.0,2.6e-07
2013-03-20,11000.0,3.1e-07
2013-03-21,11000.0,2.7999999999999997e-07
2013-03-22,11000.0,3.2e-07
2013-03-23,11000.0,2.1e-07
2013-03-24,11000.0,1.3e-07
2013-03-25,11000.0,1e-07
2013-03-26,11000.0,1.2e-07
2013-03-27,11000.0,1e-07
2013-03-28,11000.0,1.8e-07
2013-03-29,12000.0,2.6e-07
2013-03-30,11000.0,2.7e-07
2013-03-31,11000.0,2.6e-07
2013-04-01,12000.0,2.4e-07
2013-04-02,12000.0,2.5e-07
2013-04-03,12000.0,2.7999999999999997e-07
2013-04-04,11000.0,3.1e-07
2013-04-05,12000.0,3.6e-07
2013-04-06,11000.0,4.2e-07
2013-04-07,11000.0,4e-07
2013-04-08,11000.0,4e-07
2013-04-09,11000.0,6.4e-07
2013-04-10,11000.0,7e-07
2013-04-11,3200000.0,6.499999999999999e-07
2013-04-12,1900000.0,5.9e-07
2013-04-13,450000.0,3.7e-07
2013-04-14,120000.0,3.4e-07
2013-04-15,33000.0,3.1e-07
2013-04-16,23000.0,3.1e-07
2013-04-17,16000.0,2.7999999999999997e-07
2013-04-18,14000.0,2.7999999999999997e-07
2013-04-19,12000.0,2.5e-07
2013-04-20,12000.0,2.7e-07
2013-04-21,92000.0,5.1e-07
2013-04-22,78000.0,3.7e-07
2013-04-23,21000.0,4.9e-07
2013-04-24,13000.0,5.599999999999999e-07
2013-04-25,40000.0,7.3e-07
2013-04-26,13000.0,6.9e-07
2013-04-27,12000.0,8.4e-07
2013-04-28,11000.0,6.9e-07
2013-04-29,12000.0,7.3e-07
2013-04-30,11000.0,6.699999999999999e-07
2013-05-01,11000.0,7.799999999999999e-07
2013-05-02,12000.0,6e-07
2013-05-03,11000.0,6.499999999999999e-07
2013-05-04,11000.0,6.4e-07
2013-05-05,11000.0,5.9e-07
2013-05-06,11000.0,5.5e-07
2013-05-07,11000.0,5.1e-07
2013-05-08,11000.0,4.3e-07
2013-05-09,11000.0,5.4e-07
2013-05-10,11000.0,6.699999999999999e-07
2013-05-11,11000.0,7.799999999999999e-07
2013-05-12,11000.0,8.499999999999999e-07
2013-05-13,12000.0,1.1e-06
2013-05-14,58000.0,7.1e-07
2013-05-15,810000.0,7.699999999999999e-07
2013-05-16,2100000.0,6e-07
2013-05-17,2300000.0,5.699999999999999e-07
2013-05-18,1100000.0,4.8e-07
2013-05-19,400000.0,5.8e-07
2013-05-20,200000.0,7e-07
2013-05-21,59000.0,5.5e-07
2013-05-22,8300000.0,1e-06
2013-05-23,69000000.0,6.499999999999999e-07
2013-05-24,5200000.0,4.5e-07
2013-05-25,590000.0,3.9e-07
2013-05-26,36000.0,3.8e-07
2013-05-27,17000.0,3.1e-07
2013-05-28,12000.0,2.6e-07
2013-05-29,11000.0,2.7e-07
2013-05-30,12000.0,2.7e-07
2013-05-31,12000.0,2.2999999999999997e-07
2013-06-01,10000.0,2.2e-07
2013-06-02,10000.0,2.7999999999999997e-07
2013-06-03,10000.0,2.7e-07
2013-06-04,11000.0,2.7e-07
2013-06-05,12000.0,2.6e-07
2013-06-06,12000.0,2.4e-07
2013-06-07,11000.0,2.5e-07
2013-06-08,11000.0,2.2e-07
2013-06-09,10000.0,1.7e-07
2013-06-10,9800.0,1.3999999999999998e-07
2013-06-11,10000.0,1.3e-07
2013-06-12,10000.0,1.5e-07
2013-06-13,11000.0,2.2e-07
2013-06-14,10000.0,3.1e-07
2013-06-15,10000.0,3.2999999999999996e-07
2013-06-16,10000.0,3.6e-07
2013-06-17,10000.0,4.5999999999999994e-07
2013-06-18,10000.0,4.4e-07
2013-06-19,11000.0,4.2e-07
2013-06-20,10000.0,4.5999999999999994e-07
2013-06-21,51000.0,5.5e-07
2013-06-22,430000.0,5e-07
2013-06-23,410000.0,4.8e-07
2013-06-24,560000.0,4.7e-07
2013-06-25,78000.0,3.8e-07
2013-06-26,33000.0,3.4e-07
2013-06-27,19000.0,2.6e-07
2013-06-28,14000.0,2e-07
2013-06-29,14000.0,1.9e-07
2013-06-30,11000.0,3.4e-07
2013-07-01,10000.0,3.2999999999999996e-07
2013-07-02,11000.0,5e-07
2013-07-03,11000.0,6.1e-07
2013-07-04,10000.0,7.699999999999999e-07
2013-07-05,10000.0,7.9e-07
2013-07-06,9900.0,5.1e-07
2013-07-07,10000.0,4.0999999999999994e-07
2013-07-08,10000.0,4e-07
2013-07-09,9800.0,3.5e-07
2013-07-10,9600.0,3.9e-07
2013-07-11,9600.0,4e-07
2013-07-12,10000.0,4.0999999999999994e-07
2013-07-13,9300.0,3.8e-07
2013-07-14,10000.0,4e-07
2013-07-15,10000.0,4.5999999999999994e-07
2013-07-16,10000.0,3.7e-07
2013-07-17,10000.0,3.2e-07
2013-07-18,11000.0,3.4e-07
2013-07-19,10000.0,3.4e-07
2013-07-20,11000.0,3e-07
2013-07-21,11000.0,3.2e-07
2013-07-22,12000.0,2.7999999999999997e-07
2013-07-23,12000.0,2.5e-07
2013-07-24,11000.0,2.7999999999999997e-07
2013-07-25,11000.0,2.9e-07
2013-07-26,11000.0,3.2999999999999996e-07
2013-07-27,11000.0,3.7e-07
2013-07-28,10000.0,3.8e-07
2013-07-29,10000.0,4.0999999999999994e-07
2013-07-30,11000.0,4.7e-07
2013-07-31,11000.0,3.4e-07
2013-08-01,10000.0,3e-07
2013-08-02,11000.0,2.7e-07
2013-08-03,10000.0,2.2e-07
2013-08-04,10000.0,2.2e-07
2013-08-05,9800.0,2e-07
2013-08-06,10000.0,2.2e-07
2013-08-07,9900.0,2e-07
2013-08-08,10000.0,2.2e-07
2013-08-09,10000.0,2.1e-07
2013-08-10,9800.0,2.2e-07
2013-08-11,10000.0,3.2999999999999996e-07
2013-08-12,9800.0,3.2e-07
2013-08-13,10000.0,4.8e-07
2013-08-14,10000.0,4.2e-07
2013-08-15,11000.0,4.0999999999999994e-07
2013-08-16,10000.0,3.6e-07
2013-08-17,11000.0,3.9e-07
2013-08-18,23000.0,5.4e-07
2013-08-19,11000.0,4.2e-07
2013-08-20,15000.0,4.8e-07
2013-08-21,68000.0,5e-07
2013-08-22,19000.0,5.9e-07
2013-08-23,13000.0,5e-07
2013-08-24,12000.0,3.9e-07
2013-08-25,12000.0,3.6e-07
2013-08-26,12000.0,3.1e-07
2013-08-27,11000.0,3e-07
2013-08-28,11000.0,2.4e-07
2013-08-29,11000.0,2.4e-07
2013-08-30,11000.0,3.1e-07
2013-08-31,12000.0,2.2999999999999997e-07
2013-09-01,11000.0,2e-07
2013-09-02,11000.0,2.1e-07
2013-09-03,10000.0,2.9e-07
2013-09-04,9600.0,3.8e-07
2013-09-05,10000.0,3.7e-07
2013-09-06,9900.0,3.1e-07
2013-09-07,10000.0,2.5e-07
2013-09-08,10000.0,1.7e-07
2013-09-09,10000.0,1.3999999999999998e-07
2013-09-10,10000.0,1.3e-07
2013-09-11,10000.0,1.2e-07
2013-09-12,10000.0,7.9e-08
2013-09-13,11000.0,9.5e-08
2013-09-14,10000.0,7.4e-08
2013-09-15,10000.0,8.300000000000003e-08
2013-09-16,10000.0,1.1e-07
2013-09-17,10000.0,1.5e-07
2013-09-18,10000.0,2.4e-07
2013-09-19,10000.0,3e-07
2013-09-20,10000.0,2.7999999999999997e-07
2013-09-21,10000.0,2.7e-07
2013-09-22,10000.0,2.4e-07
2013-09-23,10000.0,1.9e-07
2013-09-24,9900.0,1.9e-07
2013-09-25,10000.0,2.1e-07
2013-09-26,10000.0,2.1e-07
2013-09-27,10000.0,2.2e-07
2013-09-28,10000.0,2.5e-07
2013-09-29,10000.0,3e-07
2013-09-30,5700000.0,2.5e-07
2013-10-01,8900000.0,3e-07
2013-10-02,1200000.0,2.9e-07
2013-10-03,100000.0,2.9e-07
2013-10-04,43000.0,2.2e-07
2013-10-05,21000.0,2e-07
2013-10-06,18000.0,2.1e-07
2013-10-07,14000.0,3e-07
2013-10-08,12000.0,2.7e-07
2013-10-09,10000.0,3.1e-07
2013-10-10,9800.0,4.7e-07
2013-10-11,11000.0,8.699999999999999e-07
2013-10-12,14000.0,5.9e-07
2013-10-13,15000.0,5e-07
2013-10-14,18000.0,4.0999999999999994e-07
2013-10-15,18000.0,6.3e-07
2013-10-16,13000.0,4.2e-07
2013-10-17,12000.0,8.599999999999999e-07
2013-10-18,11000.0,1e-06
2013-10-19,11000.0,9.2e-07
2013-10-20,11000.0,7.5e-07
2013-10-21,11000.0,5.699999999999999e-07
2013-10-22,11000.0,7.1e-07
2013-10-23,22000.0,8.9e-07
2013-10-24,11000.0,8.9e-07
2013-10-25,12000.0,1.1e-06
2013-10-26,28000.0,1.2e-06
2013-10-27,28000.0,1.1e-06
2013-10-28,170000.0,1.2e-06
2013-10-29,250000.0,1.1e-06
2013-10-30,260000.0,6.499999999999999e-07
2013-10-31,85000.0,5.9e-07
2013-11-01,30000.0,8.1e-07
2013-11-02,80000.0,6.499999999999999e-07
2013-11-03,52000.0,6.1e-07
2013-11-04,35000.0,6.4e-07
2013-11-05,44000.0,1e-06
2013-11-06,39000.0,8.8e-07
2013-11-07,170000.0,6e-07
2013-11-08,44000.0,6e-07
2013-11-09,70000.0,6.699999999999999e-07
2013-11-10,49000.0,8.8e-07
2013-11-11,59000.0,1e-06
2013-11-12,30000.0,8.8e-07
2013-11-13,22000.0,9.3e-07
2013-11-14,14000.0,1e-06
2013-11-15,13000.0,9.3e-07
2013-11-16,11000.0,1e-06
2013-11-17,11000.0,1e-06
2013-11-18,10000.0,8.4e-07
2013-11-19,100000.0,6.699999999999999e-07
2013-11-20,60000.0,6.499999999999999e-07
2013-11-21,13000.0,6e-07
2013-11-22,11000.0,5.3e-07
2013-11-23,10000.0,5e-07
2013-11-24,11000.0,5.5e-07
2013-11-25,11000.0,4.5999999999999994e-07
2013-11-26,11000.0,4.5e-07
2013-11-27,10000.0,4.5999999999999994e-07
2013-11-28,10000.0,5e-07
2013-11-29,11000.0,3.5e-07
2013-11-30,11000.0,3.5e-07
2013-12-01,11000.0,3.7e-07
2013-12-02,11000.0,4.5999999999999994e-07
2013-12-03,11000.0,4.9e-07
2013-12-04,11000.0,6.2e-07
2013-12-05,11000.0,1e-06
2013-12-06,10000.0,1e-06
2013-12-07,10000.0,9.5e-07
2013-12-08,11000.0,8.4e-07
2013-12-09,10000.0,8e-07
2013-12-10,9700.0,8.599999999999999e-07
2013-12-11,9800.0,7.3e-07
2013-12-12,13000.0,8e-07
2013-12-13,13000.0,7e-07
2013-12-14,46000.0,6e-07
2013-12-15,36000.0,5.8e-07
2013-12-16,10000.0,7.1e-07
2013-12-18,10000.0,7.799999999999999e-07
2013-12-19,9600.0,8e-07
2013-12-20,11000.0,1.1e-06
2013-12-21,10000.0,7.799999999999999e-07
2013-12-22,10000.0,9.4e-07
2013-12-23,10000.0,5.699999999999999e-07
2013-12-24,10000.0,5.3e-07
2013-12-25,10000.0,4.2e-07
2013-12-26,49000.0,3.7e-07
2013-12-27,130000.0,3.7e-07
2013-12-28,230000.0,4.8e-07
2013-12-29,700000.0,6.3e-07
2013-12-30,83000.0,6.9e-07
2013-12-31,19000.0,9.9e-07
2014-01-01,12000.0,1.1e-06
2014-01-02,10000.0,1.5e-06
2014-01-03,11000.0,1.2e-06
2014-01-04,10000.0,1.6999999999999998e-06
2014-01-05,34000.0,1.8e-06
2014-01-06,1800000.0,1.1e-06
2014-01-07,2600000.0,9.6e-07
2014-01-08,69000000.0,1e-06
2014-01-09,40000000.0,7.799999999999999e-07
2014-01-10,6100000.0,7.1e-07
2014-01-11,1300000.0,7.2e-07
2014-01-12,610000.0,6.699999999999999e-07
2014-01-13,160000.0,6.2e-07
2014-01-14,34000.0,7.699999999999999e-07
2014-01-15,14000.0,5.599999999999999e-07
2014-01-16,13000.0,4.5e-07
2014-01-17,12000.0,7.1e-07
2014-01-18,11000.0,4.9e-07
2014-01-19,11000.0,4.3e-07
2014-01-20,11000.0,4.5999999999999994e-07
2014-01-21,12000.0,5e-07
2014-01-22,11000.0,4.8e-07
2014-01-23,11000.0,3.6e-07
2014-01-24,11000.0,3.8e-07
2014-01-26,10000.0,7.9e-07
2014-01-27,9800.0,1.2e-06
2014-01-28,9600.0,1.4e-06
2014-01-29,11000.0,1e-06
2014-01-30,11000.0,1.2e-06
2014-01-31,11000.0,1e-06
2014-02-01,11000.0,1.4e-06
2014-02-02,10000.0,1.8e-06
2014-02-03,10000.0,1.6e-06
2014-02-04,10000.0,2.5e-06
2014-02-05,10000.0,1.5e-06
2014-02-06,10000.0,1.1e-06
2014-02-07,9800.0,1.2e-06
2014-02-08,10000.0,9.6e-07
2014-02-09,10000.0,1.1e-06
2014-02-10,10000.0,1.1e-06
2014-02-11,11000.0,1.3e-06
2014-02-12,11000.0,1.5e-06
2014-02-13,12000.0,1.8e-06
2014-02-14,12000.0,1e-06
2014-02-15,9300.0,8.3e-07
2014-02-16,10000.0,7.2e-07
2014-02-17,25000.0,7.799999999999999e-07
2014-02-18,90000.0,9.4e-07
2014-02-19,330000.0,8.1e-07
2014-02-20,22000.0,7.5e-07
2014-02-21,12000.0,8e-07
2014-02-22,10000.0,7.799999999999999e-07
2014-02-23,10000.0,9.9e-07
2014-02-24,690000.0,9.1e-07
2014-02-25,1700000.0,1e-06
2014-02-26,2700000.0,9.5e-07
2014-02-27,6400000.0,9.8e-07
2014-02-28,4100000.0,9.699999999999998e-07
2014-03-01,1500000.0,9.699999999999998e-07
2014-03-02,580000.0,8.3e-07
2014-03-03,230000.0,1e-06
2014-03-04,82000.0,8.8e-07
2014-03-05,37000.0,7.599999999999999e-07
2014-03-06,22000.0,5.5e-07
2014-03-07,18000.0,5.4e-07
2014-03-08,15000.0,6.4e-07
2014-03-09,12000.0,9.3e-07
2014-03-10,12000.0,1.4e-06
2014-03-11,11000.0,1.4e-06
2014-03-12,10000.0,7.4e-07
2014-03-13,10000.0,7.3e-07
2014-03-14,10000.0,8e-07
2014-03-15,10000.0,5.9e-07
2014-03-16,10000.0,6e-07
2014-03-17,10000.0,5.9e-07
2014-03-18,10000.0,5.599999999999999e-07
2014-03-19,9900.0,7.5e-07
2014-03-20,10000.0,8.199999999999999e-07
2014-03-21,10000.0,6.1e-07
2014-03-22,9900.0,6.1e-07
2014-03-23,12000.0,7.1e-07
2014-03-24,37000.0,6.8e-07
2014-03-27,9900.0,5.5e-07
2014-03-28,37000.0,5e-07
2014-03-29,34000.0,7.3e-07
2014-03-30,14000.0,8.9e-07
2014-04-01,10000.0,6.499999999999999e-07
2014-04-02,10000.0,7e-07
2014-04-03,12000.0,4.8e-07
2014-04-04,17000.0,5.4e-07
2014-04-05,33000.0,3.9e-07
2014-04-06,56000.0,3.9e-07
2014-04-07,38000.0,5.5e-07
2014-04-08,27000.0,3.5e-07
2014-04-09,15000.0,5.1e-07
2014-04-10,12000.0,8e-07
2014-04-11,11000.0,6.2e-07
2014-04-12,10000.0,5.699999999999999e-07
2014-04-13,10000.0,4.4e-07
2014-04-14,11000.0,6e-07
2014-04-15,10000.0,5.8e-07
2014-04-16,11000.0,8.699999999999999e-07
2014-04-17,9900.0,8.1e-07
2014-04-18,810000.0,8.1e-07
2014-04-19,3300000.0,8.1e-07
2014-04-20,1200000.0,8.499999999999999e-07
2014-04-21,36000.0,7.9e-07
2014-04-22,13000.0,2.7999999999999997e-07
2014-04-23,11000.0,7.799999999999999e-07
2014-04-24,10000.0,5.1e-07
2014-04-25,12000.0,6.1e-07
2014-04-26,11000.0,4.4e-07
2014-04-27,10000.0,2.9e-07
2014-04-28,11000.0,2.5e-07
2014-04-29,10000.0,2.7e-07
2014-04-30,11000.0,2.7e-07
2014-05-01,11000.0,2.7999999999999997e-07
2014-05-02,10000.0,5.4e-07
2014-05-03,10000.0,5.599999999999999e-07
2014-05-04,10000.0,5.5e-07
2014-05-05,10000.0,8.1e-07
2014-05-06,10000.0,7.3e-07
2014-05-07,13000.0,8.3e-07
2014-05-08,25000.0,7.799999999999999e-07
2014-05-09,20000.0,6.599999999999999e-07
2014-05-10,16000.0,7.2e-07
2014-05-11,11000.0,8.1e-07
2014-05-12,11000.0,7e-07
2014-05-13,10000.0,6.4e-07
2014-05-14,11000.0,6.499999999999999e-07
2014-05-15,11000.0,5.8e-07
2014-05-16,11000.0,5.1e-07
2014-05-17,10000.0,5e-07
2014-05-18,10000.0,4.4e-07
2014-05-19,10000.0,3.9e-07
2014-05-20,10000.0,3.4e-07
2014-05-21,10000.0,3.4e-07
2014-05-22,10000.0,2.7999999999999997e-07
2014-05-23,9400.0,3.2999999999999996e-07
2014-05-24,10000.0,4.9e-07
2014-05-25,11000.0,4.0999999999999994e-07
2014-05-26,11000.0,3.8e-07
2014-05-27,10000.0,3.2e-07
2014-05-28,10000.0,2.5e-07
2014-05-29,10000.0,2.4e-07
2014-05-30,10000.0,2.4e-07
2014-05-31,10000.0,2.5e-07
2014-06-01,10000.0,2.5e-07
2014-06-02,10000.0,2.4e-07
2014-06-03,10000.0,2.7999999999999997e-07
2014-06-04,11000.0,2.2999999999999997e-07
2014-06-05,10000.0,2.7e-07
2014-06-06,12000.0,3.7e-07
2014-06-07,12000.0,4.3e-07
2014-06-08,9700.0,5.1e-07
2014-06-09,10000.0,6.599999999999999e-07
2014-06-10,10000.0,9.4e-07
2014-06-11,11000.0,1e-06
2014-06-12,10000.0,1.1e-06
2014-06-13,19000.0,1.1e-06
2014-06-14,12000.0,1.2e-06
2014-06-15,11000.0,1.1e-06
2014-06-16,10000.0,7e-07
2014-06-17,10000.0,3.7e-07
2014-06-18,10000.0,4e-07
2014-06-19,9400.0,2.5e-07
2014-06-20,9800.0,2.9e-07
2014-06-21,9600.0,2e-07
2014-06-22,9900.0,1.6e-07
2014-06-23,9500.0,1.6e-07
2014-06-24,9800.0,1.7e-07
2014-06-25,10000.0,1.8e-07
2014-06-26,10000.0,2.2999999999999997e-07
2014-06-27,10000.0,4.5999999999999994e-07
2014-06-28,10000.0,6.2e-07
2014-06-29,10000.0,6.8e-07
2014-06-30,10000.0,7.699999999999999e-07
2014-07-01,10000.0,9.6e-07
2014-07-02,10000.0,8.9e-07
2014-07-03,10000.0,8.8e-07
2014-07-04,9900.0,1e-06
2014-07-05,10000.0,9.6e-07
2014-07-06,10000.0,1.2e-06
2014-07-07,11000.0,9.8e-07
2014-07-08,10000.0,1e-06
2014-07-09,11000.0,1e-06
2014-07-10,12000.0,9.2e-07
2014-07-11,13000.0,9.5e-07
2014-07-12,13000.0,8e-07
2014-07-13,11000.0,5.9e-07
2014-07-14,10000.0,4e-07
2014-07-15,9300.0,2.7e-07
2014-07-16,10000.0,1.7e-07
2014-07-17,9900.0,1.3e-07
2014-07-18,10000.0,1.2e-07
2014-07-19,10000.0,1.1e-07
2014-07-20,10000.0,1.5e-07
2014-07-21,10000.0,2.1e-07
2014-07-22,10000.0,1.8e-07
2014-07-23,11000.0,2e-07
2014-07-24,10000.0,2.5e-07
2014-07-25,10000.0,2.7999999999999997e-07
2014-07-26,10000.0,4.2e-07
2014-07-27,10000.0,4.3e-07
2014-07-28,10000.0,5e-07
2014-07-29,11000.0,5.1e-07
2014-07-30,10000.0,7.1e-07
2014-07-31,10000.0,6.699999999999999e-07
2014-08-01,11000.0,8.199999999999999e-07
2014-08-02,10000.0,7.799999999999999e-07
2014-08-03,11000.0,6.3e-07
2014-08-04,11000.0,5.5e-07
2014-08-05,11000.0,5.4e-07
2014-08-06,11000.0,4.8e-07
2014-08-07,10000.0,6e-07
2014-08-08,11000.0,4.8e-07
2014-08-09,10000.0,3.9e-07
2014-08-10,11000.0,3.4e-07
2014-08-11,10000.0,3e-07
2014-08-12,9800.0,2.7999999999999997e-07
2014-08-13,11000.0,3.2e-07
2014-08-14,10000.0,2.5e-07
2014-08-15,10000.0,3.2999999999999996e-07
2014-08-16,11000.0,3.5e-07
2014-08-17,11000.0,3.2999999999999996e-07
2014-08-18,11000.0,2.7e-07
2014-08-19,11000.0,2.6e-07
2014-08-20,11000.0,3.8e-07
2014-08-21,11000.0,5.8e-07
2014-08-22,12000.0,5.3e-07
2014-08-23,11000.0,5e-07
2014-08-24,11000.0,5.9e-07
2014-08-25,21000.0,4.8e-07
2014-08-26,46000.0,4.8e-07
2014-08-27,15000.0,4.2e-07
2014-08-28,11000.0,3.5e-07
2014-08-29,12000.0,3.5e-07
2014-08-30,11000.0,4.5999999999999994e-07
2014-08-31,11000.0,5.1e-07
2014-09-01,11000.0,4.5e-07
2014-09-02,83000.0,1.2e-06
2014-09-03,210000.0,1e-06
2014-09-04,320000.0,1e-06
2014-09-05,480000.0,9.1e-07
2014-09-06,600000.0,1.1e-06
2014-09-07,460000.0,9.8e-07
2014-09-08,350000.0,8.8e-07
2014-09-09,200000.0,1.1e-06
2014-09-10,110000.0,7.599999999999999e-07
2014-09-11,1600000.0,8.699999999999999e-07
2014-09-12,2900000.0,6.9e-07
2014-09-13,160000.0,6.499999999999999e-07
2014-09-14,40000.0,7.2e-07
2014-09-15,25000.0,5.699999999999999e-07
2014-09-16,19000.0,5.5e-07
2014-09-17,13000.0,6.1e-07
2014-09-18,11000.0,5.3e-07
2014-09-19,12000.0,4.8e-07
2014-09-20,12000.0,4.5e-07
2014-09-21,12000.0,4.9e-07
2014-09-22,54000.0,4.7e-07
2014-09-23,19000.0,5.699999999999999e-07
2014-09-24,11000.0,6.1e-07
2014-09-25,15000.0,1e-06
2014-09-26,14000.0,1.1e-06
2014-09-27,12000.0,1e-06
2014-09-28,13000.0,1.3e-06
2014-09-29,14000.0,1.2e-06
2014-09-30,15000.0,1e-06
2014-10-01,14000.0,1.2e-06
2014-10-02,12000.0,1e-06
2014-10-03,13000.0,1.1e-06
2014-10-04,11000.0,4.5e-07
2014-10-05,10000.0,4.0999999999999994e-07
2014-10-06,11000.0,5e-07
2014-10-07,11000.0,3.8e-07
2014-10-08,12000.0,3.5e-07
2014-10-09,12000.0,5.4e-07
2014-10-10,12000.0,3e-07
2014-10-11,12000.0,3.2e-07
2014-10-12,11000.0,2.9e-07
2014-10-13,11000.0,3.5e-07
2014-10-14,11000.0,3.7e-07
2014-10-15,12000.0,1.3e-06
2014-10-16,13000.0,1.1e-06
2014-10-17,13000.0,1e-06
2014-10-18,16000.0,8.3e-07
2014-10-19,16000.0,1.2e-06
2014-10-20,18000.0,1.3e-06
2014-10-21,16000.0,1.5e-06
2014-10-22,14000.0,1.5e-06
2014-10-23,14000.0,1.3e-06
2014-10-24,12000.0,1.6e-06
2014-10-25,12000.0,1.8e-06
2014-10-26,11000.0,1.8e-06
2014-10-27,10000.0,2.6e-06
2014-10-28,10000.0,2.4e-06
2014-10-29,11000.0,2.4e-06
2014-10-30,12000.0,1.3e-06
2014-10-31,11000.0,8.499999999999999e-07
2014-11-01,85000.0,4.9e-07
2014-11-02,420000.0,4.2e-07
2014-11-03,230000.0,5.1e-07
2014-11-04,47000.0,7.4e-07
2014-11-05,16000.0,7.4e-07
2014-11-06,11000.0,9.9e-07
2014-11-07,11000.0,9.6e-07
2014-11-08,10000.0,6.9e-07
2014-11-09,12000.0,7.1e-07
2014-11-10,12000.0,6.599999999999999e-07
2014-11-11,11000.0,9.4e-07
2014-11-12,10000.0,8.199999999999999e-07
2014-11-13,11000.0,9.3e-07
2014-11-14,12000.0,8.1e-07
2014-11-15,11000.0,7.2e-07
2014-11-16,11000.0,9.5e-07
2014-11-17,12000.0,7.9e-07
2014-11-18,12000.0,8.9e-07
2014-11-19,12000.0,9.2e-07
2014-11-20,12000.0,8.8e-07
2014-11-21,12000.0,7.699999999999999e-07
2014-11-22,11000.0,8.599999999999999e-07
2014-11-23,11000.0,8.9e-07
2014-11-24,12000.0,9.3e-07
2014-11-25,11000.0,8.3e-07
2014-11-26,11000.0,8.699999999999999e-07
2014-11-27,11000.0,1.4e-06
2014-11-28,11000.0,1.1e-06
2014-11-29,12000.0,9.1e-07
2014-11-30,12000.0,7.9e-07
2014-12-01,15000.0,6.699999999999999e-07
2014-12-02,12000.0,1e-06
2014-12-03,13000.0,7.599999999999999e-07
2014-12-04,15000.0,7.1e-07
2014-12-05,12000.0,5.2e-07
2014-12-06,11000.0,6.9e-07
2014-12-07,11000.0,5.599999999999999e-07
2014-12-08,10000.0,5.699999999999999e-07
2014-12-09,10000.0,8.3e-07
2014-12-10,11000.0,7.2e-07
2014-12-11,12000.0,7.2e-07
2014-12-12,12000.0,7.3e-07
2014-12-14,74000.0,8.3e-07
2014-12-15,17000.0,8.9e-07
2014-12-16,13000.0,9.2e-07
2014-12-17,18000.0,1.2e-06
2014-12-18,22000.0,1.4e-06
2014-12-19,15000.0,1.2e-06
2014-12-20,18000.0,1.3e-06
2014-12-21,87000.0,1.3e-06
2014-12-22,82000.0,1.1e-06
2014-12-23,110000.0,9.699999999999998e-07
2014-12-24,22000.0,1e-06
2014-12-25,18000.0,1.1e-06
2014-12-26,17000.0,6.9e-07
2014-12-27,15000.0,5.2e-07
2014-12-28,22000.0,4.3e-07
2014-12-29,22000.0,4.8e-07
2014-12-30,19000.0,4.4e-07
2014-12-31,19000.0,5.8e-07
2015-01-01,14000.0,4.9e-07
2015-01-02,15000.0,4.9e-07
2015-01-03,14000.0,5.699999999999999e-07
2015-01-04,12000.0,6.699999999999999e-07
2015-01-05,11000.0,7.2e-07
2015-01-06,11000.0,7.2e-07
2015-01-07,11000.0,7e-07
2015-01-08,11000.0,8e-07
2015-01-09,11000.0,7.699999999999999e-07
2015-01-10,12000.0,6.9e-07
2015-01-11,12000.0,8.199999999999999e-07
2015-01-12,11000.0,1e-06
2015-01-13,11000.0,7.5e-07
2015-01-14,12000.0,9.1e-07
2015-01-15,12000.0,6.499999999999999e-07
2015-01-16,11000.0,5.2e-07
2015-01-17,11000.0,4.5999999999999994e-07
2015-01-18,12000.0,4.5999999999999994e-07
2015-01-19,13000.0,5.1e-07
2015-01-20,13000.0,4.9e-07
2015-01-21,11000.0,6e-07
2015-01-22,10000.0,4.5e-07
2015-01-23,11000.0,4.0999999999999994e-07
2015-01-24,12000.0,3.6e-07
2015-01-25,12000.0,4.3e-07
2015-01-26,11000.0,7e-07
2015-01-27,13000.0,9.6e-07
2015-01-28,20000.0,9.5e-07
2015-01-29,35000.0,9.4e-07
2015-01-30,60000.0,8.599999999999999e-07
2015-01-31,36000.0,6.3e-07
2015-02-01,13000.0,7e-07
2015-02-02,11000.0,6.8e-07
2015-02-03,11000.0,7.799999999999999e-07
2015-02-04,12000.0,7.5e-07
2015-02-05,11000.0,5.9e-07
2015-02-06,11000.0,6.2e-07
2015-02-07,11000.0,7.5e-07
2015-02-08,11000.0,7.3e-07
2015-02-09,12000.0,8e-07
2015-02-10,11000.0,9.1e-07
2015-02-11,11000.0,5.2e-07
2015-02-12,11000.0,4.5999999999999994e-07
2015-02-13,11000.0,4.3e-07
2015-02-14,11000.0,3.8e-07
2015-02-15,11000.0,3.6e-07
2015-02-16,11000.0,3.6e-07
2015-02-17,11000.0,3.8e-07
2015-02-18,11000.0,4e-07
2015-02-19,10000.0,3.8e-07
2015-02-20,11000.0,4.2e-07
2015-02-21,29000.0,3.2999999999999996e-07
2015-02-22,51000.0,3e-07
2015-02-23,18000.0,3.2999999999999996e-07
2015-02-24,12000.0,2.7999999999999997e-07
2015-02-25,13000.0,2.7999999999999997e-07
2015-02-26,14000.0,2.5e-07
2015-02-27,22000.0,3.2999999999999996e-07
2015-02-28,24000.0,4.4e-07
2015-03-01,11000.0,6.2e-07
2015-03-02,10000.0,9.4e-07
2015-03-03,11000.0,5.2e-07
2015-03-04,11000.0,5.1e-07
2015-03-05,9800.0,6.699999999999999e-07
2015-03-06,11000.0,1e-06
2015-03-07,10000.0,5.9e-07
2015-03-08,11000.0,6.599999999999999e-07
2015-03-09,11000.0,5e-07
2015-03-10,11000.0,5.4e-07
2015-03-11,13000.0,6.8e-07
2015-03-12,14000.0,9.5e-07
2015-03-13,12000.0,4.8e-07
2015-03-14,12000.0,4.0999999999999994e-07
2015-03-15,120000.0,4.5999999999999994e-07
2015-03-16,260000.0,3.6e-07
2015-03-17,60000.0,3.2999999999999996e-07
2015-03-18,12000.0,6e-07
2015-03-19,10000.0,3.5e-07
2015-03-20,10000.0,4.8e-07
2015-03-21,10000.0,4e-07
2015-03-22,10000.0,4e-07
2015-03-23,9700.0,4.7e-07
2015-03-24,20000.0,4.8e-07
2015-03-25,20000.0,5.4e-07
2015-03-26,12000.0,4.5e-07
2015-03-27,13000.0,5e-07
2015-03-28,13000.0,7.9e-07
2015-03-29,11000.0,9.1e-07
2015-03-30,11000.0,6.599999999999999e-07
2015-03-31,11000.0,4.7e-07
2015-04-01,10000.0,3.9e-07
2015-04-02,11000.0,4.0999999999999994e-07
2015-04-03,12000.0,4.0999999999999994e-07
2015-04-04,10000.0,3.9e-07
2015-04-05,11000.0,4.8e-07
2015-04-06,10000.0,4.0999999999999994e-07
2015-04-07,10000.0,3.2999999999999996e-07
2015-04-08,10000.0,2e-07
2015-04-09,11000.0,2.5e-07
2015-04-10,9600.0,4e-07
2015-04-11,9800.0,6.3e-07
2015-04-12,10000.0,8.3e-07
2015-04-13,11000.0,7.799999999999999e-07
2015-04-14,11000.0,6.599999999999999e-07
2015-04-15,12000.0,6.699999999999999e-07
2015-04-16,10000.0,7.5e-07
2015-04-17,9700.0,5.4e-07
2015-04-18,9500.0,5.3e-07
2015-04-19,10000.0,5.4e-07
2015-04-20,10000.0,5.599999999999999e-07
2015-04-21,10000.0,9e-07
2015-04-22,16000.0,9e-07
2015-04-23,46000.0,8.599999999999999e-07
2015-04-24,50000.0,7.1e-07
2015-04-25,40000.0,5.1e-07
2015-04-26,33000.0,3.8e-07
2015-04-27,22000.0,2.7e-07
2015-04-28,14000.0,2.7e-07
2015-04-29,12000.0,2.7999999999999997e-07
2015-04-30,12000.0,2.7999999999999997e-07
2015-05-01,12000.0,2.2e-07
2015-05-02,11000.0,2.7e-07
2015-05-03,11000.0,4.5e-07
2015-05-04,11000.0,5.599999999999999e-07
2015-05-05,10000.0,8.4e-07
2015-05-06,9400.0,8.599999999999999e-07
2015-05-07,9900.0,7e-07
2015-05-08,10000.0,6.1e-07
2015-05-09,10000.0,6.1e-07
2015-05-10,10000.0,6.9e-07
2015-05-11,10000.0,7.4e-07
2015-05-12,240000.0,7e-07
2015-05-13,19000.0,7e-07
2015-05-14,10000.0,6.499999999999999e-07
2015-05-15,11000.0,5.1e-07
2015-05-16,11000.0,5e-07
2015-05-17,10000.0,4e-07
2015-05-18,10000.0,4.4e-07
2015-05-19,10000.0,3.4e-07
2015-05-20,10000.0,2.7e-07
2015-05-21,10000.0,2e-07
2015-05-22,10000.0,2e-07
2015-05-23,10000.0,1.9e-07
2015-05-24,11000.0,1.8e-07
2015-05-25,11000.0,1.7e-07
2015-05-26,11000.0,2.2e-07
2015-05-27,11000.0,2e-07
2015-05-28,11000.0,1.6e-07
2015-05-29,11000.0,1.5e-07
2015-05-30,11000.0,1.8e-07
2015-05-31,11000.0,2e-07
2015-06-01,11000.0,2.2e-07
2015-06-02,11000.0,2.4e-07
2015-06-03,11000.0,3.1e-07
2015-06-04,11000.0,4.4e-07
2015-06-05,11000.0,4.0999999999999994e-07
2015-06-06,11000.0,4e-07
2015-06-07,11000.0,4.4e-07
2015-06-08,12000.0,4.3e-07
2015-06-09,11000.0,5.3e-07
2015-06-10,11000.0,6e-07
2015-06-11,12000.0,7.1e-07
2015-06-12,12000.0,8.1e-07
2015-06-13,11000.0,8.9e-07
2015-06-14,11000.0,7.5e-07
2015-06-15,10000.0,7.4e-07
2015-06-16,12000.0,8.599999999999999e-07
2015-06-17,11000.0,6.2e-07
2015-06-18,730000.0,9.4e-07
2015-06-19,510000.0,6.8e-07
2015-06-20,100000.0,5.699999999999999e-07
2015-06-22,2700000.0,6.3e-07
2015-06-23,710000.0,5e-07
2015-06-24,320000.0,4.4e-07
2015-06-25,1100000.0,4.2e-07
2015-06-26,720000.0,3.5e-07
2015-06-27,440000.0,3.2999999999999996e-07
2015-06-28,230000.0,4.0999999999999994e-07
2015-06-29,52000.0,4.0999999999999994e-07
2015-07-01,73000.0,3.6e-07
2015-07-02,130000.0,4e-07
2015-07-03,33000.0,3.7e-07
2015-07-04,17000.0,3.2e-07
2015-07-05,11000.0,4.4e-07
2015-07-06,11000.0,5.8e-07
2015-07-07,12000.0,5.2e-07
2015-07-08,11000.0,3.9e-07
2015-07-09,11000.0,3.5e-07
2015-07-10,11000.0,4.0999999999999994e-07
2015-07-11,11000.0,3.9e-07
2015-07-12,11000.0,3.8e-07
2015-07-13,11000.0,3.5e-07
2015-07-14,11000.0,3.1e-07
2015-07-15,11000.0,2.5e-07
2015-07-16,11000.0,2.1e-07
2015-07-17,11000.0,2.2e-07
2015-07-18,11000.0,2e-07
2015-07-19,11000.0,3e-07
2015-07-20,11000.0,2.2e-07
2015-07-21,11000.0,1.7e-07
2015-07-22,11000.0,1.5e-07
2015-07-23,11000.0,1.7e-07
2015-07-24,11000.0,2.2e-07
2015-07-25,11000.0,2.2e-07
2015-07-26,11000.0,2.2999999999999997e-07
2015-07-27,11000.0,2.2e-07
2015-07-28,11000.0,2.2999999999999997e-07
2015-07-29,11000.0,2.2e-07
2015-07-30,11000.0,2e-07
2015-07-31,11000.0,2.2999999999999997e-07
2015-08-01,11000.0,2.4e-07
2015-08-02,11000.0,2.4e-07
2015-08-03,11000.0,3.1e-07
2015-08-04,11000.0,2.5e-07
2015-08-05,11000.0,2.7e-07
2015-08-06,11000.0,3.4e-07
2015-08-07,11000.0,4.5999999999999994e-07
2015-08-08,11000.0,4.3e-07
2015-08-09,11000.0,3.5e-07
2015-08-10,11000.0,2.4e-07
2015-08-11,11000.0,2.2e-07
2015-08-12,11000.0,2.2999999999999997e-07
2015-08-13,12000.0,2.1e-07
2015-08-14,11000.0,2.4e-07
2015-08-15,10000.0,1.7e-07
2015-08-16,11000.0,1.3e-07
2015-08-17,11000.0,1.3999999999999998e-07
2015-08-18,11000.0,1.3999999999999998e-07
2015-08-19,12000.0,2e-07
2015-08-20,12000.0,4.2e-07
2015-08-21,11000.0,5e-07
2015-08-22,11000.0,9.6e-07
2015-08-23,11000.0,6.2e-07
2015-08-24,11000.0,6.2e-07
2015-08-25,11000.0,4.9e-07
2015-08-26,11000.0,6.499999999999999e-07
2015-08-27,10000.0,4.8e-07
2015-08-28,11000.0,5.699999999999999e-07
2015-08-29,12000.0,4.5e-07
2015-08-30,12000.0,3.5e-07
2015-08-31,11000.0,2.7999999999999997e-07
2015-09-01,11000.0,2.1e-07
2015-09-02,11000.0,1.8e-07
2015-09-03,11000.0,1.7e-07
2015-09-04,12000.0,1.2e-07
2015-09-05,12000.0,1e-07
2015-09-06,11000.0,1e-07
2015-09-07,11000.0,6.3e-08
2015-09-08,10000.0,5.3e-08
2015-09-09,11000.0,5.900000000000001e-08
2015-09-10,12000.0,7.9e-08
2015-09-11,11000.0,1.6e-07
2015-09-12,11000.0,2.7e-07
2015-09-13,11000.0,2.1e-07
2015-09-14,11000.0,2e-07
2015-09-15,11000.0,2.7e-07
2015-09-16,11000.0,3.4e-07
2015-09-17,12000.0,2.9e-07
2015-09-18,11000.0,3.4e-07
2015-09-19,12000.0,3e-07
2015-09-20,38000.0,3.4e-07
2015-09-21,36000.0,2.9e-07
2015-09-22,12000.0,2.6e-07
2015-09-23,11000.0,3.1e-07
2015-09-24,11000.0,2.7999999999999997e-07
2015-09-25,11000.0,3.6e-07
2015-09-26,11000.0,4e-07
2015-09-27,11000.0,6.3e-07
2015-09-28,12000.0,1e-06
2015-09-29,11000.0,1.2e-06
2015-09-30,19000.0,1.2e-06
2015-10-01,33000.0,8.599999999999999e-07
2015-10-02,13000.0,8.9e-07
2015-10-03,11000.0,5.3e-07
2015-10-04,11000.0,2.9e-07
2015-10-05,11000.0,1.1e-07
2015-10-06,11000.0,1e-07
2015-10-07,11000.0,9.400000000000001e-08
2015-10-08,11000.0,9.400000000000001e-08
2015-10-09,11000.0,7.5e-08
2015-10-10,12000.0,7.4e-08
2015-10-11,11000.0,9.400000000000001e-08
2015-10-12,11000.0,2.6e-07
2015-10-13,11000.0,2.7999999999999997e-07
2015-10-14,11000.0,2.9e-07
2015-10-15,11000.0,3.5e-07
2015-10-16,11000.0,4.5999999999999994e-07
2015-10-17,11000.0,7.1e-07
2015-10-18,12000.0,5.1e-07
2015-10-19,11000.0,4.0999999999999994e-07
2015-10-20,12000.0,4.3e-07
2015-10-21,11000.0,4.8e-07
2015-10-22,20000.0,4.0999999999999994e-07
2015-10-23,21000.0,3.6e-07
2015-10-24,12000.0,3.2e-07
2015-10-25,12000.0,3.4e-07
2015-10-26,11000.0,3.6e-07
2015-10-27,12000.0,7.9e-07
2015-10-28,11000.0,6.599999999999999e-07
2015-10-29,790000.0,6.4e-07
2015-10-30,150000.0,1.1e-06
2015-10-31,30000.0,8.3e-07
2015-11-01,14000.0,6.599999999999999e-07
2015-11-02,12000.0,6.2e-07
2015-11-03,12000.0,5e-07
2015-11-04,13000.0,5.699999999999999e-07
2015-11-05,12000.0,3.7e-07
2015-11-06,12000.0,5.1e-07
2015-11-08,12000.0,3.2999999999999996e-07
2015-11-09,20000.0,3.1e-07
2015-11-10,85000.0,3.1e-07
2015-11-11,13000.0,3.2e-07
2015-11-12,11000.0,2.6e-07
2015-11-13,12000.0,2.4e-07
2015-11-14,11000.0,2.2e-07
2015-11-15,12000.0,2.2999999999999997e-07
2015-11-16,12000.0,2.2999999999999997e-07
2015-11-17,12000.0,2.5e-07
2015-11-18,12000.0,3.5e-07
2015-11-19,12000.0,3.5e-07
2015-11-20,12000.0,3.2e-07
2015-11-21,11000.0,4e-07
2015-11-22,12000.0,4.5e-07
2015-11-23,13000.0,4.2e-07
2015-11-24,13000.0,3.7e-07
2015-11-25,12000.0,3.1e-07
2015-11-26,12000.0,2.7999999999999997e-07
2015-11-27,11000.0,2e-07
2015-11-28,12000.0,1.6e-07
2015-11-29,12000.0,1.6e-07
2015-11-30,12000.0,1.9e-07
2015-12-01,12000.0,1.9e-07
2015-12-02,13000.0,1.8e-07
2015-12-03,12000.0,1.9e-07
2015-12-04,12000.0,2.2999999999999997e-07
2015-12-05,12000.0,2.5e-07
2015-12-06,12000.0,2.4e-07
2015-12-07,12000.0,2.4e-07
2015-12-08,11000.0,2.2999999999999997e-07
2015-12-09,12000.0,3e-07
2015-12-10,12000.0,2.5e-07
2015-12-11,12000.0,3.8e-07
2015-12-12,11000.0,5e-07
2015-12-13,12000.0,4.3e-07
2015-12-14,13000.0,3.7e-07
2015-12-15,11000.0,3.2e-07
2015-12-16,12000.0,3.9e-07
2015-12-17,12000.0,2.7999999999999997e-07
2015-12-18,12000.0,2.7999999999999997e-07
2015-12-19,12000.0,3.5e-07
2015-12-20,11000.0,5.8e-07
2015-12-21,11000.0,6.699999999999999e-07
2015-12-22,13000.0,7.4e-07
2015-12-23,13000.0,5.2e-07
2015-12-24,13000.0,6.9e-07
2015-12-25,12000.0,4.9e-07
2015-12-26,13000.0,4e-07
2015-12-27,13000.0,3.2999999999999996e-07
2015-12-28,33000.0,5.8e-07
2015-12-29,100000.0,3.9e-07
2015-12-30,23000.0,3e-07
2015-12-31,15000.0,2.7999999999999997e-07
2016-01-01,12000.0,3.4e-07
2016-01-02,450000.0,5.8e-07
2016-01-03,45000.0,3.1e-07
2016-01-04,14000.0,2.2e-07
2016-01-05,13000.0,2.2e-07
2016-01-06,12000.0,3e-07
2016-01-07,12000.0,2.7999999999999997e-07
2016-01-08,13000.0,2.4e-07
2016-01-09,12000.0,2.2e-07
2016-01-10,12000.0,2.4e-07
2016-01-11,12000.0,2.1e-07
2016-01-12,11000.0,2e-07
2016-01-13,12000.0,1.8e-07
2016-01-14,12000.0,1.8e-07
2016-01-15,13000.0,2.1e-07
2016-01-16,13000.0,2e-07
2016-01-17,12000.0,1.7e-07
2016-01-18,13000.0,1.8e-07
2016-01-19,12000.0,1.8e-07
2016-01-20,12000.0,2.4e-07
2016-01-21,12000.0,2.5e-07
2016-01-22,12000.0,2e-07
2016-01-23,13000.0,2.2e-07
2016-01-24,13000.0,2.9e-07
2016-01-25,13000.0,2.6e-07
2016-01-26,13000.0,2.4e-07
2016-01-27,13000.0,3.1e-07
2016-01-28,13000.0,2.5e-07
2016-01-29,13000.0,2.7e-07
2016-01-30,14000.0,2.7e-07
2016-01-31,13000.0,2.5e-07
2016-02-01,12000.0,2.4e-07
2016-02-02,13000.0,2.2e-07
2016-02-03,14000.0,3.8e-07
2016-02-04,12000.0,4.5e-07
2016-02-05,12000.0,3.9e-07
2016-02-06,13000.0,3.8e-07
2016-02-07,12000.0,3.8e-07
2016-02-08,13000.0,3.2999999999999996e-07
2016-02-09,13000.0,3.7e-07
2016-02-10,13000.0,2.7999999999999997e-07
2016-02-11,13000.0,2.7999999999999997e-07
2016-02-12,13000.0,4.4e-07
2016-02-13,13000.0,3.7e-07
2016-02-14,13000.0,4.0999999999999994e-07
2016-02-15,13000.0,5.4e-07
2016-02-16,12000.0,3.9e-07
2016-02-17,13000.0,4.3e-07
2016-02-18,13000.0,4e-07
2016-02-19,13000.0,2.4e-07
2016-02-20,13000.0,1.9e-07
2016-02-21,13000.0,1.7e-07
2016-02-22,13000.0,1.6e-07
2016-02-23,13000.0,1.5e-07
2016-02-24,13000.0,1.3e-07
2016-02-25,13000.0,1.3999999999999998e-07
2016-02-26,13000.0,1.2e-07
2016-02-27,13000.0,1.5e-07
2016-02-28,12000.0,1.7e-07
2016-02-29,13000.0,1.5e-07
2016-03-01,13000.0,1.6e-07
2016-03-02,14000.0,1.7e-07
2016-03-03,14000.0,1.2e-07
2016-03-04,13000.0,1.5e-07
2016-03-05,13000.0,1.2e-07
2016-03-06,12000.0,1.3999999999999998e-07
2016-03-07,12000.0,1.3999999999999998e-07
2016-03-08,13000.0,1.6e-07
2016-03-09,13000.0,1.8e-07
2016-03-10,13000.0,1.6e-07
2016-03-11,13000.0,1.3999999999999998e-07
2016-03-12,13000.0,1.3999999999999998e-07
2016-03-13,13000.0,1e-07
2016-03-14,13000.0,1.5e-07
2016-03-15,13000.0,1.9e-07
2016-03-16,35000.0,1.8e-07
2016-03-17,14000.0,1.6e-07
2016-03-18,13000.0,1.2e-07
2016-03-19,13000.0,1.2e-07
2016-03-20,13000.0,9.300000000000001e-08
2016-03-21,13000.0,8.300000000000003e-08
2016-03-22,13000.0,1.3e-07
2016-03-23,13000.0,1.3e-07
2016-03-24,12000.0,8.6e-08
2016-03-25,12000.0,7.5e-08
2016-03-26,12000.0,6.4e-08
2016-03-27,12000.0,7.599999999999999e-08
2016-03-28,13000.0,7.4e-08
2016-03-29,13000.0,7.5e-08
2016-03-30,13000.0,5.6e-08
2016-03-31,13000.0,3.7e-08
2016-04-01,13000.0,3.7e-08
2016-04-02,13000.0,3.5e-08
2016-04-03,12000.0,4.3e-08
2016-04-04,13000.0,9.300000000000001e-08
2016-04-05,13000.0,7.599999999999999e-08
2016-04-06,12000.0,2.2e-07
2016-04-07,13000.0,3.5e-07
2016-04-08,13000.0,3.2e-07
2016-04-09,13000.0,3.9e-07
2016-04-10,13000.0,5.2e-07
2016-04-11,12000.0,4.2e-07
2016-04-12,12000.0,3e-07
2016-04-13,13000.0,2.5e-07
2016-04-14,12000.0,2.6e-07
2016-04-15,13000.0,2.9e-07
2016-04-16,13000.0,3e-07
2016-04-17,13000.0,2.7999999999999997e-07
2016-04-18,24000.0,2.5e-07
2016-04-19,16000.0,2.2e-07
2016-04-20,13000.0,2.1e-07
2016-04-21,13000.0,1.3999999999999998e-07
2016-04-22,12000.0,8.800000000000002e-08
2016-04-23,13000.0,8.199999999999999e-08
2016-04-24,12000.0,1e-07
2016-04-25,12000.0,9.8e-08
2016-04-26,12000.0,1.3999999999999998e-07
2016-04-27,12000.0,2.1e-07
2016-04-28,12000.0,2.2e-07
2016-04-29,13000.0,2e-07
2016-04-30,13000.0,2.1e-07
2016-05-01,13000.0,1.7e-07
2016-05-02,13000.0,1.3e-07
2016-05-03,13000.0,2.4e-07
2016-05-04,13000.0,2.6e-07
2016-05-05,13000.0,2.5e-07
2016-05-06,13000.0,2.2e-07
2016-05-07,13000.0,2.1e-07
2016-05-08,12000.0,2.1e-07
2016-05-09,13000.0,2.1e-07
2016-05-10,13000.0,2.6e-07
2016-05-11,13000.0,2.5e-07
2016-05-12,13000.0,1.9e-07
2016-05-13,14000.0,2.2999999999999997e-07
2016-05-14,13000.0,2.7999999999999997e-07
2016-05-15,34000.0,3.7e-07
2016-05-16,35000.0,2.7999999999999997e-07
2016-05-17,14000.0,2.6e-07
2016-05-18,13000.0,2.2e-07
2016-05-19,13000.0,1.9e-07
2016-05-20,13000.0,1.8e-07
2016-05-21,12000.0,1.7e-07
2016-05-22,13000.0,1.6e-07
2016-05-23,13000.0,1.5e-07
2016-05-24,13000.0,1.6e-07
2016-05-25,13000.0,1.5e-07
2016-05-26,13000.0,1.5e-07
2016-05-27,13000.0,1.8e-07
2016-05-28,13000.0,1.7e-07
2016-05-29,13000.0,1.3e-07
2016-05-30,13000.0,1.3999999999999998e-07
2016-05-31,13000.0,1.5e-07
2016-06-01,13000.0,1.3999999999999998e-07
2016-06-02,13000.0,1.6e-07
2016-06-03,14000.0,1.3e-07
2016-06-04,14000.0,1.1e-07
2016-06-05,13000.0,1e-07
2016-06-06,13000.0,9.9e-08
2016-06-07,14000.0,1.1e-07
2016-06-08,13000.0,1.3e-07
2016-06-09,14000.0,1.2e-07
2016-06-10,13000.0,1.5e-07
2016-06-11,13000.0,1.7e-07
2016-06-12,13000.0,1.7e-07
2016-06-13,13000.0,1.8e-07
2016-06-14,13000.0,1.2e-07
2016-06-15,12000.0,1e-07
2016-06-16,13000.0,1.1e-07
2016-06-17,13000.0,1e-07
2016-06-18,12000.0,1.1e-07
2016-06-19,13000.0,9.7e-08
2016-06-20,13000.0,8.400000000000001e-08
2016-06-21,14000.0,8.6e-08
2016-06-22,13000.0,8e-08
2016-06-23,12000.0,8.199999999999999e-08
2016-06-24,13000.0,8.300000000000003e-08
2016-06-25,13000.0,9.300000000000001e-08
2016-06-26,13000.0,7.7e-08
2016-06-27,13000.0,7.200000000000001e-08
2016-06-28,13000.0,6.5e-08
2016-06-29,13000.0,6.000000000000002e-08
2016-06-30,13000.0,5.5e-08
2016-07-01,13000.0,5.3e-08
2016-07-02,13000.0,5.3e-08
2016-07-03,14000.0,7.200000000000001e-08
2016-07-04,13000.0,7.8e-08
2016-07-05,14000.0,7.9e-08
2016-07-06,14000.0,1.2e-07
2016-07-07,15000.0,1.6e-07
2016-07-08,14000.0,2.2e-07
2016-07-09,13000.0,2.2e-07
2016-07-10,12000.0,2.5e-07
2016-07-11,12000.0,2e-07
2016-07-12,12000.0,1.8e-07
2016-07-13,12000.0,1.7e-07
2016-07-14,12000.0,1.7e-07
2016-07-15,12000.0,2.4e-07
2016-07-16,12000.0,3.5e-07
2016-07-17,13000.0,3.4e-07
2016-07-18,13000.0,2.4e-07
2016-07-19,13000.0,2.6e-07
2016-07-20,12000.0,2.7999999999999997e-07
2016-07-21,13000.0,4.0999999999999994e-07
2016-07-22,13000.0,2.5e-07
2016-07-23,18000.0,4e-07
2016-07-24,14000.0,3.5e-07
2016-07-25,13000.0,1.3e-07
2016-07-26,13000.0,7.8e-08
2016-07-27,13000.0,5.5e-08
2016-07-28,13000.0,5e-08
2016-07-29,14000.0,5.900000000000001e-08
2016-07-30,14000.0,5.2e-08
2016-07-31,14000.0,5.4000000000000014e-08
2016-08-01,14000.0,5.3e-08
2016-08-02,13000.0,5.2e-08
2016-08-03,13000.0,5.7e-08
2016-08-04,14000.0,6.2e-08
2016-08-05,14000.0,8.6e-08
2016-08-06,13000.0,1.1e-07
2016-08-07,13000.0,2.5e-07
2016-08-08,13000.0,4.3e-07
2016-08-09,13000.0,2.1e-07
2016-08-10,12000.0,1.6e-07
2016-08-11,13000.0,1.3999999999999998e-07
2016-08-12,13000.0,1.5e-07
2016-08-13,13000.0,1.2e-07
2016-08-14,13000.0,1e-07
2016-08-15,13000.0,9.9e-08
2016-08-16,13000.0,9.1e-08
2016-08-17,13000.0,8.199999999999999e-08
2016-08-18,13000.0,8.199999999999999e-08
2016-08-19,13000.0,8.6e-08
2016-08-20,13000.0,9.400000000000001e-08
2016-08-21,14000.0,8.300000000000003e-08
2016-08-22,13000.0,7.7e-08
2016-08-23,13000.0,9.6e-08
2016-08-24,13000.0,8.500000000000002e-08
2016-08-25,13000.0,8.7e-08
2016-08-26,13000.0,1e-07
2016-08-27,14000.0,1e-07
2016-08-28,13000.0,1.1e-07
2016-08-29,15000.0,2.7e-07
2016-08-30,14000.0,5e-07
2016-08-31,14000.0,4.2e-07
2016-09-01,13000.0,3e-07
2016-09-02,13000.0,3.4e-07
2016-09-03,13000.0,2.1e-07
2016-09-04,13000.0,1.9e-07
2016-09-05,14000.0,1.3999999999999998e-07
2016-09-06,13000.0,1.3e-07
2016-09-07,13000.0,1.3999999999999998e-07
2016-09-08,14000.0,1e-07
2016-09-09,13000.0,1.1e-07
2016-09-10,14000.0,1.5e-07
2016-09-11,13000.0,1e-07
2016-09-12,13000.0,8.300000000000003e-08
2016-09-13,13000.0,1.1e-07
2016-09-14,14000.0,1.3e-07
2016-09-15,13000.0,1e-07
2016-09-16,13000.0,7.4e-08
2016-09-17,14000.0,9e-08
2016-09-18,14000.0,9.2e-08
2016-09-19,14000.0,1.2e-07
2016-09-20,13000.0,1.5e-07
2016-09-21,13000.0,2e-07
2016-09-22,14000.0,1.6e-07
2016-09-23,13000.0,1.2e-07
2016-09-24,13000.0,1e-07
2016-09-25,15000.0,9.8e-08
2016-09-26,14000.0,1.6e-07
2016-09-27,14000.0,1.5e-07
2016-09-28,13000.0,8.500000000000002e-08
2016-09-29,13000.0,1.5e-07
2016-09-30,14000.0,1.6e-07
2016-10-01,14000.0,1.1e-07
2016-10-02,15000.0,1.1e-07
2016-10-03,14000.0,1.7e-07
2016-10-04,14000.0,1.6e-07
2016-10-05,14000.0,1.8e-07
2016-10-06,13000.0,1.9e-07
2016-10-07,13000.0,1.9e-07
2016-10-08,14000.0,2.2e-07
2016-10-09,14000.0,1.9e-07
2016-10-10,14000.0,1.8e-07
2016-10-11,14000.0,2e-07
2016-10-12,13000.0,1.8e-07
2016-10-13,14000.0,2.2e-07
2016-10-14,15000.0,2.2e-07
2016-10-15,14000.0,1.6e-07
2016-10-16,14000.0,1.3999999999999998e-07
2016-10-17,13000.0,9e-08
2016-10-18,14000.0,7.1e-08
2016-10-19,14000.0,6.900000000000002e-08
2016-10-20,14000.0,6.7e-08
2016-10-21,14000.0,7.3e-08
2016-10-22,15000.0,7.1e-08
2016-10-23,15000.0,7.8e-08
2016-10-24,15000.0,7e-08
2016-10-25,14000.0,7.599999999999999e-08
2016-10-26,15000.0,8.1e-08
2016-10-27,14000.0,8.300000000000003e-08
2016-10-28,14000.0,8.9e-08
2016-10-29,14000.0,9.7e-08
2016-10-30,14000.0,8.400000000000001e-08
2016-10-31,14000.0,7.599999999999999e-08
2016-11-01,14000.0,7.200000000000001e-08
2016-11-02,14000.0,6.7e-08
2016-11-03,14000.0,6.6e-08
2016-11-04,14000.0,6.2e-08
2016-11-05,15000.0,6.4e-08
2016-11-06,15000.0,6.5e-08
2016-11-07,15000.0,6.7e-08
2016-11-08,14000.0,7.1e-08
2016-11-09,14000.0,9.8e-08
2016-11-10,14000.0,1.2e-07
2016-11-11,15000.0,8.199999999999999e-08
2016-11-12,14000.0,8.6e-08
2016-11-13,14000.0,8.199999999999999e-08
2016-11-14,15000.0,7e-08
2016-11-15,14000.0,7.9e-08
2016-11-16,15000.0,7.9e-08
2016-11-17,15000.0,7.3e-08
2016-11-18,15000.0,6.8e-08
2016-11-19,15000.0,6.8e-08
2016-11-20,15000.0,6.6e-08
2016-11-21,14000.0,7.1e-08
2016-11-22,14000.0,9.2e-08
2016-11-23,14000.0,8.7e-08
2016-11-24,14000.0,9e-08
2016-11-25,14000.0,9.1e-08
2016-11-26,14000.0,9.300000000000001e-08
2016-11-27,14000.0,9.400000000000001e-08
2016-11-28,14000.0,1.3e-07
2016-11-29,15000.0,1.6e-07
2016-11-30,14000.0,1.1e-07
2016-12-01,14000.0,1e-07
2016-12-02,14000.0,1e-07
2016-12-03,15000.0,1.1e-07
2016-12-04,14000.0,1.2e-07
2016-12-05,15000.0,1.1e-07
2016-12-06,14000.0,1e-07
2016-12-07,15000.0,9.1e-08
2016-12-08,15000.0,8.7e-08
2016-12-09,15000.0,8e-08
2016-12-10,14000.0,8e-08
2016-12-11,15000.0,6.3e-08
2016-12-12,15000.0,5.7e-08
2016-12-13,15000.0,5.5e-08
2016-12-14,15000.0,5.4000000000000014e-08
2016-12-15,15000.0,5.900000000000001e-08
2016-12-16,15000.0,6.7e-08
2016-12-17,15000.0,5.6e-08
2016-12-18,14000.0,5.2e-08
2016-12-19,14000.0,5.2e-08
2016-12-20,15000.0,5.4000000000000014e-08
2016-12-21,14000.0,6.7e-08
2016-12-22,15000.0,6.2e-08
2016-12-23,15000.0,6.3e-08
2016-12-24,14000.0,6.3e-08
2016-12-25,14000.0,5.7e-08
2016-12-26,14000.0,6.3e-08
2016-12-27,14000.0,6.4e-08
2016-12-28,14000.0,6.4e-08
2016-12-29,16000.0,6.900000000000002e-08
2016-12-30,15000.0,7.1e-08
2016-12-31,15000.0,6.4e-08
2017-01-01,15000.0,5.7e-08
2017-01-02,15000.0,5.7e-08
2017-01-03,15000.0,5.5e-08
2017-01-04,16000.0,5.4000000000000014e-08
2017-01-05,17000.0,5.5e-08
2017-01-06,16000.0,5.6e-08
2017-01-07,16000.0,5.8e-08
2017-01-08,15000.0,5.5e-08
2017-01-09,15000.0,5.5e-08
2017-01-10,15000.0,6.2e-08
2017-01-11,15000.0,8.300000000000003e-08
2017-01-12,15000.0,8.500000000000002e-08
2017-01-13,15000.0,6.5e-08
2017-01-14,16000.0,6.4e-08
2017-01-15,15000.0,6.3e-08
2017-01-16,15000.0,6.900000000000002e-08
2017-01-17,14000.0,7e-08
2017-01-18,15000.0,7e-08
2017-01-19,15000.0,7.1e-08
2017-01-20,15000.0,1e-07
2017-01-21,14000.0,1.3999999999999998e-07
2017-01-22,14000.0,1.3e-07
2017-01-23,15000.0,1e-07
2017-01-24,15000.0,1e-07
2017-01-25,15000.0,1.3999999999999998e-07
2017-01-26,15000.0,1.1e-07
2017-01-27,15000.0,9.1e-08
2017-01-28,15000.0,8.500000000000002e-08
2017-01-29,15000.0,8.199999999999999e-08
2017-01-30,16000.0,7.7e-08
2017-01-31,14000.0,7.4e-08
2017-02-01,15000.0,7.9e-08
2017-02-02,14000.0,7.7e-08
2017-02-03,14000.0,7.3e-08
2017-02-04,15000.0,8e-08
2017-02-05,15000.0,7.3e-08
2017-02-06,15000.0,6.7e-08
2017-02-07,15000.0,6.3e-08
2017-02-08,15000.0,5.8e-08
2017-02-09,15000.0,6.4e-08
2017-02-10,15000.0,5.900000000000001e-08
2017-02-11,15000.0,6.2e-08
2017-02-12,16000.0,6.4e-08
2017-02-13,15000.0,6.3e-08
2017-02-14,15000.0,6.2e-08
2017-02-15,15000.0,5.900000000000001e-08
2017-02-16,15000.0,5.7e-08
2017-02-17,14000.0,7.599999999999999e-08
2017-02-18,15000.0,1e-07
2017-02-19,15000.0,1.3999999999999998e-07
2017-02-20,15000.0,1.2e-07
2017-02-21,15000.0,1.3e-07
2017-02-22,15000.0,1.1e-07
2017-02-23,15000.0,1.1e-07
2017-02-24,14000.0,9e-08
2017-02-25,15000.0,8.400000000000001e-08
2017-02-26,14000.0,6.7e-08
2017-02-27,15000.0,7.8e-08
2017-02-28,15000.0,6.2e-08
2017-03-01,15000.0,6.5e-08
2017-03-02,15000.0,5.1e-08
2017-03-03,15000.0,4.7000000000000004e-08
2017-03-04,14000.0,3.0000000000000004e-08
2017-03-05,15000.0,1.7e-08
2017-03-06,15000.0,1.6e-08
2017-03-07,15000.0,1.1000000000000001e-08
2017-03-08,15000.0,1.2e-08
2017-03-09,16000.0,3.1e-08
2017-03-10,16000.0,1.5000000000000002e-08
2017-03-11,16000.0,0.0
2017-03-12,15000.0,0.0
2017-03-13,15000.0,0.0
2017-03-14,15000.0,0.0
2017-03-15,15000.0,0.0
2017-03-16,15000.0,0.0
2017-03-17,15000.0,0.0
2017-03-18,15000.0,0.0
2017-03-19,16000.0,0.0
2017-03-20,15000.0,1.9e-08
2017-03-21,14000.0,2.8e-08
2017-03-22,15000.0,1.8000000000000002e-08
2017-03-23,15000.0,1.6e-08
2017-03-24,14000.0,1.2e-08
2017-03-25,14000.0,0.0
2017-03-26,15000.0,3.0000000000000004e-08
2017-03-27,15000.0,1e-07
2017-03-28,15000.0,1.3e-07
2017-03-29,16000.0,1.1e-07
2017-03-30,16000.0,1.3e-07
2017-03-31,15000.0,1.1e-07
2017-04-01,14000.0,2e-07
2017-04-02,14000.0,7.9e-07
2017-04-03,15000.0,1.2e-06
2017-04-04,15000.0,5.5e-07
2017-04-05,14000.0,2.7e-07
2017-04-06,14000.0,1.6e-07
2017-04-07,15000.0,9.400000000000001e-08
2017-04-08,15000.0,1e-07
2017-04-09,15000.0,7.200000000000001e-08
2017-04-10,15000.0,5.8e-08
2017-04-11,15000.0,4.5e-08
2017-04-12,16000.0,4.7000000000000004e-08
2017-04-13,16000.0,4.8e-08
2017-04-14,16000.0,4.5999999999999995e-08
2017-04-15,16000.0,4.5e-08
2017-04-16,16000.0,7.7e-08
2017-04-17,16000.0,1.1e-07
2017-04-18,16000.0,9.7e-08
2017-04-19,15000.0,1.3e-07
2017-04-20,15000.0,1.1e-07
2017-04-21,16000.0,1.1e-07
2017-04-22,16000.0,1e-07
2017-04-23,16000.0,9.9e-08
2017-04-24,15000.0,1e-07
2017-04-25,15000.0,9.2e-08
2017-04-26,15000.0,9.5e-08
2017-04-27,16000.0,9e-08
2017-04-28,15000.0,8.500000000000002e-08
2017-04-29,16000.0,7.3e-08
2017-04-30,15000.0,7.3e-08
2017-05-01,15000.0,6.2e-08
2017-05-02,15000.0,7.200000000000001e-08
2017-05-03,15000.0,6.1e-08
2017-05-04,16000.0,5.8e-08
2017-05-05,15000.0,6.2e-08
2017-05-06,15000.0,4.4000000000000004e-08
2017-05-07,16000.0,3.6000000000000005e-08
2017-05-08,16000.0,3.6000000000000005e-08
2017-05-09,16000.0,3.5e-08
2017-05-10,15000.0,3.4e-08
2017-05-11,15000.0,3.5e-08
2017-05-12,16000.0,3.9e-08
2017-05-13,16000.0,4.2000000000000006e-08
2017-05-14,17000.0,4.1e-08
2017-05-15,15000.0,3.9e-08
2017-05-16,15000.0,4.2000000000000006e-08
2017-05-17,16000.0,4.8e-08
2017-05-18,16000.0,5.4000000000000014e-08
2017-05-19,16000.0,5e-08
2017-05-20,16000.0,5e-08
2017-05-21,15000.0,5.6e-08
2017-05-22,15000.0,6.000000000000002e-08
2017-05-23,15000.0,7e-08
2017-05-24,15000.0,8e-08
2017-05-25,16000.0,8.7e-08
2017-05-26,15000.0,1e-07
2017-05-27,15000.0,1.3e-07
2017-05-28,14000.0,1.1e-07
2017-05-29,15000.0,1e-07
2017-05-30,17000.0,8.7e-08
2017-05-31,17000.0,1.2e-07
2017-06-01,17000.0,2.7e-07
2017-06-02,17000.0,1.9e-07
2017-06-03,17000.0,8.800000000000002e-08
2017-06-04,17000.0,7.3e-08
2017-06-05,17000.0,9e-08
2017-06-06,17000.0,9.2e-08
2017-06-07,18000.0,8.1e-08
2017-06-08,17000.0,6.000000000000002e-08
2017-06-09,16000.0,5.8e-08
2017-06-10,18000.0,6.6e-08
2017-06-11,17000.0,6.6e-08
2017-06-12,17000.0,7.200000000000001e-08
2017-06-13,17000.0,6.2e-08
2017-06-14,17000.0,6.3e-08
2017-06-15,18000.0,7e-08
2017-06-16,17000.0,5.5e-08
2017-06-17,16000.0,5.6e-08
2017-06-18,16000.0,5.900000000000001e-08
2017-06-19,16000.0,5.8e-08
2017-06-20,18000.0,6.4e-08
2017-06-21,18000.0,5.900000000000001e-08
2017-06-22,17000.0,5.2e-08
2017-06-23,15000.0,5.1e-08
2017-06-24,15000.0,4.5e-08
2017-06-25,16000.0,4.5999999999999995e-08
2017-06-26,15000.0,5.2e-08
2017-06-27,15000.0,5.3e-08
2017-06-28,14000.0,5.2e-08
2017-06-29,15000.0,4.3e-08
2017-06-30,15000.0,3.7e-08
2017-07-01,15000.0,3.4e-08
2017-07-02,15000.0,3.5e-08
2017-07-03,15000.0,6.5e-08
2017-07-04,16000.0,9.300000000000001e-08
2017-07-05,15000.0,9e-08
2017-07-06,16000.0,8.400000000000001e-08
2017-07-07,15000.0,1.3999999999999998e-07
2017-07-08,16000.0,1.7e-07
2017-07-09,16000.0,2.1e-07
2017-07-10,16000.0,1.3e-07
2017-07-12,15000.0,1.6e-07
2017-07-13,15000.0,1.3999999999999998e-07
2017-07-14,740000.0,5.599999999999999e-07
2017-07-15,750000.0,1.9e-07
2017-07-16,120000.0,2.1e-07
2017-07-17,16000.0,2e-07
2017-07-18,18000.0,2.4e-07
2017-07-19,16000.0,1.5e-07
2017-07-20,17000.0,8.800000000000002e-08
2017-07-21,16000.0,4.8e-08
2017-07-22,15000.0,4.2000000000000006e-08
2017-07-23,15000.0,5e-08
2017-07-24,17000.0,4.8e-08
2017-07-25,48000.0,4.5e-08
2017-07-26,43000.0,3.8e-08
2017-07-27,35000.0,3.9e-08
2017-07-28,30000.0,3.7e-08
2017-07-29,25000.0,4e-08
2017-07-30,22000.0,4.5999999999999995e-08
2017-07-31,17000.0,7.4e-08
2017-08-01,15000.0,7.4e-08
2017-08-02,15000.0,6.5e-08
2017-08-03,16000.0,6.1e-08
2017-08-04,14000.0,5.2e-08
2017-08-05,14000.0,5.4000000000000014e-08
2017-08-06,15000.0,5.3e-08
2017-08-07,14000.0,5.2e-08
2017-08-08,15000.0,3.9e-08
2017-08-09,14000.0,3.5e-08
2017-08-10,15000.0,3.3e-08
2017-08-11,15000.0,3.0000000000000004e-08
2017-08-12,15000.0,2.7000000000000004e-08
2017-08-13,15000.0,2.9e-08
2017-08-14,15000.0,1e-07
2017-08-15,16000.0,1e-07
2017-08-16,15000.0,1.3e-07
2017-08-17,15000.0,8.300000000000003e-08
2017-08-18,16000.0,1.3e-07
2017-08-19,15000.0,3.2999999999999996e-07
2017-08-20,15000.0,3.2999999999999996e-07
2017-08-21,15000.0,2.6e-07
2017-08-22,15000.0,1.7e-07
2017-08-23,16000.0,1.1e-07
2017-08-25,16000.0,1.2e-07
2017-08-26,17000.0,1.1e-07
2017-08-27,16000.0,1.1e-07
2017-08-28,16000.0,2e-07
2017-08-29,16000.0,2.2e-07
2017-08-30,16000.0,1.9e-07
2017-08-31,17000.0,1.8e-07
2017-09-01,16000.0,2.4e-07
2017-09-02,16000.0,2.2999999999999997e-07
2017-09-03,17000.0,3.2999999999999996e-07
2017-09-04,25000.0,1.6e-06
2017-09-05,8000000.0,1.2e-06
2017-09-06,3500000.0,1.9e-06
2017-09-07,15000000.0,1.2e-06
2017-09-08,6700000.0,8.599999999999999e-07
2017-09-09,280000.0,6.699999999999999e-07
2017-09-10,18000000.0,4.9e-07
2017-09-11,94000000.0,2.6e-07
2017-09-12,28000000.0,8.300000000000003e-08
2017-09-13,7000000.0,1.6e-08
2017-09-14,3200000.0,0.0
2017-09-15,230000.0,1.4e-08
2017-09-16,66000.0,0.0
2017-09-17,31000.0,0.0
2017-09-18,25000.0,0.0
2017-09-19,24000.0,2e-08
2017-09-20,18000.0,5.2e-08
2017-09-21,17000.0,1.1000000000000001e-08
2017-09-22,19000.0,3.7e-08
2017-09-23,18000.0,7.599999999999999e-08
2017-09-24,17000.0,9.7e-08
2017-09-25,15000.0,1.1e-07
2017-09-26,15000.0,1.3e-07
2017-09-27,14000.0,8.1e-08
2017-09-28,13000.0,9.1e-08
2017-09-29,14000.0,8.1e-08
2017-09-30,14000.0,7.3e-08
2017-10-01,14000.0,5.4000000000000014e-08
2017-10-02,14000.0,6.900000000000002e-08
2017-10-03,14000.0,5.5e-08
2017-10-04,14000.0,5.8e-08
2017-10-05,14000.0,5.900000000000001e-08
2017-10-06,14000.0,1.3e-07
2017-10-07,14000.0,7.5e-08
2017-10-08,14000.0,8.7e-08
2017-10-09,14000.0,7.7e-08
2017-10-10,15000.0,2.1000000000000003e-08
2017-10-11,18000.0,1.1000000000000001e-08
2017-10-12,15000.0,1.4e-08
2017-10-13,15000.0,0.0
2017-10-14,15000.0,1.8000000000000002e-08
2017-10-15,14000.0,2.5e-08
2017-10-16,14000.0,3.4e-08
2017-10-17,14000.0,4.1e-08
2017-10-18,15000.0,5.7e-08
2017-10-19,16000.0,5.3e-08
2017-10-20,15000.0,6.6e-08
2017-10-21,14000.0,7.8e-08
2017-10-22,14000.0,7.4e-08
2017-10-23,14000.0,7.3e-08
2017-10-24,14000.0,7.1e-08
2017-10-25,14000.0,7.7e-08
2017-10-26,15000.0,7.5e-08
2017-10-27,15000.0,6.6e-08
2017-10-28,14000.0,6.000000000000002e-08
2017-10-29,14000.0,5.8e-08
2017-10-30,15000.0,5.7e-08
2017-10-31,15000.0,5.5e-08
2017-11-01,15000.0,5.3e-08
2017-11-02,16000.0,5.2e-08
2017-11-03,15000.0,5.4000000000000014e-08
2017-11-04,15000.0,5e-08
2017-11-05,15000.0,4.2000000000000006e-08
2017-11-06,15000.0,3.7e-08
2017-11-07,15000.0,3.4e-08
2017-11-08,15000.0,3.6000000000000005e-08
2017-11-09,15000.0,3.9e-08
2017-11-10,16000.0,3.9e-08
2017-11-11,15000.0,4.1e-08
2017-11-12,16000.0,5.4000000000000014e-08
2017-11-13,15000.0,6.900000000000002e-08
2017-11-14,15000.0,6.7e-08
2017-11-15,16000.0,6.5e-08
2017-11-16,16000.0,5.900000000000001e-08
2017-11-17,16000.0,6.3e-08
2017-11-18,15000.0,6.000000000000002e-08
2017-11-19,16000.0,5.7e-08
2017-11-20,16000.0,5.2e-08
2017-11-21,15000.0,5.2e-08
2017-11-22,16000.0,5.2e-08
2017-11-23,16000.0,5e-08
2017-11-24,16000.0,4.8e-08
2017-11-25,15000.0,5.4000000000000014e-08
2017-11-26,16000.0,5.900000000000001e-08
2017-11-27,16000.0,5.2e-08
2017-11-28,16000.0,4.5999999999999995e-08
2017-11-29,16000.0,4.5e-08
2017-11-30,14000.0,4.2000000000000006e-08
2017-12-01,15000.0,4e-08
2017-12-02,16000.0,3.8e-08
2017-12-03,16000.0,3.4e-08
2017-12-04,16000.0,3.1e-08
2017-12-05,17000.0,3.1e-08
2017-12-06,15000.0,3.3e-08
2017-12-07,15000.0,3.5e-08
2017-12-08,15000.0,3.3e-08
2017-12-09,16000.0,3.7e-08
2017-12-10,18000.0,4.5e-08
2017-12-11,15000.0,4.3e-08
2017-12-12,16000.0,4.1e-08
2017-12-13,15000.0,4e-08
2017-12-14,16000.0,4.1e-08
2017-12-15,16000.0,3.9e-08
2017-12-16,16000.0,3.8e-08
2017-12-17,16000.0,3.9e-08
2017-12-18,16000.0,4e-08
2017-12-19,16000.0,4.1e-08
2017-12-20,16000.0,5.6e-08
2017-12-21,16000.0,5.8e-08
2017-12-22,16000.0,6.000000000000002e-08
2017-12-23,16000.0,5.7e-08
2017-12-24,16000.0,5.7e-08
2017-12-25,15000.0,5.4000000000000014e-08
2017-12-26,16000.0,5e-08
2017-12-27,16000.0,4.8e-08
2017-12-28,16000.0,4.5e-08
2017-12-29,16000.0,4.4000000000000004e-08
2017-12-30,15000.0,4e-08
2017-12-31,16000.0,3.8e-08
2018-01-01,16000.0,3.5e-08
2018-01-02,15000.0,3.2e-08
2018-01-03,16000.0,3.1e-08
2018-01-04,16000.0,3.1e-08
2018-01-05,16000.0,2.8e-08
2018-01-06,17000.0,2.7000000000000004e-08
2018-01-07,16000.0,2.7000000000000004e-08
2018-01-08,16000.0,2.8e-08
2018-01-09,16000.0,3.0000000000000004e-08
2018-01-10,16000.0,3.2e-08
2018-01-11,16000.0,3.1e-08
2018-01-12,17000.0,3.1e-08
2018-01-13,16000.0,3.0000000000000004e-08
2018-01-14,16000.0,3.0000000000000004e-08
2018-01-15,16000.0,3.3e-08
2018-01-16,17000.0,3.5e-08
2018-01-17,16000.0,3.5e-08
2018-01-18,16000.0,3.6000000000000005e-08
2018-01-19,16000.0,3.2e-08
2018-01-20,16000.0,3.1e-08
2018-01-21,16000.0,2.9e-08
2018-01-22,18000.0,2.7000000000000004e-08
2018-01-23,16000.0,2.7000000000000004e-08
2018-01-24,16000.0,2.5e-08
2018-01-25,16000.0,2.3e-08
2018-01-26,16000.0,2.4e-08
2018-01-27,16000.0,2.3e-08
2018-01-28,16000.0,2.1000000000000003e-08
2018-01-29,15000.0,2e-08
2018-01-30,16000.0,2.1000000000000003e-08
2018-01-31,16000.0,2.1000000000000003e-08
2018-02-01,16000.0,2.3e-08
2018-02-02,16000.0,2.4e-08
2018-02-03,16000.0,3.4e-08
2018-02-04,16000.0,3.7e-08
2018-02-05,17000.0,9.5e-08
2018-02-06,16000.0,6.6e-08
2018-02-07,16000.0,6.1e-08
2018-02-08,16000.0,6.1e-08
2018-02-09,17000.0,5.5e-08
2018-02-10,17000.0,6.4e-08
2018-02-11,17000.0,6.3e-08
2018-02-12,17000.0,1e-07
2018-02-13,17000.0,5.8e-08
2018-02-14,17000.0,5e-08
2018-02-15,16000.0,4.7000000000000004e-08
2018-02-16,16000.0,4.3e-08
2018-02-17,17000.0,4.3e-08
2018-02-18,15000.0,3.6000000000000005e-08
2018-02-19,16000.0,2.9e-08
2018-02-20,16000.0,2.4e-08
2018-02-21,17000.0,2.4e-08
2018-02-22,16000.0,2.2000000000000002e-08
2018-02-23,16000.0,2.2000000000000002e-08
2018-02-24,16000.0,2.1000000000000003e-08
2018-02-25,15000.0,2e-08
2018-02-26,15000.0,2.3e-08
2018-02-27,16000.0,0.0
2018-02-28,16000.0,0.0
2018-03-01,16000.0,0.0
2018-03-02,16000.0,0.0
2018-03-03,17000.0,0.0
2018-03-04,16000.0,0.0
2018-03-05,15000.0,0.0
2018-03-06,16000.0,0.0
2018-03-07,16000.0,0.0
2018-03-08,16000.0,0.0
2018-03-09,16000.0,0.0
2018-03-10,16000.0,0.0
2018-03-11,16000.0,0.0
2018-03-12,16000.0,0.0
2018-03-13,16000.0,0.0
2018-03-14,17000.0,0.0
2018-03-15,16000.0,0.0
2018-03-16,16000.0,0.0
2018-03-17,15000.0,0.0
2018-03-18,16000.0,0.0
2018-03-19,17000.0,0.0
2018-03-20,16000.0,0.0
2018-03-21,17000.0,0.0
2018-03-22,16000.0,0.0
2018-03-23,15000.0,0.0
2018-03-24,16000.0,0.0
2018-03-25,16000.0,0.0
2018-03-26,16000.0,0.0
2018-03-27,16000.0,0.0
2018-03-28,16000.0,0.0
2018-03-29,17000.0,0.0
2018-03-30,16000.0,0.0
2018-03-31,16000.0,2e-08
2018-04-01,16000.0,0.0
2018-04-02,16000.0,0.0
2018-04-03,16000.0,0.0
2018-04-04,16000.0,0.0
2018-04-05,16000.0,0.0
2018-04-06,17000.0,0.0
2018-04-07,17000.0,0.0
2018-04-08,16000.0,0.0
2018-04-09,16000.0,0.0
2018-04-10,16000.0,0.0
2018-04-11,16000.0,1.2e-08
2018-04-12,17000.0,1.9e-08
2018-04-13,17000.0,2.1000000000000003e-08
2018-04-14,17000.0,1.7e-08
2018-04-15,18000.0,1.9e-08
2018-04-16,17000.0,1.5000000000000002e-08
2018-04-17,17000.0,1.6e-08
2018-04-18,17000.0,2.7000000000000004e-08
2018-04-19,17000.0,3.7e-08
2018-04-20,16000.0,5.7e-08
2018-04-21,16000.0,6.2e-08
2018-04-22,17000.0,5.3e-08
2018-04-23,17000.0,4.7000000000000004e-08
2018-04-24,18000.0,4.3e-08
2018-04-25,17000.0,3.4e-08
2018-04-26,17000.0,3.1e-08
2018-04-27,17000.0,2.5e-08
2018-04-28,18000.0,2.6e-08
2018-04-29,18000.0,2.6e-08
2018-04-30,17000.0,2.5e-08
2018-05-01,17000.0,2.2000000000000002e-08
2018-05-02,18000.0,1.7e-08
2018-05-03,18000.0,1.3e-08
2018-05-04,17000.0,1.5000000000000002e-08
2018-05-05,18000.0,1.7e-08
2018-05-06,17000.0,2.2000000000000002e-08
2018-05-07,17000.0,2.6e-08
2018-05-08,17000.0,2.4e-08
2018-05-09,17000.0,2.7000000000000004e-08
2018-05-10,17000.0,2.9e-08
2018-05-11,17000.0,2.2000000000000002e-08
2018-05-12,18000.0,2e-08
2018-05-13,18000.0,1.9e-08
2018-05-14,18000.0,1.8000000000000002e-08
2018-05-15,18000.0,1.5000000000000002e-08
2018-05-16,19000.0,1e-08
2018-05-17,17000.0,0.0
2018-05-18,18000.0,0.0
2018-05-19,17000.0,0.0
2018-05-20,18000.0,0.0
2018-05-21,17000.0,1e-08
2018-05-22,17000.0,2.4e-08
2018-05-23,17000.0,5.1e-08
2018-05-24,17000.0,4.4000000000000004e-08
2018-05-25,18000.0,5.3e-08
2018-05-26,18000.0,4.5e-08
2018-05-27,18000.0,4.1e-08
2018-05-28,18000.0,4.8e-08
2018-05-29,18000.0,4.1e-08
2018-05-30,18000.0,3.7e-08
2018-05-31,19000.0,6.000000000000002e-08
2018-06-01,18000.0,6.7e-08
2018-06-02,17000.0,5e-08
2018-06-03,18000.0,4.4000000000000004e-08
2018-06-04,18000.0,4.1e-08
2018-06-05,19000.0,4.2000000000000006e-08
2018-06-06,19000.0,2.8e-08
2018-06-07,19000.0,0.0
2018-06-08,19000.0,0.0
2018-06-09,19000.0,0.0
2018-06-10,19000.0,1e-08
2018-06-11,20000.0,2.3e-08
2018-06-12,19000.0,2.6e-08
2018-06-13,19000.0,3.0000000000000004e-08
2018-06-14,18000.0,2.7000000000000004e-08
2018-06-15,19000.0,2.5e-08
2018-06-16,19000.0,2.1000000000000003e-08
2018-06-17,19000.0,2.5e-08
2018-06-18,18000.0,3.5e-08
2018-06-19,18000.0,5.1e-08
2018-06-20,18000.0,8.1e-08
2018-06-21,18000.0,8.500000000000002e-08
2018-06-22,19000.0,9.300000000000001e-08
2018-06-23,18000.0,9.300000000000001e-08
2018-06-24,18000.0,1e-07
2018-06-25,18000.0,6.4e-08
2018-06-26,18000.0,3.8e-08
2018-06-27,17000.0,2.9e-08
2018-06-28,19000.0,2.2000000000000002e-08
2018-06-29,19000.0,1.8000000000000002e-08
2018-06-30,18000.0,1.5000000000000002e-08
2018-07-01,20000.0,1.4e-08
2018-07-02,19000.0,1.5000000000000002e-08
2018-07-03,18000.0,1.4e-08
2018-07-04,19000.0,1e-08
2018-07-05,19000.0,0.0
2018-07-06,20000.0,1.8000000000000002e-08
2018-07-07,19000.0,3.7e-08
2018-07-08,18000.0,3.7e-08
2018-07-09,18000.0,3.2e-08
2018-07-10,20000.0,2.7000000000000004e-08
2018-07-11,19000.0,2.9e-08
2018-07-12,18000.0,2.2000000000000002e-08
2018-07-13,18000.0,3.1e-08
2018-07-14,19000.0,3.2e-08
2018-07-15,19000.0,2.9e-08
2018-07-16,19000.0,2.8e-08
2018-07-17,18000.0,2.5e-08
2018-07-18,19000.0,2.4e-08
2018-07-19,18000.0,2.4e-08
2018-07-20,18000.0,2.1000000000000003e-08
2018-07-21,18000.0,2.2000000000000002e-08
2018-07-22,18000.0,1.7e-08
2018-07-23,19000.0,1e-08
2018-07-24,18000.0,0.0
2018-07-25,18000.0,1e-08
2018-07-26,18000.0,0.0
2018-07-27,19000.0,0.0
2018-07-28,18000.0,0.0
2018-07-29,19000.0,0.0
2018-07-30,18000.0,0.0
2018-07-31,18000.0,0.0
2018-08-01,19000.0,0.0
2018-08-02,18000.0,0.0
2018-08-03,18000.0,1.5000000000000002e-08
2018-08-04,18000.0,1.6e-08
2018-08-05,18000.0,1.2e-08
2018-08-06,18000.0,1.2e-08
2018-08-07,19000.0,1.2e-08
2018-08-08,18000.0,1.3e-08
2018-08-09,18000.0,1.1000000000000001e-08
2018-08-10,17000.0,1.2e-08
2018-08-11,17000.0,1.1000000000000001e-08
2018-08-12,18000.0,1e-08
2018-08-13,18000.0,1e-08
2018-08-14,18000.0,1.6e-08
2018-08-15,17000.0,1.4e-08
2018-08-16,17000.0,1.4e-08
2018-08-17,16000.0,1.3e-08
2018-08-18,17000.0,1.3e-08
2018-08-19,17000.0,1.2e-08
2018-08-20,17000.0,1e-08
2018-08-21,16000.0,1.3e-08
2018-08-22,17000.0,0.0
2018-08-23,18000.0,0.0
2018-08-24,17000.0,0.0
2018-08-25,17000.0,1.9e-08
2018-08-26,17000.0,1.2e-08
2018-08-27,18000.0,1.2e-08
2018-08-28,17000.0,1.5000000000000002e-08
2018-08-29,17000.0,1.2e-08
2018-08-30,17000.0,1.2e-08
2018-08-31,17000.0,0.0
2018-09-01,18000.0,0.0
2018-09-02,18000.0,0.0
2018-09-03,18000.0,0.0
2018-09-04,17000.0,0.0
2018-09-05,17000.0,0.0
2018-09-06,17000.0,0.0
2018-09-07,17000.0,0.0
2018-09-08,17000.0,0.0
2018-09-09,17000.0,0.0
2018-09-10,17000.0,0.0
2018-09-11,16000.0,0.0
2018-09-12,16000.0,0.0
2018-09-13,17000.0,0.0
2018-09-14,17000.0,0.0
2018-09-15,17000.0,0.0
2018-09-16,17000.0,0.0
2018-09-17,17000.0,0.0
2018-09-18,17000.0,0.0
2018-09-19,17000.0,0.0
2018-09-20,17000.0,0.0
2018-09-21,16000.0,0.0
2018-09-22,16000.0,0.0
2018-09-23,15000.0,0.0
2018-09-24,17000.0,0.0
2018-09-25,18000.0,0.0
2018-09-26,17000.0,0.0
2018-09-27,16000.0,0.0
2018-09-28,17000.0,0.0
2018-09-29,17000.0,0.0
2018-09-30,16000.0,0.0
2018-10-01,17000.0,0.0
2018-10-02,16000.0,0.0
2018-10-03,17000.0,0.0
2018-10-04,17000.0,0.0
2018-10-05,17000.0,0.0
2018-10-06,17000.0,0.0
2018-10-07,16000.0,0.0
2018-10-08,15000.0,0.0
2018-10-09,17000.0,0.0
2018-10-10,16000.0,0.0
2018-10-11,16000.0,0.0
2018-10-12,16000.0,0.0
2018-10-13,17000.0,0.0
2018-10-14,16000.0,0.0
2018-10-15,16000.0,0.0
2018-10-16,16000.0,0.0
2018-10-17,16000.0,0.0
2018-10-18,17000.0,0.0
2018-10-19,16000.0,0.0
2018-10-20,16000.0,0.0
2018-10-21,16000.0,0.0
2018-10-22,17000.0,0.0
2018-10-23,16000.0,0.0
2018-10-24,16000.0,0.0
2018-10-25,16000.0,0.0
2018-10-26,17000.0,0.0
2018-10-27,16000.0,0.0
2018-10-28,16000.0,0.0
2018-10-29,17000.0,0.0
2018-10-30,16000.0,0.0
2018-10-31,16000.0,0.0
2018-11-01,17000.0,0.0
2018-11-02,17000.0,0.0
2018-11-03,17000.0,0.0
2018-11-04,17000.0,0.0
2018-11-05,16000.0,0.0
2018-11-06,17000.0,1.2e-08
2018-11-07,17000.0,1.1000000000000001e-08
2018-11-08,16000.0,1.1000000000000001e-08
2018-11-09,17000.0,1.1000000000000001e-08
2018-11-10,16000.0,0.0
2018-11-11,17000.0,1e-08
2018-11-12,16000.0,0.0
2018-11-13,16000.0,0.0
2018-11-14,16000.0,0.0
2018-11-15,17000.0,0.0
2018-11-16,16000.0,1e-08
2018-11-17,17000.0,1.7e-08
2018-11-18,16000.0,1.5000000000000002e-08
2018-11-19,16000.0,1.2e-08
2018-11-20,17000.0,1.1000000000000001e-08
2018-11-21,16000.0,1.2e-08
2018-11-22,17000.0,1.1000000000000001e-08
2018-11-23,17000.0,1e-08
2018-11-24,17000.0,1e-08
2018-11-25,17000.0,1e-08
2018-11-26,17000.0,1.1000000000000001e-08
2018-11-27,18000.0,1e-08
2018-11-28,17000.0,0.0
2018-11-29,17000.0,0.0
2018-11-30,17000.0,0.0
2018-12-01,17000.0,0.0
2018-12-02,16000.0,0.0
2018-12-03,17000.0,0.0
2018-12-04,16000.0,0.0
2018-12-05,17000.0,1.9e-08
2018-12-06,16000.0,1.9e-08
2018-12-07,16000.0,1.7e-08
2018-12-08,16000.0,2.3e-08
2018-12-09,17000.0,4.5999999999999995e-08
2018-12-10,16000.0,2.4e-08
2018-12-11,16000.0,1.3e-08
2018-12-12,17000.0,1.2e-08
2018-12-13,16000.0,1e-08
2018-12-14,17000.0,1.1000000000000001e-08
2018-12-15,17000.0,1.2e-08
2018-12-16,17000.0,1.1000000000000001e-08
2018-12-17,17000.0,0.0
2018-12-18,17000.0,1e-08
2018-12-19,17000.0,1e-08
2018-12-20,17000.0,1.2e-08
2018-12-21,17000.0,1e-08
2018-12-22,17000.0,0.0
2018-12-23,18000.0,0.0
2018-12-24,17000.0,0.0
2018-12-25,16000.0,0.0
2018-12-26,17000.0,0.0
2018-12-27,18000.0,0.0
2018-12-28,17000.0,1e-08
2018-12-29,17000.0,1.1000000000000001e-08
2018-12-30,17000.0,1.1000000000000001e-08
2018-12-31,16000.0,1e-08
2019-01-01,17000.0,1e-08
2019-01-02,17000.0,1.9e-08
2019-01-03,16000.0,2.3e-08
2019-01-04,17000.0,1.5000000000000002e-08
2019-01-05,16000.0,1.8000000000000002e-08
2019-01-06,16000.0,2.5e-08
2019-01-07,17000.0,1.6e-08
2019-01-08,17000.0,0.0
2019-01-09,16000.0,0.0
2019-01-10,18000.0,0.0
2019-01-11,17000.0,0.0
2019-01-12,17000.0,0.0
2019-01-13,17000.0,0.0
2019-01-14,17000.0,0.0
2019-01-15,17000.0,0.0
2019-01-16,17000.0,0.0
2019-01-17,17000.0,0.0
2019-01-18,17000.0,0.0
2019-01-19,17000.0,0.0
2019-01-20,18000.0,0.0
2019-01-21,17000.0,0.0
2019-01-22,17000.0,1.6e-08
2019-01-23,18000.0,1.9e-08
2019-01-24,17000.0,2.3e-08
2019-01-25,16000.0,4.5e-08
2019-01-26,16000.0,5.900000000000001e-08
2019-01-27,16000.0,3.5e-08
2019-01-28,17000.0,3.8e-08
2019-01-29,16000.0,5.1e-08
2019-01-30,17000.0,5.5e-08
2019-01-31,17000.0,3.6000000000000005e-08
2019-02-01,16000.0,1.2e-08
2019-02-02,16000.0,0.0
2019-02-03,16000.0,0.0
2019-02-04,17000.0,0.0
2019-02-05,17000.0,0.0
2019-02-06,17000.0,0.0
2019-02-07,17000.0,0.0
2019-02-08,16000.0,0.0
2019-02-09,16000.0,0.0
2019-02-10,17000.0,0.0
2019-02-11,16000.0,0.0
2019-02-12,16000.0,0.0
2019-02-13,17000.0,0.0
2019-02-14,18000.0,0.0
2019-02-15,17000.0,0.0
2019-02-16,17000.0,0.0
2019-02-17,17000.0,0.0
2019-02-18,17000.0,0.0
2019-02-19,17000.0,0.0
2019-02-20,18000.0,0.0
2019-02-21,17000.0,0.0
2019-02-22,17000.0,0.0
2019-02-23,17000.0,0.0
2019-02-24,17000.0,0.0
2019-02-25,17000.0,0.0
2019-02-26,17000.0,0.0
2019-02-27,17000.0,0.0
2019-02-28,17000.0,0.0
2019-03-01,17000.0,0.0
2019-03-02,17000.0,0.0
2019-03-03,17000.0,0.0
2019-03-04,17000.0,0.0
2019-03-05,16000.0,0.0
2019-03-06,16000.0,0.0
2019-03-07,17000.0,0.0
2019-03-08,18000.0,0.0
2019-03-09,17000.0,0.0
2019-03-10,17000.0,0.0
2019-03-11,16000.0,0.0
2019-03-12,16000.0,0.0
2019-03-13,17000.0,0.0
2019-03-14,17000.0,0.0
2019-03-15,17000.0,0.0
2019-03-16,16000.0,0.0
2019-03-17,16000.0,0.0
2019-03-18,17000.0,0.0
2019-03-19,18000.0,0.0
2019-03-20,17000.0,1.5000000000000002e-08
2019-03-21,18000.0,5.5e-08
2019-03-22,17000.0,1.7e-07
2019-03-23,17000.0,1.2e-07
2019-03-24,18000.0,9.6e-08
2019-03-25,18000.0,7.200000000000001e-08
2019-03-26,17000.0,0.0
2019-03-27,18000.0,0.0
2019-03-28,17000.0,0.0
2019-03-29,17000.0,0.0
2019-03-30,18000.0,0.0
2019-03-31,17000.0,0.0
2019-04-01,17000.0,0.0
2019-04-02,17000.0,0.0
2019-04-03,18000.0,0.0
2019-04-04,17000.0,0.0
2019-04-05,18000.0,0.0
2019-04-06,18000.0,2.1000000000000003e-08
2019-04-07,19000.0,6.8e-08
2019-04-08,18000.0,6.000000000000002e-08
2019-04-09,18000.0,6.000000000000002e-08
2019-04-10,19000.0,2.2000000000000002e-08
2019-04-11,18000.0,4.1e-08
2019-04-12,17000.0,2.4e-08
2019-04-13,17000.0,2.8e-08
2019-04-14,18000.0,0.0
2019-04-15,19000.0,0.0
2019-04-16,18000.0,0.0
2019-04-17,18000.0,0.0
2019-04-18,18000.0,0.0
2019-04-19,18000.0,8.199999999999999e-08
2019-04-20,18000.0,8.1e-08
2019-04-21,19000.0,7.200000000000001e-08
2019-04-22,18000.0,6.6e-08
2019-04-23,20000.0,6.000000000000002e-08
2019-04-24,18000.0,5.900000000000001e-08
2019-04-25,18000.0,5.900000000000001e-08
2019-04-27,19000.0,5.900000000000001e-08
2019-04-28,19000.0,6.000000000000002e-08
2019-04-29,19000.0,5.900000000000001e-08
2019-04-30,18000.0,5.7e-08
2019-05-01,19000.0,5.900000000000001e-08
2019-05-02,19000.0,6.5e-08
2019-05-03,20000.0,7.7e-08
2019-05-04,18000.0,1.2e-07
2019-05-05,19000.0,1e-07
2019-05-06,19000.0,1.3999999999999998e-07
2019-05-07,18000.0,1.2e-07
2019-05-08,18000.0,1e-07
2019-05-09,19000.0,9.400000000000001e-08
2019-05-10,18000.0,9.300000000000001e-08
2019-05-11,17000.0,1e-07
2019-05-12,18000.0,9.9e-08
2019-05-13,19000.0,8.800000000000002e-08
2019-05-14,18000.0,8.7e-08
2019-05-15,19000.0,8.9e-08
2019-05-16,18000.0,8.300000000000003e-08
2019-05-17,19000.0,8e-08
2019-05-18,19000.0,7.9e-08
2019-05-19,20000.0,7.3e-08
2019-05-20,19000.0,6.7e-08
2019-05-21,19000.0,6.3e-08
2019-05-22,19000.0,6.3e-08
2019-05-23,20000.0,6.2e-08
2019-05-24,19000.0,6.3e-08
2019-05-25,19000.0,6.3e-08
2019-05-26,19000.0,6.3e-08
2019-05-27,18000.0,6.2e-08
2019-05-28,20000.0,6.5e-08
2019-05-29,19000.0,6.8e-08
2019-05-30,19000.0,7.3e-08
2019-05-31,19000.0,7.5e-08
2019-06-01,19000.0,7.8e-08
2019-06-02,19000.0,7.7e-08
2019-06-03,19000.0,7.3e-08
2019-06-04,19000.0,7.3e-08
2019-06-05,20000.0,7.3e-08
2019-06-06,20000.0,7.1e-08
2019-06-07,19000.0,7.1e-08
2019-06-08,20000.0,7.1e-08
2019-06-09,20000.0,6.8e-08
2019-06-10,20000.0,6.8e-08
2019-06-11,20000.0,7e-08
2019-06-12,20000.0,6.900000000000002e-08
2019-06-13,19000.0,6.900000000000002e-08
2019-06-14,19000.0,6.900000000000002e-08
2019-06-15,19000.0,6.8e-08
2019-06-16,19000.0,6.5e-08
2019-06-17,19000.0,6.3e-08
2019-06-18,19000.0,6.3e-08
2019-06-19,19000.0,6.3e-08
2019-06-20,20000.0,6.3e-08
2019-06-21,20000.0,6.2e-08
2019-06-22,20000.0,6.3e-08
2019-06-23,20000.0,6.5e-08
2019-06-24,20000.0,6.7e-08
2019-06-25,21000.0,6.8e-08
2019-06-26,20000.0,6.8e-08
2019-06-27,19000.0,6.900000000000002e-08
2019-06-28,20000.0,6.900000000000002e-08
2019-06-29,20000.0,6.8e-08
2019-06-30,20000.0,6.900000000000002e-08
2019-07-01,19000.0,7e-08
2019-07-02,19000.0,7e-08
2019-07-03,19000.0,7.1e-08
2019-07-04,20000.0,7e-08
2019-07-05,19000.0,6.8e-08
2019-07-06,20000.0,6.900000000000002e-08
2019-07-07,20000.0,6.900000000000002e-08
2019-07-08,21000.0,6.900000000000002e-08
2019-07-09,20000.0,6.7e-08
2019-07-10,20000.0,7.1e-08
2019-07-11,20000.0,7.200000000000001e-08
2019-07-12,20000.0,7.1e-08
2019-07-13,20000.0,6.8e-08
2019-07-14,21000.0,6.7e-08
2019-07-15,20000.0,6.7e-08
2019-07-16,21000.0,6.5e-08
2019-07-17,20000.0,6.4e-08
2019-07-18,20000.0,6.5e-08
2019-07-19,20000.0,6.3e-08
2019-07-20,22000.0,6.3e-08
2019-07-21,21000.0,6.5e-08
2019-07-22,21000.0,6.4e-08
2019-07-23,22000.0,6.4e-08
2019-07-24,21000.0,6.4e-08
2019-07-25,22000.0,6.3e-08
2019-07-26,21000.0,6.3e-08
2019-07-27,22000.0,6.2e-08
2019-07-28,21000.0,6.4e-08
2019-07-29,22000.0,6.4e-08
2019-07-30,21000.0,6.4e-08
2019-07-31,20000.0,6.4e-08
2019-08-01,20000.0,6.3e-08
2019-08-02,22000.0,6.3e-08
2019-08-03,21000.0,6.3e-08
2019-08-04,21000.0,6.3e-08
2019-08-05,21000.0,6.5e-08
2019-08-06,21000.0,7e-08
2019-08-07,21000.0,7e-08
2019-08-08,21000.0,6.900000000000002e-08
2019-08-09,21000.0,6.8e-08
2019-08-10,20000.0,6.5e-08
2019-08-11,21000.0,6.5e-08
2019-08-12,21000.0,6.2e-08
2019-08-13,21000.0,6.1e-08
2019-08-14,21000.0,6.2e-08
2019-08-15,20000.0,6.2e-08
2019-08-16,20000.0,6.000000000000002e-08
2019-08-17,21000.0,6.000000000000002e-08
2019-08-18,21000.0,5.900000000000001e-08
2019-08-19,22000.0,6.000000000000002e-08
2019-08-20,21000.0,6.1e-08
2019-08-21,22000.0,5.8e-08
2019-08-22,21000.0,5.7e-08
2019-08-23,21000.0,5.900000000000001e-08
2019-08-24,21000.0,6.000000000000002e-08
2019-08-25,22000.0,6.000000000000002e-08
2019-08-26,22000.0,6.000000000000002e-08
2019-08-27,21000.0,6.000000000000002e-08
2019-08-28,21000.0,6.1e-08
2019-08-29,21000.0,6.1e-08
2019-08-30,21000.0,6.000000000000002e-08
2019-08-31,20000.0,6.1e-08
2019-09-01,20000.0,6.3e-08
2019-09-02,21000.0,5.7e-08
2019-09-03,20000.0,6.1e-08
2019-09-04,20000.0,5.5e-08
2019-09-05,21000.0,4.7000000000000004e-08
2019-09-06,21000.0,4.8e-08
2019-09-07,21000.0,4.5e-08
2019-09-08,22000.0,4e-08
2019-09-09,21000.0,3.8e-08
2019-09-10,22000.0,4e-08
2019-09-11,22000.0,4e-08
2019-09-12,21000.0,3.9e-08
2019-09-13,21000.0,3.7e-08
2019-09-14,21000.0,3.5e-08
2019-09-15,21000.0,3.5e-08
2019-09-16,21000.0,3.7e-08
2019-09-17,21000.0,3.5e-08
2019-09-18,22000.0,3.7e-08
2019-09-19,22000.0,3.6000000000000005e-08
2019-09-20,22000.0,3.4e-08
2019-09-21,22000.0,3.7e-08
2019-09-22,22000.0,3.5e-08
2019-09-23,20000.0,3.8e-08
2019-09-24,22000.0,3.5e-08
2019-09-25,21000.0,3.8e-08
2019-09-26,22000.0,3.6000000000000005e-08
2019-09-27,21000.0,3.6000000000000005e-08
2019-09-28,21000.0,4.7000000000000004e-08
2019-09-29,21000.0,4.7000000000000004e-08
2019-09-30,20000.0,2.6e-08
2019-10-01,21000.0,2.3e-08
2019-10-02,20000.0,2.4e-08
2019-10-03,21000.0,2.4e-08
2019-10-04,21000.0,2.1000000000000003e-08
2019-10-05,22000.0,2.2000000000000002e-08
2019-10-06,21000.0,2e-08
2019-10-07,21000.0,2.1000000000000003e-08
2019-10-08,22000.0,2.1000000000000003e-08
2019-10-09,22000.0,2.3e-08
2019-10-10,22000.0,2.5e-08
2019-10-11,21000.0,2.7000000000000004e-08
2019-10-12,22000.0,3.0000000000000004e-08
2019-10-13,21000.0,3.4e-08
2019-10-14,21000.0,3.8e-08
2019-10-15,22000.0,4.3e-08
2019-10-16,22000.0,5.7e-08
2019-10-17,21000.0,6.3e-08
2019-10-18,21000.0,6.4e-08
2019-10-19,22000.0,6.5e-08
2019-10-20,21000.0,6.4e-08
2019-10-21,21000.0,6.4e-08
2019-10-22,21000.0,6.4e-08
2019-10-23,22000.0,6.4e-08
2019-10-24,21000.0,6.5e-08
2019-10-25,21000.0,6.8e-08
2019-10-26,21000.0,6.900000000000002e-08
2019-10-27,20000.0,7.3e-08
2019-10-28,21000.0,7.1e-08
2019-10-29,21000.0,6.7e-08
2019-10-30,21000.0,6.5e-08
2019-10-31,21000.0,6.4e-08
2019-11-01,21000.0,6.6e-08
2019-11-02,21000.0,6.7e-08
2019-11-03,20000.0,6.7e-08
2019-11-04,22000.0,6.6e-08
2019-11-05,22000.0,6.7e-08
2019-11-06,22000.0,6.7e-08
2019-11-07,21000.0,6.7e-08
2019-11-08,22000.0,6.900000000000002e-08
2019-11-09,22000.0,6.900000000000002e-08
2019-11-10,22000.0,7e-08
2019-11-11,22000.0,7.3e-08
2019-11-12,21000.0,7.8e-08
2019-11-13,22000.0,7.7e-08
2019-11-14,21000.0,7.5e-08
2019-11-15,22000.0,7.4e-08
2019-11-16,20000.0,7.5e-08
2019-11-17,22000.0,7.5e-08
2019-11-18,21000.0,7.4e-08
2019-11-19,22000.0,7.200000000000001e-08
2019-11-20,22000.0,7.200000000000001e-08
2019-11-21,22000.0,7.4e-08
2019-11-22,22000.0,7.8e-08
2019-11-23,20000.0,7.9e-08
2019-11-24,22000.0,8.1e-08
2019-11-25,21000.0,8.199999999999999e-08
2019-11-26,21000.0,8e-08
2019-11-27,22000.0,7.1e-08
2019-11-28,22000.0,7.8e-08
2019-11-29,22000.0,7.8e-08
2019-11-30,21000.0,7.9e-08
2019-12-01,20000.0,7.8e-08
2019-12-02,21000.0,7.8e-08
2019-12-03,21000.0,7.8e-08
2019-12-04,22000.0,7.8e-08
2019-12-05,22000.0,7.8e-08
2019-12-06,23000.0,7.8e-08
2019-12-07,23000.0,7.8e-08
2019-12-08,22000.0,7.8e-08
2019-12-09,21000.0,7.9e-08
2019-12-10,20000.0,7.8e-08
2019-12-11,20000.0,7.7e-08
2019-12-12,21000.0,7.599999999999999e-08
2019-12-13,22000.0,7.5e-08
2019-12-14,22000.0,7.599999999999999e-08
2019-12-15,21000.0,7.8e-08
2019-12-16,22000.0,7.9e-08
2019-12-17,22000.0,8e-08
2019-12-18,22000.0,8.300000000000003e-08
2019-12-19,21000.0,8.500000000000002e-08
2019-12-20,21000.0,8.500000000000002e-08
2019-12-21,21000.0,8.400000000000001e-08
2019-12-22,21000.0,8.400000000000001e-08
2019-12-23,22000.0,8.400000000000001e-08
2019-12-24,22000.0,8.500000000000002e-08
2019-12-25,22000.0,8.500000000000002e-08
2019-12-26,22000.0,8.400000000000001e-08
2019-12-27,21000.0,8.300000000000003e-08
2019-12-28,21000.0,8.300000000000003e-08
2019-12-29,21000.0,8.199999999999999e-08
2019-12-30,22000.0,8e-08
2019-12-31,22000.0,7.9e-08
2020-01-01,20000.0,8e-08
2020-01-02,21000.0,8.300000000000003e-08
2020-01-03,21000.0,8.6e-08
2020-01-04,22000.0,8.500000000000002e-08
2020-01-05,21000.0,8.500000000000002e-08
2020-01-06,21000.0,8.7e-08
2020-01-07,21000.0,8.800000000000002e-08
2020-01-08,21000.0,8.9e-08
2020-01-09,22000.0,9.2e-08
2020-01-10,21000.0,9e-08
2020-01-11,22000.0,8.7e-08
2020-01-12,21000.0,8.500000000000002e-08
2020-01-13,21000.0,8.199999999999999e-08
2020-01-14,21000.0,8.199999999999999e-08
2020-01-15,21000.0,8.1e-08
2020-01-16,22000.0,8e-08
2020-01-17,22000.0,8e-08
2020-01-18,22000.0,8e-08
2020-01-19,22000.0,7.9e-08
2020-01-20,22000.0,7.8e-08
2020-01-21,22000.0,7.8e-08
2020-01-22,22000.0,8.1e-08
2020-01-23,22000.0,7.599999999999999e-08
2020-01-24,22000.0,7.5e-08
2020-01-25,21000.0,7.5e-08
2020-01-26,22000.0,8e-08
2020-01-27,22000.0,8.1e-08
2020-01-28,22000.0,8.1e-08
2020-01-29,22000.0,8.1e-08
2020-01-30,22000.0,8.199999999999999e-08
2020-01-31,20000.0,8.1e-08
2020-02-01,22000.0,7.9e-08
2020-02-02,21000.0,7.9e-08
2020-02-03,21000.0,8.1e-08
2020-02-04,21000.0,7.9e-08
2020-02-05,21000.0,7.9e-08
2020-02-06,21000.0,8e-08
2020-02-07,21000.0,8.300000000000003e-08
2020-02-08,21000.0,8.400000000000001e-08
2020-02-09,21000.0,8.199999999999999e-08
2020-02-10,23000.0,8.1e-08
2020-02-11,22000.0,7.9e-08
2020-02-12,21000.0,7.9e-08
2020-02-13,23000.0,7.8e-08
2020-02-14,22000.0,7.7e-08
2020-02-15,22000.0,7.7e-08
2020-02-16,23000.0,7.7e-08
2020-02-17,22000.0,7.599999999999999e-08
2020-02-18,21000.0,7.7e-08
2020-02-19,22000.0,8e-08
2020-02-20,21000.0,8.1e-08
2020-02-21,21000.0,8.1e-08
2020-02-22,22000.0,8.800000000000002e-08
2020-02-23,23000.0,8.7e-08
2020-02-24,23000.0,8.400000000000001e-08
2020-02-25,22000.0,8.400000000000001e-08
2020-02-26,23000.0,8.300000000000003e-08
2020-02-27,22000.0,8.300000000000003e-08
2020-02-28,22000.0,7.200000000000001e-08
2020-02-29,22000.0,6.7e-08
2020-03-01,21000.0,6.3e-08
2020-03-02,21000.0,5.6e-08
2020-03-03,22000.0,5.1e-08
2020-03-04,20000.0,4.9e-08
