date,proton_flux,xray_flux,risk_level,kp_index,bz,sw_speed
2000-01-01,16000.0,5.699999999999999e-07,Medium,4.08325,1.6,675.0
2000-01-02,14000.0,3.7e-07,Low,3.1665,2.8,701.0
2000-01-03,14000.0,3.6e-07,Low,2.625,-1.8,668.0
2000-01-04,12000.0,2.7999999999999997e-07,Low,2.7498750000000003,-0.1,585.0
2000-01-05,12000.0,3.2e-07,Low,3.3748750000000003,-2.6,516.0
2000-01-06,12000.0,5.4e-07,Medium,3.2915,-0.8,522.0
2000-01-07,12000.0,4.0999999999999994e-07,Low,2.33325,-1.0,553.0
2000-01-08,13000.0,6.599999999999999e-07,Medium,1.29175,0.1,481.0
2000-01-09,27000.0,6.3e-07,Medium,0.6665000000000001,-2.2,396.0
2000-01-10,65000.0,6.8e-07,Medium,1.54175,-3.1,323.0
2000-01-11,27000.0,7.4e-07,Medium,3.416625,-0.6,420.0
2000-01-12,14000.0,1.6999999999999998e-06,High,2.333375,-3.7,575.0
2000-01-13,14000.0,9.9e-07,Medium,2.166625,1.0,550.0
2000-01-14,13000.0,1e-06,High,1.875,-1.3,491.0
2000-01-15,13000.0,9.3e-07,Medium,1.541625,-1.4,440.0
2000-01-16,13000.0,1e-06,High,1.5,-1.8,397.0
2000-01-17,13000.0,1.1e-06,High,0.58325,-1.8,368.0
2000-01-18,19000.0,1e-06,High,0.708375,-1.9,336.0
2000-01-19,33000.0,8.8e-07,Medium,1.125,1.1,314.0
2000-01-20,50000.0,6.499999999999999e-07,Medium,2.375,1.5,359.0
2000-01-21,28000.0,1.3e-06,High,0.291625,3.8,405.0
2000-01-22,17000.0,5.8e-07,Medium,3.24975,-0.8,332.0
2000-01-23,13000.0,4.7e-07,Low,3.2501250000000006,-14.3,360.0
2000-01-24,13000.0,4.0999999999999994e-07,Low,2.7082499999999996,-2.3,356.0
2000-01-25,12000.0,4e-07,Low,1.791625,-4.1,333.0
2000-01-26,13000.0,4e-07,Low,1.83325,-2.0,346.0
2000-01-27,14000.0,3.5e-07,Low,2.9998750000000003,-3.1,349.0
2000-01-28,25000.0,3.2e-07,Low,4.20825,-1.7,711.0
2000-01-29,32000.0,4.3e-07,Low,4.2082500000000005,-2.0,745.0
2000-01-30,18000.0,2.7e-07,Low,2.958375,1.3,663.0
2000-01-31,14000.0,3.6e-07,Low,2.45825,-1.2,616.0
2000-02-01,14000.0,5.2e-07,Medium,2.041625,0.5,540.0
2000-02-02,14000.0,4.7e-07,Low,2.0,1.6,482.0
2000-02-03,13000.0,6.4e-07,Medium,2.208375,2.1,430.0
2000-02-04,13000.0,5.5e-07,Medium,1.333375,0.3,420.0
2000-02-05,13000.0,7.2e-07,Medium,1.9165,0.1,392.0
2000-02-06,12000.0,7.1e-07,Medium,4.333375,-2.6,497.0
2000-02-07,12000.0,7.5e-07,Medium,4.16675,-1.2,620.0
2000-02-08,12000.0,7.5e-07,Medium,2.9585,-1.9,614.0
2000-02-09,12000.0,7.1e-07,Medium,2.375125,1.4,490.0
2000-02-10,13000.0,1.3e-06,High,2.416625,-0.5,423.0
2000-02-11,17000.0,7.3e-07,Medium,3.125,3.1,429.0
2000-02-12,52000.0,1.3e-06,High,5.125,-9.8,527.0
2000-02-13,21000.0,5.3e-07,Medium,2.916625,2.5,542.0
2000-02-14,12000.0,8.1e-07,Medium,4.291625,-1.3,561.0
2000-02-15,12000.0,3.7e-07,Low,3.041625,0.4,553.0
2000-02-16,12000.0,4.5999999999999994e-07,Low,1.791625,-0.8,453.0
2000-02-17,13000.0,5.9e-07,Medium,1.416875,2.5,396.0
2000-02-18,310000.0,8.1e-07,Medium,0.208125,2.4,404.0
2000-02-19,100000.0,4.2e-07,Low,0.7501249999999999,3.1,326.0
2000-02-20,41000.0,9e-07,Medium,1.083375,1.8,338.0
2000-02-21,21000.0,8e-07,Medium,3.3752500000000003,9.1,438.0
2000-02-22,13000.0,8.4e-07,Medium,1.500125,10.4,382.0
2000-02-23,13000.0,2.6e-06,High,2.16675,-0.1,373.0
2000-02-24,14000.0,2.1e-06,High,4.125125,1.7,496.0
2000-02-25,14000.0,1.1e-06,High,3.4582499999999996,-0.1,764.0
2000-02-26,13000.0,8.699999999999999e-07,Medium,3.041625,-0.1,671.0
2000-02-27,12000.0,4.9000000000000005e-06,High,2.7498749999999994,1.2,617.0
2000-02-28,12000.0,8.4e-07,Medium,3.0,1.9,610.0
2000-02-29,12000.0,7.1e-07,Medium,1.6665,0.7,569.0
2000-03-01,11000.0,9.2e-07,Medium,3.4998749999999994,1.4,492.0
2000-03-02,19000.0,9.9e-07,Medium,2.04175,-5.1,437.0
2000-03-03,19000.0,1.2e-06,High,1.249875,1.7,405.0
2000-03-04,12000.0,8.1e-07,Medium,0.7501249999999999,2.6,380.0
2000-03-05,12000.0,1.1e-06,High,1.5,2.7,341.0
2000-03-06,12000.0,1.2e-06,High,2.625,5.6,347.0
2000-03-07,12000.0,1.2e-06,High,3.125,-5.4,449.0
2000-03-08,12000.0,1.6e-06,High,2.7917500000000004,-3.2,440.0
2000-03-09,11000.0,9.699999999999998e-07,Medium,1.04175,-1.5,423.0
2000-03-10,12000.0,8.199999999999999e-07,Medium,1.95825,2.9,388.0
2000-03-11,11000.0,8.1e-07,Medium,2.5833749999999993,-4.4,386.0
2000-03-12,11000.0,1.6e-06,High,3.25,-5.0,322.0
2000-03-13,11000.0,8.9e-07,Medium,0.958375,-2.2,385.0
2000-03-14,11000.0,8.699999999999999e-07,Medium,1.500125,-1.4,360.0
2000-03-15,12000.0,7.699999999999999e-07,Medium,0.33325,-1.5,335.0
2000-03-16,11000.0,7.2e-07,Medium,0.375,-0.2,274.0
2000-03-17,13000.0,1.4e-06,High,1.125,6.4,302.0
2000-03-18,13000.0,3.3999999999999996e-06,High,1.333375,4.5,332.0
2000-03-19,12000.0,6.099999999999999e-06,High,1.875125,2.3,372.0
2000-03-20,11000.0,2.9e-06,High,1.25,6.6,381.0
2000-03-21,11000.0,1.3e-06,High,0.916625,6.3,350.0
2000-03-22,22000.0,1.8e-06,High,2.625,2.1,376.0
2000-03-23,50000.0,1.6e-06,High,2.7082499999999996,2.5,584.0
2000-03-24,18000.0,1.6999999999999998e-06,High,2.3748750000000003,1.8,523.0
2000-03-25,13000.0,1.5e-06,High,1.95825,-0.4,646.0
2000-03-26,12000.0,1.4e-06,High,0.8333750000000001,2.8,531.0
2000-03-27,12000.0,1e-06,High,0.958375,-1.4,447.0
2000-03-28,12000.0,1.1e-06,High,0.958375,-2.1,386.0
2000-03-29,13000.0,1.5e-06,High,1.58325,4.2,324.0
2000-03-30,12000.0,1.2e-06,High,2.5415,1.0,520.0
2000-03-31,12000.0,1.2e-06,High,3.66675,0.8,401.0
2000-04-01,12000.0,1.3e-06,High,2.666625,-2.5,353.0
2000-04-02,11000.0,1.2e-06,High,2.875,-8.2,441.0
2000-04-03,12000.0,1e-06,High,2.16675,-4.6,447.0
2000-04-04,220000.0,1.1e-06,High,3.333375,-6.7,389.0
2000-04-05,2300000.0,1.5e-06,High,1.91675,-4.9,375.0
2000-04-06,370000.0,9.6e-07,Medium,4.70825,3.1,381.0
2000-04-07,32000.0,8.699999999999999e-07,Medium,5.04175,-12.1,571.0
2000-04-08,13000.0,7.599999999999999e-07,Medium,2.416625,0.9,517.0
2000-04-09,11000.0,1e-06,High,2.875,-0.9,559.0
2000-04-10,11000.0,1.8e-06,High,3.333375,-4.8,561.0
2000-04-11,11000.0,7.599999999999999e-07,Medium,2.125,1.7,414.0
2000-04-12,11000.0,1.1e-06,High,1.666625,-4.3,359.0
2000-04-13,11000.0,5.599999999999999e-07,Medium,1.25,-3.5,378.0
2000-04-14,11000.0,5.4e-07,Medium,0.499875,1.8,331.0
2000-04-15,12000.0,5.3e-07,Medium,1.5,-0.2,310.0
2000-04-16,12000.0,4.8e-07,Low,3.458125,-8.4,327.0
2000-04-17,11000.0,5.1e-07,Medium,2.375,3.9,477.0
2000-04-18,12000.0,4.7e-07,Low,1.333375,1.3,433.0
2000-04-19,12000.0,7.2e-07,Medium,2.4585000000000004,3.6,457.0
2000-04-20,11000.0,1e-06,High,2.7082500000000005,-0.6,526.0
2000-04-21,11000.0,8.699999999999999e-07,Medium,2.0835,0.0,547.0
2000-04-22,12000.0,8.9e-07,Medium,1.375125,3.7,484.0
2000-04-23,21000.0,7.4e-07,Medium,1.58325,2.9,402.0
2000-04-24,39000.0,7.599999999999999e-07,Medium,3.2082499999999996,2.6,419.0
2000-04-25,15000.0,6.2e-07,Medium,1.41675,3.4,522.0
2000-04-26,13000.0,5.5e-07,Medium,0.4585,2.1,437.0
2000-04-27,14000.0,5.1e-07,Medium,2.66675,-0.4,403.0
2000-04-28,15000.0,5.699999999999999e-07,Medium,2.7498749999999994,-6.3,402.0
2000-04-29,13000.0,5.8e-07,Medium,2.666875,-1.1,405.0
2000-04-30,11000.0,6e-07,Medium,2.3332500000000005,-1.0,409.0
2000-05-01,13000.0,4.4e-07,Low,2.958375,-2.6,447.0
2000-05-02,12000.0,5e-07,Medium,3.375,-4.9,528.0
2000-05-03,10000.0,4.5e-07,Low,2.916625,5.5,593.0
2000-05-04,12000.0,5e-07,Medium,1.75,-1.4,451.0
2000-05-05,13000.0,4.7e-07,Low,2.291625,-0.4,413.0
2000-05-06,22000.0,5.1e-07,Medium,2.375,-4.5,450.0
2000-05-07,26000.0,2.2999999999999997e-07,Low,1.333375,-2.3,423.0
2000-05-08,19000.0,2.9e-07,Low,0.9585,8.7,371.0
2000-05-09,14000.0,3.9e-07,Low,1.958375,2.4,336.0
2000-05-10,12000.0,7.4e-07,Medium,1.416625,-4.2,323.0
2000-05-11,13000.0,1e-06,High,1.083125,-1.7,327.0
2000-05-12,13000.0,1.2e-06,High,2.75,-1.6,289.0
2000-05-13,13000.0,2.6e-06,High,2.791625,-5.0,378.0
2000-05-14,12000.0,4.1e-06,High,2.0,4.8,548.0
2000-05-15,16000.0,1.8e-06,High,2.541625,2.7,434.0
2000-05-16,62000.0,1.3e-06,High,3.04175,-0.7,411.0
2000-05-17,25000.0,2.7e-06,High,3.25,-7.6,579.0
2000-05-18,37000.0,2e-06,High,1.583375,4.4,527.0
2000-05-19,22000.0,2.9e-06,High,1.874875,0.4,481.0
2000-05-20,19000.0,2.2e-06,High,1.125,0.8,523.0
2000-05-21,16000.0,1.9e-06,High,1.458375,-2.2,421.0
2000-05-22,14000.0,1.6e-06,High,1.999875,5.0,394.0
2000-05-23,13000.0,9.6e-07,Medium,3.208375,5.6,564.0
2000-05-24,11000.0,2.4e-06,High,5.958375,8.8,631.0
2000-05-25,9900.0,1.9e-06,High,4.000125,-3.4,579.0
2000-05-26,10000.0,7.9e-07,Medium,2.833125,-3.1,493.0
2000-05-27,10000.0,6.2e-07,Medium,2.083375,1.3,388.0
2000-05-28,11000.0,8.699999999999999e-07,Medium,2.208375,2.5,407.0
2000-05-29,12000.0,5.699999999999999e-07,Medium,3.458375,-1.3,339.0
2000-05-30,12000.0,8e-07,Medium,3.583375,-1.4,542.0
2000-05-31,12000.0,7.3e-07,Medium,2.04175,1.0,609.0
2000-06-01,12000.0,6.4e-07,Medium,1.875125,1.3,531.0
2000-06-02,12000.0,5e-07,Medium,1.625,-2.1,447.0
2000-06-03,13000.0,5.6e-06,High,2.5,-2.9,399.0
2000-06-04,12000.0,5.9e-07,Medium,2.16675,1.2,445.0
2000-06-05,13000.0,1.3e-06,High,3.75,-6.7,509.0
2000-06-06,12000.0,1e-06,High,2.70825,-0.1,454.0
2000-06-07,970000.0,1.6e-06,High,2.4585,0.8,446.0
2000-06-08,3500000.0,1.3e-06,High,5.166625,4.4,521.0
2000-06-09,370000.0,7.699999999999999e-07,Medium,1.333125,4.5,696.0
2000-06-10,790000.0,7.1e-07,Medium,3.5417500000000004,-1.8,543.0
2000-06-11,900000.0,1e-06,High,3.5001250000000006,-2.0,470.0
2000-06-12,110000.0,1.1e-06,High,2.91675,3.2,579.0
2000-06-13,26000.0,8.8e-07,Medium,2.333375,1.1,532.0
2000-06-14,12000.0,9.4e-07,Medium,3.875,-3.4,439.0
2000-06-15,12000.0,1e-06,High,3.416875,2.7,456.0
2000-06-16,12000.0,1.2e-06,High,1.16675,-0.1,594.0
2000-06-17,26000.0,1.1e-06,High,1.5,2.3,462.0
2000-06-18,82000.0,1.3e-06,High,2.041625,2.4,435.0
2000-06-19,13000.0,7.4e-07,Medium,1.5,-0.4,403.0
2000-06-20,10000.0,6.699999999999999e-07,Medium,1.666625,-1.8,387.0
2000-06-21,10000.0,7.9e-07,Medium,1.41675,2.0,355.0
2000-06-22,15000.0,1.2e-06,High,2.416625,1.2,381.0
2000-06-23,27000.0,9.9e-07,Medium,3.5832499999999996,2.4,436.0
2000-06-24,14000.0,8.1e-07,Medium,2.541625,1.1,581.0
2000-06-25,71000.0,1.2e-06,High,1.2085,2.1,502.0
2000-06-26,96000.0,1.1e-06,High,4.4582500000000005,1.7,471.0
2000-06-27,15000.0,7.9e-07,Medium,3.208375,-0.9,503.0
2000-06-28,12000.0,7.3e-07,Medium,2.20825,-0.1,454.0
2000-06-29,14000.0,6.2e-07,Medium,1.791625,-4.6,491.0
2000-06-30,12000.0,7.2e-07,Medium,1.083125,0.2,401.0
2000-07-01,12000.0,7.4e-07,Medium,1.70825,-2.2,369.0
2000-07-02,11000.0,6.699999999999999e-07,Medium,1.083375,2.9,421.0
2000-07-03,11000.0,5.699999999999999e-07,Medium,2.0001249999999997,-0.7,345.0
2000-07-04,10000.0,5.699999999999999e-07,Medium,2.0,0.7,362.0
2000-07-05,11000.0,5.9e-07,Medium,2.083375,1.1,467.0
2000-07-06,11000.0,6.2e-07,Medium,1.416625,2.4,442.0
2000-07-07,10000.0,1e-06,High,1.375,0.7,406.0
2000-07-08,11000.0,1e-06,High,1.583375,0.4,367.0
2000-07-09,11000.0,3.2999999999999997e-06,High,1.500125,2.1,373.0
2000-07-10,9900.0,1.6999999999999998e-06,High,3.2917500000000004,-1.5,364.0
2000-07-11,21000.0,5.5e-06,High,4.2913749999999995,8.1,440.0
2000-07-12,37000.0,2.4e-06,High,1.9585,-4.5,525.0
2000-07-13,210000.0,3.6e-06,High,3.75,7.2,478.0
2000-07-14,230000000.0,2.9e-06,High,4.5,-1.2,606.0
2000-07-15,1000000000.0,2.6e-06,High,6.250125000000001,2.4,745.0
2000-07-16,26000000.0,1.6999999999999998e-06,High,4.250125000000001,-2.5,1030.0
2000-07-17,8000000.0,2.2999999999999996e-06,High,2.0415,2.7,684.0
2000-07-18,2500000.0,1.5e-06,High,2.4998750000000003,0.9,593.0
2000-07-19,1300000.0,2.1e-06,High,2.416625,-1.5,571.0
2000-07-20,350000.0,2.6e-06,High,4.20825,5.2,556.0
2000-07-21,230000.0,2.1e-06,High,1.70825,-1.6,484.0
2000-07-22,540000.0,2.2999999999999996e-06,High,2.58325,-1.9,454.0
2000-07-23,150000.0,1.8e-06,High,3.125,0.8,404.0
2000-07-24,27000.0,1.5e-06,High,1.1665,-0.8,372.0
2000-07-25,18000.0,1.4e-06,High,1.416625,0.5,359.0
2000-07-26,21000.0,1.5e-06,High,3.208375,-0.6,332.0
2000-07-27,18000.0,1.3e-06,High,1.54175,-6.0,388.0
2000-07-28,390000.0,9.2e-07,Medium,3.875125,-3.8,360.0
2000-07-29,140000.0,6.599999999999999e-07,Medium,3.750125,-0.6,474.0
2000-07-30,42000.0,5.5e-07,Medium,2.0,-1.1,454.0
2000-07-31,21000.0,4.5999999999999994e-07,Low,3.08325,3.8,415.0
2000-08-01,12000.0,5.2e-07,Medium,2.541625,6.2,449.0
2000-08-02,11000.0,4.4e-07,Low,2.3748750000000003,2.9,481.0
2000-08-03,12000.0,7e-07,Medium,2.291625,0.8,422.0
2000-08-04,11000.0,6e-07,Medium,3.2082500000000005,-3.4,454.0
2000-08-05,10000.0,4.4e-07,Low,3.666625,6.1,445.0
2000-08-06,9400.0,7.4e-07,Medium,3.0415,-2.7,556.0
2000-08-07,9500.0,6e-07,Medium,1.833375,0.7,457.0
2000-08-08,9200.0,7.699999999999999e-07,Medium,1.791625,-0.2,428.0
2000-08-09,9500.0,7.9e-07,Medium,1.333375,-0.8,378.0
2000-08-10,9300.0,8.699999999999999e-07,Medium,3.541625,3.6,356.0
2000-08-11,80000.0,8.199999999999999e-07,Medium,4.79175,-13.1,433.0
2000-08-12,20000.0,1.4e-06,High,6.541625,10.0,614.0
2000-08-13,91000.0,9.699999999999998e-07,Medium,2.8751250000000006,17.0,551.0
2000-08-14,62000.0,9.3e-07,Medium,2.125,4.2,477.0
2000-08-15,17000.0,9e-07,Medium,1.875,6.3,577.0
2000-08-16,11000.0,1.4e-06,High,1.83325,-1.3,416.0
2000-08-17,10000.0,6.699999999999999e-07,Medium,1.708375,0.6,394.0
2000-08-18,10000.0,5.1e-07,Medium,0.75,0.0,344.0
2000-08-19,11000.0,5.5e-07,Medium,0.999875,-0.1,313.0
2000-08-20,11000.0,5e-07,Medium,1.0,3.4,311.0
2000-08-21,11000.0,6.8e-07,Medium,2.3335,-1.2,310.0
2000-08-22,11000.0,5.5e-07,Medium,0.58325,-0.2,328.0
2000-08-23,11000.0,4.5e-07,Low,1.5415,2.3,299.0
2000-08-24,11000.0,4.5e-07,Low,1.833375,5.0,302.0
2000-08-25,11000.0,3.8e-07,Low,0.708375,0.9,407.0
2000-08-26,12000.0,4.3e-07,Low,1.208375,-0.3,388.0
2000-08-27,11000.0,5.8e-07,Medium,1.708375,-1.3,384.0
2000-08-28,10000.0,8.8e-07,Medium,3.5415,-0.3,435.0
2000-08-29,10000.0,7.1e-07,Medium,4.29175,-2.8,578.0
2000-08-30,10000.0,1.6999999999999998e-06,High,2.666625,-3.2,611.0
2000-08-31,10000.0,5.2e-07,Medium,2.8332499999999996,2.7,563.0
2000-09-01,10000.0,4.5e-07,Low,3.0835,-0.7,523.0
2000-09-02,9900.0,6.3e-07,Medium,3.6248749999999994,-0.9,496.0
2000-09-03,9300.0,4.5999999999999994e-07,Low,1.5835,8.1,447.0
2000-09-04,11000.0,7.5e-07,Medium,2.6251249999999997,-0.2,435.0
2000-09-05,14000.0,1.1e-06,High,1.7915,-0.1,417.0
2000-09-06,11000.0,8.199999999999999e-07,Medium,2.20825,3.5,361.0
2000-09-07,9900.0,5.5e-07,Medium,3.0,1.5,455.0
2000-09-08,16000.0,6.8e-07,Medium,3.166875,-1.8,412.0
2000-09-09,21000.0,5.1e-07,Medium,1.33325,2.0,459.0
2000-09-10,12000.0,8.599999999999999e-07,Medium,1.0,1.2,376.0
2000-09-11,9700.0,4.0999999999999994e-07,Low,0.999875,2.5,371.0
2000-09-12,2500000.0,5.1e-07,Medium,3.4582499999999996,-1.6,347.0
2000-09-13,14000000.0,3.8e-07,Low,1.91675,-3.3,439.0
2000-09-14,3100000.0,5.5e-07,Medium,1.125125,0.2,361.0
2000-09-15,1300000.0,6.699999999999999e-07,Medium,1.958375,0.0,324.0
2000-09-16,450000.0,7.4e-07,Medium,3.75,-5.1,363.0
2000-09-17,430000.0,1.3e-06,High,4.541625,-3.7,416.0
2000-09-18,21000.0,1.3e-06,High,5.29175,8.3,840.0
2000-09-19,27000.0,1.6e-06,High,3.833375,1.1,666.0
2000-09-20,30000.0,1e-06,High,2.4585000000000004,2.0,552.0
2000-09-21,13000.0,1.1e-06,High,2.2085,1.5,466.0
2000-09-22,11000.0,1.1e-06,High,1.66675,-1.0,446.0
2000-09-23,10000.0,2.2999999999999996e-06,High,1.66675,-0.3,428.0
2000-09-24,11000.0,1.3e-06,High,1.999875,0.4,414.0
2000-09-25,10000.0,1.4e-06,High,3.333375,0.5,570.0
2000-09-26,10000.0,1e-06,High,3.7083749999999993,-5.6,517.0
2000-09-27,10000.0,1.6999999999999998e-06,High,2.583375,-1.2,535.0
2000-09-28,10000.0,1.4e-06,High,2.333375,-1.1,510.0
2000-09-29,10000.0,1.1e-06,High,1.79175,1.1,409.0
2000-09-30,10000.0,1.2e-06,High,4.95825,-5.2,351.0
2000-10-01,10000.0,1.5e-06,High,2.500125,6.9,438.0
2000-10-02,10000.0,1.3e-06,High,1.999875,1.7,368.0
2000-10-03,10000.0,7.699999999999999e-07,Medium,3.83325,-2.9,395.0
2000-10-04,9400.0,7e-07,Medium,5.041625,8.7,418.0
2000-10-05,9600.0,6.1e-07,Medium,6.583375,-7.8,374.0
2000-10-06,9800.0,5.3e-07,Medium,0.91675,-0.8,516.0
2000-10-07,9400.0,5.3e-07,Medium,1.125,1.7,422.0
2000-10-08,9700.0,7.4e-07,Medium,0.5415,0.4,364.0
2000-10-09,10000.0,5e-07,Medium,0.916625,-1.5,331.0
2000-10-10,15000.0,1.6999999999999998e-06,High,2.041625,-1.4,327.0
2000-10-11,27000.0,5.3e-07,Medium,2.625,-5.7,326.0
2000-10-12,22000.0,4.7e-07,Low,1.541625,-0.7,374.0
2000-10-13,14000.0,1.3e-06,High,3.833375,-14.3,454.0
2000-10-14,10000.0,1.1e-06,High,4.833374999999999,-5.3,403.0
2000-10-15,11000.0,1.2e-06,High,2.0001249999999997,5.9,467.0
2000-10-16,620000.0,1.5e-06,High,2.166625,-3.2,554.0
2000-10-17,490000.0,8.8e-07,Medium,2.458375,-0.5,542.0
2000-10-18,140000.0,8.199999999999999e-07,Medium,2.2085,3.1,494.0
2000-10-19,52000.0,6.8e-07,Medium,2.166625,-0.4,428.0
2000-10-20,20000.0,5.5e-07,Medium,0.625,5.7,442.0
2000-10-21,14000.0,5.3e-07,Medium,0.70825,-0.3,393.0
2000-10-22,11000.0,5.1e-07,Medium,2.6667500000000004,0.5,362.0
2000-10-23,11000.0,6.599999999999999e-07,Medium,2.875,-1.0,514.0
2000-10-24,11000.0,6.1e-07,Medium,2.125,-2.3,447.0
2000-10-25,200000.0,6e-07,Medium,1.54175,-0.2,425.0
2000-10-26,630000.0,9.4e-07,Medium,2.0,-1.7,401.0
2000-10-27,130000.0,1e-06,High,1.124875,-1.5,356.0
2000-10-28,37000.0,1.1e-06,High,2.875,-0.3,323.0
2000-10-29,11000.0,1.5e-06,High,4.0,-17.1,396.0
2000-10-30,30000.0,9.4e-07,Medium,2.625125,2.1,355.0
2000-10-31,140000.0,1e-06,High,2.6667499999999995,1.7,351.0
2000-11-01,160000.0,8e-07,Medium,1.708125,-2.8,430.0
2000-11-02,39000.0,8.4e-07,Medium,0.8751249999999999,-2.2,391.0
2000-11-03,23000.0,8e-07,Medium,0.83325,1.0,353.0
2000-11-04,19000.0,2e-06,High,3.8751250000000006,3.4,346.0
2000-11-05,11000.0,1.2e-06,High,2.791625,1.4,507.0
2000-11-06,10000.0,8e-07,Medium,4.958375,-3.4,492.0
2000-11-07,8500.0,8.9e-07,Medium,4.458375,-12.5,568.0
2000-11-08,36000.0,1.1e-06,High,3.083375,16.5,434.0
2000-11-09,750000000.0,1.1e-05,High,2.583375,-2.1,446.0
2000-11-10,98000000.0,1.3e-06,High,4.374874999999999,3.1,580.0
2000-11-11,7000000.0,6.1e-07,Medium,2.9998750000000003,2.7,783.0
2000-11-12,1500000.0,4.9e-07,Low,3.375,-1.4,698.0
2000-11-13,660000.0,4.8e-07,Low,2.166625,1.3,623.0
2000-11-14,360000.0,4.7e-07,Low,1.291875,0.6,548.0
2000-11-15,240000.0,5.1e-07,Medium,1.0,1.2,460.0
2000-11-16,170000.0,9.9e-07,Medium,0.625,1.6,425.0
2000-11-17,140000.0,6.3e-07,Medium,0.583375,-0.7,379.0
2000-11-18,100000.0,8.3e-07,Medium,1.08325,1.0,319.0
2000-11-19,89000.0,1.4e-06,High,1.75,-2.6,374.0
2000-11-20,73000.0,1.8e-06,High,1.958375,-0.4,386.0
2000-11-21,65000.0,8.699999999999999e-07,Medium,2.291625,-2.1,376.0
2000-11-22,60000.0,1e-06,High,2.04175,-0.5,373.0
2000-11-23,41000.0,1.4e-06,High,1.50025,-3.0,354.0
2000-11-24,1800000.0,1.9e-06,High,2.333375,0.3,309.0
2000-11-25,1600000.0,2.1e-06,High,1.458375,-1.0,454.0
2000-11-26,18000000.0,8.699999999999999e-07,Medium,3.541875,-1.1,384.0
2000-11-27,13000000.0,8.9e-07,Medium,4.500125000000001,-10.8,561.0
2000-11-28,3400000.0,8.9e-07,Medium,4.166625,0.9,553.0
2000-11-29,510000.0,8.699999999999999e-07,Medium,4.75,-8.0,539.0
2000-11-30,370000.0,7.3e-07,Medium,1.625125,5.1,476.0
2000-12-01,250000.0,7.9e-07,Medium,1.5,-1.5,476.0
2000-12-02,160000.0,6.499999999999999e-07,Medium,0.79175,0.3,392.0
2000-12-03,91000.0,5e-07,Medium,2.291625,4.0,361.0
2000-12-04,42000.0,4.5999999999999994e-07,Low,2.1251249999999997,0.0,389.0
2000-12-05,26000.0,4.8e-07,Low,1.20825,-4.9,341.0
2000-12-06,19000.0,6.9e-07,Medium,1.75,0.5,342.0
2000-12-07,13000.0,1e-06,High,2.9582499999999996,-5.4,392.0
2000-12-08,11000.0,8.1e-07,Medium,3.3332499999999996,4.6,462.0
2000-12-09,9500.0,7.699999999999999e-07,Medium,3.2498749999999994,-2.1,635.0
2000-12-10,9100.0,5.8e-07,Medium,2.5,-1.7,656.0
2000-12-11,9400.0,4.7e-07,Low,2.0001249999999997,-1.0,592.0
2000-12-12,10000.0,6.4e-07,Medium,1.33325,0.1,531.0
2000-12-13,9800.0,5.2e-07,Medium,1.125125,-1.1,436.0
2000-12-14,10000.0,6.2e-07,Medium,0.58325,2.9,384.0
2000-12-15,11000.0,5.599999999999999e-07,Medium,0.4583750000000001,-0.6,372.0
2000-12-16,10000.0,7.2e-07,Medium,0.749875,2.3,329.0
2000-12-17,11000.0,1.2e-06,High,2.0415,-0.3,325.0
2000-12-18,10000.0,1.4e-06,High,2.2085,-1.3,356.0
2000-12-19,11000.0,1.3e-06,High,1.33325,0.9,363.0
2000-12-20,10000.0,1.1e-06,High,0.66675,-1.0,330.0
2000-12-21,10000.0,1.3e-06,High,0.958375,1.5,298.0
2000-12-22,9400.0,8.8e-07,Medium,1.29175,-0.3,321.0
2000-12-23,9300.0,1.6e-06,High,3.166625,-13.5,326.0
2000-12-24,9700.0,1.1e-06,High,1.29175,-3.3,303.0
2000-12-25,8600.0,8.4e-07,Medium,1.541625,11.3,368.0
2000-12-26,9800.0,7.4e-07,Medium,1.375,4.7,390.0
2000-12-27,9400.0,8.1e-07,Medium,1.874875,-0.2,398.0
2000-12-28,14000.0,1.6999999999999998e-06,High,1.4165,-1.7,383.0
2000-12-29,36000.0,8.1e-07,Medium,1.45825,1.5,403.0
2000-12-30,29000.0,5.9e-07,Medium,0.79175,3.0,370.0
2000-12-31,16000.0,6.8e-07,Medium,0.45825,0.6,341.0
2001-01-01,15000.0,4.9e-07,Low,0.541625,-0.7,290.0
2001-01-02,12000.0,5.4e-07,Medium,0.791625,1.3,285.0
2001-01-03,11000.0,6.499999999999999e-07,Medium,1.916625,3.9,332.0
2001-01-04,11000.0,3.9e-06,High,2.458125,-0.3,382.0
2001-01-05,14000.0,6.9e-07,Medium,1.0833750000000002,-1.2,399.0
2001-01-06,66000.0,6e-07,Medium,1.0,-1.9,411.0
2001-01-07,20000.0,1e-06,High,1.25,-3.3,360.0
2001-01-08,11000.0,7.4e-07,Medium,2.16675,-1.8,370.0
2001-01-09,12000.0,7.3e-07,Medium,1.333375,4.6,409.0
2001-01-10,11000.0,1.6999999999999998e-06,High,1.208125,1.6,371.0
2001-01-11,12000.0,8e-07,Medium,1.666875,0.5,424.0
2001-01-12,12000.0,5.599999999999999e-07,Medium,1.541625,-1.2,417.0
2001-01-13,12000.0,6.699999999999999e-07,Medium,1.5,3.4,318.0
2001-01-14,12000.0,7.699999999999999e-07,Medium,1.916625,-1.8,386.0
2001-01-15,20000.0,6.699999999999999e-07,Medium,1.541625,0.4,352.0
2001-01-16,16000.0,5.5e-07,Medium,1.33325,1.9,345.0
2001-01-17,12000.0,7.9e-07,Medium,1.58325,-4.8,331.0
2001-01-18,11000.0,5.8e-07,Medium,1.041625,3.8,360.0
2001-01-19,10000.0,4.8e-07,Low,1.08325,1.8,348.0
2001-01-20,10000.0,7.3e-07,Medium,2.125,0.1,323.0
2001-01-21,15000.0,7.3e-07,Medium,3.2917500000000004,-5.9,306.0
2001-01-22,150000.0,6.2e-07,Medium,2.666625,-5.1,364.0
2001-01-23,110000.0,5.599999999999999e-07,Medium,2.875,0.2,450.0
2001-01-24,79000.0,1.1e-06,High,3.208375,-0.5,469.0
2001-01-25,26000.0,5.2e-07,Medium,1.375125,3.5,417.0
2001-01-26,26000.0,5.4e-07,Medium,2.458375,-1.3,340.0
2001-01-27,20000.0,5.9e-07,Medium,1.0835,-3.7,331.0
2001-01-28,270000.0,8.1e-07,Medium,1.875,-0.4,299.0
2001-01-29,2100000.0,7.799999999999999e-07,Medium,2.5,-0.6,368.0
2001-01-30,300000.0,5.9e-07,Medium,0.70825,3.8,460.0
2001-01-31,67000.0,7.4e-07,Medium,2.91675,0.5,385.0
2001-02-01,17000.0,7.3e-07,Medium,2.041625,-1.3,396.0
2001-02-02,12000.0,7.2e-07,Medium,1.33325,-1.6,432.0
2001-02-03,11000.0,2.4e-06,High,0.249875,2.5,365.0
2001-02-04,11000.0,9.8e-07,Medium,0.291625,2.6,337.0
2001-02-05,11000.0,5.5e-07,Medium,0.6667500000000001,2.1,302.0
2001-02-06,11000.0,1e-06,High,2.75,-1.2,338.0
2001-02-07,11000.0,5.5e-07,Medium,1.583375,6.7,514.0
2001-02-08,12000.0,4.4e-07,Low,1.54175,1.7,429.0
2001-02-09,10000.0,4.4e-07,Low,1.3332499999999998,4.3,416.0
2001-02-10,9800.0,7.599999999999999e-07,Medium,1.499875,1.0,413.0
2001-02-11,29000.0,5e-07,Medium,1.666625,-3.6,399.0
2001-02-12,16000.0,3.2999999999999996e-07,Low,1.375,0.4,402.0
2001-02-13,11000.0,3.4e-07,Low,3.75,0.5,458.0
2001-02-14,10000.0,2.7999999999999997e-07,Low,3.3751249999999997,-3.0,527.0
2001-02-15,10000.0,3e-07,Low,1.33325,0.8,587.0
2001-02-16,10000.0,3.2e-07,Low,0.75,-0.9,501.0
2001-02-17,10000.0,1.9e-07,Low,0.58325,-0.2,462.0
2001-02-18,11000.0,2.1e-07,Low,0.583375,-0.1,352.0
2001-02-19,10000.0,3.2999999999999996e-07,Low,1.125,1.1,286.0
2001-02-20,11000.0,5.4e-07,Medium,1.7085,-0.9,281.0
2001-02-21,11000.0,3.5e-07,Low,1.625,-6.1,339.0
2001-02-22,11000.0,3.9e-07,Low,1.333375,-0.3,367.0
2001-02-23,10000.0,3.4e-07,Low,2.291625,-4.9,343.0
2001-02-24,10000.0,6.1e-07,Medium,0.91675,-2.4,367.0
2001-02-25,11000.0,2.7999999999999997e-07,Low,0.541625,2.2,321.0
2001-02-26,47000.0,4.0999999999999994e-07,Low,2.0,-2.5,291.0
2001-02-27,21000.0,5.1e-07,Medium,2.2917500000000004,-6.2,340.0
2001-02-28,11000.0,2.4e-07,Low,1.833375,1.9,352.0
2001-03-01,11000.0,2.2999999999999997e-07,Low,1.458375,2.1,492.0
2001-03-02,11000.0,2.1e-07,Low,2.041625,-0.9,440.0
2001-03-03,11000.0,3.2e-07,Low,2.8335,-2.1,446.0
2001-03-04,11000.0,4.5e-07,Low,3.2917499999999995,-0.5,482.0
2001-03-05,11000.0,3.2e-07,Low,2.958375,-12.5,427.0
2001-03-06,11000.0,5.5e-07,Medium,1.833375,1.6,579.0
2001-03-07,11000.0,1.4e-06,High,2.083375,-0.4,485.0
2001-03-08,11000.0,9.8e-07,Medium,1.5835,0.7,444.0
2001-03-09,12000.0,1.2e-06,High,1.58325,1.3,440.0
2001-03-10,13000.0,1e-06,High,1.375,1.8,433.0
2001-03-11,13000.0,6e-07,Medium,0.916625,1.9,413.0
2001-03-12,12000.0,6.1e-07,Medium,2.1665,0.9,363.0
2001-03-13,12000.0,5.1e-07,Medium,2.166625,-4.3,396.0
2001-03-14,12000.0,3.9e-07,Low,1.7915,-1.3,404.0
2001-03-15,12000.0,3.2e-07,Low,0.45825,-0.5,388.0
2001-03-16,11000.0,5.4e-07,Medium,0.45825,3.1,301.0
2001-03-17,11000.0,2.7e-07,Low,1.0415,2.0,274.0
2001-03-18,12000.0,2.7999999999999997e-07,Low,1.875,-4.8,310.0
2001-03-19,11000.0,5.2e-07,Medium,3.83325,-5.3,306.0
2001-03-20,11000.0,8.199999999999999e-07,Medium,5.5417499999999995,-8.1,447.0
2001-03-21,10000.0,9.6e-07,Medium,1.625,0.3,361.0
2001-03-22,11000.0,1.6e-06,High,2.083375,6.3,289.0
2001-03-23,10000.0,1.6e-06,High,4.0,-3.1,394.0
2001-03-24,11000.0,9.4e-07,Medium,2.3332499999999996,7.2,416.0
2001-03-25,11000.0,2.6e-06,High,1.500125,0.9,402.0
2001-03-26,39000.0,1.4e-06,High,0.8751249999999999,0.9,387.0
2001-03-27,150000.0,2.1e-06,High,3.5,-2.6,367.0
2001-03-28,13000.0,2.8e-06,High,4.375,5.7,627.0
2001-03-29,560000.0,3.8e-06,High,3.5001249999999997,-2.1,567.0
2001-03-30,2100000.0,3.3999999999999996e-06,High,2.625,0.3,461.0
2001-03-31,690000.0,2.8e-06,High,7.624999999999999,-3.2,424.0
2001-04-01,75000.0,2.4e-06,High,4.375,10.1,766.0
2001-04-02,160000.0,6.5e-06,High,3.541875,-3.3,633.0
2001-04-03,33000000.0,2e-05,High,1.666625,0.5,524.0
2001-04-04,13000000.0,2.6e-06,High,3.166625,0.4,450.0
2001-04-05,5200000.0,1.6999999999999998e-06,High,3.2082499999999996,1.7,660.0
2001-04-06,1100000.0,3.2999999999999997e-06,High,2.6667499999999995,4.7,530.0
2001-04-07,570000.0,1.5e-06,High,3.2501250000000006,-2.4,452.0
2001-04-08,280000.0,6.2e-07,Medium,4.833375,-0.4,504.0
2001-04-09,150000.0,1e-06,High,3.333375,3.9,745.0
2001-04-10,3700000.0,4.7e-07,Low,2.3751249999999997,-0.8,564.0
2001-04-11,12000000.0,7.9e-07,Medium,4.625,-2.1,544.0
2001-04-12,4300000.0,8.1e-07,Medium,4.041625000000001,-8.9,722.0
2001-04-13,1100000.0,3.2999999999999996e-07,Low,4.29175,2.8,654.0
2001-04-14,170000.0,5.1e-07,Medium,3.2498750000000003,-0.8,690.0
2001-04-15,21000000.0,5.5e-07,Medium,2.666625,-1.2,586.0
2001-04-16,18000000.0,6.9e-07,Medium,1.9165,-3.5,491.0
2001-04-17,1600000.0,5.1e-07,Medium,1.624875,-2.2,442.0
2001-04-18,12000000.0,5.699999999999999e-07,Medium,4.083375,-1.8,360.0
2001-04-19,2900000.0,5.5e-07,Medium,1.541625,-3.5,469.0
2001-04-20,700000.0,5.4e-07,Medium,1.54175,-1.7,391.0
2001-04-21,160000.0,6.4e-07,Medium,1.70825,-0.7,384.0
2001-04-22,44000.0,1.1e-06,High,4.333375,5.6,383.0
2001-04-23,28000.0,8.1e-07,Medium,2.833125,-4.9,336.0
2001-04-24,20000.0,6.3e-07,Medium,1.499875,5.7,354.0
2001-04-25,16000.0,1.5e-06,High,1.58325,-0.8,410.0
2001-04-26,15000.0,8.199999999999999e-07,Medium,1.625125,3.7,444.0
2001-04-27,130000.0,1.2e-06,High,1.08325,2.4,438.0
2001-04-28,280000.0,8.8e-07,Medium,4.2917499999999995,2.7,460.0
2001-04-29,14000.0,1e-06,High,2.41675,-4.2,672.0
2001-04-30,12000.0,9e-07,Medium,0.291625,2.1,514.0
2001-05-01,13000.0,7.1e-07,Medium,0.79175,2.6,414.0
2001-05-02,12000.0,1.3e-06,High,1.208375,2.6,380.0
2001-05-03,11000.0,8.199999999999999e-07,Medium,1.583375,-0.3,389.0
2001-05-04,10000.0,9.3e-07,Medium,1.66675,4.9,374.0
2001-05-05,10000.0,7.1e-07,Medium,0.583375,5.7,379.0
2001-05-06,11000.0,4e-07,Low,1.20825,1.9,320.0
2001-05-07,400000.0,3.1e-07,Low,2.5001250000000006,-6.9,361.0
2001-05-08,1400000.0,1e-06,High,2.7498750000000003,-2.1,365.0
2001-05-09,94000.0,4.4e-07,Low,4.583374999999999,-6.0,558.0
2001-05-10,26000.0,8.599999999999999e-07,Medium,3.4167500000000004,-6.4,441.0
2001-05-11,19000.0,3.2e-07,Low,1.45825,-2.4,422.0
2001-05-12,13000.0,3.7e-07,Low,4.0415,-2.4,415.0
2001-05-13,12000.0,7.699999999999999e-07,Medium,3.74975,-3.2,614.0
2001-05-14,12000.0,3e-07,Low,2.083375,-3.3,555.0
2001-05-15,12000.0,4.2e-07,Low,2.41675,-1.8,468.0
2001-05-16,11000.0,1e-06,High,1.833375,0.0,515.0
2001-05-17,12000.0,5.699999999999999e-07,Medium,1.583375,-2.8,419.0
2001-05-18,11000.0,6.4e-07,Medium,1.791625,-3.0,424.0
2001-05-19,11000.0,6.3e-07,Medium,1.8335,-6.8,482.0
2001-05-20,250000.0,8e-07,Medium,1.375,3.8,415.0
2001-05-21,140000.0,4.0999999999999994e-07,Low,0.8335,0.2,349.0
2001-05-22,38000.0,4.5e-07,Low,1.83325,4.1,297.0
2001-05-23,15000.0,6e-07,Medium,2.208125,0.5,306.0
2001-05-24,12000.0,5.3e-07,Medium,1.25,-0.4,421.0
2001-05-25,10000.0,4.5999999999999994e-07,Low,1.666625,2.5,515.0
2001-05-26,11000.0,4.2e-07,Low,1.2085,3.0,561.0
2001-05-27,10000.0,3.2e-07,Low,1.5415,2.3,458.0
2001-05-28,9900.0,3.9e-07,Low,3.2082499999999996,1.3,574.0
2001-05-29,9800.0,3.5e-07,Low,1.875,-1.5,444.0
2001-05-30,11000.0,3.5e-07,Low,0.6665,3.5,383.0
2001-05-31,12000.0,4.9e-07,Low,0.5,2.4,357.0
2001-06-01,15000.0,4.8e-07,Low,1.958375,3.1,336.0
2001-06-02,36000.0,7.9e-07,Medium,3.4582499999999996,-11.3,409.0
2001-06-03,28000.0,4.9e-07,Low,1.666625,-1.0,524.0
2001-06-04,59000.0,1e-06,High,1.83325,-3.3,494.0
2001-06-05,58000.0,5.599999999999999e-07,Medium,1.250125,-3.7,424.0
2001-06-06,24000.0,4.5999999999999994e-07,Low,1.6665,-3.3,386.0
2001-06-07,16000.0,6.599999999999999e-07,Medium,2.125,-2.2,369.0
2001-06-08,14000.0,7.9e-07,Medium,1.875,6.9,394.0
2001-06-09,11000.0,1.6999999999999998e-06,High,3.458375,3.0,422.0
2001-06-10,11000.0,1e-06,High,3.125,-4.1,600.0
2001-06-11,11000.0,9.3e-07,Medium,1.95825,0.4,537.0
2001-06-12,24000.0,9e-07,Medium,1.125,-0.3,486.0
2001-06-13,21000.0,1.8e-06,High,2.04175,-1.3,411.0
2001-06-14,17000.0,1.5e-06,High,1.41675,-0.4,364.0
2001-06-15,470000.0,1.1e-06,High,1.58325,-0.7,359.0
2001-06-16,1000000.0,1.4e-06,High,1.250125,-1.5,324.0
2001-06-17,260000.0,1.2e-06,High,1.625,1.0,295.0
2001-06-18,37000.0,8.1e-07,Medium,4.291625,-1.6,292.0
2001-06-19,19000.0,1.3e-06,High,2.4165,-7.1,387.0
2001-06-20,13000.0,1.4e-06,High,2.4167500000000004,1.3,626.0
2001-06-21,13000.0,1.2e-06,High,2.6667499999999995,1.3,630.0
2001-06-22,13000.0,1.3e-06,High,1.249875,-0.4,466.0
2001-06-23,12000.0,1.5e-06,High,1.24975,4.0,425.0
2001-06-24,12000.0,1.5e-06,High,1.91675,-0.9,488.0
2001-06-25,12000.0,1e-06,High,1.5,-0.4,545.0
2001-06-26,11000.0,1e-06,High,2.5415,1.8,460.0
2001-06-27,12000.0,8.8e-07,Medium,1.166625,-5.5,492.0
2001-06-28,12000.0,6.499999999999999e-07,Medium,0.333125,1.1,407.0
2001-06-29,11000.0,4e-07,Low,0.66675,2.5,342.0
2001-06-30,11000.0,4e-07,Low,1.6665,-0.4,364.0
2001-07-01,11000.0,3.8e-07,Low,1.7085,-3.6,352.0
2001-07-02,11000.0,3.4e-07,Low,1.041625,-3.6,322.0
2001-07-03,10000.0,3.1e-07,Low,1.499875,3.0,371.0
2001-07-04,11000.0,2.7e-07,Low,1.58325,-2.1,381.0
2001-07-05,11000.0,3.7e-07,Low,2.583375,1.6,399.0
2001-07-06,11000.0,2.1e-07,Low,1.95825,-0.3,423.0
2001-07-07,11000.0,1.9e-07,Low,1.25,3.6,466.0
2001-07-08,11000.0,2e-07,Low,2.625,-2.3,424.0
2001-07-09,11000.0,7.3e-07,Medium,1.749875,-6.0,438.0
2001-07-10,11000.0,3.1e-07,Low,2.0415,-0.7,395.0
2001-07-11,11000.0,3.2999999999999996e-07,Low,1.583375,-6.2,361.0
2001-07-12,13000.0,6e-07,Medium,1.75,6.6,345.0
2001-07-13,13000.0,3.6e-07,Low,1.375,2.2,382.0
2001-07-14,12000.0,3.4e-07,Low,2.333375,-2.8,414.0
2001-07-15,11000.0,7e-07,Medium,2.1251249999999997,1.3,398.0
2001-07-16,12000.0,4.3e-07,Low,2.75,-1.3,412.0
2001-07-17,11000.0,5e-07,Medium,2.916625,1.9,529.0
2001-07-18,12000.0,4.8e-07,Low,2.0,1.4,648.0
2001-07-19,12000.0,3.8e-07,Low,1.70825,1.6,635.0
2001-07-20,12000.0,3.4e-07,Low,1.1665,-0.4,541.0
2001-07-21,12000.0,4e-07,Low,1.083375,2.5,433.0
2001-07-22,11000.0,3.6e-07,Low,2.20825,0.3,390.0
2001-07-23,12000.0,3.4e-07,Low,2.25,-5.7,389.0
2001-07-24,11000.0,6.599999999999999e-07,Medium,2.583375,-2.6,362.0
2001-07-25,11000.0,4e-07,Low,3.4165,-3.4,464.0
2001-07-26,11000.0,4e-07,Low,2.2085,2.8,580.0
2001-07-27,11000.0,3.2e-07,Low,1.666625,1.3,522.0
2001-07-28,11000.0,5.9e-07,Medium,0.5415,-1.0,423.0
2001-07-29,12000.0,2.7e-07,Low,1.458375,0.6,355.0
2001-07-30,12000.0,2.4e-07,Low,1.70825,2.5,328.0
2001-07-31,12000.0,2.5e-07,Low,3.79175,-3.6,334.0
2001-08-01,12000.0,2.2e-07,Low,2.125125,-0.7,591.0
2001-08-02,11000.0,1.9e-07,Low,1.45825,2.4,464.0
2001-08-03,11000.0,3e-07,Low,2.5,-1.4,385.0
2001-08-04,11000.0,4.0999999999999994e-07,Low,1.70825,-0.5,381.0
2001-08-05,11000.0,6.8e-07,Medium,3.2917500000000004,-3.6,355.0
2001-08-06,11000.0,6.4e-07,Medium,3.1665,1.2,454.0
2001-08-07,11000.0,8.9e-07,Medium,1.791625,-2.3,433.0
2001-08-08,11000.0,8.699999999999999e-07,Medium,1.5,0.4,403.0
2001-08-09,20000.0,1.3e-06,High,1.791625,1.2,381.0
2001-08-10,490000.0,1e-06,High,1.625125,7.1,382.0
2001-08-11,60000.0,6.9e-07,Medium,0.91675,-2.5,426.0
2001-08-12,16000.0,6.9e-07,Medium,2.33325,-2.0,343.0
2001-08-13,12000.0,9.699999999999998e-07,Medium,3.416625,2.1,420.0
2001-08-14,14000.0,5.9e-07,Medium,2.375,0.2,431.0
2001-08-15,34000.0,4.8e-07,Low,1.375125,-1.2,467.0
2001-08-16,14000000.0,3.9e-07,Low,0.7084999999999999,1.3,397.0
2001-08-17,5900000.0,4.3e-07,Low,3.5832499999999996,-0.1,346.0
2001-08-18,940000.0,5.9e-07,Medium,2.8332499999999996,12.1,591.0
2001-08-19,560000.0,6.499999999999999e-07,Medium,1.7915,1.6,484.0
2001-08-20,390000.0,8.1e-07,Medium,1.500125,0.9,407.0
2001-08-21,320000.0,1.1e-06,High,2.5417500000000004,5.2,406.0
2001-08-22,230000.0,1.2e-06,High,3.2082499999999996,2.9,547.0
2001-08-23,170000.0,2.7e-06,High,1.833375,-1.5,558.0
2001-08-24,130000.0,1e-06,High,0.666625,1.0,427.0
2001-08-25,120000.0,7.2e-06,High,2.08325,0.5,356.0
2001-08-26,80000.0,2e-06,High,2.375,-0.9,423.0
2001-08-27,58000.0,1.4e-06,High,2.416625,0.0,387.0
2001-08-28,33000.0,2.5e-06,High,2.333375,-4.3,574.0
2001-08-29,20000.0,1.4e-06,High,1.416625,0.0,489.0
2001-08-30,16000.0,1.2e-06,High,2.1251249999999997,0.7,446.0
2001-08-31,11000.0,8.699999999999999e-07,Medium,2.583375,-1.5,407.0
2001-09-01,11000.0,7.5e-07,Medium,1.083375,0.1,427.0
2001-09-02,11000.0,7.4e-07,Medium,1.083375,2.6,371.0
2001-09-03,11000.0,1.2e-06,High,3.0832499999999996,2.2,394.0
2001-09-04,11000.0,2e-06,High,2.9165,-2.0,543.0
2001-09-05,11000.0,3.7e-06,High,1.7915,-2.3,475.0
2001-09-06,11000.0,5e-06,High,1.375,-1.2,425.0
2001-09-07,12000.0,3e-06,High,0.6251249999999999,3.8,367.0
2001-09-08,12000.0,2.4e-06,High,1.45825,-4.4,363.0
2001-09-09,12000.0,1.8e-06,High,1.0,1.6,348.0
2001-09-10,12000.0,1.6999999999999998e-06,High,0.791625,2.6,290.0
2001-09-11,13000.0,2.8e-06,High,1.916625,-1.8,282.0
2001-09-12,13000.0,1.9e-06,High,2.6251249999999997,-4.5,405.0
2001-09-13,17000.0,1.6999999999999998e-06,High,2.8333749999999993,7.1,371.0
2001-09-14,18000.0,2e-06,High,1.958125,3.3,371.0
2001-09-15,210000.0,2e-06,High,3.416875,-2.0,453.0
2001-09-16,52000.0,1.6e-06,High,1.875,0.0,543.0
2001-09-17,14000.0,2e-06,High,1.54175,2.2,479.0
2001-09-18,16000.0,1.6999999999999998e-06,High,2.041875,3.1,416.0
2001-09-19,18000.0,1.5e-06,High,1.958375,4.3,431.0
2001-09-20,15000.0,1.8e-06,High,1.16675,0.3,376.0
2001-09-21,13000.0,1.5e-06,High,0.958375,-0.6,331.0
2001-09-22,12000.0,1.6e-06,High,1.9165,0.5,323.0
2001-09-23,11000.0,2.2e-06,High,4.208375,2.8,342.0
2001-09-24,31000000.0,1.8e-06,High,1.916875,3.3,489.0
2001-09-25,270000000.0,2.5e-06,High,2.583375,2.6,399.0
2001-09-26,230000000.0,1.9e-06,High,3.375125,-1.9,644.0
2001-09-27,40000000.0,1.8e-06,High,2.3332499999999996,2.3,461.0
2001-09-28,12000000.0,1.9e-06,High,2.875,-1.6,537.0
2001-09-29,4300000.0,2.9e-06,High,3.875,-3.9,503.0
2001-09-30,980000.0,2e-06,High,3.625,-3.6,596.0
2001-10-01,11000000.0,1.6e-06,High,4.833375,-5.5,539.0
2001-10-02,56000000.0,2.5e-06,High,4.958375,-5.6,528.0
2001-10-03,6800000.0,2.2e-06,High,5.41675,4.0,492.0
2001-10-04,1600000.0,1.2e-06,High,3.083375,1.4,542.0
2001-10-05,600000.0,1.2e-06,High,1.70825,-0.3,427.0
2001-10-06,420000.0,1.5e-06,High,1.75,1.0,418.0
2001-10-07,500000.0,7.5e-07,Medium,0.75,2.2,379.0
2001-10-08,360000.0,8.4e-07,Medium,2.958375,0.6,318.0
2001-10-09,170000.0,9.1e-07,Medium,3.041625,-0.8,433.0
2001-10-10,260000.0,9e-07,Medium,1.875,1.5,420.0
2001-10-11,100000.0,9.3e-07,Medium,3.0,-3.1,391.0
2001-10-12,30000.0,8e-07,Medium,4.083375,0.9,536.0
2001-10-13,19000.0,6.499999999999999e-07,Medium,2.375,-0.4,438.0
2001-10-14,15000.0,8.9e-07,Medium,2.66675,1.5,421.0
2001-10-15,14000.0,8.9e-07,Medium,2.16675,-0.6,434.0
2001-10-16,15000.0,9.5e-07,Medium,1.91675,0.5,398.0
2001-10-17,13000.0,1.3e-06,High,1.041625,-2.4,402.0
2001-10-18,12000.0,1.6e-06,High,0.75,1.0,304.0
2001-10-19,420000.0,2.2e-06,High,1.91675,4.9,297.0
2001-10-20,450000.0,2.4e-06,High,2.4582499999999996,3.5,340.0
2001-10-21,120000.0,1.1e-06,High,4.0,-2.0,358.0
2001-10-22,310000.0,1.3e-06,High,6.083375,-6.1,652.0
2001-10-23,520000.0,2e-06,High,2.5832499999999996,1.9,534.0
2001-10-24,230000.0,1e-06,High,0.33325,1.5,429.0
2001-10-25,130000.0,1.4e-06,High,1.666625,0.2,371.0
2001-10-26,81000.0,1.3e-06,High,1.16675,1.2,394.0
2001-10-27,53000.0,1.3e-06,High,1.375125,-0.1,404.0
2001-10-28,55000.0,2.2e-06,High,4.500125,-4.0,357.0
2001-10-29,14000.0,1.5e-06,High,2.9167500000000004,0.5,462.0
2001-10-30,12000.0,1.8e-06,High,1.749875,-1.7,374.0
2001-10-31,12000.0,1.9e-06,High,2.1665,-0.7,349.0
2001-11-01,11000.0,1.5e-06,High,3.3751249999999997,-11.1,378.0
2001-11-02,12000.0,7.499999999999999e-06,High,1.16675,8.4,310.0
2001-11-03,12000.0,1.2e-06,High,0.33325,0.2,352.0
2001-11-04,20000000.0,1.6999999999999998e-06,High,1.291625,-0.4,318.0
2001-11-05,530000000.0,3.2999999999999997e-06,High,2.791625,5.0,328.0
2001-11-06,620000000.0,2.7e-06,High,6.75,-10.8,420.0
2001-11-07,26000000.0,1.6999999999999998e-06,High,2.9167500000000004,-3.8,703.0
2001-11-08,6700000.0,2.4e-06,High,1.541625,-2.6,596.0
2001-11-09,1300000.0,2.2e-06,High,1.25,0.0,493.0
2001-11-10,650000.0,2e-06,High,1.625,0.9,455.0
2001-11-11,290000.0,2.8e-06,High,1.33325,-2.4,403.0
2001-11-12,130000.0,1.2e-06,High,0.5415,-0.1,465.0
2001-11-13,67000.0,1.5e-06,High,1.000125,-1.2,392.0
2001-11-14,31000.0,1e-06,High,0.66675,2.4,357.0
2001-11-15,24000.0,1.5e-06,High,1.541625,3.5,286.0
2001-11-16,23000.0,9.1e-07,Medium,1.874875,5.8,360.0
2001-11-17,59000.0,9.8e-07,Medium,2.75,2.7,408.0
2001-11-18,230000.0,9.9e-07,Medium,2.416625,0.2,426.0
2001-11-19,1000000.0,8.4e-07,Medium,3.3748750000000003,-2.2,379.0
2001-11-20,1100000.0,8.699999999999999e-07,Medium,1.499875,-3.4,511.0
2001-11-21,230000.0,8.699999999999999e-07,Medium,1.041625,1.4,388.0
2001-11-22,120000.0,8.1e-07,Medium,2.208375,3.3,362.0
2001-11-23,250000000.0,1.5000000000000002e-05,High,2.75,-4.1,461.0
2001-11-24,380000000.0,9e-07,Medium,5.8332500000000005,1.0,455.0
2001-11-25,8700000.0,9.6e-07,Medium,1.9585,10.7,773.0
2001-11-26,2100000.0,1.9e-06,High,1.0835,2.2,603.0
2001-11-27,960000.0,8.1e-07,Medium,0.458375,0.2,466.0
2001-11-28,510000.0,1.3e-06,High,0.541625,0.0,430.0
2001-11-29,190000.0,1.1e-06,High,0.6665,1.8,427.0
2001-11-30,110000.0,1.4e-06,High,0.4998749999999999,-0.7,375.0
2001-12-01,51000.0,1.9e-06,High,1.62525,0.5,361.0
2001-12-02,23000.0,1.6e-06,High,1.20825,5.3,371.0
2001-12-03,19000.0,3.6e-06,High,1.874875,8.2,351.0
2001-12-04,14000.0,1.5e-06,High,2.375,0.8,485.0
2001-12-05,13000.0,1.2e-06,High,2.375,-5.6,453.0
2001-12-06,12000.0,1e-06,High,2.54175,-0.2,434.0
2001-12-07,11000.0,1.4e-06,High,1.625,0.3,454.0
2001-12-08,10000.0,1.3e-06,High,1.54175,-0.6,463.0
2001-12-09,11000.0,1.5e-06,High,0.625,2.9,405.0
2001-12-10,12000.0,1.3e-06,High,0.833375,0.0,382.0
2001-12-11,18000.0,2.8e-06,High,1.041875,0.8,343.0
2001-12-12,57000.0,1.6e-06,High,2.583125,1.1,357.0
2001-12-13,26000.0,2.1e-06,High,0.875,-5.5,333.0
2001-12-14,15000.0,1.6e-06,High,1.16675,1.0,286.0
2001-12-15,13000.0,4.1e-06,High,2.20825,1.4,338.0
2001-12-16,37000.0,1.6e-06,High,2.33325,9.6,479.0
2001-12-17,25000.0,1e-06,High,3.000125,0.2,447.0
2001-12-18,15000.0,1e-06,High,2.16675,0.8,452.0
2001-12-19,15000.0,1.5e-06,High,2.041625,-1.9,430.0
2001-12-20,14000.0,1.5e-06,High,1.166625,3.4,377.0
2001-12-21,14000.0,1.6e-06,High,2.625,0.1,353.0
2001-12-22,13000.0,1.2e-06,High,2.0,-1.5,397.0
2001-12-23,13000.0,1.2e-06,High,1.75,-0.7,356.0
2001-12-24,12000.0,2.2e-06,High,3.5832500000000005,4.8,362.0
2001-12-25,13000.0,2.4e-06,High,2.1251249999999997,0.8,495.0
2001-12-26,24000000.0,2.9e-06,High,1.5,-3.4,395.0
2001-12-27,3800000.0,3.6e-06,High,1.708375,-3.7,391.0
2001-12-28,770000.0,2.6e-06,High,1.208375,2.3,347.0
2001-12-29,1600000.0,1.6000000000000003e-05,High,2.5,2.6,358.0
2001-12-30,860000.0,8.4e-06,High,3.3332500000000005,-5.9,363.0
2001-12-31,5900000.0,2.7e-06,High,2.7498750000000003,-1.6,648.0
2002-01-01,5000000.0,1.6e-06,High,1.916625,-1.1,459.0
2002-01-02,3700000.0,2.7e-06,High,1.91675,-1.9,402.0
2002-01-03,2300000.0,2.2999999999999996e-06,High,0.500125,0.5,360.0
2002-01-04,1400000.0,1.9e-06,High,0.6668749999999999,-1.4,320.0
2002-01-05,670000.0,1.9e-06,High,0.4997500000000001,-4.1,291.0
2002-01-06,280000.0,1.4e-06,High,0.499875,2.3,277.0
2002-01-07,110000.0,1.2e-06,High,1.70825,3.5,330.0
2002-01-08,68000.0,1e-06,High,2.16675,-3.7,392.0
2002-01-09,49000.0,4.2e-06,High,0.583375,4.5,369.0
2002-01-10,480000.0,2.5e-06,High,2.9998750000000003,-2.9,359.0
2002-01-11,5200000.0,2.1e-06,High,3.916499999999999,-1.1,604.0
2002-01-12,2000000.0,1.5e-06,High,3.1251249999999997,-0.7,596.0
2002-01-13,950000.0,1.6e-06,High,2.7498750000000003,0.6,540.0
2002-01-14,560000.0,2e-06,High,2.0,1.7,497.0
2002-01-17,390000.0,1.8e-06,High,2.1248750000000003,-2.7,356.0
2002-01-18,160000.0,1.1e-06,High,1.20825,-1.3,397.0
2002-01-19,56000.0,1e-06,High,2.5417500000000004,1.8,280.0
2002-01-20,31000.0,1.1e-06,High,2.2501249999999997,-0.3,404.0
2002-01-21,28000.0,1.1e-06,High,2.54175,-2.1,450.0
2002-01-22,27000.0,1e-06,High,1.583375,1.6,391.0
2002-01-23,24000.0,1.3e-06,High,2.083375,-2.8,368.0
2002-01-24,22000.0,1.2e-06,High,0.8748750000000001,-1.5,368.0
2002-01-25,32000.0,1.6999999999999998e-06,High,2.0835,-0.2,338.0
2002-01-26,38000.0,2.1e-06,High,1.95825,-1.7,406.0
2002-01-27,170000.0,2e-06,High,1.958375,-3.6,380.0
2002-01-28,70000.0,1.4e-06,High,1.875,0.0,365.0
2002-01-29,30000.0,1.6999999999999998e-06,High,1.125125,-3.8,380.0
2002-01-30,19000.0,1.6e-06,High,0.583375,-1.1,367.0
2002-01-31,18000.0,1.6999999999999998e-06,High,1.33325,-4.4,312.0
2002-02-01,13000.0,1.3e-06,High,2.7082499999999996,-10.4,370.0
2002-02-02,11000.0,1e-06,High,3.2082499999999996,-1.6,345.0
2002-02-03,12000.0,1.1e-06,High,1.125,0.6,403.0
2002-02-04,11000.0,9.6e-07,Medium,1.416625,2.1,346.0
2002-02-05,13000.0,1.5e-06,High,3.4582500000000005,-1.7,351.0
2002-02-06,12000.0,1.3e-06,High,3.5417499999999995,4.9,527.0
2002-02-07,12000.0,1e-06,High,2.916625,-0.8,619.0
2002-02-08,13000.0,1.3e-06,High,2.541625,0.2,565.0
2002-02-09,13000.0,1.4e-06,High,2.458375,-1.7,480.0
2002-02-10,13000.0,1.4e-06,High,2.083375,-0.3,441.0
2002-02-11,12000.0,9.5e-07,Medium,2.8332500000000005,1.1,434.0
2002-02-12,13000.0,9.6e-07,Medium,2.0413750000000004,1.0,574.0
2002-02-13,13000.0,1e-06,High,2.4582499999999996,4.1,511.0
2002-02-14,11000.0,1e-06,High,0.583375,2.2,462.0
2002-02-15,12000.0,7.4e-07,Medium,0.833375,1.0,399.0
2002-02-16,12000.0,6.9e-07,Medium,1.20825,-2.4,331.0
2002-02-17,13000.0,6.9e-07,Medium,2.45825,-3.8,360.0
2002-02-18,12000.0,7.2e-07,Medium,2.2501249999999997,-0.5,392.0
2002-02-19,12000.0,7.599999999999999e-07,Medium,1.41675,4.7,355.0
2002-02-20,160000.0,9.5e-07,Medium,1.9585,-0.4,418.0
2002-02-21,48000.0,1.4e-06,High,2.0,1.8,460.0
2002-02-22,18000.0,5e-06,High,1.833375,3.7,428.0
2002-02-23,13000.0,1.1e-06,High,1.0,-2.2,391.0
2002-02-24,12000.0,7.799999999999999e-07,Medium,1.416625,-1.7,349.0
2002-02-25,11000.0,1.2e-06,High,1.666625,-2.7,326.0
2002-02-26,11000.0,1.6e-06,High,2.0001249999999997,-3.9,327.0
2002-02-27,12000.0,1.5e-06,High,1.375125,-3.4,343.0
2002-02-28,11000.0,5e-06,High,3.5,-2.5,310.0
2002-03-01,11000.0,1.4e-06,High,1.79175,-11.4,401.0
2002-03-02,11000.0,1.1e-06,High,1.458125,-0.2,364.0
2002-03-03,11000.0,9.8e-07,Medium,2.416625,0.4,393.0
2002-03-04,11000.0,7.3e-07,Medium,2.3751249999999997,4.2,391.0
2002-03-05,11000.0,6.4e-07,Medium,3.4998750000000003,1.8,569.0
2002-03-06,13000.0,9.9e-07,Medium,3.166625,1.7,638.0
2002-03-07,13000.0,7.2e-07,Medium,2.125,2.8,620.0
2002-03-08,14000.0,1e-06,High,1.0415,0.7,513.0
2002-03-09,14000.0,1e-06,High,1.16675,1.3,429.0
2002-03-10,13000.0,2e-06,High,1.7915,4.5,399.0
2002-03-11,13000.0,8.099999999999999e-06,High,2.208375,-4.9,388.0
2002-03-12,12000.0,2.5e-06,High,2.5,2.4,435.0
2002-03-13,13000.0,8e-07,Medium,1.25,-1.1,453.0
2002-03-14,14000.0,2.1e-06,High,0.58325,1.5,414.0
2002-03-15,14000.0,4.7e-07,Low,1.124875,0.6,367.0
2002-03-16,120000.0,8e-06,High,0.791625,6.4,335.0
2002-03-17,460000.0,7e-07,Medium,0.375,2.5,286.0
2002-03-18,960000.0,6e-07,Medium,2.375,-3.2,281.0
2002-03-19,1900000.0,6.3e-07,Medium,2.666625,-8.9,414.0
2002-03-20,510000.0,5.5e-07,Medium,1.6665,12.6,376.0
2002-03-21,130000.0,2.1e-06,High,1.791625,3.3,488.0
2002-03-22,240000.0,7.1e-07,Medium,1.458375,0.8,431.0
2002-03-23,680000.0,8.599999999999999e-07,Medium,2.29175,2.3,422.0
2002-03-24,57000.0,6.499999999999999e-07,Medium,4.666625,-7.3,485.0
2002-03-25,15000.0,7.5e-07,Medium,1.708375,1.4,416.0
2002-03-26,11000.0,5.599999999999999e-07,Medium,2.541625,6.9,416.0
2002-03-27,11000.0,6.1e-07,Medium,0.8751249999999999,1.3,482.0
2002-03-28,10000.0,8.1e-07,Medium,0.54175,2.4,404.0
2002-03-29,11000.0,7.699999999999999e-07,Medium,0.999875,1.1,357.0
2002-03-30,12000.0,1.8e-06,High,3.3748750000000003,16.7,380.0
2002-03-31,11000.0,1.4e-06,High,3.416625,4.9,627.0
2002-04-01,12000.0,1e-06,High,3.2082499999999996,2.2,722.0
2002-04-02,12000.0,1.4e-06,High,2.5832499999999996,2.3,670.0
2002-04-03,11000.0,8.1e-07,Medium,2.791625,-0.5,625.0
2002-04-04,11000.0,1e-06,High,1.37525,1.4,539.0
2002-04-05,11000.0,1.3e-06,High,0.7497500000000001,2.9,427.0
2002-04-06,12000.0,1.1e-06,High,0.95825,6.9,383.0
2002-04-07,12000.0,1.5e-06,High,1.75,0.0,355.0
2002-04-08,12000.0,1.1e-06,High,0.41675,3.0,418.0
2002-04-09,12000.0,1.3e-06,High,0.708375,0.1,338.0
2002-04-10,12000.0,1.2e-06,High,1.33325,4.2,298.0
2002-04-11,25000.0,1e-06,High,2.9163749999999995,6.5,312.0
2002-04-12,28000.0,9.3e-07,Medium,3.0001249999999997,-1.1,456.0
2002-04-13,13000.0,1.1e-06,High,3.2082499999999996,-2.5,422.0
2002-04-14,15000.0,2.4e-06,High,2.2914999999999996,-1.0,409.0
2002-04-15,18000.0,5.4e-06,High,1.45825,7.5,390.0
2002-04-16,12000.0,1.9e-06,High,1.625125,-3.2,351.0
2002-04-17,470000.0,1e-06,High,4.75,-4.3,333.0
2002-04-18,310000.0,1.3e-06,High,5.2917499999999995,-2.4,522.0
2002-04-19,190000.0,8.599999999999999e-07,Medium,5.25,-3.6,453.0
2002-04-20,35000.0,1e-06,High,5.333375,9.6,586.0
2002-04-21,130000000.0,1.3e-06,High,1.375,3.3,482.0
2002-04-22,80000000.0,1e-06,High,2.29175,-1.0,451.0
2002-04-23,14000000.0,9.9e-07,Medium,3.541499999999999,4.6,401.0
2002-04-24,5600000.0,9.2e-07,Medium,1.83325,-1.2,495.0
2002-04-25,1200000.0,5.9e-07,Medium,0.66675,0.3,481.0
2002-04-26,650000.0,4.9e-07,Low,0.708125,0.0,418.0
2002-04-27,360000.0,7.2e-07,Medium,2.2498750000000003,1.3,406.0
2002-04-28,130000.0,4.4e-07,Low,3.3332499999999996,-0.5,489.0
2002-04-29,63000.0,7.1e-07,Medium,2.125,3.2,489.0
2002-04-30,47000.0,9.4e-07,Medium,1.75,1.7,547.0
2002-05-01,120000.0,6.1e-07,Medium,0.875,3.3,427.0
2002-05-02,31000.0,6e-07,Medium,1.25,-1.0,405.0
2002-05-03,23000.0,1.1e-06,High,1.291625,-0.2,435.0
2002-05-04,22000.0,8.9e-07,Medium,1.166875,3.7,407.0
2002-05-05,19000.0,6.699999999999999e-07,Medium,0.70825,-0.2,356.0
2002-05-06,17000.0,6.2e-07,Medium,1.75,-0.4,328.0
2002-05-07,16000.0,2.6e-06,High,1.95825,3.3,402.0
2002-05-08,18000.0,6.2e-07,Medium,1.958375,-3.9,385.0
2002-05-09,16000.0,7.5e-07,Medium,1.458375,-2.1,363.0
2002-05-10,14000.0,1.2e-06,High,2.875,-1.6,379.0
2002-05-11,12000.0,8.3e-07,Medium,4.0417499999999995,-2.2,364.0
2002-05-12,12000.0,7.2e-07,Medium,2.8333749999999993,-4.8,428.0
2002-05-13,11000.0,7.5e-07,Medium,1.791625,-1.6,499.0
2002-05-14,11000.0,8.199999999999999e-07,Medium,4.0835,-3.5,422.0
2002-05-15,11000.0,8e-07,Medium,2.541625,-2.9,413.0
2002-05-16,11000.0,2.1e-06,High,1.833375,-1.0,366.0
2002-05-17,12000.0,7.2e-07,Medium,1.2915,2.7,345.0
2002-05-18,12000.0,7e-07,Medium,2.0415,-2.1,366.0
2002-05-19,10000.0,7.599999999999999e-07,Medium,1.791625,5.6,474.0
2002-05-20,11000.0,1.3e-06,High,2.291625,4.1,425.0
2002-05-21,11000.0,9.3e-07,Medium,2.0,-3.0,454.0
2002-05-22,1000000.0,4.7e-06,High,1.958375,6.4,388.0
2002-05-23,6800000.0,5.8e-07,Medium,4.7917499999999995,2.7,404.0
2002-05-24,960000.0,5.599999999999999e-07,Medium,0.3748749999999999,-0.3,842.0
2002-05-25,54000.0,6.2e-07,Medium,0.9165,4.3,450.0
2002-05-26,30000.0,8.4e-07,Medium,1.6665,2.4,448.0
2002-05-27,15000.0,8.499999999999999e-07,Medium,3.458375,-2.7,455.0
2002-05-28,11000.0,1.4e-06,High,2.2498750000000003,1.0,744.0
2002-05-29,12000.0,1.3e-06,High,1.625125,0.4,624.0
2002-05-30,14000.0,9.699999999999998e-07,Medium,1.541625,2.4,477.0
2002-05-31,12000.0,1.9e-06,High,0.7501249999999999,3.2,404.0
2002-06-01,11000.0,1.1e-06,High,0.83325,1.7,317.0
2002-06-02,12000.0,1.6e-06,High,3.041625,-6.9,351.0
2002-06-03,13000.0,9e-07,Medium,2.166625,-2.6,421.0
2002-06-04,12000.0,4.5999999999999994e-07,Low,2.708375,-2.4,431.0
2002-06-05,12000.0,4.4e-07,Low,1.5415,-1.4,449.0
2002-06-06,12000.0,4e-07,Low,1.124875,-0.6,386.0
2002-06-07,12000.0,3.9e-07,Low,1.249875,0.5,327.0
2002-06-08,12000.0,4.3e-07,Low,2.4585,0.6,302.0
2002-06-09,13000.0,3.9e-07,Low,2.0835,-2.2,420.0
2002-06-10,12000.0,6.2e-07,Medium,2.7917500000000004,2.2,463.0
2002-06-11,10000.0,5.8e-07,Medium,2.08325,0.9,382.0
2002-06-12,11000.0,5.4e-07,Medium,1.625125,-1.1,380.0
2002-06-13,11000.0,4.4e-07,Low,1.83325,2.2,353.0
2002-06-14,11000.0,5.2e-07,Medium,1.0001250000000002,-1.8,368.0
2002-06-15,11000.0,9.2e-07,Medium,0.91675,-0.5,361.0
2002-06-16,11000.0,4.4e-07,Low,1.875125,-1.7,332.0
2002-06-17,11000.0,3.7e-07,Low,1.125,-3.2,377.0
2002-06-18,11000.0,4.7e-07,Low,2.083375,2.2,343.0
2002-06-19,11000.0,4.2e-07,Low,2.5,0.2,381.0
2002-06-20,11000.0,4.5e-07,Low,1.375125,0.0,481.0
2002-06-21,11000.0,4.4e-07,Low,1.7915,0.6,438.0
2002-06-22,12000.0,4.2e-07,Low,1.458375,-0.2,426.0
2002-06-23,13000.0,4.8e-07,Low,2.20825,3.6,395.0
2002-06-24,12000.0,3.2e-07,Low,1.375,0.8,476.0
2002-06-25,12000.0,3.2e-07,Low,1.875,-1.6,453.0
2002-06-26,11000.0,3.6e-07,Low,1.291625,-0.4,476.0
2002-06-27,13000.0,2.9e-07,Low,0.458125,2.0,423.0
2002-06-28,12000.0,3.2999999999999996e-07,Low,0.499875,2.5,358.0
2002-06-29,13000.0,3.9e-07,Low,1.2915,-1.6,341.0
2002-06-30,12000.0,5.9e-07,Medium,2.666625,-2.9,373.0
2002-07-01,12000.0,5.9e-07,Medium,2.708375,2.4,360.0
2002-07-02,13000.0,5.4e-07,Medium,1.166625,1.1,458.0
2002-07-03,12000.0,7.5e-07,Medium,0.916875,1.6,387.0
2002-07-04,16000.0,1.4e-06,High,1.041625,-1.3,330.0
2002-07-05,22000.0,4.7e-07,Low,2.4998750000000003,-3.3,316.0
2002-07-06,13000.0,4.5e-07,Low,3.624875,-0.7,431.0
2002-07-07,470000.0,6.599999999999999e-07,Medium,1.9165,-0.2,512.0
2002-07-08,520000.0,5.3e-07,Medium,1.875,-2.4,413.0
2002-07-09,120000.0,6.499999999999999e-07,Medium,2.708375,-4.3,417.0
2002-07-10,100000.0,4.4e-07,Low,1.875,0.2,471.0
2002-07-11,41000.0,5.2e-07,Medium,1.333375,0.5,407.0
2002-07-12,19000.0,6.499999999999999e-07,Medium,3.16675,-3.3,392.0
2002-07-13,13000.0,1.3e-06,High,1.583375,1.1,501.0
2002-07-14,12000.0,3.8e-07,Low,0.5,0.4,439.0
2002-07-15,12000.0,7.3e-07,Medium,1.041625,2.1,334.0
2002-07-16,730000.0,2e-06,High,2.458375,-0.6,343.0
2002-07-17,6400000.0,7.599999999999999e-07,Medium,3.25,1.8,410.0
2002-07-18,1300000.0,7.4e-07,Medium,1.16675,0.9,476.0
2002-07-19,520000.0,9.699999999999998e-07,Medium,1.95825,6.1,455.0
2002-07-20,110000.0,1.3e-06,High,3.041625,-5.8,744.0
2002-07-21,260000.0,8.599999999999999e-06,High,3.166625,-1.7,633.0
2002-07-22,1400000.0,9.3e-07,Medium,3.041625,0.7,504.0
2002-07-23,2000000.0,8.599999999999999e-06,High,3.0417500000000004,-0.7,502.0
2002-07-24,1700000.0,1.3e-06,High,1.79175,3.0,444.0
2002-07-25,1200000.0,1.3e-06,High,2.6251249999999997,-0.7,432.0
2002-07-26,870000.0,1.8e-06,High,2.66675,0.0,513.0
2002-07-27,580000.0,9.8e-06,High,3.2082499999999996,-4.5,412.0
2002-07-28,300000.0,1.2e-06,High,2.41675,0.7,450.0
2002-07-29,160000.0,4.599999999999999e-06,High,2.166625,0.6,469.0
2002-07-30,68000.0,1.4e-06,High,1.58325,4.4,433.0
2002-07-31,23000.0,1.6999999999999998e-06,High,1.708375,0.7,397.0
2002-08-01,12000.0,1.9e-06,High,3.541625,1.9,370.0
2002-08-02,8500.0,1.2e-06,High,4.458375,-12.5,480.0
2002-08-03,10000.0,1.3e-06,High,2.7501249999999997,-5.0,452.0
2002-08-04,16000.0,1.5e-06,High,2.4582500000000005,6.8,433.0
2002-08-05,13000.0,9.5e-07,Medium,1.166625,5.4,454.0
2002-08-06,12000.0,8e-07,Medium,0.916625,1.3,405.0
2002-08-07,12000.0,6.8e-07,Medium,1.125,0.2,379.0
2002-08-08,13000.0,5.5e-07,Medium,1.541625,1.3,318.0
2002-08-09,14000.0,6.8e-07,Medium,2.583375,1.5,347.0
2002-08-10,13000.0,8e-07,Medium,2.8335,-1.2,428.0
2002-08-11,18000.0,8.499999999999999e-07,Medium,2.5,0.2,416.0
2002-08-12,18000.0,8.9e-07,Medium,2.5835,2.5,465.0
2002-08-13,18000.0,9.3e-07,Medium,2.0,-2.6,483.0
2002-08-14,490000.0,1.2e-06,High,2.541875,0.0,456.0
2002-08-15,170000.0,1.1e-06,High,3.2498750000000003,0.3,561.0
2002-08-16,35000.0,1.6e-06,High,2.291625,0.3,565.0
2002-08-17,240000.0,1.9e-06,High,1.95825,3.3,535.0
2002-08-18,120000.0,1.6e-06,High,2.8748750000000003,-3.1,442.0
2002-08-19,160000.0,1.6999999999999998e-06,High,4.041625,-2.7,559.0
2002-08-20,67000.0,1.5e-06,High,3.416625,-3.3,482.0
2002-08-21,19000.0,1.8e-06,High,3.958250000000001,-9.0,459.0
2002-08-22,1300000.0,1.9e-06,High,1.79175,-1.2,432.0
2002-08-23,240000.0,1.6999999999999998e-06,High,1.66675,6.3,404.0
2002-08-24,17000000.0,3e-06,High,1.083375,0.6,398.0
2002-08-25,6800000.0,1.1e-06,High,1.29175,0.6,347.0
2002-08-26,910000.0,3.5e-06,High,2.958375,-3.4,307.0
2002-08-27,130000.0,7.4e-07,Medium,2.7501249999999997,2.7,379.0
2002-08-28,25000.0,1e-06,High,1.83325,5.9,397.0
2002-08-29,14000.0,2.2999999999999996e-06,High,1.875,-1.4,471.0
2002-08-30,11000.0,1.3e-06,High,1.91675,4.5,412.0
2002-08-31,11000.0,1.3e-06,High,1.791625,-0.3,349.0
2002-09-01,11000.0,1.6999999999999998e-06,High,2.333375,-3.6,361.0
2002-09-02,11000.0,9.4e-07,Medium,1.833375,-4.6,331.0
2002-09-03,12000.0,1.3e-06,High,1.5,2.2,342.0
2002-09-04,12000.0,9.699999999999998e-07,Medium,4.583375000000001,-1.1,365.0
2002-09-05,11000.0,6.4e-07,Medium,1.833375,-0.3,455.0
2002-09-06,300000.0,7.5e-07,Medium,1.83325,1.2,422.0
2002-09-07,2100000.0,9.4e-07,Medium,4.208375,-3.0,393.0
2002-09-08,300000.0,8.3e-07,Medium,3.4167500000000004,-11.3,506.0
2002-09-09,54000.0,9.6e-07,Medium,1.79175,5.6,508.0
2002-09-10,25000.0,9.3e-07,Medium,3.5417500000000004,-3.1,445.0
2002-09-11,17000.0,8.699999999999999e-07,Medium,3.708375,3.9,425.0
2002-09-12,14000.0,7e-07,Medium,2.875,-1.2,485.0
2002-09-13,12000.0,7.5e-07,Medium,2.3332499999999996,-0.8,506.0
2002-09-14,11000.0,6.499999999999999e-07,Medium,1.916625,0.6,459.0
2002-09-15,12000.0,7.699999999999999e-07,Medium,1.625,-1.5,396.0
2002-09-16,12000.0,9e-07,Medium,1.374875,0.2,367.0
2002-09-17,12000.0,6.699999999999999e-07,Medium,2.3751249999999997,5.6,420.0
2002-09-18,11000.0,1.1e-06,High,2.8751249999999997,-1.2,457.0
2002-09-19,11000.0,6.4e-07,Medium,2.79175,0.0,533.0
2002-09-20,11000.0,8.199999999999999e-07,Medium,1.0,1.8,600.0
2002-09-21,10000.0,7.599999999999999e-07,Medium,1.54175,2.6,410.0
2002-09-22,11000.0,5.2e-07,Medium,1.708375,-0.7,401.0
2002-09-23,9800.0,9.699999999999998e-07,Medium,0.4167499999999999,1.2,388.0
2002-09-24,11000.0,4.8e-07,Low,0.583125,3.7,373.0
2002-09-25,11000.0,6e-07,Medium,0.499875,4.5,347.0
2002-09-26,11000.0,7.9e-07,Medium,1.3335,-1.4,390.0
2002-09-27,12000.0,6.2e-07,Medium,1.458375,-6.3,298.0
2002-09-28,10000.0,1.3e-06,High,1.20825,-2.4,312.0
2002-09-29,11000.0,6e-07,Medium,0.875,6.7,307.0
2002-09-30,10000.0,9e-07,Medium,3.833375,3.0,287.0
2002-10-22,10000.0,7.1e-07,Medium,2.2085,0.7,553.0
2002-10-23,10000.0,6.699999999999999e-07,Medium,2.33325,0.4,451.0
2002-10-24,11000.0,4.8e-07,Low,5.458375,-2.0,429.0
2002-10-25,11000.0,5.5e-07,Medium,4.45825,-5.7,768.0
2002-10-26,10000.0,5.4e-07,Medium,3.958375,-0.8,623.0
2002-10-27,11000.0,6e-07,Medium,3.750125,0.5,556.0
2002-10-28,11000.0,6.9e-07,Medium,3.291625,-1.3,610.0
2002-10-29,12000.0,9.4e-07,Medium,2.875125,2.2,603.0
2002-10-30,17000.0,2.2999999999999996e-06,High,2.875,1.0,427.0
2002-10-31,50000.0,1.1e-06,High,3.3748750000000003,-3.9,429.0
2002-11-01,74000.0,7e-07,Medium,1.83325,0.7,442.0
2002-11-02,92000.0,6.3e-07,Medium,3.958375,-0.7,449.0
2002-11-03,59000.0,6.4e-07,Medium,4.41675,-4.0,473.0
2002-11-04,35000.0,8.3e-07,Medium,3.66675,-0.7,469.0
2002-11-05,17000.0,7.3e-07,Medium,3.708375,-0.1,508.0
2002-11-06,12000.0,6.699999999999999e-07,Medium,3.583125,0.2,525.0
2002-11-07,11000.0,7.2e-07,Medium,2.708375,-0.4,584.0
2002-11-08,11000.0,8.4e-07,Medium,1.20825,-0.7,478.0
2002-11-09,1000000.0,1.2e-06,High,1.291875,-1.3,381.0
2002-11-10,10000000.0,1.2e-06,High,2.833375,9.6,399.0
2002-11-11,490000.0,1.4e-06,High,2.541625,5.0,415.0
2002-11-12,65000.0,8.3e-07,Medium,3.0,2.6,600.0
2002-11-13,17000.0,1.1e-06,High,2.625125,-1.4,519.0
2002-11-14,13000.0,1.1e-06,High,2.083375,-2.8,492.0
2002-11-15,12000.0,1.2e-06,High,2.625,-0.9,471.0
2002-11-16,12000.0,1e-06,High,1.541625,-2.6,466.0
2002-11-17,11000.0,1e-06,High,1.583375,0.3,471.0
2002-11-18,9100.0,8.499999999999999e-07,Medium,2.291625,-6.7,380.0
2002-11-19,8600.0,8.599999999999999e-07,Medium,2.83325,-5.0,388.0
2002-11-20,9200.0,7.1e-07,Medium,3.20825,-5.8,387.0
2002-11-21,11000.0,6.3e-07,Medium,4.95825,13.6,481.0
2002-11-22,11000.0,6.4e-07,Medium,3.8335,2.6,671.0
2002-11-23,11000.0,5.9e-07,Medium,3.083375,-2.3,590.0
2002-11-24,12000.0,4.0999999999999994e-07,Low,3.0,-1.0,465.0
2002-11-25,27000.0,4.3e-07,Low,3.0,-1.9,454.0
2002-11-26,62000.0,5.1e-07,Medium,2.33325,-1.4,463.0
2002-11-27,55000.0,8.3e-07,Medium,3.458375,3.3,577.0
2002-11-28,17000.0,7.599999999999999e-07,Medium,2.6667499999999995,-0.4,507.0
2002-11-29,15000.0,4.9e-07,Low,2.8332499999999996,-1.2,496.0
2002-11-30,13000.0,4.4e-07,Low,3.083375,-1.2,516.0
2002-12-01,12000.0,5e-07,Medium,3.291625,-2.8,486.0
2002-12-02,12000.0,3.6e-07,Low,2.7501249999999997,-2.6,489.0
2002-12-03,13000.0,4.0999999999999994e-07,Low,2.4585,-0.3,494.0
2002-12-04,13000.0,4.2e-07,Low,2.5835,1.9,463.0
2002-12-05,12000.0,3.8e-07,Low,2.16675,-0.1,419.0
2002-12-06,12000.0,3.8e-07,Low,2.166625,3.2,390.0
2002-12-07,12000.0,4e-07,Low,3.291625,-5.4,424.0
2002-12-08,11000.0,5e-07,Medium,2.541625,2.2,574.0
2002-12-09,11000.0,7.699999999999999e-07,Medium,1.333375,2.5,578.0
2002-12-10,11000.0,1e-06,High,1.249875,-0.1,490.0
2002-12-11,13000.0,9.1e-07,Medium,1.125,0.3,396.0
2002-12-12,13000.0,9.4e-07,Medium,1.208125,-0.4,373.0
2002-12-13,12000.0,9.699999999999998e-07,Medium,1.166625,-1.8,362.0
2002-12-14,13000.0,1.1e-06,High,2.7082499999999996,-2.6,353.0
2002-12-15,13000.0,1.1e-06,High,1.95825,-6.1,504.0
2002-12-16,12000.0,1.4e-06,High,1.375125,0.7,510.0
2002-12-17,12000.0,1.3e-06,High,0.666625,1.6,447.0
2002-12-18,11000.0,1.1e-06,High,0.6667500000000001,6.5,382.0
2002-12-19,12000.0,9.2e-07,Medium,3.75,13.0,343.0
2002-12-20,120000.0,1e-06,High,3.4165,2.4,531.0
2002-12-21,15000.0,6.9e-07,Medium,3.0001249999999997,-7.6,530.0
2002-12-22,17000.0,8.599999999999999e-07,Medium,2.2915,-1.1,405.0
2002-12-23,14000.0,7.4e-07,Medium,3.70825,1.0,477.0
2002-12-24,12000.0,7.1e-07,Medium,3.2501249999999997,3.8,496.0
2002-12-25,11000.0,7.4e-07,Medium,2.625,2.8,520.0
2002-12-26,11000.0,4.2e-07,Low,2.7917500000000004,1.1,421.0
2002-12-27,12000.0,2.7e-07,Low,4.416625,-5.4,511.0
2002-12-28,13000.0,2.6e-07,Low,3.3332499999999996,1.3,714.0
2002-12-29,12000.0,1.9e-07,Low,2.708375,1.2,689.0
2002-12-30,13000.0,1.5e-07,Low,2.5,0.9,561.0
2002-12-31,14000.0,1.8e-07,Low,1.666625,-2.2,498.0
2003-01-01,13000.0,1.7e-07,Low,1.83325,3.4,407.0
2003-01-02,14000.0,1.8e-07,Low,1.5835,-1.1,386.0
2003-01-03,13000.0,3.2999999999999996e-07,Low,2.8751249999999997,7.4,388.0
2003-01-04,13000.0,4.4e-07,Low,2.9582500000000005,-5.3,603.0
2003-01-05,13000.0,4.5999999999999994e-07,Low,1.875125,-1.1,517.0
2003-01-06,13000.0,7.4e-07,Medium,1.0,0.8,385.0
2003-01-07,14000.0,9.3e-07,Medium,1.54175,-2.0,389.0
2003-01-08,14000.0,9.4e-07,Medium,1.000125,-0.5,331.0
2003-01-09,14000.0,1.1e-06,High,0.666625,-1.2,277.0
2003-01-10,13000.0,7.599999999999999e-07,Medium,2.541625,-0.2,322.0
2003-01-11,13000.0,8.699999999999999e-07,Medium,1.958375,-3.3,460.0
2003-01-12,13000.0,7.1e-07,Medium,2.08325,-3.0,417.0
2003-01-13,13000.0,7.1e-07,Medium,1.66675,-7.1,401.0
2003-01-14,13000.0,6.2e-07,Medium,2.08325,-5.7,396.0
2003-01-15,13000.0,4.5999999999999994e-07,Low,1.708375,-3.8,407.0
2003-01-16,14000.0,4.0999999999999994e-07,Low,1.25,-3.3,399.0
2003-01-17,14000.0,3.6e-07,Low,1.708375,-3.7,323.0
2003-01-18,14000.0,3.5e-07,Low,2.6251249999999997,3.8,368.0
2003-01-19,13000.0,3.5e-07,Low,3.2498750000000003,5.2,436.0
2003-01-20,13000.0,4.2e-07,Low,3.1667500000000004,1.3,610.0
2003-01-21,14000.0,5.4e-07,Medium,3.333375,0.5,700.0
2003-01-22,13000.0,3.4e-07,Low,3.25,-1.1,596.0
2003-01-23,12000.0,4.2e-07,Low,3.1665,2.8,667.0
2003-01-24,12000.0,4.4e-07,Low,3.208375,1.2,633.0
2003-01-25,11000.0,3.2e-07,Low,3.833375,-0.6,739.0
2003-01-26,11000.0,2.6e-07,Low,3.375,-1.0,700.0
2003-01-27,11000.0,2e-07,Low,2.0001249999999997,6.5,588.0
2003-01-28,12000.0,2e-07,Low,2.541625,-5.2,462.0
2003-01-29,12000.0,2.5e-07,Low,2.875,-1.8,427.0
2003-01-30,11000.0,1.9e-07,Low,3.66675,-7.7,445.0
2003-01-31,13000.0,2.7999999999999997e-07,Low,3.0417500000000004,-4.6,517.0
2003-02-01,13000.0,4.5e-07,Low,2.41675,-3.1,449.0
2003-02-02,13000.0,4.2e-07,Low,5.16675,-7.8,622.0
2003-02-03,13000.0,3.9e-07,Low,3.5417500000000004,-4.6,480.0
2003-02-04,14000.0,3.9e-07,Low,4.000125000000001,0.9,501.0
2003-02-05,15000.0,4e-07,Low,2.8335,-3.4,598.0
2003-02-06,14000.0,5.9e-07,Medium,2.875,0.6,504.0
2003-02-07,15000.0,3.8e-07,Low,2.7497499999999997,-2.6,534.0
2003-02-08,15000.0,3.1e-07,Low,3.083375,-3.3,496.0
2003-02-09,13000.0,3.2e-07,Low,3.333125,-4.6,509.0
2003-02-10,13000.0,3.1e-07,Low,2.916625,-4.4,439.0
2003-02-11,14000.0,3.1e-07,Low,2.166625,-5.0,439.0
2003-02-12,13000.0,2.9e-07,Low,2.6248750000000003,-1.1,352.0
2003-02-13,13000.0,2.7e-07,Low,1.54175,0.9,377.0
2003-02-14,13000.0,4.0999999999999994e-07,Low,3.375,-3.0,388.0
2003-02-15,13000.0,4.7e-07,Low,3.583375,-1.4,490.0
2003-02-16,13000.0,2.7999999999999997e-07,Low,3.20825,1.2,578.0
2003-02-17,13000.0,2.2999999999999997e-07,Low,2.625,0.9,612.0
2003-02-18,11000.0,1.3999999999999998e-07,Low,3.333125,10.8,680.0
2003-02-19,11000.0,1.9e-07,Low,2.70825,1.1,574.0
2003-02-20,11000.0,2.7999999999999997e-07,Low,3.20825,2.9,538.0
2003-02-21,10000.0,4.5e-07,Low,2.75,0.2,633.0
2003-02-22,10000.0,2.2e-07,Low,2.5,1.4,537.0
2003-02-23,11000.0,1e-07,Low,2.4998750000000003,1.1,607.0
2003-02-24,12000.0,8e-08,Low,1.541875,0.2,529.0
2003-02-25,13000.0,9.400000000000001e-08,Low,1.2085,-0.4,446.0
2003-02-26,13000.0,2.2e-07,Low,2.791625,0.6,400.0
2003-02-27,12000.0,4.0999999999999994e-07,Low,4.08325,-10.6,451.0
2003-02-28,12000.0,4.5e-07,Low,3.083375,0.0,511.0
2003-03-01,12000.0,5.1e-07,Medium,2.833375,2.3,442.0
2003-03-02,12000.0,5.3e-07,Medium,2.54175,-0.9,422.0
2003-03-03,12000.0,3.7e-07,Low,3.2915,-4.2,371.0
2003-03-04,12000.0,3.7e-07,Low,4.333374999999999,-1.8,472.0
2003-03-05,12000.0,3.4e-07,Low,3.3332499999999996,-1.3,490.0
2003-03-06,12000.0,4.0999999999999994e-07,Low,3.9583749999999993,-3.7,484.0
2003-03-07,12000.0,3.8e-07,Low,2.9165,-1.5,480.0
2003-03-08,13000.0,3.7e-07,Low,1.99975,-2.3,443.0
2003-03-09,12000.0,3.8e-07,Low,2.416625,-0.3,413.0
2003-03-10,11000.0,3.2999999999999996e-07,Low,3.0001249999999997,-1.6,380.0
2003-03-11,11000.0,2.9e-07,Low,2.5,-2.3,394.0
2003-03-12,11000.0,2.6e-07,Low,2.041625,-0.4,467.0
2003-03-13,11000.0,2.6e-07,Low,2.625125,-4.2,447.0
2003-03-14,11000.0,2.5e-07,Low,3.458375,4.0,463.0
2003-03-15,11000.0,2.5e-07,Low,3.875,-0.5,625.0
2003-03-16,11000.0,3.5e-07,Low,3.958250000000001,4.3,679.0
2003-03-17,15000.0,3e-07,Low,4.625125000000001,2.3,713.0
2003-03-18,22000.0,4.2e-07,Low,3.8335,-0.5,786.0
2003-03-19,15000.0,3.6e-07,Low,2.6248750000000003,-3.5,766.0
2003-03-20,12000.0,2.1e-07,Low,3.583375,8.7,620.0
2003-03-21,11000.0,1.6e-07,Low,4.0,-0.7,676.0
2003-03-22,12000.0,1.3999999999999998e-07,Low,2.958375,1.4,654.0
2003-03-23,12000.0,1.3e-07,Low,3.5001249999999997,0.7,581.0
2003-03-24,12000.0,1.6e-07,Low,1.541625,0.1,651.0
2003-03-25,12000.0,1.7e-07,Low,0.7916249999999999,0.9,443.0
2003-03-26,12000.0,3.2999999999999996e-07,Low,1.791625,3.8,385.0
2003-03-27,11000.0,4.2e-07,Low,3.791749999999999,-5.9,399.0
2003-03-28,11000.0,3.4e-07,Low,3.75,-2.9,462.0
2003-03-29,11000.0,4.3e-07,Low,4.416625,-1.6,489.0
2003-03-30,11000.0,3.8e-07,Low,4.54175,-6.7,436.0
2003-03-31,11000.0,3.8e-07,Low,4.416625,3.2,619.0
2003-06-18,270000.0,3.2e-07,Low,5.2085,-3.5,472.0
2003-06-19,820000.0,2.9e-07,Low,2.833375,-2.0,600.0
2003-06-20,170000.0,3e-07,Low,2.5,4.6,553.0
2003-06-21,41000.0,2.6e-07,Low,3.4585,-5.6,548.0
2003-06-22,24000.0,1.7e-07,Low,2.6251249999999997,-1.5,519.0
2003-06-23,12000.0,1.9e-07,Low,3.25,-2.5,577.0
2003-06-24,10000.0,2.9e-07,Low,3.5415,0.2,517.0
2003-06-25,9400.0,2.4e-07,Low,3.0417500000000004,3.3,552.0
2003-06-26,9300.0,3.7e-07,Low,3.1248750000000003,-0.5,550.0
2003-06-27,9600.0,3.8e-07,Low,4.16675,3.2,671.0
2003-06-28,9800.0,4.0999999999999994e-07,Low,4.54175,0.0,663.0
2003-06-29,11000.0,3.7e-07,Low,3.79175,-1.9,747.0
2003-06-30,10000.0,4.5e-07,Low,3.083375,1.4,765.0
2003-07-01,11000.0,3.8e-07,Low,2.041625,1.1,730.0
2003-07-02,11000.0,4.5e-07,Low,2.583375,-0.4,547.0
2003-07-03,11000.0,4.4e-07,Low,3.083375,-2.0,593.0
2003-07-04,11000.0,5.1e-07,Medium,3.583375,2.6,684.0
2003-07-05,11000.0,4.5999999999999994e-07,Low,3.25,-0.2,769.0
2003-07-06,11000.0,3.7e-07,Low,2.2498750000000003,0.1,722.0
2003-07-07,11000.0,3.2e-07,Low,2.375,-1.0,644.0
2003-07-08,11000.0,4.5999999999999994e-07,Low,0.666625,0.9,471.0
2003-07-09,12000.0,6.699999999999999e-07,Medium,0.958375,-1.1,429.0
2003-07-10,11000.0,5.9e-07,Medium,1.791625,-0.4,380.0
2003-07-11,11000.0,5.599999999999999e-07,Medium,5.0,-3.7,357.0
2003-07-12,11000.0,5.9e-07,Medium,4.416625,-10.4,555.0
2003-07-13,11000.0,3.8e-07,Low,2.7498750000000003,-1.6,595.0
2003-07-14,11000.0,3.2e-07,Low,2.70825,-1.7,525.0
2003-07-15,11000.0,2.6e-07,Low,3.750125,-4.9,563.0
2003-07-16,11000.0,2.7999999999999997e-07,Low,4.874875,-2.9,574.0
2003-07-17,12000.0,3.9e-07,Low,3.1667499999999995,-1.0,607.0
2003-07-18,13000.0,4.2e-07,Low,2.7501249999999997,1.0,633.0
2003-07-19,12000.0,5.4e-07,Medium,3.95825,-3.9,507.0
2003-07-20,11000.0,8.9e-07,Medium,3.1667500000000004,0.4,639.0
2003-07-21,12000.0,6.599999999999999e-07,Medium,1.583375,-3.3,605.0
2003-07-22,11000.0,7.2e-07,Medium,1.624875,-0.7,431.0
2003-07-23,12000.0,5.3e-07,Medium,2.208375,-0.9,443.0
2003-07-24,11000.0,5.1e-07,Medium,1.624875,0.7,455.0
2003-07-25,12000.0,4e-07,Low,1.7915,-2.5,343.0
2003-07-26,11000.0,2.7999999999999997e-07,Low,3.87475,1.3,322.0
2003-07-27,11000.0,1.9e-07,Low,3.4167500000000004,0.2,559.0
2003-07-28,11000.0,2.2e-07,Low,3.166625,1.1,638.0
2003-07-29,13000.0,1.6e-07,Low,4.45825,3.2,784.0
2003-07-30,12000.0,1.6e-07,Low,3.999875,4.0,735.0
2003-07-31,13000.0,1.8e-07,Low,4.375125000000001,0.0,750.0
2003-08-01,12000.0,2.9e-07,Low,4.49975,-3.0,827.0
2003-08-02,10000.0,3.2999999999999996e-07,Low,3.5,-3.1,764.0
2003-08-03,12000.0,2.6e-07,Low,2.791625,1.0,690.0
2003-08-04,12000.0,2.6e-07,Low,2.166625,1.1,557.0
2003-08-05,11000.0,3.6e-07,Low,1.583375,5.6,487.0
2003-08-06,12000.0,2.7e-07,Low,3.79175,-8.4,441.0
2003-08-07,12000.0,3.6e-07,Low,3.3751249999999997,4.3,495.0
2003-08-08,12000.0,3.4e-07,Low,4.249874999999999,-1.5,595.0
2003-08-09,11000.0,3.2999999999999996e-07,Low,2.83325,1.3,703.0
2003-08-10,11000.0,3.2e-07,Low,2.16675,-0.2,641.0
2003-08-11,11000.0,3.2e-07,Low,2.25,3.6,576.0
2003-08-12,11000.0,2.7e-07,Low,3.875,-2.6,639.0
2003-08-13,11000.0,6e-07,Medium,2.8335,2.8,643.0
2003-08-14,12000.0,1e-06,High,2.8748750000000003,-2.2,568.0
2003-08-15,12000.0,6.8e-07,Medium,2.5415,-0.1,557.0
2003-08-16,12000.0,4e-07,Low,2.041875,0.3,581.0
2003-08-17,11000.0,3.7e-07,Low,2.4998750000000003,2.1,479.0
2003-08-18,11000.0,3.2999999999999996e-07,Low,6.541625,-1.8,518.0
2003-08-19,14000.0,3.2999999999999996e-07,Low,3.0417500000000004,-5.9,433.0
2003-08-20,13000.0,2.7999999999999997e-07,Low,2.833375,6.6,423.0
2003-08-21,12000.0,3.5e-07,Low,5.291625,-0.9,470.0
2003-08-22,12000.0,3.7e-07,Low,4.91675,0.3,749.0
2003-08-23,12000.0,2.2999999999999997e-07,Low,4.375,2.0,753.0
2003-08-24,12000.0,2.4e-07,Low,3.3332499999999996,-1.1,740.0
2003-08-25,12000.0,2.5e-07,Low,3.3332499999999996,-2.4,606.0
2003-08-26,12000.0,3.1e-07,Low,2.29175,-2.2,572.0
2003-08-27,12000.0,3.8e-07,Low,2.208375,-1.1,499.0
2003-08-28,11000.0,3.4e-07,Low,3.2915,-3.8,419.0
2003-08-29,11000.0,2.7999999999999997e-07,Low,2.625,5.0,451.0
2003-08-30,11000.0,2.7999999999999997e-07,Low,2.6665,-0.5,594.0
2003-08-31,12000.0,2.4e-07,Low,1.66675,1.3,476.0
2003-09-01,11000.0,2.2e-07,Low,2.5832499999999996,-0.5,392.0
2003-09-02,12000.0,2.1e-07,Low,2.5,-0.3,529.0
2003-09-03,11000.0,3e-07,Low,3.0,-2.6,456.0
2003-09-04,12000.0,3.2e-07,Low,3.5832499999999996,0.3,537.0
2003-09-05,11000.0,3.1e-07,Low,2.9582499999999996,1.5,662.0
2003-09-06,11000.0,2.1e-07,Low,2.20825,0.7,590.0
2003-09-07,11000.0,2.2e-07,Low,0.999875,-0.2,561.0
2003-09-08,12000.0,2.2999999999999997e-07,Low,1.25,1.4,416.0
2003-09-09,11000.0,1.6e-07,Low,3.4165,3.2,443.0
2003-09-10,11000.0,1.7e-07,Low,3.333375,2.8,621.0
2003-09-11,11000.0,1.8e-07,Low,2.75,-0.7,661.0
2003-09-12,11000.0,1.5e-07,Low,2.2082499999999996,-0.7,573.0
2003-09-13,11000.0,1.9e-07,Low,1.7915,0.1,584.0
2003-09-14,11000.0,1.3999999999999998e-07,Low,1.124875,-2.2,445.0
2003-09-15,12000.0,3.1e-07,Low,0.95825,0.6,380.0
2003-09-16,11000.0,4e-07,Low,4.291625,-7.2,361.0
2003-09-17,13000.0,3e-07,Low,5.624875,-1.5,470.0
2003-09-18,12000.0,2.7e-07,Low,5.04175,-0.5,751.0
2003-09-19,13000.0,4.0999999999999994e-07,Low,4.541625,-0.5,740.0
2003-09-20,12000.0,5.4e-07,Medium,3.87525,-0.4,641.0
2003-09-21,11000.0,4.2e-07,Low,3.2498749999999994,-2.1,622.0
2003-09-22,12000.0,2.6e-07,Low,3.041625,0.7,560.0
2003-09-23,13000.0,3e-07,Low,2.9165,1.0,507.0
2003-09-24,13000.0,3.9e-07,Low,4.625125000000001,-3.3,525.0
2003-09-25,13000.0,2.9e-07,Low,4.0832500000000005,-1.7,640.0
2003-09-26,12000.0,3.4e-07,Low,3.0,-0.5,612.0
2003-09-27,12000.0,3.1e-07,Low,1.166625,-0.9,511.0
2003-09-28,13000.0,4e-07,Low,0.999875,-0.4,416.0
2003-09-29,13000.0,4.8e-07,Low,1.083375,-1.4,354.0
2003-09-30,13000.0,6.599999999999999e-07,Medium,1.16675,3.0,289.0
2003-10-01,12000.0,5e-07,Medium,2.041625,-3.0,289.0
2003-10-02,13000.0,4.4e-07,Low,1.875,-1.8,304.0
2003-10-03,12000.0,4e-07,Low,3.04175,-4.0,461.0
2003-10-04,12000.0,3.5e-07,Low,1.249875,3.0,486.0
2003-10-05,13000.0,2.2e-07,Low,1.125,1.1,403.0
2003-10-06,12000.0,1.8e-07,Low,2.0415,3.3,454.0
2003-10-07,11000.0,2.6e-07,Low,2.916625,1.0,597.0
2003-10-08,11000.0,2e-07,Low,1.7085,2.5,532.0
2003-10-09,11000.0,1.9e-07,Low,1.499875,-2.6,585.0
2003-10-10,12000.0,2e-07,Low,0.5835,1.1,473.0
2003-10-11,12000.0,2.1e-07,Low,0.416625,-0.4,425.0
2003-10-12,12000.0,1.8e-07,Low,0.874875,1.7,381.0
2003-10-13,12000.0,1.7e-07,Low,2.9167500000000004,-1.5,319.0
2003-10-14,12000.0,1e-07,Low,5.166499999999999,3.4,469.0
2003-10-15,12000.0,1.1e-07,Low,4.708375,1.9,658.0
2003-10-16,11000.0,1.5e-07,Low,4.041499999999999,-3.2,604.0
2003-10-17,12000.0,1.3999999999999998e-07,Low,4.04175,-0.1,580.0
2003-10-18,12000.0,2.4e-07,Low,3.83325,0.6,545.0
2003-10-19,13000.0,5.599999999999999e-07,Medium,4.45825,-1.2,597.0
2003-10-20,12000.0,6.499999999999999e-07,Medium,4.375,0.6,595.0
2003-10-21,13000.0,1.4e-06,High,4.999999999999999,2.0,681.0
2003-10-22,22000.0,4.9000000000000005e-06,High,4.125,0.5,744.0
2003-10-23,64000.0,3e-06,High,1.375,8.9,537.0
2003-10-24,65000.0,1.6e-06,High,3.583375,5.4,423.0
2003-10-25,19000.0,1.6e-06,High,2.958375,33.2,571.0
2003-10-26,4700000.0,2.2e-06,High,2.125,-0.2,454.0
2003-10-27,9600000.0,3.6e-06,High,2.374875,-6.7,469.0
2003-10-28,180000000.0,3.2e-06,High,3.750125,0.3,476.0
2003-10-29,770000000.0,3.2999999999999997e-06,High,7.291875000000001,-4.5,9999.0
2003-10-30,140000000.0,2.8e-06,High,7.0,-13.9,9999.0
2003-10-31,7000000.0,1.8e-06,High,6.291625,-7.8,9999.0
2003-11-01,760000.0,1.8e-06,High,3.75,-0.6,804.0
2003-11-02,15000000.0,1.9e-06,High,3.291625,-0.6,578.0
2003-11-03,89000000.0,3.2e-06,High,2.75,-2.1,486.0
2003-11-04,10000000.0,2.2999999999999996e-06,High,3.75,1.6,522.0
2003-11-05,12000000.0,1.2e-06,High,1.45825,1.5,596.0
2003-11-06,3700000.0,2.5e-07,Low,2.5001249999999997,-1.6,500.0
2003-11-07,810000.0,1.6e-07,Low,1.916625,0.5,568.0
2003-11-08,350000.0,1e-07,Low,1.875,1.3,424.0
2003-11-09,150000.0,9.7e-08,Low,3.875125,2.6,488.0
2003-11-10,110000.0,1e-07,Low,3.958500000000001,-0.2,561.0
2003-11-11,89000.0,1.8e-07,Low,5.458375,-2.7,626.0
2003-11-12,59000.0,2.2e-07,Low,4.04175,1.0,724.0
2003-11-13,52000.0,3.2e-07,Low,5.041625,-2.1,673.0
2003-11-14,43000.0,2.2e-07,Low,4.500125000000001,-1.9,635.0
2003-11-15,31000.0,1.9e-07,Low,4.541625,0.0,615.0
2003-11-16,17000.0,2.9e-07,Low,4.666625,0.1,712.0
2003-11-17,11000.0,7.2e-07,Medium,4.625,-2.8,769.0
2003-11-18,19000.0,1.1e-06,High,3.83325,-1.8,725.0
2003-11-19,23000.0,8.4e-07,Medium,2.5415,0.6,629.0
2003-11-20,150000.0,7.3e-07,Medium,6.29175,0.1,446.0
2003-11-21,320000.0,6.1e-07,Medium,4.083500000000001,-5.5,535.0
2003-11-22,730000.0,6.2e-07,Medium,3.833375,-3.5,488.0
2003-11-23,540000.0,5.9e-07,Medium,3.5417500000000004,0.0,517.0
2003-11-24,240000.0,5.5e-07,Medium,2.7082499999999996,-0.5,567.0
2003-11-25,31000.0,6.4e-07,Medium,2.9165,-0.6,613.0
2003-11-26,12000.0,6e-07,Medium,2.125,-1.1,549.0
2003-11-27,11000.0,7e-07,Medium,1.5,1.8,498.0
2003-11-28,11000.0,6.4e-07,Medium,1.416625,2.1,423.0
2003-11-29,12000.0,6.8e-07,Medium,1.625,-0.8,412.0
2003-11-30,12000.0,5.9e-07,Medium,2.458375,-0.3,392.0
2003-12-01,12000.0,5.8e-07,Medium,2.2498750000000003,-3.5,477.0
2003-12-02,580000.0,8.1e-07,Medium,1.58325,0.1,412.0
2003-12-03,1500000.0,4.0999999999999994e-07,Low,0.8335,-0.3,386.0
2003-12-04,290000.0,3.2e-07,Low,1.333375,-2.0,361.0
2003-12-05,87000.0,3.1e-07,Low,4.5,-1.9,361.0
2003-12-06,24000.0,4.7e-07,Low,3.666749999999999,-1.2,450.0
2003-12-07,15000.0,2.1e-07,Low,2.791625,-1.6,399.0
2003-12-08,13000.0,1.2e-07,Low,4.375125,3.2,449.0
2003-12-09,13000.0,1e-07,Low,4.08325,0.5,618.0
2003-12-10,12000.0,8.7e-08,Low,4.666625,0.7,675.0
2003-12-11,12000.0,7.7e-08,Low,4.625,-4.0,821.0
2003-12-12,12000.0,7.4e-08,Low,3.833375,-0.7,725.0
2003-12-13,13000.0,9.7e-08,Low,3.91675,-2.2,751.0
2003-12-14,13000.0,1.3e-07,Low,3.875,1.5,816.0
2003-12-15,13000.0,2e-07,Low,3.791875,-1.4,725.0
2003-12-16,11000.0,2.4e-07,Low,2.416875,-0.5,639.0
2003-12-17,12000.0,3.8e-07,Low,1.708375,0.0,502.0
2003-12-18,12000.0,5.2e-07,Medium,0.7501249999999999,-0.9,429.0
2003-12-19,13000.0,4.5999999999999994e-07,Low,0.29175,-1.0,346.0
2003-12-20,13000.0,4.0999999999999994e-07,Low,2.6248750000000003,0.9,307.0
2003-12-21,12000.0,4e-07,Low,3.749875,-7.8,482.0
2003-12-22,12000.0,3.8e-07,Low,3.2915,-2.1,614.0
2003-12-23,11000.0,4.5999999999999994e-07,Low,1.999875,2.2,609.0
2003-12-24,12000.0,3.8e-07,Low,1.625125,0.0,495.0
2003-12-25,12000.0,4.5e-07,Low,1.25,0.6,401.0
2003-12-26,11000.0,3.5e-07,Low,1.833375,-3.2,362.0
2003-12-27,11000.0,2.7999999999999997e-07,Low,2.333375,0.4,384.0
2003-12-28,11000.0,2.5e-07,Low,2.75,-0.1,478.0
2003-12-29,11000.0,2.7e-07,Low,1.25,5.4,491.0
2003-12-30,12000.0,2.7999999999999997e-07,Low,1.458125,-1.0,407.0
2003-12-31,13000.0,3.9e-07,Low,3.0832499999999996,-0.3,448.0
2004-01-01,13000.0,7.5e-07,Medium,3.791875,4.6,525.0
2004-01-02,13000.0,3e-07,Low,2.9582499999999996,-1.5,564.0
2004-01-03,12000.0,2.6e-07,Low,3.5832499999999996,3.6,458.0
2004-01-04,12000.0,3.2e-07,Low,3.625125,-2.0,535.0
2004-01-05,11000.0,1.4e-06,High,3.83325,-1.0,576.0
2004-01-06,12000.0,3.9e-07,Low,3.29175,0.3,611.0
2004-01-07,12000.0,3.5e-07,Low,4.041625,6.6,723.0
2004-01-08,11000.0,2.4e-07,Low,1.666625,1.5,631.0
2004-01-09,13000.0,2.2999999999999997e-07,Low,3.5832500000000005,-2.3,523.0
2004-01-10,10000.0,2.6e-07,Low,3.791625,3.0,584.0
2004-01-11,11000.0,3.7e-07,Low,3.0417499999999995,3.1,564.0
2004-01-12,10000.0,4.2e-07,Low,1.95825,1.2,523.0
2004-01-13,10000.0,4.3e-07,Low,3.291625,-0.8,487.0
2004-01-14,11000.0,3.5e-07,Low,2.5417500000000004,-3.7,556.0
2004-01-15,12000.0,3.4e-07,Low,3.0,1.2,481.0
2004-01-16,13000.0,2.7e-07,Low,4.0,0.3,568.0
2004-01-17,13000.0,3.1e-07,Low,3.291625,2.8,631.0
2004-01-18,15000.0,2.7e-07,Low,3.1667499999999995,0.2,555.0
2004-01-19,15000.0,3.9e-07,Low,3.208375,0.1,585.0
2004-01-20,14000.0,3.9e-07,Low,3.2917500000000004,-0.8,556.0
2004-01-21,15000.0,3.2999999999999996e-07,Low,2.916625,-1.7,522.0
2004-01-22,12000.0,2.5e-07,Low,5.333375,-2.0,456.0
2004-01-23,11000.0,1.9e-07,Low,4.70825,-5.4,546.0
2004-01-24,11000.0,1.8e-07,Low,3.1248750000000003,-2.2,542.0
2004-01-25,10000.0,1.6e-07,Low,4.499875,-9.9,470.0
2004-01-26,11000.0,1.5e-07,Low,3.208375,-1.4,441.0
2004-01-27,11000.0,1.2e-07,Low,3.1665,-7.4,459.0
2004-01-28,11000.0,8.7e-08,Low,3.4585,-6.8,499.0
2004-01-29,12000.0,7.5e-08,Low,2.083375,0.8,542.0
2004-01-30,12000.0,1.6e-07,Low,3.333375,-0.3,423.0
2004-01-31,12000.0,1e-07,Low,2.2085000000000004,2.0,461.0
2004-02-01,11000.0,1.3e-07,Low,2.333125,4.6,577.0
2004-02-02,12000.0,1.6e-07,Low,3.083375,2.1,475.0
2004-02-03,12000.0,1.5e-07,Low,3.458375,-1.5,601.0
2004-02-04,12000.0,2.2999999999999997e-07,Low,2.958375,-1.0,609.0
2004-02-05,14000.0,1.6e-07,Low,2.625,1.4,513.0
2004-02-06,13000.0,1.5e-07,Low,3.3751250000000006,5.5,545.0
2004-02-07,12000.0,2.1e-07,Low,1.833375,-1.9,539.0
2004-02-08,12000.0,3e-07,Low,0.91675,2.5,423.0
2004-02-09,13000.0,3e-07,Low,1.66675,3.2,423.0
2004-02-10,14000.0,2e-07,Low,1.625,-2.1,382.0
2004-02-11,14000.0,1.9e-07,Low,3.1667500000000004,3.1,395.0
2004-02-12,14000.0,1.9e-07,Low,4.08325,2.3,422.0
2004-02-13,13000.0,1.7e-07,Low,3.833375,-1.2,657.0
2004-02-14,12000.0,1.3e-07,Low,3.4585,-2.0,621.0
2004-02-15,13000.0,1.1e-07,Low,3.5835,-1.4,638.0
2004-02-16,13000.0,9e-08,Low,1.458375,-1.8,605.0
2004-02-17,13000.0,9.2e-08,Low,1.041625,-2.0,502.0
2004-02-18,13000.0,9.400000000000001e-08,Low,1.875,-1.4,431.0
2004-02-19,13000.0,1e-07,Low,1.791625,0.9,471.0
2004-02-20,14000.0,8.300000000000004e-08,Low,1.125,-1.3,418.0
2004-02-21,14000.0,8.9e-08,Low,1.70825,-0.5,397.0
2004-02-22,14000.0,1.6e-07,Low,2.0001249999999997,-2.8,386.0
2004-02-23,13000.0,1.3999999999999998e-07,Low,2.2915,1.7,416.0
2004-02-24,14000.0,1.2e-07,Low,2.541625,-3.9,419.0
2004-02-25,12000.0,3e-07,Low,1.583375,1.2,364.0
2004-02-26,13000.0,2.5e-07,Low,0.70825,-2.6,326.0
2004-02-27,13000.0,2e-07,Low,2.375,-1.1,9999.0
2004-02-28,12000.0,2e-07,Low,3.291625,12.8,413.0
2004-02-29,12000.0,1.6e-07,Low,3.5832499999999996,3.1,543.0
2004-03-01,12000.0,1.5e-07,Low,3.4165,0.6,641.0
2004-03-02,13000.0,1.5e-07,Low,3.4582500000000005,-1.7,674.0
2004-03-03,12000.0,1.3e-07,Low,2.5832499999999996,1.3,638.0
2004-03-04,12000.0,1.8e-07,Low,1.625,3.4,604.0
2004-03-05,12000.0,3.2e-07,Low,1.3335,-1.0,462.0
2004-03-06,13000.0,3.1e-07,Low,0.7498750000000001,0.0,416.0
2004-03-07,13000.0,2.5e-07,Low,0.7501249999999999,1.3,365.0
2004-03-08,13000.0,1.8e-07,Low,0.833375,3.9,369.0
2004-03-09,13000.0,1.9e-07,Low,3.416625,1.1,353.0
2004-03-10,13000.0,2.2e-07,Low,4.583375,-3.1,672.0
2004-03-11,12000.0,2.4e-07,Low,4.41675,0.4,744.0
2004-03-12,12000.0,1.9e-07,Low,3.791875,-1.8,607.0
2004-03-13,12000.0,1.3999999999999998e-07,Low,2.8332499999999996,-1.3,539.0
2004-03-14,12000.0,1.3e-07,Low,3.083,-2.0,464.0
2004-03-15,12000.0,1.3e-07,Low,2.9582499999999996,-2.7,463.0
2004-03-16,13000.0,1.7e-07,Low,2.2085,-2.9,449.0
2004-03-17,13000.0,2.9e-07,Low,1.54175,-1.9,452.0
2004-03-18,13000.0,3.9e-07,Low,2.416625,-3.2,390.0
2004-03-19,13000.0,4.2e-07,Low,1.625,-4.7,366.0
2004-03-20,14000.0,2.7e-07,Low,2.416625,-3.2,404.0
2004-03-21,14000.0,1.6e-07,Low,2.541625,-2.9,400.0
2004-03-22,13000.0,2e-07,Low,2.58325,-1.2,414.0
2004-03-23,12000.0,2.1e-07,Low,1.749875,-2.2,422.0
2004-03-24,13000.0,2.7e-07,Low,0.5831250000000001,0.4,370.0
2004-03-25,12000.0,3.8e-07,Low,0.999875,0.5,327.0
2004-03-26,13000.0,2.2e-07,Low,2.7501249999999997,5.6,423.0
2004-03-27,13000.0,3.4e-07,Low,3.3748750000000003,3.2,498.0
2004-03-28,13000.0,3.8e-07,Low,3.3332499999999996,4.1,874.0
2004-03-29,12000.0,3.4e-07,Low,2.416625,3.5,643.0
2004-03-30,13000.0,3.1e-07,Low,2.5414999999999996,3.9,585.0
2004-03-31,13000.0,3.2e-07,Low,2.1665,1.2,557.0
2004-04-01,14000.0,2.1e-07,Low,0.91675,2.2,469.0
2004-04-02,13000.0,1.7e-07,Low,0.625,-0.3,442.0
2004-04-03,12000.0,1.5e-07,Low,4.125125,2.6,382.0
2004-04-04,12000.0,1.5e-07,Low,2.3748750000000003,-4.9,504.0
2004-04-05,13000.0,1.7e-07,Low,2.7082499999999996,9.6,405.0
2004-04-06,12000.0,1.3999999999999998e-07,Low,3.666625,-6.1,469.0
2004-04-07,12000.0,1.1e-07,Low,2.625,-1.2,557.0
2004-04-08,14000.0,1.3e-07,Low,2.875,-0.3,457.0
2004-04-09,14000.0,6.900000000000002e-08,Low,2.875,-2.9,449.0
2004-04-10,15000.0,7.5e-08,Low,2.25,3.5,448.0
2004-04-11,1000000.0,6.5e-08,Low,2.2498750000000003,-2.9,456.0
2004-04-12,430000.0,8.9e-08,Low,2.2082499999999996,-3.8,458.0
2004-04-13,19000.0,8.6e-08,Low,1.708125,-3.3,472.0
2004-04-14,16000.0,1e-07,Low,1.000125,-0.6,427.0
2004-04-15,14000.0,1.1e-07,Low,1.5417500000000002,0.2,363.0
2004-04-16,15000.0,1e-07,Low,2.7501249999999997,-1.0,433.0
2004-04-17,14000.0,1e-07,Low,1.874875,-1.0,442.0
2004-04-18,15000.0,1.3e-07,Low,2.0415,0.6,399.0
2004-04-19,14000.0,1.7e-07,Low,1.500125,-2.5,357.0
2004-04-20,14000.0,1.3999999999999998e-07,Low,1.041625,-1.2,347.0
2004-04-21,15000.0,1.2e-07,Low,1.6665,6.1,375.0
2004-04-22,13000.0,2e-07,Low,1.083375,4.4,403.0
2004-04-23,14000.0,4.4e-07,Low,3.333500000000001,0.7,399.0
2004-04-24,13000.0,4.4e-07,Low,2.208125,5.9,430.0
2004-04-25,12000.0,2e-07,Low,2.458375,1.5,511.0
2004-04-26,13000.0,1.2e-07,Low,1.33325,2.2,549.0
2004-04-27,13000.0,7.8e-08,Low,1.166875,3.7,467.0
2004-04-28,12000.0,6.2e-08,Low,1.874875,0.8,424.0
2004-04-29,12000.0,5.6e-08,Low,1.041625,0.9,518.0
2004-04-30,13000.0,6.000000000000002e-08,Low,2.708375,2.8,505.0
2004-05-01,13000.0,9.1e-08,Low,2.25,8.1,453.0
2004-05-02,13000.0,2.4e-07,Low,1.5,-3.5,406.0
2004-05-03,13000.0,1e-07,Low,1.70825,-0.9,369.0
2004-05-04,13000.0,6.000000000000002e-08,Low,1.875,2.5,355.0
2004-05-05,13000.0,7.5e-08,Low,2.875,-0.3,468.0
2004-05-06,14000.0,8.500000000000003e-08,Low,2.04175,2.1,616.0
2004-05-07,13000.0,6.1e-08,Low,3.083375,-1.5,513.0
2004-05-08,13000.0,6.6e-08,Low,2.16675,0.4,485.0
2004-05-09,14000.0,1e-07,Low,1.291625,0.4,474.0
2004-05-10,14000.0,7.3e-08,Low,1.4585,1.0,419.0
2004-05-11,13000.0,6.000000000000002e-08,Low,2.291625,-2.8,414.0
2004-05-12,14000.0,7.599999999999999e-08,Low,2.166625,-6.3,424.0
2004-05-13,13000.0,1.3999999999999998e-07,Low,2.375,1.1,391.0
2004-05-14,13000.0,1.6e-07,Low,1.375,0.9,422.0
2004-05-15,14000.0,2.1e-07,Low,1.66675,-6.8,347.0
2004-05-16,14000.0,1.9e-07,Low,1.00025,-1.9,336.0
2004-05-17,14000.0,2.2999999999999997e-07,Low,0.91675,-0.3,319.0
2004-05-18,14000.0,1.9e-07,Low,0.916625,-0.3,320.0
2004-05-19,14000.0,1.7e-07,Low,1.91675,3.0,316.0
2004-05-20,13000.0,2.1e-07,Low,2.583375,7.7,379.0
2004-05-21,13000.0,2e-07,Low,1.70825,3.5,550.0
2004-05-22,14000.0,2e-07,Low,1.749875,2.1,488.0
2004-05-23,13000.0,2.2999999999999997e-07,Low,2.5001249999999997,-1.9,474.0
2004-05-24,13000.0,2.2999999999999997e-07,Low,2.24975,4.1,474.0
2004-05-25,13000.0,1.5e-07,Low,1.16675,1.7,508.0
2004-05-26,14000.0,1.8e-07,Low,0.7917500000000001,0.2,427.0
2004-05-27,13000.0,1.7e-07,Low,0.958375,1.4,433.0
2004-05-28,13000.0,2.5e-07,Low,1.666625,-1.4,332.0
2004-05-29,13000.0,2.1e-07,Low,2.9582500000000005,-3.2,382.0
2004-05-30,12000.0,1.9e-07,Low,2.458375,-2.8,405.0
2004-05-31,14000.0,1.8e-07,Low,2.583375,-2.2,505.0
2004-06-01,13000.0,1.3999999999999998e-07,Low,3.083375,-1.6,529.0
2004-06-02,14000.0,1e-07,Low,2.41675,-1.8,559.0
2004-06-03,14000.0,9.7e-08,Low,1.83325,-1.6,499.0
2004-06-04,14000.0,8.500000000000003e-08,Low,1.833375,-2.8,498.0
2004-06-05,15000.0,7.200000000000001e-08,Low,2.416625,1.7,445.0
2004-06-06,13000.0,7.5e-08,Low,2.5,-0.9,482.0
2004-06-07,13000.0,6.900000000000002e-08,Low,1.833375,-3.2,494.0
2004-06-08,13000.0,5.5e-08,Low,2.20825,-0.5,401.0
2004-06-09,13000.0,4.7000000000000004e-08,Low,2.7498750000000003,-3.3,468.0
2004-06-10,13000.0,4.8e-08,Low,2.083375,-3.2,501.0
2004-06-11,13000.0,3.7e-08,Low,1.208375,-3.1,422.0
2004-06-12,13000.0,1.7e-07,Low,0.7915000000000001,1.5,373.0
2004-06-13,13000.0,3.2e-07,Low,0.8751249999999999,-0.1,331.0
2004-06-14,12000.0,2.7999999999999997e-07,Low,2.16675,2.3,346.0
2004-06-15,13000.0,2.5e-07,Low,3.125,2.0,424.0
2004-06-16,13000.0,2.1e-07,Low,1.75,-0.1,563.0
2004-06-17,13000.0,1.8e-07,Low,1.83325,2.0,486.0
2004-06-18,13000.0,2e-07,Low,2.166625,1.2,492.0
2004-06-19,13000.0,2e-07,Low,1.166625,1.5,475.0
2004-06-20,13000.0,2.4e-07,Low,0.8334999999999999,1.4,434.0
2004-06-21,13000.0,2.1e-07,Low,0.958375,0.2,400.0
2004-06-22,12000.0,2.5e-07,Low,0.5,0.9,361.0
2004-06-23,13000.0,2.4e-07,Low,0.66675,0.7,325.0
2004-06-24,12000.0,2.2999999999999997e-07,Low,0.83325,-0.1,320.0
2004-06-25,13000.0,2.2e-07,Low,0.75,1.2,314.0
2004-06-26,13000.0,3.1e-07,Low,1.750125,4.9,366.0
2004-06-27,13000.0,2.9e-07,Low,0.75025,-0.2,335.0
2004-06-28,13000.0,1.7e-07,Low,2.708375,-4.1,324.0
2004-06-29,13000.0,7.3e-08,Low,3.333500000000001,-2.0,490.0
2004-06-30,13000.0,4.8e-08,Low,2.041625,-2.2,561.0
2004-07-01,13000.0,3.9e-08,Low,2.1665,-0.6,531.0
2004-07-02,13000.0,3.4e-08,Low,2.083375,1.2,500.0
2004-07-03,14000.0,3.5e-08,Low,1.541625,-1.9,480.0
2004-07-04,14000.0,3.2e-08,Low,1.45825,-2.4,428.0
2004-07-05,14000.0,3.3e-08,Low,1.5415,-0.8,442.0
2004-07-06,14000.0,3.4e-08,Low,1.166625,0.2,387.0
2004-07-07,16000.0,3.4e-08,Low,0.7082499999999999,0.1,359.0
2004-07-08,16000.0,5.900000000000001e-08,Low,0.3747500000000001,-0.1,355.0
2004-07-09,16000.0,1e-07,Low,0.833125,-0.8,311.0
2004-07-10,15000.0,1.5e-07,Low,1.5,0.2,302.0
2004-07-11,15000.0,5.699999999999999e-07,Medium,2.875,-1.0,322.0
2004-07-12,15000.0,7.3e-07,Medium,2.375,-5.0,503.0
2004-07-13,34000.0,7.2e-07,Medium,2.7915,-3.3,503.0
2004-07-14,15000.0,6.1e-07,Medium,1.625,3.1,560.0
2004-07-15,14000.0,7.5e-07,Medium,1.3751250000000002,-0.8,453.0
2004-07-16,13000.0,8.4e-07,Medium,1.874875,3.5,445.0
2004-07-17,12000.0,6.699999999999999e-07,Medium,2.83325,-12.2,450.0
2004-07-18,13000.0,6.8e-07,Medium,1.541625,0.4,457.0
2004-07-19,13000.0,8.199999999999999e-07,Medium,1.91675,-1.2,382.0
2004-07-20,12000.0,8.199999999999999e-07,Medium,2.0001249999999997,0.8,496.0
2004-07-21,13000.0,6.499999999999999e-07,Medium,0.833375,2.5,516.0
2004-07-22,29000.0,9.1e-07,Medium,2.95825,1.6,389.0
2004-07-23,150000.0,6.2e-07,Medium,4.749874999999999,-9.3,688.0
2004-07-24,120000.0,5e-07,Medium,4.16675,5.9,506.0
2004-07-25,590000.0,7.2e-07,Medium,7.291499999999999,-13.8,554.0
2004-07-26,9500000.0,6.599999999999999e-07,Medium,3.625,-7.1,693.0
2004-07-27,1900000.0,4.4e-07,Low,7.58325,-6.5,988.0
2004-07-28,350000.0,4.3e-07,Low,2.9998750000000003,0.2,925.0
2004-07-29,41000.0,3.7e-07,Low,1.499875,-1.7,594.0
2004-07-30,47000.0,2.6e-07,Low,1.6665,-0.4,488.0
2004-07-31,79000.0,2e-07,Low,1.791625,0.9,470.0
2004-08-01,180000.0,9.1e-08,Low,1.75,-3.0,467.0
2004-08-02,100000.0,6.6e-08,Low,1.499875,-1.8,436.0
2004-08-03,16000.0,8.500000000000003e-08,Low,0.625,-0.4,407.0
2004-08-04,14000.0,7e-08,Low,0.583375,2.4,340.0
2004-08-05,14000.0,1e-07,Low,1.333375,1.9,312.0
2004-08-06,13000.0,1.1e-07,Low,1.166875,-3.5,345.0
2004-08-07,13000.0,1.2e-07,Low,2.8752500000000003,4.9,340.0
2004-08-08,14000.0,2.2999999999999997e-07,Low,0.70825,0.7,455.0
2004-08-09,14000.0,3.8e-07,Low,2.6248750000000003,-0.4,380.0
2004-08-10,14000.0,3.2999999999999996e-07,Low,2.9167499999999995,-5.8,379.0
2004-08-11,15000.0,4.9e-07,Low,2.4163750000000004,1.7,608.0
2004-08-12,14000.0,6.9e-07,Medium,1.875,-1.5,514.0
2004-08-13,15000.0,6.8e-07,Medium,1.625,-0.4,467.0
2004-08-14,17000.0,2e-06,High,1.875125,3.1,413.0
2004-08-15,15000.0,7e-07,Medium,0.8334999999999999,3.2,391.0
2004-08-16,15000.0,5.599999999999999e-07,Medium,1.25,0.7,347.0
2004-08-17,14000.0,8.699999999999999e-07,Medium,2.1665,-5.1,335.0
2004-08-18,14000.0,9.2e-07,Medium,2.1251249999999997,2.1,350.0
2004-08-19,16000.0,9.699999999999998e-07,Medium,1.083375,0.7,347.0
2004-08-20,16000.0,3.2e-07,Low,2.9998750000000003,-3.0,350.0
2004-08-21,14000.0,2.2999999999999997e-07,Low,3.0417500000000004,-2.8,383.0
2004-08-22,13000.0,1.9e-07,Low,2.666625,-1.6,460.0
2004-08-23,13000.0,1.6e-07,Low,1.20825,1.3,439.0
2004-08-24,13000.0,1.7e-07,Low,0.708375,-0.1,375.0
2004-08-25,14000.0,1.3999999999999998e-07,Low,0.999875,0.8,304.0
2004-08-26,14000.0,1.5e-07,Low,1.16675,1.2,332.0
2004-08-27,14000.0,1e-07,Low,1.458375,-2.1,395.0
2004-08-28,15000.0,7.1e-08,Low,1.70825,1.4,408.0
2004-08-29,14000.0,5.8e-08,Low,1.375,0.2,406.0
2004-08-30,14000.0,1.3e-07,Low,4.166625,1.8,394.0
2004-08-31,14000.0,2e-07,Low,3.791625,-3.0,409.0
2004-09-01,13000.0,1.9e-07,Low,1.833375,2.4,473.0
2004-09-02,13000.0,1.9e-07,Low,1.458375,0.9,476.0
2004-09-03,15000.0,1.5e-07,Low,0.541625,-0.1,433.0
2004-09-04,14000.0,1.5e-07,Low,0.5,0.3,330.0
2004-09-05,14000.0,1.7e-07,Low,1.5832499999999998,0.4,320.0
2004-09-06,14000.0,1.7e-07,Low,2.8335,3.1,345.0
2004-09-07,14000.0,3.2e-07,Low,2.416625,-2.9,412.0
2004-09-08,15000.0,4e-07,Low,1.583375,-1.7,423.0
2004-09-09,14000.0,5.3e-07,Medium,0.83325,-0.3,359.0
2004-09-10,14000.0,4.3e-07,Low,0.4585,-1.0,335.0
2004-09-11,14000.0,3.1e-07,Low,0.4167499999999999,-0.1,274.0
2004-09-12,19000.0,2.7999999999999997e-07,Low,0.45825,-4.9,266.0
2004-09-13,1900000.0,3e-07,Low,1.1665,2.5,272.0
2004-09-14,8500000.0,4.7e-07,Low,4.20825,0.3,548.0
2004-09-15,740000.0,3.2e-07,Low,2.708375,-3.1,573.0
2004-09-16,150000.0,1.9e-07,Low,3.3751250000000006,2.5,543.0
2004-09-17,37000.0,1.8e-07,Low,3.4585,-2.2,533.0
2004-09-18,17000.0,1.9e-07,Low,2.208375,-3.7,497.0
2004-09-19,600000.0,1.3999999999999998e-07,Low,1.04175,3.9,408.0
2004-09-20,1000000.0,1.9e-07,Low,2.29175,-3.1,398.0
2004-09-21,96000.0,1.3999999999999998e-07,Low,1.83325,-0.4,368.0
2004-09-22,23000.0,1.3999999999999998e-07,Low,2.7917499999999995,3.2,437.0
2004-09-23,14000.0,9.8e-08,Low,2.208125,-4.9,455.0
2004-09-24,15000.0,8.1e-08,Low,1.458375,0.2,441.0
2004-09-25,14000.0,6.1e-08,Low,0.791625,1.4,394.0
2004-09-26,14000.0,5.900000000000001e-08,Low,0.70825,2.7,371.0
2004-09-27,14000.0,6.2e-08,Low,1.0,-0.1,342.0
2004-09-28,15000.0,8.1e-08,Low,1.583375,1.0,378.0
2004-09-29,14000.0,6.1e-08,Low,1.08325,4.8,397.0
2004-09-30,14000.0,5.4000000000000014e-08,Low,0.58325,0.4,388.0
2004-10-01,14000.0,4e-08,Low,0.750125,0.9,354.0
2004-10-02,15000.0,3.9e-08,Low,2.458375,-0.6,323.0
2004-10-03,14000.0,4.5e-08,Low,2.41675,2.2,356.0
2004-10-04,15000.0,5.7e-08,Low,2.541625,-2.2,369.0
2004-10-05,15000.0,6.8e-08,Low,0.958375,-0.7,373.0
2004-10-06,15000.0,6.8e-08,Low,0.70825,-1.6,339.0
2004-10-07,15000.0,6.4e-08,Low,0.374875,-1.4,308.0
2004-10-08,16000.0,1.1e-07,Low,1.375,-1.1,287.0
2004-10-09,15000.0,1.3e-07,Low,1.16675,0.0,371.0
2004-10-10,14000.0,1.7e-07,Low,1.875,-1.7,349.0
2004-10-11,15000.0,5.5e-08,Low,2.4165,-3.7,407.0
2004-10-12,14000.0,5.6e-08,Low,1.958375,-1.3,408.0
2004-10-13,14000.0,5.5e-08,Low,4.249875,-5.9,431.0
2004-10-14,13000.0,8.300000000000004e-08,Low,3.625,-0.1,502.0
2004-10-15,14000.0,7e-08,Low,2.08325,0.4,528.0
2004-10-16,14000.0,7.1e-08,Low,0.916875,-1.3,464.0
2004-10-17,14000.0,7.9e-08,Low,0.2915,-0.3,326.0
2004-10-18,14000.0,1.1e-07,Low,0.7498750000000001,0.8,302.0
2004-10-19,14000.0,1.2e-07,Low,0.8749999999999999,2.6,314.0
2004-10-20,15000.0,2.1e-07,Low,2.458375,1.9,379.0
2004-10-21,15000.0,2.2e-07,Low,1.791625,-0.3,433.0
2004-10-22,14000.0,4e-07,Low,1.500125,1.8,404.0
2004-10-23,15000.0,3.8e-07,Low,0.500125,2.1,386.0
2004-10-24,15000.0,4.7e-07,Low,1.7501250000000002,3.6,384.0
2004-10-25,15000.0,3.9e-07,Low,2.5415,2.0,485.0
2004-10-26,15000.0,3.4e-07,Low,0.291625,-0.4,452.0
2004-10-27,14000.0,3.9e-07,Low,0.791625,2.6,417.0
2004-10-28,14000.0,4.4e-07,Low,0.541625,0.8,377.0
2004-10-29,15000.0,4e-07,Low,1.500125,0.2,306.0
2004-10-30,67000.0,4.8e-07,Low,3.125,-6.3,367.0
2004-10-31,50000.0,4.5e-07,Low,2.583375,-0.8,432.0
2004-11-01,1300000.0,3.2999999999999996e-07,Low,1.291625,-0.1,413.0
2004-11-02,220000.0,5.1e-07,Medium,1.125,-2.8,372.0
2004-11-03,30000.0,5.4e-07,Medium,1.95825,2.5,365.0
2004-11-04,18000.0,4.5e-07,Low,2.041625,6.2,402.0
2004-11-05,15000.0,4.9e-07,Low,0.75,2.3,408.0
2004-11-06,16000.0,4.3e-07,Low,0.166625,1.8,342.0
2004-11-07,3200000.0,4.9e-07,Low,3.833375,-1.0,324.0
2004-11-08,11000000.0,4.9e-07,Low,6.25,-35.7,696.0
2004-11-09,3900000.0,7e-07,Medium,6.500125000000001,-5.4,599.0
2004-11-10,11000000.0,5.2e-07,Medium,7.041499999999999,23.3,819.0
2004-11-11,6900000.0,2.1e-07,Low,3.6248749999999994,-0.6,597.0
2004-11-12,3700000.0,1.3e-07,Low,4.166625,-1.5,619.0
2004-11-13,870000.0,1e-07,Low,1.83325,-1.4,548.0
2004-11-14,390000.0,1.3999999999999998e-07,Low,1.70825,-3.2,508.0
2004-11-15,150000.0,1.9e-07,Low,0.2915,3.6,469.0
2004-11-16,100000.0,2.5e-07,Low,1.83325,2.6,383.0
2004-11-17,35000.0,2e-07,Low,1.249875,2.1,417.0
2004-11-18,20000.0,2e-07,Low,0.33325,-0.3,387.0
2004-11-19,17000.0,2.5e-07,Low,0.91675,3.7,339.0
2004-11-20,16000.0,1.1e-07,Low,3.416875,5.9,444.0
2004-11-21,15000.0,1.3999999999999998e-07,Low,3.125,4.4,507.0
2004-11-22,15000.0,2.7e-07,Low,1.83325,1.4,581.0
2004-11-23,16000.0,3e-07,Low,1.500125,-1.7,490.0
2004-11-24,17000.0,2.6e-07,Low,2.08325,-3.0,384.0
2004-11-25,17000.0,2.7999999999999997e-07,Low,3.375,-3.0,470.0
2004-11-26,16000.0,2.5e-07,Low,2.5835,-1.6,519.0
2004-11-27,15000.0,1.9e-07,Low,2.375,-0.7,413.0
2004-11-28,16000.0,2.1e-07,Low,2.7085,-3.1,419.0
2004-11-29,15000.0,1.6e-07,Low,3.166625,7.4,424.0
2004-11-30,14000.0,1.9e-07,Low,3.166625,-1.4,566.0
2004-12-01,13000.0,2.2999999999999997e-07,Low,2.375,2.7,662.0
2004-12-02,13000.0,1.9e-07,Low,0.8748750000000001,0.0,572.0
2004-12-03,67000.0,1.7e-07,Low,0.625,-0.7,445.0
2004-12-04,63000.0,1.3999999999999998e-07,Low,0.0,1.6,380.0
2004-12-05,26000.0,1.3999999999999998e-07,Low,1.833375,-0.5,304.0
2004-12-06,18000.0,1.3e-07,Low,3.458375,5.0,408.0
2004-12-07,13000.0,1.2e-07,Low,2.958375,-1.2,458.0
2004-12-08,13000.0,9.2e-08,Low,2.5,3.8,514.0
2004-12-09,13000.0,6.8e-08,Low,1.916625,-1.2,469.0
2004-12-10,14000.0,5.2e-08,Low,2.3748750000000003,0.1,395.0
2004-12-11,13000.0,5.8e-08,Low,2.58325,3.3,477.0
2004-12-12,13000.0,8.500000000000003e-08,Low,3.916625,0.9,524.0
2004-12-13,13000.0,9.5e-08,Low,1.791625,-9.8,403.0
2004-12-14,14000.0,8.7e-08,Low,1.74975,7.8,389.0
2004-12-15,14000.0,1e-07,Low,1.58325,-1.5,370.0
2004-12-16,14000.0,1.5e-07,Low,2.58325,5.6,386.0
2004-12-17,14000.0,1.1e-07,Low,3.1247499999999997,2.8,596.0
2004-12-18,15000.0,1.1e-07,Low,2.5,0.4,631.0
2004-12-19,14000.0,1.2e-07,Low,0.6251249999999999,0.7,516.0
2004-12-20,15000.0,1.3e-07,Low,1.041625,0.4,409.0
2004-12-21,15000.0,1.5e-07,Low,2.4585,-2.8,367.0
2004-12-22,16000.0,1.3e-07,Low,3.2915,1.0,392.0
2004-12-23,15000.0,1.1e-07,Low,1.708125,0.7,468.0
2004-12-24,15000.0,1.3e-07,Low,0.791625,0.0,378.0
2004-12-25,15000.0,1e-07,Low,2.7082499999999996,2.7,368.0
2004-12-26,15000.0,9.2e-08,Low,2.4585,-0.1,491.0
2004-12-27,14000.0,1.2e-07,Low,1.958375,-0.1,473.0
2004-12-28,14000.0,2.4e-07,Low,2.958125,-4.2,456.0
2004-12-29,13000.0,2.7999999999999997e-07,Low,2.958375,-6.8,425.0
2004-12-30,14000.0,1.8e-07,Low,3.2085,-1.7,422.0
2004-12-31,13000.0,1.5e-07,Low,1.79175,0.1,471.0
2005-01-01,13000.0,1.3e-07,Low,3.1248750000000003,-3.4,431.0
2005-01-02,14000.0,1.9e-07,Low,4.416625,-0.4,590.0
2005-01-03,13000.0,1.3999999999999998e-07,Low,3.3335,0.8,676.0
2005-01-04,11000.0,8.300000000000004e-08,Low,3.833125,0.8,687.0
2005-01-05,11000.0,5e-08,Low,3.1665,0.6,708.0
2005-01-06,11000.0,4.7000000000000004e-08,Low,1.041625,2.7,578.0
2005-01-07,12000.0,6.5e-08,Low,3.0,2.4,507.0
2005-01-08,11000.0,7.3e-08,Low,3.75,-7.0,526.0
2005-01-09,13000.0,9.5e-08,Low,0.916625,5.6,466.0
2005-01-10,14000.0,7.9e-08,Low,1.541625,2.9,449.0
2005-01-11,14000.0,8.6e-08,Low,2.70825,-2.4,430.0
2005-01-12,14000.0,1.6e-07,Low,4.249875,0.8,421.0
2005-01-13,14000.0,2.6e-07,Low,2.9167500000000004,-0.5,692.0
2005-01-14,15000.0,7.3e-07,Medium,2.6248750000000003,0.2,673.0
2005-01-15,270000.0,1.6e-06,High,3.208375,-4.2,615.0
2005-01-16,13000000.0,1.6e-06,High,3.08325,-0.5,544.0
2005-01-17,110000000.0,1.5e-06,High,5.20825,-8.0,530.0
2005-01-18,94000000.0,7.1e-07,Medium,5.9167499999999995,-12.5,574.0
2005-01-19,8200000.0,6.8e-07,Medium,5.041625,3.2,996.0
2005-01-20,52000000.0,8.699999999999999e-07,Medium,3.0,2.7,724.0
2005-01-21,12000000.0,6.2e-07,Medium,4.33325,-0.2,9999.0
2005-01-22,1400000.0,3e-07,Low,4.000125,9.3,851.0
2005-01-23,220000.0,1.5e-07,Low,3.333375,0.0,694.0
2005-01-24,70000.0,9.300000000000001e-08,Low,2.250125,0.8,603.0
2005-01-25,40000.0,8.6e-08,Low,0.958375,-0.3,542.0
2005-01-26,31000.0,8.7e-08,Low,0.54175,-1.1,420.0
2005-01-27,27000.0,5.6e-08,Low,0.499875,-1.6,346.0
2005-01-28,38000.0,4.7000000000000004e-08,Low,1.50025,-1.1,351.0
2005-01-29,46000.0,4.4000000000000004e-08,Low,3.3748750000000003,0.9,367.0
2005-01-30,38000.0,4.5999999999999995e-08,Low,3.041625,0.7,595.0
2005-01-31,28000.0,4.4000000000000004e-08,Low,3.125125,1.6,567.0
2005-02-01,19000.0,4e-08,Low,1.29175,0.7,606.0
2005-02-02,19000.0,4.5e-08,Low,2.0,1.7,500.0
2005-02-03,18000.0,7.599999999999999e-08,Low,1.916625,1.6,529.0
2005-02-04,16000.0,1.3e-07,Low,0.79175,0.7,494.0
2005-02-05,15000.0,2.1e-07,Low,0.45825,1.8,413.0
2005-02-06,16000.0,1.8e-07,Low,2.083375,-0.6,355.0
2005-02-07,15000.0,2.2e-07,Low,3.875,-5.1,381.0
2005-02-08,14000.0,2e-07,Low,4.20825,-0.4,744.0
2005-02-09,14000.0,1.9e-07,Low,3.833375,-0.8,703.0
2005-02-10,13000.0,2.1e-07,Low,3.5001249999999997,-0.4,713.0
2005-02-11,13000.0,2.1e-07,Low,2.58325,-0.1,657.0
2005-02-12,13000.0,1.8e-07,Low,1.125,-0.2,590.0
2005-02-13,14000.0,1.6e-07,Low,0.91675,-1.8,472.0
2005-02-14,13000.0,1.5e-07,Low,1.416625,-1.9,364.0
2005-02-15,13000.0,1.6e-07,Low,0.8748750000000001,0.7,386.0
2005-02-16,14000.0,1.3999999999999998e-07,Low,2.7915,-2.2,390.0
2005-02-17,14000.0,1.3e-07,Low,1.458375,-1.2,380.0
2005-02-18,14000.0,2.1e-07,Low,3.875,-14.1,460.0
2005-02-19,14000.0,1.6e-07,Low,2.916625,0.5,533.0
2005-02-20,13000.0,7e-08,Low,2.6248750000000003,1.3,496.0
2005-02-21,13000.0,9.9e-08,Low,1.375,-4.4,426.0
2005-02-22,13000.0,1.1e-07,Low,0.958375,0.4,379.0
2005-02-23,14000.0,1.1e-07,Low,0.8332499999999999,1.4,370.0
2005-02-24,14000.0,6.4e-08,Low,1.208125,8.1,401.0
2005-02-25,14000.0,2.1000000000000003e-08,Low,2.1665,1.3,425.0
2005-02-26,14000.0,1.4e-08,Low,2.4582500000000005,-1.0,551.0
2005-02-27,14000.0,1.7e-08,Low,1.79175,4.6,524.0
2005-02-28,13000.0,1.5000000000000002e-08,Low,2.708375,2.1,584.0
2005-03-01,14000.0,2.1000000000000003e-08,Low,2.458125,2.6,603.0
2005-03-02,14000.0,2e-08,Low,2.7498749999999994,2.0,639.0
2005-03-03,14000.0,4.1e-08,Low,1.08325,1.6,585.0
2005-03-04,14000.0,4.5e-08,Low,0.45825,-0.2,452.0
2005-03-05,14000.0,4.7000000000000004e-08,Low,2.3748750000000003,-0.5,388.0
2005-03-06,13000.0,6.4e-08,Low,4.416625,-5.9,398.0
2005-03-07,14000.0,7.8e-08,Low,4.625,-2.8,658.0
2005-03-08,14000.0,1.1e-07,Low,4.0,-1.7,727.0
2005-03-09,14000.0,1.6e-07,Low,3.708375,-0.3,639.0
2005-03-10,14000.0,1.3999999999999998e-07,Low,2.8333749999999993,-2.1,716.0
2005-03-11,13000.0,1.3999999999999998e-07,Low,1.291625,-0.9,562.0
2005-03-12,13000.0,1.8e-07,Low,0.7917500000000001,-0.1,464.0
2005-03-13,14000.0,1.7e-07,Low,1.20825,-1.7,363.0
2005-03-14,15000.0,1.6e-07,Low,3.208375,-5.1,348.0
2005-03-15,15000.0,1.3999999999999998e-07,Low,0.958375,3.3,405.0
2005-03-16,14000.0,1.3999999999999998e-07,Low,1.54175,1.8,376.0
2005-03-17,14000.0,1.3999999999999998e-07,Low,2.5832499999999996,-4.8,393.0
2005-03-18,14000.0,1.6e-07,Low,1.875125,0.6,415.0
2005-03-19,14000.0,1.3999999999999998e-07,Low,1.833375,-3.6,463.0
2005-03-20,14000.0,7.7e-08,Low,0.8748750000000001,1.6,415.0
2005-03-21,13000.0,6.2e-08,Low,1.583125,-2.7,320.0
2005-03-22,13000.0,6.900000000000002e-08,Low,0.666625,3.1,419.0
2005-03-23,15000.0,7.5e-08,Low,0.916625,3.1,346.0
2005-03-24,14000.0,5.8e-08,Low,1.125125,2.9,315.0
2005-03-25,14000.0,3.7e-08,Low,3.3335,4.9,427.0
2005-03-26,13000.0,3.1e-08,Low,3.0001249999999997,2.7,676.0
2005-03-27,13000.0,3.3e-08,Low,2.7917500000000004,4.0,628.0
2005-03-28,14000.0,2.8e-08,Low,1.08325,1.1,532.0
2005-03-29,13000.0,2.7000000000000004e-08,Low,0.91675,2.7,528.0
2005-03-30,13000.0,2e-08,Low,1.7085,-0.1,458.0
2005-03-31,14000.0,1.7e-08,Low,2.08325,1.3,431.0
2005-04-01,14000.0,2.5e-08,Low,1.291625,1.1,464.0
2005-04-02,15000.0,3.4e-08,Low,0.666625,0.4,391.0
2005-04-03,15000.0,3.2e-08,Low,1.3335,-0.7,346.0
2005-04-04,14000.0,6.6e-08,Low,3.291625,1.9,359.0
2005-04-05,14000.0,7.1e-08,Low,4.5,-8.8,585.0
2005-04-06,14000.0,7.8e-08,Low,2.3751249999999997,-0.4,611.0
2005-04-07,14000.0,6.900000000000002e-08,Low,1.66675,-1.7,485.0
2005-04-08,14000.0,6.1e-08,Low,0.7498750000000001,-2.2,411.0
2005-04-09,14000.0,8.500000000000003e-08,Low,0.6248750000000001,-1.7,342.0
2005-04-10,15000.0,1e-07,Low,0.4998749999999999,2.4,332.0
2005-04-11,15000.0,9.2e-08,Low,1.958375,-0.1,343.0
2005-04-12,15000.0,6.900000000000002e-08,Low,4.0415,-7.1,455.0
2005-04-13,15000.0,4.5999999999999995e-08,Low,4.125,8.0,552.0
2005-04-14,15000.0,5.4000000000000014e-08,Low,2.9998750000000003,-0.3,563.0
2005-04-15,14000.0,5.3e-08,Low,2.7085,-2.1,517.0
2005-04-16,15000.0,5.5e-08,Low,1.5,-1.7,497.0
2005-04-17,14000.0,5.5e-08,Low,1.041625,-0.4,404.0
2005-04-18,15000.0,4.8e-08,Low,1.708375,-1.7,381.0
2005-04-19,15000.0,3.5e-08,Low,1.75,-2.8,362.0
2005-04-20,14000.0,2.5e-08,Low,3.25,5.7,377.0
2005-04-21,15000.0,1.5000000000000002e-08,Low,0.583375,0.6,476.0
2005-04-22,14000.0,2.6e-08,Low,1.833375,-3.2,407.0
2005-04-23,14000.0,5.5e-08,Low,1.416625,5.5,503.0
2005-04-24,14000.0,1.1e-07,Low,1.9585,-1.8,555.0
2005-04-25,15000.0,1e-07,Low,1.958375,1.4,540.0
2005-04-26,14000.0,1.1e-07,Low,0.5417500000000001,1.1,463.0
2005-04-27,15000.0,1.2e-07,Low,0.33325,2.1,398.0
2005-04-28,15000.0,1.3e-07,Low,0.5415,2.0,363.0
2005-04-29,14000.0,1.2e-07,Low,2.083375,1.6,347.0
2005-04-30,14000.0,1.6e-07,Low,3.70825,-8.2,405.0
2005-05-01,14000.0,2.4e-07,Low,3.583375,-4.9,593.0
2005-05-02,13000.0,2.2999999999999997e-07,Low,1.83325,0.3,634.0
2005-05-03,13000.0,2.6e-07,Low,2.125125,-0.3,472.0
2005-05-04,14000.0,2e-07,Low,1.166625,-1.8,457.0
2005-05-05,15000.0,2.7999999999999997e-07,Low,1.041625,-2.0,343.0
2005-05-06,76000.0,2.2999999999999997e-07,Low,1.041625,-0.1,344.0
2005-05-07,140000.0,2.7e-07,Low,1.91675,3.2,393.0
2005-05-08,36000.0,2.4e-07,Low,5.75,-11.7,547.0
2005-05-09,13000.0,4.0999999999999994e-07,Low,2.1251249999999997,-0.2,672.0
2005-05-10,12000.0,4.0999999999999994e-07,Low,1.875,-4.1,540.0
2005-05-11,15000.0,4.4e-07,Low,2.33325,-1.2,465.0
2005-05-12,21000.0,3.4e-07,Low,2.875,-1.3,495.0
2005-05-13,27000.0,2.7e-07,Low,3.4167500000000004,-3.9,568.0
2005-05-14,7700000.0,6.8e-07,Medium,1.541625,2.3,523.0
2005-05-15,22000000.0,2.9e-07,Low,5.66675,-0.3,405.0
2005-05-16,170000.0,2.7e-07,Low,4.25,-5.5,749.0
2005-05-17,42000.0,1.3999999999999998e-07,Low,2.958375,-2.6,619.0
2005-05-18,18000.0,8.800000000000003e-08,Low,1.874875,-2.4,452.0
2005-05-19,14000.0,6.900000000000002e-08,Low,1.833375,3.3,483.0
2005-05-20,14000.0,8.400000000000001e-08,Low,3.458375,-0.6,454.0
2005-05-21,14000.0,9.400000000000001e-08,Low,3.2085,0.7,434.0
2005-05-22,14000.0,6.900000000000002e-08,Low,2.0,-2.1,395.0
2005-05-23,15000.0,6.6e-08,Low,1.0835,1.4,405.0
2005-05-24,15000.0,9.1e-08,Low,0.70825,2.3,430.0
2005-05-25,16000.0,7.3e-08,Low,0.8748750000000001,-3.4,410.0
2005-05-26,16000.0,9.9e-08,Low,0.24975,0.2,336.0
2005-05-27,17000.0,1.9e-07,Low,0.33325,1.6,313.0
2005-05-28,16000.0,1.5e-07,Low,2.25,0.3,281.0
2005-05-29,14000.0,1.1e-07,Low,3.125,-0.7,422.0
2005-05-30,13000.0,1.2e-07,Low,5.791625000000001,1.0,510.0
2005-05-31,14000.0,1.6e-07,Low,2.7917500000000004,-4.0,491.0
2005-06-01,14000.0,1.7e-07,Low,1.54175,-2.4,463.0
2005-06-02,15000.0,1.8e-07,Low,1.5,1.3,378.0
2005-06-03,14000.0,2e-07,Low,1.625125,1.3,444.0
2005-06-04,15000.0,1.7e-07,Low,3.1248750000000003,0.8,399.0
2005-06-05,17000.0,2.7e-07,Low,3.166625,1.9,553.0
2005-06-06,18000.0,1.9e-07,Low,2.0835,-0.6,613.0
2005-06-07,19000.0,1.6e-07,Low,2.75,-2.7,472.0
2005-06-08,15000.0,2.2e-07,Low,1.041625,-2.5,472.0
2005-06-09,15000.0,2.2e-07,Low,1.125125,-1.7,405.0
2005-06-10,16000.0,2.4e-07,Low,0.583625,1.3,355.0
2005-06-11,15000.0,1.5e-07,Low,1.125125,-0.7,319.0
2005-06-12,15000.0,1.6e-07,Low,4.458375,1.4,307.0
2005-06-13,14000.0,1.3e-07,Low,3.833375,-10.9,471.0
2005-06-14,15000.0,1.3999999999999998e-07,Low,2.2085,0.6,450.0
2005-06-15,15000.0,1.3e-07,Low,2.8332499999999996,4.3,521.0
2005-06-16,180000.0,1.8e-07,Low,3.4167499999999995,6.1,449.0
2005-06-17,1900000.0,2.2999999999999997e-07,Low,2.5835,-4.3,639.0
2005-06-18,100000.0,1.5e-07,Low,1.45825,1.9,581.0
2005-06-19,28000.0,1e-07,Low,1.166625,0.9,460.0
2005-06-20,17000.0,8.800000000000003e-08,Low,0.708375,-0.2,395.0
2005-06-21,15000.0,7.8e-08,Low,0.291625,2.2,369.0
2005-06-22,15000.0,6.1e-08,Low,1.375125,2.0,349.0
2005-06-23,15000.0,5.3e-08,Low,4.79175,-7.8,325.0
2005-06-24,15000.0,3.4e-08,Low,1.999875,-4.4,494.0
2005-06-25,14000.0,2.7000000000000004e-08,Low,2.33325,-2.5,513.0
2005-06-26,14000.0,4.8e-08,Low,1.6665,0.0,647.0
2005-06-27,15000.0,8e-08,Low,0.8332499999999999,-0.5,474.0
2005-06-28,14000.0,5.7e-08,Low,0.916625,1.1,378.0
2005-06-29,16000.0,8.6e-08,Low,1.2085,-0.5,407.0
2005-06-30,15000.0,1.5e-07,Low,1.499875,-0.8,385.0
2005-07-01,14000.0,2e-07,Low,2.541625,0.9,377.0
2005-07-02,15000.0,3.1e-07,Low,2.5832499999999996,-2.9,622.0
2005-07-03,15000.0,3.7e-07,Low,1.875,-1.0,544.0
2005-07-04,14000.0,2.7999999999999997e-07,Low,1.083375,-1.0,483.0
2005-07-05,16000.0,2.9e-07,Low,0.9165,0.2,442.0
2005-07-06,15000.0,2.9e-07,Low,0.8751249999999999,0.2,394.0
2005-07-07,16000.0,3e-07,Low,1.58325,1.0,346.0
2005-07-08,15000.0,2.2999999999999997e-07,Low,0.95825,-3.9,327.0
2005-07-09,14000.0,2.1e-07,Low,3.541625,0.6,319.0
2005-07-10,85000.0,1.9e-07,Low,5.20825,-6.2,334.0
2005-07-11,26000.0,3.2e-07,Low,3.416625,-4.0,434.0
2005-07-12,15000.0,7.799999999999999e-07,Medium,4.166499999999999,-6.2,410.0
2005-07-13,50000.0,5.8e-07,Medium,3.916625,5.8,518.0
2005-07-14,2000000.0,1e-06,High,1.58325,3.2,584.0
2005-07-15,7200000.0,5.9e-07,Medium,1.166625,-0.4,454.0
2005-07-16,2000000.0,1e-07,Low,2.08325,-1.4,374.0
2005-07-17,650000.0,5.4000000000000014e-08,Low,3.3332499999999996,0.4,428.0
2005-07-18,790000.0,2.9e-08,Low,3.333125,-8.5,420.0
2005-07-19,150000.0,1.3e-08,Low,1.75,-2.0,411.0
2005-07-20,28000.0,1.3e-08,Low,3.3332499999999996,0.7,404.0
2005-07-21,15000.0,1.3e-08,Low,3.208375,-6.3,554.0
2005-07-22,15000.0,1.8000000000000002e-08,Low,2.5415,0.3,620.0
2005-07-23,14000.0,4.2000000000000006e-08,Low,1.083375,1.2,580.0
2005-07-24,15000.0,4.3e-08,Low,0.833375,0.9,412.0
2005-07-25,18000.0,6.3e-08,Low,0.91675,-0.3,320.0
2005-07-26,39000.0,8.9e-08,Low,1.000125,-1.7,300.0
2005-07-27,410000.0,1.7e-07,Low,2.41675,-2.1,324.0
2005-07-28,2200000.0,1.8e-07,Low,3.458375,0.9,409.0
2005-07-29,2800000.0,1.8e-07,Low,3.125,-1.0,595.0
2005-07-30,2300000.0,2.6e-07,Low,2.208375,-1.1,545.0
2005-07-31,1500000.0,2.2e-07,Low,1.833375,0.3,476.0
2005-08-01,930000.0,2e-07,Low,2.8751249999999997,-2.0,478.0
2005-08-02,210000.0,2.4e-07,Low,2.16675,-0.1,497.0
2005-08-03,38000.0,1.8e-07,Low,1.999875,0.9,458.0
2005-08-04,36000.0,1.8e-07,Low,2.083375,-1.9,440.0
2005-08-05,25000.0,1.3999999999999998e-07,Low,1.708375,3.7,411.0
2005-08-06,16000.0,1.2e-07,Low,4.083375,-3.7,502.0
2005-08-07,11000.0,1.5e-07,Low,2.791625,-3.1,684.0
2005-08-08,12000.0,1e-07,Low,1.66675,-0.9,576.0
2005-08-09,12000.0,8.1e-08,Low,2.125,-0.3,541.0
2005-08-10,13000.0,5.5e-08,Low,2.583375,-1.8,431.0
2005-08-11,13000.0,4e-08,Low,0.6248750000000001,-0.3,419.0
2005-08-12,13000.0,4.3e-08,Low,1.20825,-1.7,372.0
2005-08-13,13000.0,3.4e-08,Low,2.875,-0.9,362.0
2005-08-14,13000.0,3.6000000000000005e-08,Low,1.7915,-0.2,558.0
2005-08-15,13000.0,3.7e-08,Low,1.416625,0.6,406.0
2005-08-16,14000.0,3.3e-08,Low,2.916625,1.1,547.0
2005-08-17,16000.0,3.6000000000000005e-08,Low,2.708375,2.2,672.0
2005-08-18,16000.0,6.1e-08,Low,2.6667499999999995,-1.6,689.0
2005-08-19,16000.0,1e-07,Low,1.583375,0.9,621.0
2005-08-20,16000.0,1.3999999999999998e-07,Low,0.7083750000000001,-0.5,466.0
2005-08-21,16000.0,1.8e-07,Low,1.750125,0.1,384.0
2005-08-22,720000.0,1.7e-07,Low,2.12475,-1.3,521.0
2005-08-23,17000000.0,5.5e-07,Medium,1.875125,-1.2,526.0
2005-08-24,5100000.0,3.5e-07,Low,5.70825,-3.5,428.0
2005-08-25,290000.0,1.9e-07,Low,3.458375,-0.8,715.0
2005-08-26,46000.0,1.8e-07,Low,1.54175,-0.3,609.0
2005-08-27,22000.0,1.1e-07,Low,1.25,-1.5,496.0
2005-08-28,17000.0,8.7e-08,Low,1.291625,-3.1,401.0
2005-08-29,25000.0,9.1e-08,Low,1.41675,-3.7,401.0
2005-08-30,55000.0,8.500000000000003e-08,Low,0.7082499999999999,1.4,383.0
2005-08-31,24000.0,7.1e-08,Low,4.125,3.6,351.0
2005-09-01,49000.0,4.4000000000000004e-08,Low,2.541625,-3.0,476.0
2005-09-02,66000.0,3.7e-08,Low,4.25,1.0,447.0
2005-09-03,17000.0,2.7000000000000004e-08,Low,3.625000000000001,-0.6,667.0
2005-09-04,15000.0,3.2e-08,Low,3.62525,-0.5,537.0
2005-09-05,17000.0,7.599999999999999e-08,Low,2.5415,-1.7,645.0
2005-09-06,21000.0,3.4e-07,Low,1.875,-3.9,447.0
2005-09-07,32000.0,1e-06,High,2.0832499999999996,-0.9,426.0
2005-09-08,3300000.0,1e-06,High,1.58325,-3.0,394.0
2005-09-09,18000000.0,8.3e-07,Medium,2.7498750000000003,0.3,335.0
2005-09-10,74000000.0,1.9e-06,High,4.041625,-0.8,428.0
2005-09-11,54000000.0,1.8e-06,High,6.291625,-0.1,747.0
2005-09-12,6400000.0,4.9e-07,Low,5.66675,-2.9,807.0
2005-09-13,590000.0,5.2e-07,Medium,4.541875,-0.3,798.0
2005-09-14,8500000.0,5.2e-07,Medium,3.2498749999999994,-0.8,635.0
2005-09-15,6100000.0,3.5e-07,Low,4.541625,0.5,587.0
2005-09-16,410000.0,3.2999999999999996e-07,Low,3.291625,1.4,716.0
2005-09-17,140000.0,3.7e-07,Low,2.458375,2.0,610.0
2005-09-18,110000.0,2.7999999999999997e-07,Low,2.166875,1.7,558.0
2005-09-19,60000.0,1.8e-07,Low,1.625125,-0.5,549.0
2005-09-20,36000.0,1.7e-07,Low,1.208375,1.1,423.0
2005-09-21,20000.0,1.1e-07,Low,0.749875,-0.2,385.0
2005-09-22,19000.0,5.900000000000001e-08,Low,1.625,-1.2,341.0
2005-09-23,15000.0,3.8e-08,Low,1.500125,2.6,357.0
2005-09-24,16000.0,2.7000000000000004e-08,Low,0.49975,-2.0,344.0
2005-09-25,17000.0,2.2000000000000002e-08,Low,1.1665,2.7,324.0
2005-09-26,16000.0,2.5e-08,Low,2.958375,-0.8,392.0
2005-09-27,16000.0,2.6e-08,Low,2.4582499999999996,1.5,404.0
2005-09-28,16000.0,1.3e-08,Low,2.4167500000000004,-1.9,373.0
2005-09-29,16000.0,1.4e-08,Low,1.750125,-1.2,390.0
2005-09-30,16000.0,1.8000000000000002e-08,Low,1.916625,-0.7,364.0
2005-10-01,14000.0,1.8000000000000002e-08,Low,2.7082499999999996,-0.3,493.0
2005-10-02,15000.0,4.5999999999999995e-08,Low,2.8751250000000006,-2.4,513.0
2005-10-03,15000.0,5.5e-08,Low,1.66675,-1.2,454.0
2005-10-04,15000.0,1.6e-07,Low,0.7915000000000001,-0.7,396.0
2005-10-05,16000.0,1.3e-07,Low,0.8335,-0.9,322.0
2005-10-06,14000.0,8e-08,Low,0.999875,-1.5,331.0
2005-10-07,14000.0,5.900000000000001e-08,Low,2.3751249999999997,-0.9,328.0
2005-10-08,14000.0,4.4000000000000004e-08,Low,3.7916250000000007,-2.8,406.0
2005-10-09,14000.0,4.4000000000000004e-08,Low,2.25,-0.1,653.0
2005-10-10,13000.0,4.5e-08,Low,2.12525,0.3,627.0
2005-10-11,14000.0,2.5e-08,Low,1.666875,-1.5,613.0
2005-10-12,14000.0,2.5e-08,Low,0.375,0.7,438.0
2005-10-13,14000.0,2.5e-08,Low,0.9585,2.0,409.0
2005-10-14,14000.0,2.5e-08,Low,0.499875,-0.2,368.0
2005-10-15,15000.0,2.5e-08,Low,0.458375,0.1,328.0
2005-10-16,14000.0,2.5e-08,Low,1.749875,0.2,313.0
2005-10-17,15000.0,2.5e-08,Low,2.541625,0.8,382.0
2005-10-18,15000.0,2.5e-08,Low,1.375125,1.2,338.0
2005-10-19,15000.0,2.4e-08,Low,1.70825,-1.2,362.0
2005-10-20,14000.0,1.2e-08,Low,0.58325,-1.1,356.0
2005-10-29,15000.0,1.4e-08,Low,0.6665,-0.4,391.0
2005-10-30,13000.0,2.6e-08,Low,1.291625,-1.9,346.0
2005-10-31,14000.0,2.9e-08,Low,2.75,1.4,375.0
2005-11-01,13000.0,3.5e-08,Low,2.1251249999999997,-2.6,365.0
2005-11-02,14000.0,3.5e-08,Low,1.7085,1.7,349.0
2005-11-03,14000.0,3.3e-08,Low,3.708375,0.0,616.0
2005-11-04,13000.0,3.2e-08,Low,3.3748749999999994,0.7,648.0
2005-11-05,14000.0,3.6000000000000005e-08,Low,2.708375,2.2,683.0
2005-11-06,14000.0,4.3e-08,Low,2.833375,-2.9,657.0
2005-11-07,15000.0,5.2e-08,Low,1.750125,-0.3,643.0
2005-11-08,15000.0,4.9e-08,Low,0.7501249999999999,-0.1,563.0
2005-11-09,15000.0,4.1e-08,Low,0.7501249999999999,-1.5,467.0
2005-11-10,15000.0,3.1e-08,Low,0.5,0.4,403.0
2005-11-11,16000.0,2.1000000000000003e-08,Low,1.333375,1.8,349.0
2005-11-12,16000.0,1.2e-07,Low,2.625,-1.1,374.0
2005-11-13,16000.0,2.4e-07,Low,2.833375,-2.1,418.0
2005-11-14,15000.0,3e-07,Low,2.083375,-3.7,381.0
2005-11-15,15000.0,1.6e-07,Low,1.166625,-0.9,397.0
2005-11-16,15000.0,1e-07,Low,0.6665,-1.3,355.0
2005-11-17,16000.0,1.1e-07,Low,0.458375,-2.9,324.0
2005-11-18,15000.0,2.2e-07,Low,0.9165,1.2,288.0
2005-11-19,14000.0,1.6e-07,Low,1.83325,-3.0,350.0
2005-11-20,14000.0,1.2e-07,Low,1.91675,2.3,397.0
2005-11-21,15000.0,9.8e-08,Low,1.083375,-1.0,369.0
2005-11-22,14000.0,8.199999999999999e-08,Low,1.6665,0.8,350.0
2005-11-23,14000.0,6.4e-08,Low,1.916875,0.3,340.0
2005-11-24,14000.0,7e-08,Low,2.25,-1.2,395.0
2005-11-25,15000.0,6.7e-08,Low,2.4582500000000005,-1.5,470.0
2005-11-26,14000.0,7.8e-08,Low,1.291625,-0.1,416.0
2005-11-27,14000.0,5.7e-08,Low,0.66675,3.0,340.0
2005-11-28,14000.0,4.5999999999999995e-08,Low,1.874875,1.2,379.0
2005-11-29,15000.0,4.7000000000000004e-08,Low,1.62525,-0.7,387.0
2005-11-30,15000.0,1.3e-07,Low,2.791625,6.1,517.0
2005-12-01,15000.0,2.6e-07,Low,3.0001249999999997,0.4,723.0
2005-12-02,15000.0,3.6e-07,Low,2.9998750000000003,0.1,703.0
2005-12-03,14000.0,2.2999999999999997e-07,Low,2.875,-2.2,698.0
2005-12-04,14000.0,1.1e-07,Low,1.54175,1.8,658.0
2005-12-05,14000.0,8.9e-08,Low,0.6248750000000001,1.4,575.0
2005-12-06,14000.0,7.7e-08,Low,0.5,0.5,427.0
2005-12-07,14000.0,6.7e-08,Low,0.08325,0.4,390.0
2005-12-08,15000.0,1e-07,Low,0.25,-0.1,311.0
2005-12-09,14000.0,1.1e-07,Low,1.208375,-3.2,284.0
2005-12-10,15000.0,1.3999999999999998e-07,Low,2.666625,-1.3,308.0
2005-12-11,15000.0,1.6e-07,Low,3.4167499999999995,-6.6,374.0
2005-12-12,14000.0,7.5e-08,Low,2.58325,1.7,487.0
2005-12-13,14000.0,5.7e-08,Low,1.375125,1.1,449.0
2005-12-14,14000.0,6.000000000000002e-08,Low,0.66675,0.2,467.0
2005-12-15,14000.0,4.2000000000000006e-08,Low,0.458375,-0.6,371.0
2005-12-16,14000.0,4.7000000000000004e-08,Low,1.70825,-0.8,315.0
2005-12-17,14000.0,3.7e-08,Low,0.91675,2.8,343.0
2005-12-18,15000.0,4.4000000000000004e-08,Low,0.875,-3.6,319.0
2005-12-19,15000.0,6.1e-08,Low,2.041625,0.1,309.0
2005-12-20,14000.0,5.5e-08,Low,3.1248750000000003,-6.0,425.0
2005-12-21,15000.0,5e-08,Low,2.166625,4.0,520.0
2005-12-22,14000.0,1.1e-07,Low,1.08325,-4.4,465.0
2005-12-23,14000.0,1.6e-07,Low,0.041625,0.2,428.0
2005-12-24,19000.0,1.5e-07,Low,1.041625,1.9,362.0
2005-12-25,14000.0,1.1e-07,Low,1.541625,-1.2,333.0
2005-12-26,15000.0,1.2e-07,Low,1.33325,2.5,357.0
2005-12-27,14000.0,1e-07,Low,2.75,-0.9,370.0
2005-12-28,15000.0,9.300000000000001e-08,Low,3.2083749999999993,1.1,651.0
2005-12-29,14000.0,9.300000000000001e-08,Low,2.75,1.6,695.0
2005-12-30,14000.0,8.800000000000003e-08,Low,2.083375,0.2,677.0
2005-12-31,13000.0,6.5e-08,Low,2.4582499999999996,-0.9,556.0
2006-01-01,13000.0,5.8e-08,Low,1.625125,-0.4,461.0
2006-01-02,14000.0,4.9e-08,Low,1.66675,7.1,453.0
2006-01-03,14000.0,3.6000000000000005e-08,Low,0.833375,1.5,446.0
2006-01-04,15000.0,3.5e-08,Low,0.45825,0.5,387.0
2006-01-05,15000.0,3.3e-08,Low,0.874875,3.7,360.0
2006-01-06,16000.0,2.8e-08,Low,1.83325,-1.0,342.0
2006-01-07,16000.0,2.1000000000000003e-08,Low,1.458375,-0.8,373.0
2006-01-08,16000.0,1.4e-08,Low,0.875,1.4,376.0
2006-01-15,16000.0,1.7e-08,Low,1.375,-3.5,317.0
2006-01-16,15000.0,3.0000000000000004e-08,Low,2.583375,6.1,409.0
2006-01-17,14000.0,3.0000000000000004e-08,Low,2.083375,0.8,433.0
2006-01-18,14000.0,2.9e-08,Low,2.33325,-2.5,442.0
2006-01-19,15000.0,5.5e-08,Low,2.04175,0.1,513.0
2006-01-20,15000.0,5e-08,Low,1.791875,0.0,468.0
2006-01-21,15000.0,9.8e-08,Low,1.083375,1.4,435.0
2006-01-22,16000.0,7.8e-08,Low,1.333375,0.4,375.0
2006-01-23,16000.0,6.2e-08,Low,3.0,3.7,375.0
2006-01-24,15000.0,1e-07,Low,1.54175,1.3,604.0
2006-01-25,14000.0,8.199999999999999e-08,Low,1.625125,2.4,429.0
2006-01-26,14000.0,7.4e-08,Low,3.958125,-5.2,432.0
2006-01-27,14000.0,6.5e-08,Low,2.5,-2.5,647.0
2006-01-28,14000.0,6.6e-08,Low,1.625,-0.9,571.0
2006-01-29,14000.0,4.5999999999999995e-08,Low,0.458375,-1.0,476.0
2006-01-30,14000.0,1.2e-08,Low,0.33325,-0.9,351.0
2006-02-15,15000.0,1.3e-08,Low,2.16675,0.5,346.0
2006-02-16,15000.0,1.4e-08,Low,2.08325,0.6,537.0
2006-02-17,15000.0,1.4e-08,Low,1.16675,-0.8,469.0
2006-02-25,15000.0,2.1000000000000003e-08,Low,0.416625,-0.2,420.0
2006-02-26,16000.0,2.1000000000000003e-08,Low,1.5,-0.5,351.0
2006-02-27,15000.0,1.4e-08,Low,0.958375,-2.6,340.0
2006-02-28,15000.0,1.3e-08,Low,1.166625,2.6,327.0
2006-03-01,15000.0,1.3e-08,Low,1.833125,2.1,376.0
2006-03-16,15000.0,1.2e-08,Low,1.874875,2.9,462.0
2006-03-19,15000.0,1.5000000000000002e-08,Low,4.375,-4.1,576.0
2006-03-20,15000.0,3.0000000000000004e-08,Low,3.3332500000000005,-1.6,701.0
2006-03-21,15000.0,3.2e-08,Low,2.70825,-0.1,598.0
2006-03-22,16000.0,4.5999999999999995e-08,Low,2.125,-1.1,596.0
2006-03-23,16000.0,4.3e-08,Low,0.91675,-0.4,491.0
2006-03-24,15000.0,4.1e-08,Low,1.0415,-1.5,399.0
2006-03-25,16000.0,3.2e-08,Low,1.5,-0.3,368.0
2006-03-26,16000.0,1.8000000000000002e-08,Low,1.624875,-0.5,351.0
2006-03-27,16000.0,1.1000000000000001e-08,Low,1.9165,-2.6,369.0
2006-03-28,16000.0,6.6e-08,Low,1.374875,2.2,398.0
2006-03-29,17000.0,6.1e-08,Low,1.250125,2.4,388.0
2006-03-30,16000.0,6.5e-08,Low,0.8748750000000001,-2.2,337.0
2006-03-31,17000.0,6.8e-08,Low,1.16675,0.2,358.0
2006-04-01,16000.0,4e-08,Low,0.166625,3.2,345.0
2006-04-02,17000.0,4e-08,Low,0.2498749999999999,2.3,311.0
2006-04-03,17000.0,4e-08,Low,0.291625,1.5,279.0
2006-04-04,17000.0,4e-08,Low,1.791625,3.9,292.0
2006-04-05,16000.0,4e-08,Low,3.958375,-6.1,332.0
2006-04-06,16000.0,4e-08,Low,1.833375,6.1,439.0
2006-04-07,17000.0,4e-08,Low,0.54175,-0.4,388.0
2006-04-08,16000.0,4e-08,Low,1.0,0.9,340.0
2006-04-09,15000.0,4e-08,Low,4.791625000000001,-6.1,339.0
2006-04-10,15000.0,4e-08,Low,2.8751250000000006,1.7,667.0
2006-04-11,16000.0,4e-08,Low,1.208375,0.1,578.0
2006-04-12,16000.0,4e-08,Low,0.1665,0.3,463.0
2006-04-13,15000.0,4e-08,Low,2.583375,2.0,374.0
2006-04-14,15000.0,4e-08,Low,5.33325,-2.3,508.0
2006-04-15,15000.0,4e-08,Low,4.208375,-1.7,541.0
2006-04-16,15000.0,4e-08,Low,2.333375,-1.4,594.0
2006-04-17,15000.0,4e-08,Low,1.291625,-1.1,562.0
2006-04-18,16000.0,4e-08,Low,1.5,-4.1,481.0
2006-04-19,16000.0,4e-08,Low,0.5833750000000001,-0.4,394.0
2006-04-20,16000.0,4e-08,Low,1.125,3.2,367.0
2006-04-21,17000.0,4e-08,Low,1.624875,-0.3,388.0
2006-04-22,16000.0,4e-08,Low,2.9582500000000005,-4.4,498.0
2006-04-23,17000.0,4e-08,Low,1.58325,3.8,591.0
2006-04-24,16000.0,4e-08,Low,1.41675,-1.9,477.0
2006-04-25,16000.0,4e-08,Low,0.875,-1.6,389.0
2006-04-26,17000.0,4e-08,Low,0.7083750000000001,-1.5,366.0
2006-04-27,17000.0,4e-08,Low,1.041625,0.5,338.0
2006-04-28,17000.0,4e-08,Low,2.0835,-1.8,324.0
2006-04-29,17000.0,4e-08,Low,0.45825,3.8,419.0
2006-04-30,17000.0,4e-08,Low,0.0,1.1,354.0
2006-05-01,18000.0,4e-08,Low,0.291625,1.8,308.0
2006-05-02,18000.0,4e-08,Low,0.833375,3.6,300.0
2006-05-03,18000.0,4e-08,Low,0.708375,-0.2,279.0
2006-05-04,16000.0,4e-08,Low,2.5001249999999997,5.8,319.0
2006-05-05,16000.0,4e-08,Low,1.95825,-7.6,325.0
2006-05-06,16000.0,4e-08,Low,3.041625,0.2,374.0
2006-05-07,16000.0,4e-08,Low,3.083375,5.2,535.0
2006-05-08,16000.0,4e-08,Low,1.333375,0.5,616.0
2006-05-09,16000.0,4e-08,Low,0.7498750000000001,1.8,515.0
2006-05-10,16000.0,4e-08,Low,0.666625,2.3,413.0
2006-05-11,16000.0,4e-08,Low,3.208375,-0.8,437.0
2006-05-12,16000.0,4e-08,Low,2.7498750000000003,-1.0,664.0
2006-05-13,16000.0,4e-08,Low,2.20825,-1.1,588.0
2006-05-14,16000.0,4e-08,Low,1.54175,-2.0,587.0
2006-05-15,16000.0,4e-08,Low,0.79175,1.8,461.0
2006-05-16,15000.0,4e-08,Low,0.33325,-0.6,376.0
2006-05-17,16000.0,4e-08,Low,1.250125,-1.8,326.0
2006-05-18,17000.0,4e-08,Low,2.625,0.8,335.0
2006-05-19,15000.0,4e-08,Low,1.625,3.4,563.0
2006-05-20,15000.0,4e-08,Low,1.4585,1.3,548.0
2006-05-21,16000.0,4e-08,Low,1.5,-1.4,501.0
2006-05-22,16000.0,4e-08,Low,1.91675,1.2,408.0
2006-05-23,15000.0,4e-08,Low,1.124875,-0.7,485.0
2006-05-24,16000.0,4e-08,Low,0.8332499999999999,2.9,412.0
2006-05-25,16000.0,4e-08,Low,0.833125,1.4,353.0
2006-05-26,16000.0,4e-08,Low,0.79175,-1.7,352.0
2006-05-27,16000.0,4e-08,Low,0.4165,-0.1,339.0
2006-05-28,17000.0,4e-08,Low,1.29175,-0.1,282.0
2006-05-29,17000.0,4e-08,Low,0.58325,-2.4,310.0
2006-05-30,17000.0,4e-08,Low,1.79175,-1.3,304.0
2006-05-31,16000.0,4e-08,Low,1.250125,-2.9,331.0
2006-06-01,16000.0,4e-08,Low,2.333375,-1.5,392.0
2006-06-02,16000.0,4e-08,Low,1.499875,2.2,548.0
2006-06-03,16000.0,4.4000000000000004e-08,Low,1.000125,-0.1,582.0
2006-06-04,16000.0,4.4000000000000004e-08,Low,0.37475,2.6,450.0
2006-06-05,16000.0,3.2e-08,Low,0.6666250000000001,0.5,368.0
2006-06-06,16000.0,3.1e-08,Low,3.4582499999999996,0.8,342.0
2006-06-07,15000.0,6.000000000000002e-08,Low,3.4582500000000005,3.2,586.0
2006-06-08,16000.0,5.2e-08,Low,3.2501250000000006,-2.4,587.0
2006-06-09,16000.0,3.5e-08,Low,2.125,-2.3,625.0
2006-06-10,15000.0,3.2e-08,Low,1.9165,-0.8,637.0
2006-06-11,15000.0,2.1000000000000003e-08,Low,1.20825,-0.6,515.0
2006-06-12,16000.0,2.1000000000000003e-08,Low,0.75,-0.4,414.0
2006-06-13,16000.0,2.7000000000000004e-08,Low,0.5,-1.6,380.0
2006-06-14,16000.0,3.6000000000000005e-08,Low,1.375,-1.1,352.0
2006-06-15,15000.0,9.300000000000001e-08,Low,3.4582500000000005,2.6,540.0
2006-06-16,16000.0,5.2e-08,Low,1.958375,-3.7,614.0
2006-06-17,16000.0,1.6e-08,Low,1.95825,1.8,583.0
2006-06-18,16000.0,1.4e-08,Low,1.3335,0.5,569.0
2006-06-24,17000.0,2.7000000000000004e-08,Low,0.541625,3.4,305.0
2006-06-25,16000.0,3.3e-08,Low,0.91675,-2.9,309.0
2006-06-26,17000.0,3.4e-08,Low,0.2915,0.2,298.0
2006-06-27,17000.0,5.5e-08,Low,1.166625,-1.2,273.0
2006-06-28,16000.0,6.5e-08,Low,2.7917500000000004,-1.2,370.0
2006-06-29,16000.0,7.8e-08,Low,2.4167500000000004,3.6,555.0
2006-06-30,17000.0,7.200000000000001e-08,Low,1.875,1.1,522.0
2006-07-01,17000.0,1.3e-07,Low,0.8748750000000001,-0.1,456.0
2006-07-02,17000.0,1.3e-07,Low,0.333125,1.2,416.0
2006-07-03,17000.0,1.3e-07,Low,0.54175,1.9,345.0
2006-07-04,16000.0,1.3e-07,Low,2.208375,1.6,302.0
2006-07-05,16000.0,1.3e-07,Low,3.0832499999999996,0.6,524.0
2006-07-06,70000.0,1.3e-07,Low,1.91675,-1.7,609.0
2006-07-07,78000.0,1.3e-07,Low,1.45825,-2.1,533.0
2006-07-08,23000.0,1.3e-07,Low,0.499875,0.3,475.0
2006-07-09,19000.0,1.3e-07,Low,0.74975,-0.5,375.0
2006-07-10,15000.0,1.3e-07,Low,2.125,0.9,420.0
2006-07-11,14000.0,1.3e-07,Low,1.5,6.2,356.0
2006-07-12,15000.0,1.3e-07,Low,2.374875,2.7,441.0
2006-07-13,16000.0,1.3e-07,Low,1.20825,0.3,502.0
2006-07-14,15000.0,1.3e-07,Low,2.3332499999999996,2.1,413.0
2006-07-15,17000.0,1.3e-07,Low,1.083375,0.9,471.0
2006-07-16,16000.0,1.3e-07,Low,0.6248750000000001,2.0,411.0
2006-07-17,16000.0,1.3e-07,Low,0.7085,0.0,371.0
2006-07-18,16000.0,1.3e-07,Low,0.458375,1.5,331.0
2006-07-19,16000.0,1.3e-07,Low,0.375,0.4,301.0
2006-07-20,16000.0,1.3e-07,Low,0.541625,0.1,311.0
2006-07-21,17000.0,1.3e-07,Low,0.2915,0.0,298.0
2006-07-22,17000.0,1.3e-07,Low,0.875125,-0.4,285.0
2006-07-23,16000.0,1.3e-07,Low,0.8751249999999999,1.3,298.0
2006-07-24,18000.0,1.3e-07,Low,1.333375,3.1,328.0
2006-07-25,16000.0,1.3e-07,Low,1.5415,2.1,347.0
2006-07-26,17000.0,1.3e-07,Low,1.0,-3.0,331.0
2006-07-27,16000.0,1.3e-07,Low,1.625125,-0.9,326.0
2006-07-28,15000.0,1.3e-07,Low,3.041625,8.9,537.0
2006-07-29,16000.0,1.3e-07,Low,1.000125,0.5,555.0
2006-07-30,16000.0,1.3e-07,Low,0.875,1.5,477.0
2006-07-31,16000.0,1.3e-07,Low,2.79175,0.7,392.0
2006-08-01,16000.0,1.3e-07,Low,2.5,4.1,514.0
2006-08-02,16000.0,1.3e-07,Low,2.208375,1.9,548.0
2006-08-03,16000.0,1.3e-07,Low,1.208375,1.6,550.0
2006-08-04,16000.0,1.3e-07,Low,0.375,0.1,489.0
2006-08-05,17000.0,1.3e-07,Low,0.6665000000000001,-1.1,394.0
2006-08-06,17000.0,1.3e-07,Low,0.666625,-1.2,360.0
2006-08-07,17000.0,1.3e-07,Low,4.04175,-0.3,336.0
2006-08-08,16000.0,1.3e-07,Low,2.2498750000000003,-0.1,621.0
2006-08-09,16000.0,1.3e-07,Low,2.08325,1.7,565.0
2006-08-10,16000.0,1.3e-07,Low,0.791625,-0.4,470.0
2006-08-11,16000.0,1.3e-07,Low,1.291625,-2.0,456.0
2006-08-12,16000.0,1.3e-07,Low,1.416625,3.6,467.0
2006-08-13,16000.0,1.3e-07,Low,0.33325,0.0,373.0
2006-08-14,16000.0,1.3e-07,Low,0.541625,-0.2,322.0
2006-08-15,16000.0,1.3e-07,Low,0.666625,-1.3,303.0
2006-08-16,16000.0,1.3e-07,Low,0.58325,-0.1,315.0
2006-08-17,17000.0,8e-08,Low,1.25,1.7,302.0
2006-08-18,17000.0,7.7e-08,Low,2.5417500000000004,1.5,310.0
2006-08-19,16000.0,1.3e-07,Low,3.62525,5.2,383.0
2006-08-20,15000.0,1.9e-07,Low,2.8332499999999996,-5.8,404.0
2006-08-21,14000.0,2e-07,Low,2.5417499999999995,-2.5,416.0
2006-08-22,15000.0,1.1e-07,Low,3.5415,-3.1,440.0
2006-08-23,15000.0,7.9e-08,Low,1.124875,0.2,486.0
2006-08-24,16000.0,4.5999999999999995e-08,Low,1.125,-1.5,430.0
2006-08-25,16000.0,3.9e-08,Low,0.2915,-0.1,371.0
2006-08-26,17000.0,3.5e-08,Low,0.6248750000000001,1.2,341.0
2006-08-27,16000.0,5.8e-08,Low,2.8335,-3.1,331.0
2006-08-28,17000.0,4.4000000000000004e-08,Low,2.541875,2.3,593.0
2006-08-29,17000.0,2.8e-08,Low,1.91675,-1.8,542.0
2006-08-30,16000.0,1.7e-08,Low,1.624875,3.5,554.0
2006-08-31,16000.0,4.5e-08,Low,1.875125,4.1,435.0
2006-09-01,16000.0,6.4e-08,Low,2.7082499999999996,-3.2,387.0
2006-09-02,15000.0,5.7e-08,Low,1.6665,-0.7,383.0
2006-09-03,16000.0,5.5e-08,Low,1.499875,-0.7,497.0
2006-09-04,16000.0,5.3e-08,Low,3.0835,-2.9,436.0
2006-09-05,15000.0,4.5e-08,Low,2.1667499999999995,0.0,604.0
2006-09-06,16000.0,5.5e-08,Low,1.749875,-1.9,477.0
2006-09-07,17000.0,6.8e-08,Low,1.95825,0.1,453.0
2006-09-08,16000.0,7.4e-08,Low,0.99975,0.9,423.0
2006-09-09,16000.0,5.7e-08,Low,0.374875,0.1,364.0
2006-09-10,16000.0,6.6e-08,Low,1.166875,-0.4,339.0
2006-09-11,17000.0,6.2e-08,Low,1.541625,-2.2,351.0
2006-09-12,17000.0,5.1e-08,Low,1.33325,0.8,345.0
2006-09-13,17000.0,6.5e-08,Low,1.2085,-0.4,367.0
2006-09-14,18000.0,7.200000000000001e-08,Low,1.041625,-0.1,388.0
2006-09-15,18000.0,5.4000000000000014e-08,Low,0.08325,-1.1,364.0
2006-09-16,17000.0,3.7e-08,Low,0.666625,0.8,326.0
2006-09-17,17000.0,2.7000000000000004e-08,Low,2.541625,3.7,357.0
2006-09-18,17000.0,2.7000000000000004e-08,Low,3.625000000000001,-1.8,497.0
2006-09-19,16000.0,2.3e-08,Low,2.33325,2.4,638.0
2006-09-20,16000.0,1.2e-08,Low,0.83325,0.0,488.0
2006-09-22,17000.0,1.6e-08,Low,0.333125,-0.4,321.0
2006-09-27,16000.0,1.3e-08,Low,0.7498750000000001,-0.7,489.0
2006-09-28,16000.0,1.4e-08,Low,0.83325,0.7,403.0
2006-09-29,16000.0,1.3e-08,Low,0.958375,0.4,337.0
2006-09-30,17000.0,1.2e-08,Low,2.541625,-0.4,287.0
2006-10-01,15000.0,3.0000000000000004e-08,Low,3.375,-4.8,421.0
2006-10-02,15000.0,3.0000000000000004e-08,Low,1.75,2.0,516.0
2006-10-03,16000.0,3.0000000000000004e-08,Low,1.79175,1.1,468.0
2006-10-04,16000.0,3.0000000000000004e-08,Low,0.875,-0.5,395.0
2006-10-05,17000.0,3.0000000000000004e-08,Low,0.916625,-1.1,395.0
2006-10-06,17000.0,3.0000000000000004e-08,Low,0.5,2.3,330.0
2006-10-07,17000.0,3.0000000000000004e-08,Low,1.9165,0.4,322.0
2006-10-08,17000.0,3.0000000000000004e-08,Low,1.54175,-1.5,530.0
2006-10-09,17000.0,3.0000000000000004e-08,Low,1.041625,3.5,413.0
2006-10-10,17000.0,3.0000000000000004e-08,Low,0.416375,0.2,406.0
2006-10-11,17000.0,3.0000000000000004e-08,Low,0.666625,1.8,350.0
2006-10-12,18000.0,3.0000000000000004e-08,Low,1.29175,-1.0,331.0
2006-10-13,17000.0,3.0000000000000004e-08,Low,3.8748749999999994,2.6,391.0
2006-10-14,17000.0,3.0000000000000004e-08,Low,3.624875,0.2,497.0
2006-10-15,17000.0,3.0000000000000004e-08,Low,2.2498750000000003,-1.2,554.0
2006-10-16,17000.0,3.0000000000000004e-08,Low,1.666625,0.8,519.0
2006-10-17,16000.0,3.0000000000000004e-08,Low,0.7083749999999999,-0.7,423.0
2006-10-18,17000.0,3.0000000000000004e-08,Low,0.875,-0.9,360.0
2006-10-19,17000.0,3.0000000000000004e-08,Low,0.416625,0.4,317.0
2006-10-20,18000.0,3.0000000000000004e-08,Low,2.4582499999999996,0.0,308.0
2006-10-21,16000.0,3.0000000000000004e-08,Low,3.375,-2.0,551.0
2006-10-22,16000.0,3.0000000000000004e-08,Low,2.7917499999999995,1.3,603.0
2006-10-23,16000.0,3.0000000000000004e-08,Low,0.833375,1.8,549.0
2006-10-24,17000.0,3.0000000000000004e-08,Low,1.125,1.8,534.0
2006-10-25,16000.0,3.0000000000000004e-08,Low,1.04175,1.0,471.0
2006-10-26,16000.0,3.0000000000000004e-08,Low,0.5417500000000001,0.6,400.0
2006-10-27,16000.0,3.0000000000000004e-08,Low,0.8748750000000001,-0.9,362.0
2006-10-28,16000.0,3.0000000000000004e-08,Low,2.6667500000000004,-0.8,324.0
2006-10-29,17000.0,3.0000000000000004e-08,Low,3.458375,-2.5,517.0
2006-10-30,16000.0,3.0000000000000004e-08,Low,2.166625,-1.2,582.0
2006-10-31,17000.0,3.0000000000000004e-08,Low,1.166625,-0.5,499.0
2006-11-01,17000.0,3.0000000000000004e-08,Low,1.625125,-1.0,426.0
2006-11-02,17000.0,3.0000000000000004e-08,Low,2.0,-0.8,397.0
2006-11-03,17000.0,3.0000000000000004e-08,Low,1.7913750000000002,-1.2,342.0
2006-11-04,16000.0,3.0000000000000004e-08,Low,1.958375,5.0,353.0
2006-11-05,17000.0,3.0000000000000004e-08,Low,1.208375,0.0,420.0
2006-11-06,18000.0,3.0000000000000004e-08,Low,0.458375,1.8,385.0
2006-11-07,19000.0,3.0000000000000004e-08,Low,0.0,1.5,339.0
2006-11-08,18000.0,3.0000000000000004e-08,Low,0.083375,-0.3,306.0
2006-11-09,18000.0,3.0000000000000004e-08,Low,1.666625,-0.8,286.0
2006-11-10,19000.0,3.0000000000000004e-08,Low,4.208375,-5.4,437.0
2006-11-11,17000.0,3.0000000000000004e-08,Low,3.541625,-3.8,593.0
2006-11-12,16000.0,3.0000000000000004e-08,Low,1.583375,0.1,596.0
2006-11-13,15000.0,3.0000000000000004e-08,Low,0.29175,0.4,483.0
2006-11-14,16000.0,3.0000000000000004e-08,Low,1.29175,0.1,405.0
2006-11-15,16000.0,3.0000000000000004e-08,Low,1.625,1.4,341.0
2006-11-16,16000.0,3.0000000000000004e-08,Low,1.375,-6.2,363.0
2006-11-17,16000.0,3.0000000000000004e-08,Low,1.416625,-3.6,391.0
2006-11-18,17000.0,3.0000000000000004e-08,Low,0.2498749999999999,-1.9,322.0
2006-11-19,16000.0,3.0000000000000004e-08,Low,0.916625,0.7,413.0
2006-11-20,18000.0,3.0000000000000004e-08,Low,0.166625,6.4,365.0
2006-11-21,17000.0,3.0000000000000004e-08,Low,0.16675,1.5,414.0
2006-11-22,17000.0,3.0000000000000004e-08,Low,1.29175,2.8,350.0
2006-11-23,16000.0,3.0000000000000004e-08,Low,2.8748750000000003,3.6,350.0
2006-11-24,16000.0,4.2000000000000006e-08,Low,3.041625,-0.9,508.0
2006-11-25,16000.0,3.9e-08,Low,2.8751249999999997,-0.9,570.0
2006-11-26,16000.0,3.3e-08,Low,2.7915,1.4,584.0
2006-11-27,16000.0,4.3e-08,Low,2.08325,0.0,572.0
2006-11-28,17000.0,4.9e-08,Low,1.58325,-0.1,511.0
2006-11-29,16000.0,4e-08,Low,1.625125,0.1,480.0
2006-11-30,17000.0,2.6e-08,Low,3.583375,-1.7,405.0
2006-12-01,17000.0,2.2000000000000002e-08,Low,1.166875,-0.7,407.0
2006-12-02,17000.0,9.5e-08,Low,0.500125,1.0,400.0
2006-12-03,17000.0,6.3e-08,Low,0.833375,-0.6,372.0
2006-12-04,16000.0,1.1e-07,Low,0.08325,-0.8,366.0
2006-12-05,77000.0,4.0999999999999994e-07,Low,0.79175,-0.1,295.0
2006-12-06,880000.0,5.3e-07,Medium,3.8751250000000006,-1.3,397.0
2006-12-07,67000000.0,1.7e-07,Low,3.75,-1.4,556.0
2006-12-08,65000000.0,9.7e-08,Low,3.666625,-1.0,647.0
2006-12-09,18000000.0,6.5e-08,Low,1.79175,-0.7,536.0
2006-12-10,8600000.0,5.7e-08,Low,3.0417500000000004,0.3,560.0
2006-12-11,3500000.0,6.6e-08,Low,2.6251249999999997,-2.5,592.0
2006-12-12,890000.0,9.8e-08,Low,3.83325,1.4,683.0
2006-12-13,27000000.0,1.8e-07,Low,1.666625,-1.9,674.0
2006-12-14,10000000.0,1.2e-07,Low,4.0832500000000005,0.1,617.0
2006-12-15,2200000.0,9.2e-08,Low,5.750125000000001,-15.7,864.0
2006-12-16,180000.0,5.900000000000001e-08,Low,2.3748750000000003,-2.1,654.0
2006-12-17,37000.0,5.8e-08,Low,1.416625,0.9,629.0
2006-12-18,23000.0,3.9e-08,Low,2.25,-0.6,465.0
2006-12-28,18000.0,1.8000000000000002e-08,Low,0.5415,-0.8,362.0
2006-12-29,17000.0,2.2000000000000002e-08,Low,0.541625,0.1,330.0
2006-12-30,18000.0,4.9e-08,Low,0.666625,-0.6,331.0
2006-12-31,18000.0,4.8e-08,Low,0.33325,-2.5,325.0
2007-01-01,17000.0,4.9e-08,Low,2.04175,-0.4,323.0
2007-01-02,17000.0,4.9e-08,Low,3.625,0.5,517.0
2007-01-03,17000.0,4.9e-08,Low,3.458375,1.2,579.0
2007-01-04,17000.0,4.9e-08,Low,3.208375,0.6,666.0
2007-01-05,16000.0,4.9e-08,Low,2.2500000000000004,-0.2,628.0
2007-01-06,17000.0,4.9e-08,Low,1.291625,-0.2,573.0
2007-01-07,16000.0,4.9e-08,Low,0.20825,1.2,440.0
2007-01-08,17000.0,4.9e-08,Low,0.7498750000000001,-1.7,376.0
2007-01-09,17000.0,5.900000000000001e-08,Low,0.875,0.0,319.0
2007-01-10,17000.0,5.1e-08,Low,1.58325,1.8,372.0
2007-01-11,17000.0,6.3e-08,Low,1.70825,-1.3,395.0
2007-01-12,17000.0,6.3e-08,Low,0.5831250000000001,-3.0,511.0
2007-01-13,19000.0,6.1e-08,Low,0.0,2.0,409.0
2007-01-14,18000.0,4.5999999999999995e-08,Low,0.791625,1.3,364.0
2007-01-15,17000.0,5.1e-08,Low,2.7917500000000004,-2.6,359.0
2007-01-16,17000.0,3.8e-08,Low,2.333375,3.0,536.0
2007-01-17,17000.0,2.1000000000000003e-08,Low,3.791625,-2.9,659.0
2007-01-18,16000.0,1.6e-08,Low,3.333125,0.8,668.0
2007-01-19,16000.0,1.1000000000000001e-08,Low,2.666625,3.0,660.0
2007-01-20,16000.0,1.9e-08,Low,1.999875,0.3,636.0
2007-01-21,17000.0,1.9e-08,Low,1.958375,1.3,576.0
2007-01-22,17000.0,1.8000000000000002e-08,Low,0.7084999999999999,3.1,455.0
2007-01-23,17000.0,1.8000000000000002e-08,Low,0.6665000000000001,-0.8,414.0
2007-01-24,17000.0,3.1e-08,Low,0.5,2.6,385.0
2007-01-25,17000.0,6.5e-08,Low,0.4998749999999999,0.5,337.0
2007-01-26,17000.0,4.5999999999999995e-08,Low,0.66675,1.2,325.0
2007-01-27,17000.0,1.5000000000000002e-08,Low,0.8751249999999999,-1.9,308.0
2007-01-28,19000.0,2.2000000000000002e-08,Low,1.166625,-2.3,317.0
2007-01-29,18000.0,7.5e-08,Low,3.749875,-1.5,349.0
2007-01-30,16000.0,5.1e-08,Low,3.75,1.7,678.0
2007-01-31,15000.0,3.4e-08,Low,3.4165,-0.7,704.0
2007-02-01,15000.0,5.3e-08,Low,2.08325,-0.2,634.0
2007-02-02,16000.0,4.5999999999999995e-08,Low,1.000125,1.9,573.0
2007-02-03,16000.0,3.3e-08,Low,0.5835,0.4,448.0
2007-02-04,16000.0,2.5e-08,Low,0.45825,1.1,377.0
2007-02-05,16000.0,1.8000000000000002e-08,Low,1.5,-1.6,345.0
2007-02-06,16000.0,1.8000000000000002e-08,Low,1.500125,-0.3,334.0
2007-02-07,16000.0,2.2000000000000002e-08,Low,2.708375,1.0,382.0
2007-02-08,17000.0,2.2000000000000002e-08,Low,2.1248750000000003,0.8,432.0
2007-04-24,16000.0,2.2000000000000002e-08,Low,1.000125,2.4,405.0
2007-04-25,16000.0,4.4000000000000004e-08,Low,1.29175,2.5,440.0
2007-04-26,17000.0,4.7000000000000004e-08,Low,1.54175,1.8,456.0
2007-04-27,17000.0,4.4000000000000004e-08,Low,2.66675,-2.4,434.0
2007-04-28,17000.0,4.1e-08,Low,4.04175,-2.0,602.0
2007-04-29,17000.0,4.5e-08,Low,3.416625,1.2,637.0
2007-04-30,17000.0,5.4000000000000014e-08,Low,2.6248749999999994,-1.4,663.0
2007-05-01,16000.0,3.8e-08,Low,1.708375,-1.2,549.0
2007-05-02,16000.0,2.9e-08,Low,0.45825,-1.1,464.0
2007-05-03,17000.0,2.8e-08,Low,0.958375,-0.5,353.0
2007-05-04,17000.0,2.8e-08,Low,0.541625,-0.4,319.0
2007-05-05,18000.0,2.8e-08,Low,0.375125,-2.0,295.0
2007-05-06,18000.0,2.5e-08,Low,0.20825,-1.5,283.0
2007-05-07,17000.0,2.1000000000000003e-08,Low,2.666625,-3.1,284.0
2007-05-08,18000.0,2.3e-08,Low,2.7915,9.6,597.0
2007-05-16,18000.0,3.0000000000000004e-08,Low,0.708375,0.2,342.0
2007-05-17,18000.0,2.7000000000000004e-08,Low,1.125125,-3.0,309.0
2007-05-18,18000.0,1.9e-08,Low,3.0,-1.2,318.0
2007-05-19,17000.0,1.7e-08,Low,2.625,4.1,556.0
2007-05-20,17000.0,1.7e-08,Low,1.58325,1.3,630.0
2007-05-21,16000.0,2.2000000000000002e-08,Low,1.20825,-0.2,536.0
2007-05-31,18000.0,5.1e-08,Low,0.749875,-0.7,333.0
2007-06-01,18000.0,1e-07,Low,1.625125,-1.7,325.0
2007-06-02,18000.0,9.9e-08,Low,1.54175,9.6,364.0
2007-06-03,17000.0,8.300000000000004e-08,Low,2.1251249999999997,2.5,442.0
2007-06-04,18000.0,1e-07,Low,1.875125,1.7,493.0
2007-06-05,19000.0,8e-08,Low,0.45825,2.6,458.0
2007-06-06,18000.0,8e-08,Low,0.4165000000000001,0.5,403.0
2007-06-07,19000.0,7e-08,Low,0.54175,-0.4,330.0
2007-06-08,18000.0,7e-08,Low,1.875125,1.6,337.0
2007-06-09,18000.0,4.2000000000000006e-08,Low,1.58325,-2.2,367.0
2007-06-10,18000.0,2.5e-08,Low,1.5835,-0.6,432.0
2007-06-11,17000.0,2.1000000000000003e-08,Low,0.5832499999999999,-2.4,384.0
2007-06-12,19000.0,1.6e-08,Low,0.4582499999999999,0.2,313.0
2007-06-13,18000.0,1.3e-08,Low,1.375,1.1,314.0
2007-06-29,18000.0,1e-08,Low,1.875,0.1,361.0
2007-07-07,17000.0,1.7e-08,Low,1.25,-1.1,446.0
2007-07-08,17000.0,6.900000000000002e-08,Low,0.8751249999999999,-1.9,419.0
2007-07-09,17000.0,1e-07,Low,0.291375,-0.9,360.0
2007-07-10,18000.0,6.3e-08,Low,0.9165,2.2,304.0
2007-07-11,17000.0,2.4e-08,Low,3.208375,-9.4,359.0
2007-07-12,17000.0,1.2e-08,Low,1.25,1.0,571.0
2007-07-13,17000.0,1.1000000000000001e-08,Low,0.8332499999999999,1.0,472.0
2007-07-15,17000.0,1.3e-08,Low,2.291625,-1.5,557.0
2007-12-06,19000.0,1.3e-08,Low,0.666625,1.5,362.0
2007-12-07,18000.0,1.7e-08,Low,0.25,-0.9,329.0
2007-12-08,19000.0,3.2e-08,Low,0.083375,0.4,305.0
2007-12-09,19000.0,5.7e-08,Low,0.833375,-1.6,302.0
2007-12-10,19000.0,6.000000000000002e-08,Low,1.875,1.1,339.0
2007-12-11,18000.0,7e-08,Low,3.125,-0.7,455.0
2007-12-12,18000.0,7.1e-08,Low,2.208375,0.0,559.0
2007-12-13,17000.0,1.1e-07,Low,1.375,-1.8,559.0
2007-12-14,17000.0,8.400000000000001e-08,Low,1.04175,0.3,508.0
2007-12-15,17000.0,7.3e-08,Low,0.4997500000000001,-0.2,463.0
2007-12-16,18000.0,7.5e-08,Low,0.625,0.8,394.0
2007-12-17,17000.0,1e-07,Low,3.25,2.5,356.0
2007-12-18,17000.0,1.1e-07,Low,3.625125,-1.0,595.0
2007-12-19,16000.0,4e-08,Low,2.4165,0.6,699.0
2007-12-31,19000.0,6.2e-08,Low,1.25,2.1,336.0
2008-03-24,18000.0,5.1e-08,Low,0.7502499999999999,1.4,463.0
2008-03-25,18000.0,8.1e-08,Low,0.83325,0.7,424.0
2008-03-26,18000.0,5.2e-08,Low,3.666625,0.2,361.0
2008-03-27,17000.0,4.2000000000000006e-08,Low,4.29175,-1.0,570.0
2008-03-28,17000.0,3.7e-08,Low,3.791625,-1.2,618.0
2008-03-29,17000.0,4.1e-08,Low,2.20825,0.0,604.0
2008-03-30,16000.0,3.7e-08,Low,2.125,-1.9,522.0
2008-03-31,17000.0,3.3e-08,Low,1.041625,-1.4,486.0
2008-04-01,16000.0,2.8e-08,Low,1.0835,-1.9,385.0
2008-04-02,17000.0,2.6e-08,Low,0.2498749999999999,1.4,390.0
2008-04-03,18000.0,3.0000000000000004e-08,Low,0.458375,-0.1,359.0
2008-04-04,18000.0,1.4e-08,Low,1.874875,3.4,391.0
2009-06-01,20000.0,1.3e-08,Low,0.374875,-1.1,322.0
2009-07-04,20000.0,1.5000000000000002e-08,Low,0.708375,-2.7,338.0
2009-07-05,20000.0,2.2000000000000002e-08,Low,1.20825,-1.5,339.0
2009-07-08,19000.0,1e-08,Low,0.958375,2.5,354.0
2009-09-22,19000.0,1.4e-08,Low,0.625,0.9,408.0
2009-09-23,20000.0,1.3e-08,Low,0.041625,0.2,376.0
2009-10-25,20000.0,1.2e-08,Low,1.2915,-2.8,401.0
2009-10-26,19000.0,6.2e-08,Low,0.875,0.7,397.0
2009-10-27,20000.0,4.2000000000000006e-08,Low,0.666625,-1.6,382.0
2009-10-28,19000.0,4.4000000000000004e-08,Low,0.5831250000000001,0.9,382.0
2009-10-29,20000.0,2.7000000000000004e-08,Low,1.25,1.6,348.0
2009-10-30,20000.0,2.8e-08,Low,1.875125,-5.8,358.0
2009-10-31,20000.0,7.5e-08,Low,0.499875,-0.5,359.0
2009-11-01,19000.0,1.4e-08,Low,0.6251249999999999,0.2,333.0
2009-12-13,21000.0,1.2e-08,Low,0.500125,3.6,292.0
2009-12-14,20000.0,2.6e-08,Low,1.291625,0.9,257.0
2009-12-15,19000.0,5e-08,Low,0.291625,2.9,290.0
2009-12-16,20000.0,1.2e-07,Low,1.2085,-2.2,284.0
2009-12-17,20000.0,1.3999999999999998e-07,Low,0.541625,1.7,335.0
2009-12-18,20000.0,8.300000000000004e-08,Low,0.666625,1.4,396.0
2009-12-19,20000.0,7.1e-08,Low,0.291625,-1.1,405.0
2009-12-20,19000.0,9.7e-08,Low,0.4583750000000001,-1.3,373.0
2009-12-21,20000.0,9.300000000000001e-08,Low,0.625,0.2,328.0
2009-12-22,20000.0,1e-07,Low,0.6248750000000001,0.9,358.0
2009-12-23,20000.0,7.5e-08,Low,0.833375,-1.0,338.0
2009-12-24,20000.0,4e-08,Low,0.4582500000000001,1.2,354.0
2009-12-25,20000.0,2.9e-08,Low,0.8748750000000001,-0.1,356.0
2009-12-26,20000.0,4.1e-08,Low,0.958375,-0.1,370.0
2009-12-27,19000.0,2e-08,Low,0.5415,1.7,383.0
2009-12-28,20000.0,1.4e-08,Low,0.208375,2.6,356.0
2009-12-29,21000.0,1.2e-08,Low,0.041625,-0.4,328.0
2009-12-30,21000.0,1.4e-08,Low,0.0,0.1,282.0
2009-12-31,20000.0,8.500000000000003e-08,Low,0.041625,1.8,287.0
2010-01-01,20000.0,4.7000000000000004e-08,Low,0.125,1.6,283.0
2010-01-02,20000.0,5.8e-08,Low,0.208125,7.3,302.0
2010-01-03,21000.0,3.9e-08,Low,0.875,-2.5,276.0
2010-01-04,20000.0,3.0000000000000004e-08,Low,0.4165,-0.3,293.0
2010-01-05,21000.0,3.4e-08,Low,0.25,1.7,291.0
2010-01-06,21000.0,3.3e-08,Low,0.20825,-1.7,308.0
2010-01-07,21000.0,4.1e-08,Low,0.083375,2.0,318.0
2010-01-08,21000.0,3.1e-08,Low,0.166625,-1.4,286.0
2010-01-09,20000.0,6.3e-08,Low,0.1665,1.7,296.0
2010-01-10,21000.0,7.5e-08,Low,0.66675,1.9,288.0
2010-01-11,19000.0,1e-07,Low,1.625,-0.9,307.0
2010-01-12,20000.0,1.1e-07,Low,0.958375,-1.3,480.0
2010-01-13,19000.0,9e-08,Low,1.70825,-1.5,419.0
2010-01-14,21000.0,1e-07,Low,1.083375,0.0,496.0
2010-01-15,20000.0,1.3999999999999998e-07,Low,0.958125,-0.3,438.0
2010-01-16,21000.0,1e-07,Low,0.20825,-0.3,418.0
2010-01-17,20000.0,1.1e-07,Low,0.124875,0.8,355.0
2010-01-18,21000.0,1.9e-07,Low,0.625,1.7,331.0
2010-01-19,20000.0,3.2999999999999996e-07,Low,0.20825,3.4,341.0
2010-01-20,20000.0,5e-07,Medium,2.083375,0.5,325.0
2010-01-21,20000.0,1.5e-07,Low,1.20825,1.0,514.0
2010-01-22,19000.0,8.400000000000001e-08,Low,0.7501249999999999,1.9,435.0
2010-01-23,19000.0,8e-08,Low,1.249875,-2.9,367.0
2010-01-24,20000.0,9.8e-08,Low,1.08325,-3.2,345.0
2010-01-25,19000.0,7.1e-08,Low,0.7498750000000001,-0.8,353.0
2010-01-26,19000.0,6.4e-08,Low,0.7498750000000001,0.5,368.0
2010-01-27,20000.0,6.3e-08,Low,0.166625,1.5,362.0
2010-01-28,20000.0,6.2e-08,Low,0.70825,1.3,332.0
2010-01-29,20000.0,2.6e-08,Low,0.29175,-1.0,345.0
2010-01-30,20000.0,2.4e-08,Low,1.33325,-0.6,339.0
2010-01-31,20000.0,3.3e-08,Low,1.041625,-2.0,400.0
2010-02-01,20000.0,3.1e-08,Low,1.9585,-1.3,349.0
2010-02-02,19000.0,3.4e-08,Low,2.083375,-4.0,460.0
2010-02-03,19000.0,3.2e-08,Low,2.166875,0.0,522.0
2010-02-04,20000.0,2.3e-08,Low,0.6248750000000001,-0.5,468.0
2010-02-05,20000.0,2.8e-08,Low,0.45825,0.1,386.0
2010-02-06,19000.0,1.1e-07,Low,1.041625,-1.3,342.0
2010-02-07,20000.0,2.2e-07,Low,0.75,1.3,339.0
2010-02-08,18000.0,2.7e-07,Low,1.041625,-4.2,396.0
2010-02-09,19000.0,1e-07,Low,0.58325,-4.7,360.0
2010-02-10,19000.0,1.6e-07,Low,0.708375,-2.9,311.0
2010-02-11,19000.0,1.6e-07,Low,1.375,0.2,299.0
2010-02-12,19000.0,1.8e-07,Low,1.41675,-1.7,364.0
2010-02-13,19000.0,2.1e-07,Low,0.999875,-1.9,321.0
2010-02-14,19000.0,1.6e-07,Low,0.875,-1.1,311.0
2010-02-15,20000.0,9.6e-08,Low,2.625,-8.6,316.0
2010-02-16,19000.0,7e-08,Low,1.999875,-1.9,348.0
2010-02-17,19000.0,6.5e-08,Low,1.249875,-4.3,337.0
2010-02-18,19000.0,5.7e-08,Low,1.124875,4.8,369.0
2010-02-19,19000.0,5.1e-08,Low,1.04175,3.5,457.0
2010-02-20,19000.0,5.1e-08,Low,0.166625,3.0,451.0
2010-02-21,18000.0,4.4000000000000004e-08,Low,0.29175,2.8,388.0
2010-02-22,19000.0,5.900000000000001e-08,Low,1.166625,2.2,354.0
2010-02-23,20000.0,7.599999999999999e-08,Low,0.5831250000000001,-4.0,350.0
2010-02-24,19000.0,6.8e-08,Low,0.791625,-0.7,334.0
2010-02-25,19000.0,5.900000000000001e-08,Low,0.791625,-1.1,334.0
2010-02-26,21000.0,3.8e-08,Low,0.416625,-2.8,387.0
2010-02-27,20000.0,3.2e-08,Low,0.25,1.2,328.0
2010-02-28,19000.0,2.3e-08,Low,0.5,1.6,317.0
2010-03-01,19000.0,2.2000000000000002e-08,Low,1.291625,1.2,337.0
2010-03-02,20000.0,2.2000000000000002e-08,Low,0.999875,1.0,393.0
2010-03-03,20000.0,3.4e-08,Low,1.95825,2.4,416.0
2010-03-04,22000.0,6.6e-08,Low,1.66675,0.2,361.0
2010-03-05,19000.0,4.5e-08,Low,0.79175,0.6,416.0
2010-03-06,20000.0,5.2e-08,Low,0.833375,-3.9,401.0
2010-03-07,19000.0,1.7e-08,Low,1.083375,3.2,382.0
2010-03-08,19000.0,1.6e-08,Low,0.625,0.5,360.0
2010-03-09,19000.0,1.7e-08,Low,0.541625,-0.1,363.0
2010-03-10,18000.0,3.2e-08,Low,1.958375,0.9,345.0
2010-03-11,18000.0,4.2000000000000006e-08,Low,2.041875,-4.2,440.0
2010-03-12,17000.0,6.7e-08,Low,2.125,-1.3,502.0
2010-03-13,17000.0,6.5e-08,Low,0.7082499999999999,-1.6,478.0
2010-03-14,18000.0,6.000000000000002e-08,Low,1.41675,-2.9,396.0
2010-03-15,19000.0,5.2e-08,Low,0.5415,2.6,370.0
2010-03-16,19000.0,3.8e-08,Low,0.875,0.7,356.0
2010-03-17,19000.0,4.3e-08,Low,1.458375,1.9,400.0
2010-03-18,18000.0,4.8e-08,Low,1.29175,-2.5,446.0
2010-03-19,19000.0,3.8e-08,Low,0.7917500000000001,1.9,388.0
2010-03-20,18000.0,6.1e-08,Low,1.625125,-0.1,382.0
2010-03-21,19000.0,6.6e-08,Low,0.2498749999999999,0.6,405.0
2010-03-22,19000.0,3.1e-08,Low,0.041625,0.5,350.0
2010-03-23,19000.0,5.2e-08,Low,0.20825,1.0,303.0
2010-03-24,19000.0,4.8e-08,Low,0.83325,2.6,290.0
2010-03-25,18000.0,6.000000000000002e-08,Low,1.458375,-1.6,300.0
2010-03-26,18000.0,4.7000000000000004e-08,Low,0.875,3.2,394.0
2010-03-27,18000.0,6.5e-08,Low,0.791625,-0.4,419.0
2010-03-28,18000.0,4.5e-08,Low,1.416625,-2.4,393.0
2010-03-29,18000.0,3.6000000000000005e-08,Low,1.08325,-1.0,391.0
2010-03-30,19000.0,3.9e-08,Low,1.5835,-1.2,351.0
2010-03-31,19000.0,3.1e-08,Low,1.250125,-1.3,405.0
2010-04-01,18000.0,2.8e-08,Low,2.541625,1.0,406.0
2010-04-02,18000.0,2.9e-08,Low,2.7501249999999997,-2.4,448.0
2010-04-03,17000.0,3.9e-08,Low,2.08325,2.3,534.0
2010-04-04,18000.0,4.2000000000000006e-08,Low,2.625,-1.8,511.0
2010-04-05,16000.0,4.1e-08,Low,4.75,-1.2,509.0
2010-04-06,16000.0,3.1e-08,Low,4.833375,-4.0,652.0
2010-04-07,17000.0,3.2e-08,Low,3.5832500000000005,-0.1,594.0
2010-04-08,16000.0,4.1e-08,Low,2.4165,-0.6,590.0
2010-04-09,16000.0,3.5e-08,Low,1.458375,-0.8,541.0
2010-04-10,17000.0,4.4000000000000004e-08,Low,0.58325,0.4,468.0
2010-04-11,17000.0,2.7000000000000004e-08,Low,2.1251249999999997,-1.2,367.0
2010-04-12,17000.0,2.3e-08,Low,2.791625,-8.0,417.0
2010-04-13,19000.0,2e-08,Low,0.625,3.7,392.0
2010-04-14,18000.0,1.9e-08,Low,1.666625,0.8,384.0
2010-04-15,18000.0,2e-08,Low,1.58325,3.0,478.0
2010-04-16,17000.0,1.9e-08,Low,0.7081250000000001,2.5,479.0
2010-04-17,17000.0,3.4e-08,Low,0.66675,3.4,441.0
2010-04-18,18000.0,3.7e-08,Low,0.5832499999999999,-1.5,375.0
2010-04-19,18000.0,3.1e-08,Low,1.16675,-0.8,359.0
2010-04-20,18000.0,3.0000000000000004e-08,Low,1.08325,-1.0,331.0
2010-04-21,18000.0,2.8e-08,Low,1.5,1.1,361.0
2010-04-22,18000.0,3.1e-08,Low,1.333375,1.2,445.0
2010-04-23,18000.0,3.1e-08,Low,1.87475,-7.3,417.0
2010-04-24,15000.0,3.5e-08,Low,1.3335,-1.8,444.0
2010-04-25,16000.0,3.3e-08,Low,0.5831250000000001,0.2,351.0
2010-04-26,15000.0,3.5e-08,Low,0.2915,0.7,356.0
2010-04-27,15000.0,3.1e-08,Low,1.08325,-1.6,329.0
2010-04-28,15000.0,3.1e-08,Low,0.791625,3.8,358.0
2010-04-29,15000.0,4.4000000000000004e-08,Low,1.20825,-1.6,353.0
2010-04-30,15000.0,5.1e-08,Low,0.7084999999999999,-0.7,341.0
2010-05-01,15000.0,5e-08,Low,0.6248750000000001,-1.3,396.0
2010-05-02,15000.0,5.8e-08,Low,3.666625,1.8,317.0
2010-05-03,14000.0,6.8e-08,Low,3.708375,-3.2,633.0
2010-05-04,14000.0,7.3e-08,Low,2.333375,-1.0,655.0
2010-05-05,14000.0,1e-07,Low,1.79175,-0.4,599.0
2010-05-06,15000.0,7.1e-08,Low,2.041875,2.2,544.0
2010-05-07,19000.0,6.5e-08,Low,2.08325,-1.1,534.0
2010-05-08,18000.0,7.8e-08,Low,1.375,-2.3,475.0
2010-05-09,19000.0,3.8e-08,Low,0.4582499999999999,-1.3,443.0
2010-05-10,20000.0,2.8e-08,Low,0.958375,0.0,372.0
2010-05-11,20000.0,2.1000000000000003e-08,Low,1.5,-0.6,351.0
2010-05-12,20000.0,1.9e-08,Low,1.29175,0.8,376.0
2010-05-13,20000.0,1.6e-08,Low,0.5832499999999999,-1.1,486.0
2010-05-14,20000.0,1.7e-08,Low,0.58325,2.4,382.0
2010-05-15,20000.0,1.6e-08,Low,0.5415000000000001,-2.9,392.0
2010-05-16,21000.0,1.5000000000000002e-08,Low,0.7915000000000001,0.3,347.0
2010-05-17,19000.0,1.6e-08,Low,1.375,-1.9,347.0
2010-05-18,19000.0,1.5000000000000002e-08,Low,1.333375,-3.0,361.0
2010-05-19,19000.0,1.6e-08,Low,1.666875,6.8,345.0
2010-05-20,18000.0,1.7e-08,Low,2.291625,-2.1,465.0
2010-05-21,19000.0,2e-08,Low,1.000125,-1.4,460.0
2010-05-22,19000.0,2.9e-08,Low,0.62475,1.4,432.0
2010-05-23,19000.0,2.9e-08,Low,0.08325,0.6,369.0
2010-05-24,18000.0,3.6000000000000005e-08,Low,0.249875,1.6,358.0
2010-05-25,15000.0,3.1e-08,Low,1.166625,2.2,301.0
2010-05-26,15000.0,2.8e-08,Low,1.20825,5.5,309.0
2010-05-27,15000.0,2.4e-08,Low,0.4997500000000001,2.7,347.0
2010-05-28,15000.0,2.9e-08,Low,2.416625,1.0,318.0
2010-05-29,14000.0,3.1e-08,Low,3.916625,-6.3,361.0
2010-05-30,15000.0,2.6e-08,Low,3.333375,1.8,369.0
2010-05-31,15000.0,2.7000000000000004e-08,Low,3.0001249999999997,-0.6,496.0
2010-06-01,15000.0,4.7000000000000004e-08,Low,2.375,-4.0,598.0
2010-06-02,15000.0,5.3e-08,Low,1.625,-0.5,523.0
2010-06-03,15000.0,5.2e-08,Low,2.25,-0.7,442.0
2010-06-04,15000.0,5e-08,Low,2.458375,-5.1,538.0
2010-06-05,14000.0,4.8e-08,Low,1.208125,-0.9,522.0
2010-06-06,15000.0,4.4000000000000004e-08,Low,1.375,-1.5,465.0
2010-06-07,15000.0,4.3e-08,Low,1.16675,-1.8,439.0
2010-06-08,16000.0,5.3e-08,Low,0.625,1.0,355.0
2010-06-09,16000.0,6.5e-08,Low,0.8335,0.4,404.0
2010-06-10,15000.0,5.8e-08,Low,1.375,1.9,337.0
2010-06-11,15000.0,6.8e-08,Low,0.958375,-1.4,427.0
2010-06-12,31000.0,1.3e-07,Low,0.416375,1.3,371.0
2010-06-13,22000.0,1.5e-07,Low,1.416875,2.6,341.0
2010-06-14,17000.0,7.7e-08,Low,0.958375,-0.5,405.0
2010-06-15,15000.0,5.4000000000000014e-08,Low,1.874875,0.0,367.0
2010-06-16,14000.0,4.5e-08,Low,3.2498750000000003,-1.9,491.0
2010-06-17,14000.0,4.2000000000000006e-08,Low,1.91675,2.0,534.0
2010-06-18,14000.0,4.1e-08,Low,1.2085,1.5,515.0
2010-06-19,14000.0,4.2000000000000006e-08,Low,0.66675,0.7,487.0
2010-06-20,14000.0,4.4000000000000004e-08,Low,0.58325,-0.1,387.0
2010-06-21,15000.0,4.8e-08,Low,1.041625,-0.2,399.0
2010-06-22,19000.0,4.9e-08,Low,1.125,3.7,357.0
2010-06-23,19000.0,4.9e-08,Low,0.7916249999999999,-1.4,321.0
2010-06-24,19000.0,4.5999999999999995e-08,Low,1.0415,0.1,311.0
2010-06-25,19000.0,5.1e-08,Low,1.666625,-1.8,365.0
2010-06-26,20000.0,4.9e-08,Low,2.7082499999999996,1.8,364.0
2010-06-27,19000.0,4.7000000000000004e-08,Low,2.6667500000000004,4.0,450.0
2010-06-28,19000.0,4.5e-08,Low,1.66675,-0.3,510.0
2010-06-29,19000.0,4.4000000000000004e-08,Low,2.166625,0.2,527.0
2010-06-30,18000.0,4.3e-08,Low,3.041625,1.1,597.0
2010-07-01,18000.0,4.4000000000000004e-08,Low,2.375,0.2,613.0
2010-07-02,18000.0,4.4000000000000004e-08,Low,2.0001249999999997,-1.8,616.0
2010-07-03,18000.0,4.3e-08,Low,1.583375,1.0,597.0
2010-07-04,17000.0,4.2000000000000006e-08,Low,1.04175,-1.4,601.0
2010-07-05,18000.0,4.5e-08,Low,0.66675,0.9,501.0
2010-07-06,18000.0,6.5e-08,Low,0.45825,-1.9,426.0
2010-07-07,20000.0,7.599999999999999e-08,Low,0.375,0.6,347.0
2010-07-08,19000.0,1e-07,Low,0.49975,-1.1,320.0
2010-07-09,18000.0,1.3e-07,Low,1.125125,-2.3,318.0
2010-07-10,15000.0,1.8e-07,Low,0.208125,1.7,314.0
2010-07-11,15000.0,1.3999999999999998e-07,Low,0.91675,2.4,264.0
2010-07-12,15000.0,1e-07,Low,0.7915,1.4,287.0
2010-07-13,15000.0,9.8e-08,Low,0.416625,2.7,339.0
2010-07-14,16000.0,9.5e-08,Low,1.875,-0.5,305.0
2010-07-15,14000.0,7.599999999999999e-08,Low,1.833375,-3.4,439.0
2010-07-16,14000.0,8e-08,Low,0.6665000000000001,1.5,401.0
2010-07-17,15000.0,9.400000000000001e-08,Low,0.24975,1.8,382.0
2010-07-18,15000.0,9.6e-08,Low,0.33325,-1.1,320.0
2010-07-19,14000.0,1.3e-07,Low,0.625,-0.6,298.0
2010-07-20,14000.0,1.8e-07,Low,1.16675,1.3,301.0
2010-07-21,14000.0,2.2999999999999997e-07,Low,1.083375,0.2,308.0
2010-07-22,14000.0,2.2999999999999997e-07,Low,0.958375,-1.4,329.0
2010-07-23,14000.0,1.1e-07,Low,1.833375,1.0,360.0
2010-07-24,14000.0,1.1e-07,Low,1.083375,7.2,379.0
2010-07-25,14000.0,1.1e-07,Low,1.4165,0.4,347.0
2010-07-26,15000.0,1.3999999999999998e-07,Low,1.333375,-0.8,437.0
2010-07-27,15000.0,1.3999999999999998e-07,Low,3.3333749999999993,-1.6,450.0
2010-07-28,15000.0,1.3999999999999998e-07,Low,2.5,-4.3,618.0
2010-07-29,14000.0,1.5e-07,Low,1.625,0.2,581.0
2010-07-30,14000.0,2e-07,Low,1.625,0.5,592.0
2010-07-31,14000.0,1.3999999999999998e-07,Low,1.33325,-0.8,579.0
2010-08-01,15000.0,1.3e-07,Low,0.916625,0.6,538.0
2010-08-02,18000.0,1e-07,Low,1.41675,-0.9,492.0
2010-08-03,110000.0,1e-07,Low,2.916625,1.2,434.0
2010-08-04,43000.0,1e-07,Low,4.75,-7.1,581.0
2010-08-05,15000.0,1.1e-07,Low,1.79175,-4.5,510.0
2010-08-06,14000.0,1.2e-07,Low,1.333125,1.8,533.0
2010-08-07,15000.0,1e-07,Low,0.875,-0.2,416.0
2010-08-08,28000.0,9.9e-08,Low,0.75,1.4,396.0
2010-08-09,20000.0,8.9e-08,Low,2.166625,0.1,401.0
2010-08-10,16000.0,1e-07,Low,1.583375,-0.7,435.0
2010-08-11,15000.0,9.8e-08,Low,1.666625,-2.6,463.0
2010-08-12,14000.0,8.300000000000004e-08,Low,0.9585,-1.6,383.0
2010-08-13,14000.0,9e-08,Low,0.6665000000000001,0.4,346.0
2010-08-14,260000.0,1.3999999999999998e-07,Low,0.625,0.8,405.0
2010-08-15,65000.0,1.5e-07,Low,1.374875,-2.5,401.0
2010-08-16,18000.0,1.3999999999999998e-07,Low,1.208375,-1.2,354.0
2010-08-17,15000.0,1.3999999999999998e-07,Low,1.04175,-0.7,379.0
2010-08-18,120000.0,1.3e-07,Low,0.99975,3.4,376.0
2010-08-19,32000.0,6.900000000000002e-08,Low,0.7498750000000001,-0.2,345.0
2010-08-20,15000.0,6.2e-08,Low,0.499875,-0.7,307.0
2010-08-21,14000.0,5.6e-08,Low,0.4585,-0.6,299.0
2010-08-22,14000.0,4.9e-08,Low,0.208125,2.1,290.0
2010-08-23,14000.0,4.9e-08,Low,1.083125,0.2,275.0
2010-08-24,14000.0,4.7000000000000004e-08,Low,3.4167499999999995,-4.4,395.0
2010-08-25,16000.0,5.2e-08,Low,3.083375,5.4,651.0
2010-08-26,16000.0,7.5e-08,Low,2.250125,-1.1,660.0
2010-08-27,15000.0,7.9e-08,Low,2.749875,1.5,648.0
2010-08-28,15000.0,5.900000000000001e-08,Low,1.875125,-0.3,645.0
2010-08-29,15000.0,5.7e-08,Low,0.45825,-0.7,549.0
2010-08-30,15000.0,6.7e-08,Low,0.1665,0.7,450.0
2010-08-31,15000.0,6.7e-08,Low,0.625,0.9,362.0
2010-09-01,16000.0,6.4e-08,Low,1.0415,0.9,329.0
2010-09-02,14000.0,5.900000000000001e-08,Low,1.583375,0.6,358.0
2010-09-03,15000.0,7.200000000000001e-08,Low,0.416625,-0.6,424.0
2010-09-04,15000.0,1e-07,Low,0.2915,1.3,379.0
2010-09-05,15000.0,1.1e-07,Low,0.75,0.7,340.0
2010-09-06,15000.0,1.1e-07,Low,1.958375,0.7,359.0
2010-09-07,14000.0,8e-08,Low,2.3751249999999997,-2.7,363.0
2010-09-08,14000.0,7.5e-08,Low,2.375,-3.2,441.0
2010-09-09,21000.0,9.400000000000001e-08,Low,1.20825,1.4,363.0
2010-09-10,15000.0,1.3999999999999998e-07,Low,0.45825,1.0,433.0
2010-09-11,15000.0,1.5e-07,Low,0.124875,1.1,391.0
2010-09-12,14000.0,1.2e-07,Low,0.2498749999999999,0.6,329.0
2010-09-13,14000.0,1.1e-07,Low,0.458375,0.6,316.0
2010-09-14,14000.0,1.3e-07,Low,2.0,0.0,296.0
2010-09-15,14000.0,1.8e-07,Low,1.374875,-5.9,379.0
2010-09-16,14000.0,1.9e-07,Low,1.375,0.9,354.0
2010-09-17,14000.0,1.5e-07,Low,1.958375,1.1,472.0
2010-09-18,14000.0,1.3999999999999998e-07,Low,1.04175,-0.1,455.0
2010-09-19,14000.0,1.2e-07,Low,0.7918749999999999,1.7,387.0
2010-09-20,14000.0,1.5e-07,Low,0.875125,-1.4,334.0
2010-09-21,14000.0,2e-07,Low,1.04175,1.4,339.0
2010-09-22,14000.0,1.5e-07,Low,0.4165,0.8,388.0
2010-09-23,13000.0,1.5e-07,Low,1.58325,0.6,303.0
2010-09-24,14000.0,1.3e-07,Low,2.9167500000000004,3.6,450.0
2010-09-25,14000.0,1.3e-07,Low,1.70825,1.9,592.0
2010-09-26,14000.0,1.2e-07,Low,1.625,-0.1,469.0
2010-09-27,14000.0,1.1e-07,Low,1.500125,1.1,476.0
2010-09-28,13000.0,1.2e-07,Low,2.2500000000000004,2.6,487.0
2010-09-29,14000.0,1.3999999999999998e-07,Low,0.8751249999999999,1.5,509.0
2010-09-30,14000.0,1.3999999999999998e-07,Low,0.33325,2.2,445.0
2010-10-01,14000.0,1.1e-07,Low,0.291625,0.6,380.0
2010-10-02,14000.0,9.9e-08,Low,0.0,-0.4,353.0
2010-10-03,14000.0,8.7e-08,Low,0.333375,-0.6,314.0
2010-10-04,14000.0,7.200000000000001e-08,Low,0.333375,1.8,289.0
2010-10-05,14000.0,6.1e-08,Low,1.375,1.1,293.0
2010-10-06,13000.0,5e-08,Low,1.2915,0.4,338.0
2010-10-07,14000.0,5.5e-08,Low,0.7500000000000001,-2.2,320.0
2010-10-08,15000.0,6.000000000000002e-08,Low,1.083375,-5.3,314.0
2010-10-09,14000.0,6.1e-08,Low,1.041625,-1.9,347.0
2010-10-10,15000.0,6.5e-08,Low,0.708375,0.9,342.0
2010-10-11,14000.0,6.4e-08,Low,3.166625,1.9,323.0
2010-10-12,14000.0,6.5e-08,Low,2.29175,-4.0,365.0
2010-10-13,15000.0,6.7e-08,Low,1.083375,0.2,386.0
2010-10-14,15000.0,7.7e-08,Low,0.166625,0.2,328.0
2010-10-15,14000.0,7.9e-08,Low,1.29175,1.9,286.0
2010-10-16,14000.0,9.6e-08,Low,1.625125,-0.9,330.0
2010-10-17,13000.0,1e-07,Low,2.291625,-1.0,342.0
2010-10-18,14000.0,1.1e-07,Low,1.208375,-1.2,386.0
2010-10-19,14000.0,1.3e-07,Low,1.625,-2.5,380.0
2010-10-20,15000.0,9.8e-08,Low,1.1665,-3.3,437.0
2010-10-21,14000.0,5.8e-08,Low,0.66675,-0.7,398.0
2010-10-22,14000.0,7.1e-08,Low,1.33325,2.1,385.0
2010-10-23,13000.0,6.7e-08,Low,3.8335,-2.1,522.0
2010-10-24,13000.0,8.500000000000003e-08,Low,3.166625,-1.2,634.0
2010-10-25,14000.0,9.6e-08,Low,1.833375,1.1,620.0
2010-10-26,14000.0,1.1e-07,Low,2.083375,-1.3,627.0
2010-10-27,15000.0,1e-07,Low,1.125125,0.4,542.0
2010-10-28,18000.0,9.400000000000001e-08,Low,0.83325,1.7,498.0
2010-10-29,17000.0,8.1e-08,Low,0.79175,-0.5,422.0
2010-10-30,14000.0,1.1e-07,Low,0.458375,0.8,362.0
2010-10-31,13000.0,9.400000000000001e-08,Low,1.083375,1.8,369.0
2010-11-01,14000.0,8e-08,Low,0.7084999999999999,6.7,357.0
2010-11-02,14000.0,9.9e-08,Low,0.541375,0.6,326.0
2010-11-03,15000.0,2.1e-07,Low,1.2085,-1.2,332.0
2010-11-04,14000.0,1.8e-07,Low,0.79175,-2.6,326.0
2010-11-05,14000.0,1.8e-07,Low,0.583375,1.4,305.0
2010-11-06,14000.0,1.8e-07,Low,0.25,-0.3,322.0
2010-11-07,14000.0,1.2e-07,Low,0.416625,-1.0,299.0
2010-11-08,15000.0,9.6e-08,Low,0.958375,1.1,289.0
2010-11-09,14000.0,9e-08,Low,0.499875,-1.5,337.0
2010-11-10,14000.0,9.9e-08,Low,0.791625,-0.6,288.0
2010-11-11,13000.0,1e-07,Low,2.9998750000000003,4.1,322.0
2010-11-12,14000.0,1e-07,Low,3.0417500000000004,-5.0,456.0
2010-11-13,14000.0,1e-07,Low,1.66675,-0.5,473.0
2010-11-14,14000.0,1.1e-07,Low,1.79175,2.3,473.0
2010-11-15,13000.0,1.6e-07,Low,1.916625,1.9,618.0
2010-11-16,14000.0,1.6e-07,Low,1.708375,-2.2,615.0
2010-11-17,17000.0,1.2e-07,Low,1.125125,-0.4,517.0
2010-11-18,17000.0,1.2e-07,Low,1.458375,-1.3,432.0
2010-11-19,14000.0,1.1e-07,Low,0.5,-0.4,555.0
2010-11-20,14000.0,1.1e-07,Low,0.58325,2.3,354.0
2010-11-21,15000.0,7.1e-08,Low,1.00025,-0.4,390.0
2010-11-22,14000.0,4.3e-08,Low,1.541625,-1.8,400.0
2010-11-23,14000.0,4.8e-08,Low,2.20825,-0.7,475.0
2010-11-24,13000.0,5e-08,Low,1.583375,-0.3,459.0
2010-11-25,14000.0,5e-08,Low,0.874875,1.0,475.0
2010-11-26,14000.0,4.5999999999999995e-08,Low,0.249875,0.6,403.0
2010-11-27,13000.0,4.5999999999999995e-08,Low,1.500125,0.9,342.0
2010-11-28,13000.0,6.5e-08,Low,2.083375,4.4,438.0
2010-11-29,14000.0,9.2e-08,Low,0.9165,-0.2,418.0
2010-11-30,15000.0,1.1e-07,Low,0.8751249999999999,-1.9,377.0
2010-12-01,14000.0,1.1e-07,Low,0.5415,0.7,345.0
2010-12-02,14000.0,1.1e-07,Low,0.541625,-2.1,341.0
2010-12-03,14000.0,1.2e-07,Low,0.166625,1.9,319.0
2010-12-04,14000.0,1.1e-07,Low,0.291625,-0.4,288.0
2010-12-05,14000.0,1.1e-07,Low,0.208375,0.7,290.0
2010-12-06,14000.0,1e-07,Low,0.666625,1.6,279.0
2010-12-07,14000.0,9.7e-08,Low,1.291625,0.7,338.0
2010-12-08,14000.0,8.6e-08,Low,1.625,0.0,361.0
2010-12-09,14000.0,8.800000000000003e-08,Low,0.249875,0.2,384.0
2010-12-10,14000.0,1e-07,Low,0.124875,1.3,335.0
2010-12-11,14000.0,1.2e-07,Low,0.208125,0.3,351.0
2010-12-12,15000.0,1.3999999999999998e-07,Low,1.041625,1.4,320.0
2010-12-13,14000.0,1.1e-07,Low,2.0835,-3.1,428.0
2010-12-14,14000.0,1e-07,Low,3.0416250000000007,1.5,588.0
2010-12-15,13000.0,9.9e-08,Low,2.04175,-2.5,616.0
2010-12-16,13000.0,8.9e-08,Low,1.541625,1.6,561.0
2010-12-17,14000.0,6.7e-08,Low,1.125,0.8,450.0
2010-12-18,13000.0,5.1e-08,Low,0.875,0.9,407.0
2010-12-19,14000.0,4.3e-08,Low,0.58325,-2.0,376.0
2010-12-20,13000.0,3.7e-08,Low,2.375,3.9,398.0
2010-12-21,13000.0,3.5e-08,Low,0.5,-1.9,415.0
2010-12-22,14000.0,3.3e-08,Low,0.124875,0.1,350.0
2010-12-23,14000.0,3.3e-08,Low,0.166625,-1.7,308.0
2010-12-24,14000.0,3.4e-08,Low,0.75,3.4,315.0
2010-12-25,14000.0,3.5e-08,Low,1.375,0.6,329.0
2010-12-26,14000.0,3.5e-08,Low,0.7916250000000001,-1.4,411.0
2010-12-27,15000.0,3.6000000000000005e-08,Low,0.45825,-2.2,370.0
2010-12-28,16000.0,4.5e-08,Low,1.79175,-3.0,326.0
2010-12-29,16000.0,5.5e-08,Low,1.04175,-1.8,364.0
2010-12-30,14000.0,6.5e-08,Low,1.08325,0.9,327.0
2010-12-31,14000.0,8.9e-08,Low,0.958375,-1.2,343.0
2011-01-01,14000.0,1e-07,Low,0.958375,-1.1,326.0
2011-01-02,14000.0,8.800000000000003e-08,Low,1.125,-0.5,307.0
2011-01-03,14000.0,8.7e-08,Low,1.25,-1.2,340.0
2011-01-04,14000.0,1e-07,Low,1.41675,1.0,384.0
2011-01-05,14000.0,8.400000000000001e-08,Low,0.5417500000000001,0.8,401.0
2011-01-06,15000.0,7.4e-08,Low,1.208125,-1.0,360.0
2011-01-07,13000.0,7.7e-08,Low,2.83325,-6.6,440.0
2011-01-08,14000.0,7.200000000000001e-08,Low,2.125,-1.5,608.0
2011-01-09,13000.0,7.200000000000001e-08,Low,1.791625,0.7,572.0
2011-01-10,14000.0,7.200000000000001e-08,Low,1.54175,-1.8,594.0
2011-01-11,14000.0,6.5e-08,Low,1.79175,-0.8,495.0
2011-01-12,14000.0,6.8e-08,Low,1.66675,2.9,499.0
2011-01-13,14000.0,7.3e-08,Low,1.916625,-2.3,497.0
2011-01-14,13000.0,9.300000000000001e-08,Low,2.291625,-2.4,517.0
2011-01-15,14000.0,1e-07,Low,1.291625,0.8,461.0
2011-01-16,14000.0,7.3e-08,Low,1.249875,1.2,477.0
2011-01-17,14000.0,9e-08,Low,1.624875,-1.4,490.0
2011-01-18,14000.0,5.7e-08,Low,1.166625,-0.5,437.0
2011-01-19,14000.0,5.7e-08,Low,2.125,1.8,463.0
2011-01-20,14000.0,6.8e-08,Low,1.2085,0.6,465.0
2011-01-21,14000.0,1.1e-07,Low,0.791625,1.2,432.0
2011-01-22,14000.0,1e-07,Low,0.916625,0.8,392.0
2011-01-23,14000.0,7.7e-08,Low,0.458375,0.6,369.0
2011-01-24,14000.0,6.4e-08,Low,1.166625,1.0,330.0
2011-01-25,14000.0,5.7e-08,Low,1.45825,-2.6,352.0
2011-01-26,14000.0,6.1e-08,Low,0.875,-2.6,317.0
2011-01-27,15000.0,7.200000000000001e-08,Low,0.666625,-2.0,302.0
2011-01-28,100000.0,9.300000000000001e-08,Low,1.25,-1.1,306.0
2011-01-29,21000.0,6.1e-08,Low,1.000125,-5.5,303.0
2011-01-30,14000.0,5.3e-08,Low,0.1665,0.4,294.0
2011-01-31,14000.0,5.8e-08,Low,1.08325,2.6,275.0
2011-02-01,14000.0,4.9e-08,Low,2.333375,2.0,283.0
2011-02-02,13000.0,4.3e-08,Low,1.58325,-0.7,512.0
2011-02-03,14000.0,3.9e-08,Low,0.2915,-0.9,402.0
2011-02-04,14000.0,4.5999999999999995e-08,Low,3.0,-0.8,311.0
2011-02-05,14000.0,4.4000000000000004e-08,Low,2.875,-4.7,573.0
2011-02-06,14000.0,4.4000000000000004e-08,Low,2.6251249999999997,-1.0,557.0
2011-02-07,14000.0,5.6e-08,Low,1.0001250000000002,0.6,520.0
2011-02-08,14000.0,1e-07,Low,1.166625,-1.5,434.0
2011-02-09,14000.0,1.3999999999999998e-07,Low,0.2915,-0.8,407.0
2011-02-10,14000.0,2.2999999999999997e-07,Low,1.08325,0.9,344.0
2011-02-11,14000.0,1.6e-07,Low,1.250125,0.3,376.0
2011-02-12,14000.0,1.2e-07,Low,1.083375,-2.1,425.0
2011-02-13,14000.0,4.4e-07,Low,0.416625,0.7,375.0
2011-02-14,15000.0,5e-07,Medium,1.70825,2.4,316.0
2011-02-15,85000.0,5.2e-07,Medium,1.791875,11.3,368.0
2011-02-16,29000.0,4.2e-07,Low,0.7498750000000001,1.9,471.0
2011-02-17,15000.0,5.8e-07,Medium,0.541625,0.6,389.0
2011-02-18,13000.0,8.1e-07,Medium,3.333375,1.8,341.0
2011-02-19,13000.0,5.699999999999999e-07,Medium,1.5835,-0.9,541.0
2011-02-20,14000.0,3.2999999999999996e-07,Low,2.125,-2.2,428.0
2011-02-21,14000.0,2.6e-07,Low,2.0,-2.0,436.0
2011-02-22,14000.0,1.7e-07,Low,0.5,-1.8,380.0
2011-02-23,14000.0,1.8e-07,Low,0.54175,-0.2,379.0
2011-02-24,14000.0,2.6e-07,Low,0.333375,1.3,346.0
2011-02-25,14000.0,2.7e-07,Low,0.58325,1.5,336.0
2011-02-26,15000.0,2.2e-07,Low,0.75,3.1,320.0
2011-02-27,14000.0,1.7e-07,Low,0.4167499999999999,0.1,305.0
2011-02-28,14000.0,2.6e-07,Low,0.5417500000000001,1.4,313.0
2011-03-01,14000.0,3.7e-07,Low,3.708375,-4.0,314.0
2011-03-02,13000.0,4.5e-07,Low,3.25,-2.2,631.0
2011-03-03,13000.0,4.2e-07,Low,3.1251249999999997,1.8,641.0
2011-03-04,14000.0,4.8e-07,Low,2.7085,-0.8,622.0
2011-03-05,14000.0,6.599999999999999e-07,Medium,1.541625,-0.8,534.0
2011-03-06,13000.0,9.6e-07,Medium,1.4165,1.6,487.0
2011-03-07,21000.0,1.6999999999999998e-06,High,2.16675,0.9,449.0
2011-03-08,3000000.0,1.6999999999999998e-06,High,1.29175,-2.5,386.0
2011-03-09,1300000.0,1.8e-06,High,1.16675,-1.6,343.0
2011-03-10,790000.0,9.1e-07,Medium,3.208375,-2.7,299.0
2011-03-11,200000.0,4.9e-07,Low,4.166625000000001,-7.8,378.0
2011-03-12,27000.0,5.1e-07,Medium,2.666875,-3.1,497.0
2011-03-13,16000.0,3.8e-07,Low,1.624875,1.9,559.0
2011-03-14,14000.0,3.8e-07,Low,0.66675,3.4,532.0
2011-03-15,13000.0,3.5e-07,Low,0.1665,3.9,553.0
2011-03-16,13000.0,2.9e-07,Low,0.25,5.5,396.0
2011-03-17,21000.0,2.5e-07,Low,1.125,5.0,347.0
2011-03-18,14000.0,1.3999999999999998e-07,Low,0.5415000000000001,5.8,406.0
2011-03-19,14000.0,1.2e-07,Low,0.9585,0.3,340.0
2011-03-20,14000.0,2.2e-07,Low,1.333375,-1.3,340.0
2011-03-21,440000.0,3.8e-07,Low,1.125,-3.7,362.0
2011-03-22,350000.0,4.5e-07,Low,1.624875,-1.7,336.0
2011-03-23,31000.0,3.2999999999999996e-07,Low,2.666625,0.5,414.0
2011-03-24,17000.0,3.2e-07,Low,1.000125,4.9,466.0
2011-03-25,14000.0,4e-07,Low,0.833375,0.9,446.0
2011-03-26,13000.0,4.3e-07,Low,0.1665,2.4,397.0
2011-03-27,14000.0,3.4e-07,Low,0.33325,2.2,350.0
2011-03-28,13000.0,3.2999999999999996e-07,Low,0.5835,2.8,362.0
2011-03-29,13000.0,3.6e-07,Low,0.6665000000000001,2.3,330.0
2011-03-30,13000.0,3.1e-07,Low,0.8748750000000001,2.8,377.0
2011-03-31,14000.0,2.5e-07,Low,0.708375,6.1,343.0
2011-04-01,13000.0,2.2999999999999997e-07,Low,2.33325,2.2,322.0
2011-04-02,14000.0,2.2e-07,Low,3.3748750000000003,-7.4,413.0
2011-04-03,14000.0,3.9e-07,Low,3.125,1.6,648.0
2011-04-04,17000.0,3.2999999999999996e-07,Low,1.500125,-2.4,587.0
2011-04-05,18000.0,2.7999999999999997e-07,Low,1.458375,-0.1,456.0
2011-04-06,12000.0,3.1e-07,Low,3.5835,3.2,556.0
2011-04-07,13000.0,3.1e-07,Low,1.083375,0.3,501.0
2011-04-08,12000.0,2.6e-07,Low,2.125,0.2,461.0
2011-04-09,13000.0,2.9e-07,Low,1.458375,-5.5,411.0
2011-04-10,13000.0,2.2e-07,Low,0.583375,-0.7,391.0
2011-04-11,13000.0,3e-07,Low,1.74975,-0.9,336.0
2011-04-12,12000.0,3.9e-07,Low,3.416625,8.7,470.0
2011-04-13,13000.0,5.5e-07,Medium,2.3333749999999993,-1.1,573.0
2011-04-14,13000.0,5.8e-07,Medium,1.000125,0.6,469.0
2011-04-15,13000.0,6.2e-07,Medium,1.083375,-1.7,404.0
2011-04-16,13000.0,5.5e-07,Medium,0.75,1.5,349.0
2011-04-17,13000.0,4.0999999999999994e-07,Low,0.79175,0.0,331.0
2011-04-18,13000.0,3.8e-07,Low,1.875,2.0,323.0
2011-04-19,13000.0,4.2e-07,Low,1.083375,-0.6,373.0
2011-04-20,13000.0,4.0999999999999994e-07,Low,2.541875000000001,3.1,449.0
2011-04-21,13000.0,4.5e-07,Low,1.0835,1.5,488.0
2011-04-22,12000.0,8.4e-07,Medium,1.416625,1.4,435.0
2011-04-23,13000.0,3.7e-07,Low,0.791625,-0.1,425.0
2011-04-24,13000.0,3.8e-07,Low,1.416625,5.8,410.0
2011-04-25,14000.0,3.1e-07,Low,0.958375,-1.9,446.0
2011-04-26,13000.0,2.7999999999999997e-07,Low,0.375,-0.5,434.0
2011-04-27,13000.0,2.7e-07,Low,0.20825,0.9,378.0
2011-04-28,13000.0,2.4e-07,Low,0.583125,2.5,341.0
2011-04-29,13000.0,2.6e-07,Low,2.0,-3.0,345.0
2011-04-30,12000.0,3.4e-07,Low,3.875,-6.3,485.0
2011-05-01,12000.0,2.9e-07,Low,3.1251249999999997,-2.2,637.0
2011-05-02,12000.0,2.9e-07,Low,3.4165,-1.2,672.0
2011-05-03,13000.0,2.1e-07,Low,2.75,-1.6,624.0
2011-05-04,13000.0,2e-07,Low,1.208375,-0.1,552.0
2011-05-05,13000.0,1.8e-07,Low,1.708375,-0.1,421.0
2011-05-06,13000.0,1.8e-07,Low,0.708375,1.9,390.0
2011-05-07,13000.0,1.8e-07,Low,1.250125,3.1,378.0
2011-05-08,12000.0,1.8e-07,Low,0.4165,-1.2,331.0
2011-05-09,13000.0,2.9e-07,Low,0.5415,-1.9,298.0
2011-05-10,13000.0,1.9e-07,Low,2.291625,3.1,328.0
2011-05-11,19000.0,1.5e-07,Low,1.16675,-1.2,388.0
2011-05-12,14000.0,1.3e-07,Low,0.4581250000000001,-2.4,345.0
2011-05-13,13000.0,1.2e-07,Low,0.791875,1.0,338.0
2011-05-14,13000.0,1.1e-07,Low,0.83325,1.3,346.0
2011-05-15,13000.0,1.3e-07,Low,2.29175,4.1,351.0
2011-05-16,13000.0,1.3999999999999998e-07,Low,2.666625,-0.2,517.0
2011-05-17,13000.0,1.3999999999999998e-07,Low,2.166625,2.4,569.0
2011-05-18,13000.0,1.3e-07,Low,1.3335,0.7,522.0
2011-05-19,13000.0,9.7e-08,Low,0.7915,0.1,418.0
2011-05-20,13000.0,7.5e-08,Low,0.416625,1.4,360.0
2011-05-21,14000.0,6.8e-08,Low,1.04175,2.0,334.0
2011-05-22,13000.0,7.5e-08,Low,1.041625,3.1,425.0
2011-05-23,13000.0,9.1e-08,Low,0.91675,1.6,436.0
2011-05-24,13000.0,7.4e-08,Low,1.45825,-3.1,376.0
2011-05-25,13000.0,7.3e-08,Low,0.6248750000000001,2.1,363.0
2011-05-26,13000.0,7.200000000000001e-08,Low,1.541625,0.2,359.0
2011-05-27,13000.0,2.2e-07,Low,2.29175,-0.2,370.0
2011-05-28,12000.0,5.5e-07,Medium,4.166625,-2.3,450.0
2011-05-29,12000.0,5.3e-07,Medium,4.291625,-1.5,616.0
2011-05-30,12000.0,4.5e-07,Low,2.125,-0.5,640.0
2011-05-31,14000.0,3.6e-07,Low,2.75,-1.0,572.0
2011-06-01,15000.0,3.1e-07,Low,2.25,2.1,590.0
2011-06-02,14000.0,4.4e-07,Low,1.79175,-2.1,483.0
2011-06-03,13000.0,2.7e-07,Low,0.79175,0.5,418.0
2011-06-04,16000.0,2.2e-07,Low,1.541625,-1.4,390.0
2011-06-05,54000.0,2.1e-07,Low,3.416625,-3.8,484.0
2011-06-06,280000.0,2e-07,Low,1.45825,-2.0,481.0
2011-06-07,2500000.0,1.6e-07,Low,1.583375,-0.3,410.0
2011-06-08,1500000.0,1.3e-07,Low,2.208375,-6.6,489.0
2011-06-09,350000.0,1.2e-07,Low,2.04175,-4.0,466.0
2011-06-10,150000.0,1.2e-07,Low,1.999875,3.2,448.0
2011-06-11,160000.0,1.2e-07,Low,2.3332500000000005,-0.2,387.0
2011-06-12,270000.0,1.7e-07,Low,1.66675,-0.8,455.0
2011-06-13,300000.0,2.6e-07,Low,1.999875,0.8,468.0
2011-06-14,110000.0,2.4e-07,Low,1.791625,3.3,447.0
2011-06-15,43000.0,2.4e-07,Low,1.7085,-1.2,540.0
2011-06-16,67000.0,3e-07,Low,1.0835,-1.3,436.0
2011-06-17,180000.0,2.9e-07,Low,1.958375,1.1,451.0
2011-06-18,38000.0,2.2999999999999997e-07,Low,0.9585,-1.4,425.0
2011-06-19,16000.0,2e-07,Low,0.83325,1.9,396.0
2011-06-20,13000.0,2.1e-07,Low,1.708375,0.6,391.0
2011-06-21,13000.0,2.1e-07,Low,2.25,-2.5,397.0
2011-06-22,13000.0,1.5e-07,Low,2.5,-1.5,472.0
2011-06-23,11000.0,1.7e-07,Low,3.25,-2.7,590.0
2011-06-24,11000.0,1.6e-07,Low,2.5,0.7,612.0
2011-06-25,12000.0,1.7e-07,Low,1.541625,-0.4,601.0
2011-06-26,12000.0,1.6e-07,Low,1.666625,-0.8,560.0
2011-06-27,13000.0,1.6e-07,Low,0.91675,-0.4,491.0
2011-06-28,13000.0,1.5e-07,Low,0.6248750000000001,0.3,381.0
2011-06-29,12000.0,1.3e-07,Low,0.416625,3.5,374.0
2011-06-30,12000.0,1e-07,Low,1.16675,3.2,336.0
2011-07-01,12000.0,1.1e-07,Low,2.666625,-4.7,326.0
2011-07-02,12000.0,9.1e-08,Low,1.08325,3.0,394.0
2011-07-03,12000.0,1.1e-07,Low,1.5,-1.3,386.0
2011-07-04,13000.0,1e-07,Low,2.166625,-0.3,407.0
2011-07-05,13000.0,1e-07,Low,2.166625,-5.9,405.0
2011-07-06,13000.0,9.9e-08,Low,1.958375,-3.2,385.0
2011-07-07,12000.0,1.1e-07,Low,1.625,-0.6,363.0
2011-07-08,13000.0,1.1e-07,Low,1.4585,-2.6,357.0
2011-07-09,13000.0,1.1e-07,Low,2.2498750000000003,0.6,345.0
2011-07-10,13000.0,1.7e-07,Low,2.25,-1.1,435.0
2011-07-11,13000.0,1.9e-07,Low,2.5832500000000005,0.1,491.0
2011-07-12,12000.0,2.1e-07,Low,1.875,-2.7,649.0
2011-07-13,12000.0,1.8e-07,Low,1.624875,3.3,643.0
2011-07-14,13000.0,1.6e-07,Low,1.791875,0.2,511.0
2011-07-15,12000.0,1.5e-07,Low,1.083375,0.1,474.0
2011-07-16,12000.0,1.5e-07,Low,0.8751249999999999,0.2,400.0
2011-07-17,13000.0,2.1e-07,Low,1.0,-0.2,371.0
2011-07-18,13000.0,2.4e-07,Low,1.541625,2.4,369.0
2011-07-19,12000.0,2.2e-07,Low,2.6251249999999997,0.4,408.0
2011-07-20,12000.0,2.1e-07,Low,3.291625,-1.9,625.0
2011-07-21,12000.0,1.8e-07,Low,2.5835,-2.3,680.0
2011-07-22,12000.0,1.6e-07,Low,2.416625,0.2,659.0
2011-07-23,12000.0,1.5e-07,Low,1.7085,-0.6,609.0
2011-07-24,13000.0,1.3999999999999998e-07,Low,0.916625,-0.1,504.0
2011-07-25,12000.0,1.7e-07,Low,2.416625,3.8,436.0
2011-07-26,13000.0,2.7e-07,Low,1.41675,-0.8,533.0
2011-07-27,13000.0,4.8e-07,Low,0.58325,-0.2,461.0
2011-07-28,13000.0,5.4e-07,Medium,0.6665000000000001,-2.5,347.0
2011-07-29,12000.0,5e-07,Medium,0.9165,3.5,317.0
2011-07-30,13000.0,3e-07,Low,2.54175,2.2,369.0
2011-07-31,12000.0,3.6e-07,Low,2.166625,1.8,528.0
2011-08-01,12000.0,4.7e-07,Low,1.4585,1.7,687.0
2011-08-02,79000.0,4.0999999999999994e-07,Low,0.708375,-0.9,508.0
2011-08-03,37000.0,4.5e-07,Low,0.625,-0.3,417.0
2011-08-04,3700000.0,4.3e-07,Low,0.7915000000000001,3.9,358.0
2011-08-05,4600000.0,3.2e-07,Low,2.916625,-4.6,417.0
2011-08-06,500000.0,3.9e-07,Low,3.791625,-3.6,579.0
2011-08-07,48000.0,4.3e-07,Low,1.62525,-0.1,583.0
2011-08-08,45000.0,3.1e-07,Low,1.7915,-0.5,488.0
2011-08-09,760000.0,4.3e-07,Low,1.791875,-0.5,578.0
2011-08-10,140000.0,3e-07,Low,1.4585,-0.6,522.0
2011-08-11,25000.0,2.4e-07,Low,1.000125,0.1,487.0
2011-08-12,14000.0,9e-08,Low,0.958375,3.0,408.0
2011-08-13,13000.0,8.199999999999999e-08,Low,0.833375,-0.6,389.0
2011-08-14,13000.0,2.2e-07,Low,2.1248750000000003,0.3,343.0
2011-08-15,13000.0,2.6e-07,Low,2.333375,-3.2,513.0
2011-08-16,12000.0,2e-07,Low,1.83325,1.8,432.0
2011-08-17,13000.0,2.2999999999999997e-07,Low,1.4585,-1.1,446.0
2011-08-18,13000.0,1.9e-07,Low,0.45825,2.3,407.0
2011-08-19,12000.0,1.6e-07,Low,0.45825,1.7,376.0
2011-08-20,13000.0,2.2999999999999997e-07,Low,1.25,1.8,389.0
2011-08-21,13000.0,2e-07,Low,0.708375,1.8,358.0
2011-08-22,12000.0,2.5e-07,Low,1.54175,-3.2,414.0
2011-08-23,12000.0,2.4e-07,Low,1.95825,2.2,350.0
2011-08-24,12000.0,2.5e-07,Low,1.58325,1.2,538.0
2011-08-25,12000.0,2.9e-07,Low,1.125,-1.4,474.0
2011-08-26,13000.0,2.7e-07,Low,0.833125,1.4,417.0
2011-08-27,12000.0,2.5e-07,Low,1.208375,-0.4,401.0
2011-08-28,13000.0,2.2e-07,Low,1.416625,-0.1,414.0
2011-08-29,13000.0,2.9e-07,Low,1.958375,-2.0,420.0
2011-08-30,12000.0,2.4e-07,Low,0.83325,0.3,454.0
2011-08-31,12000.0,2.6e-07,Low,0.2498749999999999,0.9,373.0
2011-09-01,13000.0,2.9e-07,Low,0.5415000000000001,0.4,346.0
2011-09-02,13000.0,3.2999999999999996e-07,Low,0.791625,-0.2,294.0
2011-09-03,13000.0,4.9e-07,Low,2.5,-1.8,306.0
2011-09-04,14000.0,6.3e-07,Medium,1.958375,-2.0,405.0
2011-09-05,13000.0,1.6e-06,High,1.416625,-0.4,392.0
2011-09-06,96000.0,5.699999999999999e-07,Medium,1.70825,-0.4,432.0
2011-09-07,360000.0,3.8e-07,Low,1.333375,-2.7,406.0
2011-09-08,100000.0,3.6e-07,Low,0.541625,-0.8,387.0
2011-09-09,32000.0,4.2e-07,Low,3.0417500000000004,-0.5,330.0
2011-09-10,16000.0,4.7e-07,Low,4.50025,-5.5,505.0
2011-09-11,13000.0,4.8e-07,Low,2.375,-0.5,565.0
2011-09-12,12000.0,6e-07,Medium,3.958500000000001,-1.4,589.0
2011-09-13,12000.0,5.3e-07,Medium,2.9998749999999994,-0.9,601.0
2011-09-14,12000.0,5.599999999999999e-07,Medium,1.20825,1.0,541.0
2011-09-15,12000.0,6e-07,Medium,1.541625,2.1,456.0
2011-09-16,13000.0,8e-07,Medium,0.708375,0.5,465.0
2011-09-17,12000.0,8.199999999999999e-07,Medium,3.8748749999999994,-0.6,374.0
2011-09-18,11000.0,9.2e-07,Medium,1.29175,11.2,432.0
2011-09-19,14000.0,8e-07,Medium,0.45825,2.9,403.0
2011-09-20,13000.0,7.1e-07,Medium,1.500125,3.8,431.0
2011-09-21,13000.0,1e-06,High,1.041625,3.5,388.0
2011-09-22,21000.0,1.4e-06,High,0.95825,4.2,394.0
2011-09-23,460000.0,1.3e-06,High,0.416625,1.5,377.0
2011-09-24,960000.0,1.6e-06,High,0.916625,0.9,361.0
2011-09-25,1300000.0,2.7e-06,High,1.125,0.5,330.0
2011-09-26,2200000.0,1.4e-06,High,3.3748750000000003,-0.7,358.0
2011-09-27,590000.0,5.2e-07,Medium,4.000125000000001,-0.4,678.0
2011-09-28,230000.0,3.8e-07,Low,3.166625,-2.2,519.0
2011-09-29,94000.0,4e-07,Low,3.291875,2.4,457.0
2011-09-30,27000.0,4e-07,Low,1.375,0.8,504.0
2011-10-01,16000.0,5.599999999999999e-07,Medium,2.916625,-1.7,463.0
2011-10-02,13000.0,4.9e-07,Low,2.708375,2.2,527.0
2011-10-03,13000.0,3.9e-07,Low,1.124875,1.3,422.0
2011-10-04,15000.0,4.3e-07,Low,1.375,-1.1,363.0
2011-10-05,16000.0,5.599999999999999e-07,Medium,2.9167499999999995,-0.6,352.0
2011-10-06,14000.0,4.4e-07,Low,1.791625,8.4,400.0
2011-10-07,13000.0,3.9e-07,Low,1.16675,7.4,370.0
2011-10-08,13000.0,3.2999999999999996e-07,Low,1.708375,-0.9,353.0
2011-10-09,12000.0,3e-07,Low,2.29175,-6.1,337.0
2011-10-10,12000.0,3e-07,Low,0.58325,5.8,339.0
2011-10-11,13000.0,3.2999999999999996e-07,Low,0.791625,2.1,352.0
2011-10-12,12000.0,4e-07,Low,1.333375,1.0,397.0
2011-10-13,13000.0,4.0999999999999994e-07,Low,0.75,-0.3,365.0
2011-10-14,12000.0,3.9e-07,Low,0.33325,2.3,375.0
2011-10-15,11000.0,4.5e-07,Low,1.70825,-4.3,417.0
2011-10-16,12000.0,8.599999999999999e-07,Medium,1.75,2.1,433.0
2011-10-17,12000.0,9.8e-07,Medium,0.91675,-1.8,431.0
2011-10-18,12000.0,8.599999999999999e-07,Medium,0.999875,0.3,363.0
2011-10-19,13000.0,7.799999999999999e-07,Medium,1.41675,1.5,356.0
2011-10-20,13000.0,8.599999999999999e-07,Medium,1.125,-1.8,407.0
2011-10-21,13000.0,9.9e-07,Medium,0.95825,-2.0,352.0
2011-10-22,67000.0,9.3e-07,Medium,0.291625,-1.2,320.0
2011-10-23,400000.0,7.599999999999999e-07,Medium,0.500125,2.7,309.0
2011-10-24,230000.0,5.4e-07,Medium,2.25,1.7,327.0
2011-10-25,46000.0,4.8e-07,Low,3.458375,-12.8,504.0
2011-10-26,16000.0,4.3e-07,Low,0.958375,1.3,507.0
2011-10-27,13000.0,3.4e-07,Low,1.041625,-2.9,436.0
2011-10-28,12000.0,5e-07,Medium,0.041625,0.7,383.0
2011-10-29,13000.0,4.3e-07,Low,0.041625,0.6,316.0
2011-10-30,13000.0,5e-07,Medium,1.416625,-0.8,300.0
2011-10-31,12000.0,8.8e-07,Medium,2.125,-4.8,348.0
2011-11-01,12000.0,9.2e-07,Medium,3.2917500000000004,-4.4,374.0
2011-11-02,12000.0,1e-06,High,2.041875,1.0,381.0
2011-11-03,12000.0,8.9e-07,Medium,0.75,-0.1,391.0
2011-11-04,140000.0,8.8e-07,Medium,0.791625,-0.1,338.0
2011-11-05,95000.0,8.1e-07,Medium,0.7501249999999999,-3.6,347.0
2011-11-06,34000.0,8.4e-07,Medium,0.6667500000000001,1.1,288.0
2011-11-07,18000.0,7.599999999999999e-07,Medium,1.04175,0.0,329.0
2011-11-08,17000.0,6.699999999999999e-07,Medium,1.7915,2.3,365.0
2011-11-09,14000.0,6.499999999999999e-07,Medium,0.25,1.2,392.0
2011-11-10,15000.0,6.9e-07,Medium,0.666625,0.1,328.0
2011-11-11,14000.0,7.699999999999999e-07,Medium,0.750125,2.5,378.0
2011-11-12,13000.0,7.2e-07,Medium,0.7498750000000001,1.9,372.0
2011-11-13,13000.0,6.8e-07,Medium,0.374875,0.4,421.0
2011-11-14,13000.0,8.4e-07,Medium,0.1665,3.3,366.0
2011-11-15,12000.0,1e-06,High,1.45825,3.0,374.0
2011-11-16,12000.0,9.5e-07,Medium,0.75,-0.9,407.0
2011-11-17,12000.0,7.599999999999999e-07,Medium,0.91675,0.9,433.0
2011-11-18,14000.0,6.9e-07,Medium,0.583375,1.6,404.0
2011-11-19,13000.0,6.499999999999999e-07,Medium,0.041625,0.1,381.0
2011-11-20,13000.0,6e-07,Medium,0.250125,3.1,328.0
2011-11-21,13000.0,5.1e-07,Medium,1.125,-2.2,295.0
2011-11-22,13000.0,4.8e-07,Low,1.708375,1.9,312.0
2011-11-23,13000.0,4.4e-07,Low,1.666625,-2.9,370.0
2011-11-24,13000.0,3.9e-07,Low,1.750125,-1.6,353.0
2011-11-25,13000.0,4.5e-07,Low,1.083125,-1.9,406.0
2011-11-26,1800000.0,3.9e-07,Low,0.8751249999999999,0.7,406.0
2011-11-27,3600000.0,4e-07,Low,1.583375,0.5,345.0
2011-11-28,430000.0,5.3e-07,Medium,0.6665,1.0,414.0
2011-11-29,64000.0,5.1e-07,Medium,2.4582499999999996,2.0,483.0
2011-11-30,16000.0,5.1e-07,Medium,2.3748750000000003,1.8,436.0
2011-12-01,17000.0,5.699999999999999e-07,Medium,1.66675,-4.1,464.0
2011-12-02,14000.0,5.8e-07,Medium,1.20825,0.2,462.0
2011-12-03,12000.0,6e-07,Medium,2.16675,1.7,397.0
2011-12-04,13000.0,5.4e-07,Medium,1.0,-2.0,468.0
2011-12-05,13000.0,5.2e-07,Medium,0.4998749999999999,1.2,409.0
2011-12-06,13000.0,4.7e-07,Low,0.166625,-0.6,330.0
2011-12-07,13000.0,4.5e-07,Low,0.20825,-0.6,302.0
2011-12-08,13000.0,4.4e-07,Low,0.374875,2.6,313.0
2011-12-09,13000.0,3.8e-07,Low,0.958375,-1.8,306.0
2011-12-10,13000.0,4.2e-07,Low,2.04175,-3.9,343.0
2011-12-11,13000.0,4.7e-07,Low,1.750125,-2.0,368.0
2011-12-12,12000.0,5e-07,Medium,1.54175,-2.2,469.0
2011-12-13,13000.0,5.1e-07,Medium,1.16675,-1.4,472.0
2011-12-14,12000.0,8.3e-07,Medium,0.5831250000000001,1.5,453.0
2011-12-15,13000.0,3.2e-07,Low,0.166625,-0.1,368.0
2011-12-16,13000.0,2.5e-07,Low,0.041625,-0.4,345.0
2011-12-17,13000.0,2.2999999999999997e-07,Low,0.125,0.1,298.0
2011-12-18,13000.0,3.2e-07,Low,0.375,-0.3,263.0
2011-12-19,14000.0,3.6e-07,Low,1.708375,-0.1,301.0
2011-12-20,13000.0,5.1e-07,Medium,1.375,-3.7,346.0
2011-12-21,13000.0,7.799999999999999e-07,Medium,1.41675,-2.4,337.0
2011-12-22,12000.0,7e-07,Medium,0.95825,-0.3,384.0
2011-12-23,12000.0,4.7e-07,Low,0.250125,-0.5,386.0
2011-12-24,13000.0,5.699999999999999e-07,Medium,0.458375,1.7,369.0
2011-12-25,33000.0,5.8e-07,Medium,0.666625,-0.9,351.0
2011-12-26,83000.0,6.499999999999999e-07,Medium,0.124875,1.4,340.0
2011-12-27,16000.0,5.5e-07,Medium,0.0,0.1,305.0
2011-12-28,13000.0,5.699999999999999e-07,Medium,1.0,5.0,252.0
2011-12-29,13000.0,6.499999999999999e-07,Medium,2.0,4.1,329.0
2011-12-30,15000.0,5.599999999999999e-07,Medium,1.625,-0.8,426.0
2011-12-31,14000.0,3.8e-07,Low,1.45825,-1.6,377.0
2012-01-01,13000.0,4.4e-07,Low,1.16675,0.8,379.0
2012-01-02,18000.0,4.0999999999999994e-07,Low,0.9165,2.3,359.0
2012-01-03,29000.0,4.0999999999999994e-07,Low,1.875,-6.7,403.0
2012-01-04,13000.0,3.9e-07,Low,0.4583750000000001,0.0,359.0
2012-01-05,13000.0,4.3e-07,Low,1.166875,-1.9,312.0
2012-01-06,13000.0,4.8e-07,Low,1.500125,6.1,356.0
2012-01-07,13000.0,6.1e-07,Medium,1.54175,-0.7,435.0
2012-01-08,13000.0,6.1e-07,Medium,1.08325,-3.0,433.0
2012-01-09,13000.0,4.8e-07,Low,1.916625,-2.5,433.0
2012-01-10,13000.0,4e-07,Low,1.2917500000000002,0.8,434.0
2012-01-11,13000.0,5.4e-07,Medium,1.541875,-0.8,438.0
2012-01-12,13000.0,5.1e-07,Medium,1.458125,-0.4,453.0
2012-01-13,13000.0,4.9e-07,Low,1.541625,1.9,500.0
2012-01-14,12000.0,5.9e-07,Medium,0.33325,-2.0,445.0
2012-01-15,13000.0,6.2e-07,Medium,0.95825,2.5,363.0
2012-01-16,13000.0,1e-06,High,2.083125,-0.9,385.0
2012-01-17,14000.0,5.2e-07,Medium,1.41675,-2.7,476.0
2012-01-18,14000.0,5.699999999999999e-07,Medium,0.875,-1.1,400.0
2012-01-19,14000.0,5.9e-07,Medium,0.499875,-0.4,372.0
2012-01-20,69000.0,6e-07,Medium,0.999875,-2.3,364.0
2012-01-21,80000.0,4.9e-07,Low,1.791625,-3.3,313.0
2012-01-22,98000.0,5.5e-07,Medium,3.4167500000000004,9.4,331.0
2012-01-23,140000000.0,6e-07,Medium,1.750125,-7.9,439.0
2012-01-24,210000000.0,5.8e-07,Medium,2.9582500000000005,-5.7,411.0
2012-01-25,26000000.0,4.9e-07,Low,2.9582500000000005,1.5,579.0
2012-01-26,4300000.0,7.3e-07,Medium,1.83325,0.6,474.0
2012-01-27,4700000.0,5.2e-07,Medium,1.75,-0.1,458.0
2012-01-28,48000000.0,5.9e-07,Medium,1.5,-1.0,497.0
2012-01-29,10000000.0,2.7e-07,Low,1.5,-0.7,437.0
2012-01-30,3400000.0,2.1e-07,Low,1.375125,2.4,394.0
2012-01-31,780000.0,2.5e-07,Low,0.70825,0.8,399.0
2012-02-01,200000.0,2.2e-07,Low,1.416625,2.8,351.0
2012-02-02,86000.0,2.6e-07,Low,1.166625,0.6,406.0
2012-02-03,37000.0,2.1e-07,Low,1.499875,-3.9,404.0
2012-02-04,22000.0,1.8e-07,Low,2.333375,-1.8,424.0
2012-02-05,20000.0,1.5e-07,Low,2.041875,1.5,447.0
2012-02-06,18000.0,2.2e-07,Low,1.749875,2.5,408.0
2012-02-07,14000.0,2.5e-07,Low,2.875,-2.2,398.0
2012-02-08,13000.0,3.1e-07,Low,2.375,-2.8,503.0
2012-02-09,14000.0,2.7e-07,Low,1.375125,0.4,429.0
2012-02-10,13000.0,2.7e-07,Low,1.25,4.1,423.0
2012-02-11,14000.0,3e-07,Low,1.08325,-1.3,425.0
2012-02-12,13000.0,2.4e-07,Low,0.958375,-1.3,349.0
2012-02-13,12000.0,2e-07,Low,2.25,1.3,361.0
2012-02-14,12000.0,1.7e-07,Low,2.5835,-1.9,365.0
2012-02-15,12000.0,1.6e-07,Low,3.416625,-4.4,390.0
2012-02-16,12000.0,1.6e-07,Low,0.95825,-0.1,370.0
2012-02-17,13000.0,1.7e-07,Low,0.291625,2.6,353.0
2012-02-18,12000.0,1.8e-07,Low,0.79175,2.2,304.0
2012-02-19,12000.0,2e-07,Low,2.916625,-6.9,360.0
2012-02-20,12000.0,2.4e-07,Low,3.3748749999999994,3.0,516.0
2012-02-21,12000.0,2.1e-07,Low,1.66675,-3.1,506.0
2012-02-22,13000.0,1.8e-07,Low,2.2497499999999997,-2.6,384.0
2012-02-23,13000.0,2.2e-07,Low,0.70825,2.7,505.0
2012-02-24,13000.0,2.7e-07,Low,1.333375,0.9,420.0
2012-02-25,130000.0,2.5e-07,Low,1.54175,4.8,404.0
2012-02-26,230000.0,2.2999999999999997e-07,Low,1.708375,0.6,431.0
2012-02-27,49000.0,2e-07,Low,2.9998750000000003,2.1,453.0
2012-02-28,14000.0,1.6e-07,Low,2.20825,5.2,461.0
2012-02-29,12000.0,1.5e-07,Low,1.375,-2.6,439.0
2012-03-01,12000.0,1.7e-07,Low,3.0001249999999997,6.4,476.0
2012-03-02,12000.0,3e-07,Low,2.3751249999999997,-2.6,460.0
2012-03-03,13000.0,2.6e-07,Low,1.916625,-3.9,420.0
2012-03-04,14000.0,4.5e-07,Low,2.583375,-6.6,380.0
2012-03-05,190000.0,1e-06,High,2.25,-3.6,383.0
2012-03-06,230000.0,7.699999999999999e-07,Medium,2.2085,-2.5,376.0
2012-03-07,61000000.0,1.1e-06,High,4.9167499999999995,-2.8,382.0
2012-03-08,200000000.0,6.499999999999999e-07,Medium,3.3751249999999997,6.5,516.0
2012-03-09,37000000.0,8.8e-07,Medium,5.5,6.8,664.0
2012-03-10,14000000.0,7e-07,Medium,3.125,-2.2,599.0
2012-03-11,6800000.0,5.599999999999999e-07,Medium,2.208375,0.4,456.0
2012-03-12,2400000.0,4.7e-07,Low,3.666625,0.5,433.0
2012-03-13,6000000.0,4.4e-07,Low,2.125,-4.5,705.0
2012-03-14,7400000.0,7.599999999999999e-07,Medium,2.0,-2.6,527.0
2012-03-15,670000.0,4.7e-07,Low,3.958375,-3.9,515.0
2012-03-16,120000.0,2.4e-07,Low,3.874875,-1.4,700.0
2012-03-17,25000.0,2e-07,Low,3.8333749999999993,-1.7,670.0
2012-03-18,15000.0,2.4e-07,Low,2.625,-2.3,664.0
2012-03-19,13000.0,1.8e-07,Low,2.25,0.6,515.0
2012-03-20,12000.0,2e-07,Low,1.25,-1.7,475.0
2012-03-21,13000.0,2.2999999999999997e-07,Low,1.333375,-0.3,421.0
2012-03-23,13000.0,3.2999999999999996e-07,Low,1.16675,-1.4,406.0
2012-03-24,13000.0,1.9e-07,Low,2.375,0.6,365.0
2012-03-25,13000.0,2.2e-07,Low,0.9585,0.1,427.0
2012-03-26,14000.0,1.8e-07,Low,0.833375,1.8,373.0
2012-03-27,13000.0,2.6e-07,Low,2.91675,-3.0,335.0
2012-03-28,14000.0,3e-07,Low,2.5832499999999996,-6.8,384.0
2012-03-29,14000.0,2.5e-07,Low,0.70825,-0.4,365.0
2012-03-30,28000.0,1.9e-07,Low,1.083375,-3.3,336.0
2012-03-31,27000.0,2.6e-07,Low,0.999875,0.3,361.0
2012-04-01,20000.0,1.9e-07,Low,1.583375,1.1,364.0
2012-04-02,18000.0,2.4e-07,Low,2.083375,-5.4,347.0
2012-04-03,15000.0,2.2e-07,Low,1.250125,-4.7,320.0
2012-04-04,13000.0,1.5e-07,Low,1.624875,-2.3,351.0
2012-04-05,12000.0,2e-07,Low,3.0,-7.7,330.0
2012-04-06,16000.0,1.6e-07,Low,0.58325,2.4,359.0
2012-04-07,13000.0,1.5e-07,Low,2.1248750000000003,-0.1,322.0
2012-04-08,12000.0,1.2e-07,Low,1.041625,-1.8,365.0
2012-04-09,12000.0,1.1e-07,Low,0.75,0.1,342.0
2012-04-10,13000.0,1.1e-07,Low,1.624875,-3.9,329.0
2012-04-11,12000.0,1.1e-07,Low,1.1665,0.0,331.0
2012-04-12,13000.0,1.2e-07,Low,2.666875,4.3,329.0
2012-04-13,12000.0,1.5e-07,Low,3.166875,-3.1,517.0
2012-04-14,13000.0,1.5e-07,Low,2.166625,-0.7,577.0
2012-04-15,12000.0,2.4e-07,Low,1.25,0.8,514.0
2012-04-16,12000.0,2.7e-07,Low,1.12475,0.0,428.0
2012-04-17,13000.0,2.9e-07,Low,2.083,-1.8,330.0
2012-04-18,14000.0,4e-07,Low,1.916625,-3.0,399.0
2012-04-19,12000.0,5.2e-07,Medium,1.08325,-0.4,410.0
2012-04-20,14000.0,3.8e-07,Low,1.666625,1.9,342.0
2012-04-21,13000.0,5.4e-07,Medium,1.499875,-1.2,326.0
2012-04-22,12000.0,6.4e-07,Medium,1.875125,-4.6,336.0
2012-04-23,12000.0,5.5e-07,Medium,3.416625,-1.2,324.0
2012-04-24,12000.0,5.1e-07,Medium,4.2085,-11.2,362.0
2012-04-25,11000.0,4.7e-07,Low,3.916625,-3.7,508.0
2012-04-26,11000.0,4.0999999999999994e-07,Low,2.75,3.6,694.0
2012-04-27,12000.0,5.8e-07,Medium,1.875,-1.9,547.0
2012-04-28,12000.0,5.2e-07,Medium,1.5,1.9,473.0
2012-04-29,12000.0,3.7e-07,Low,1.0,-1.9,420.0
2012-04-30,12000.0,4.3e-07,Low,0.41675,-0.6,385.0
2012-05-01,12000.0,3.2999999999999996e-07,Low,0.666625,-1.5,320.0
2012-05-02,12000.0,2.7999999999999997e-07,Low,0.916625,-2.8,305.0
2012-05-03,12000.0,3.4e-07,Low,1.791625,-3.7,291.0
2012-05-04,12000.0,3.9e-07,Low,0.70825,4.1,302.0
2012-05-05,12000.0,6.699999999999999e-07,Medium,0.5832499999999999,2.5,310.0
2012-05-06,12000.0,5.4e-07,Medium,1.041625,4.0,330.0
2012-05-07,13000.0,5.9e-07,Medium,0.5,3.5,312.0
2012-05-08,13000.0,3.5e-07,Low,1.916625,5.7,317.0
2012-05-09,12000.0,4.0999999999999994e-07,Low,3.916749999999999,7.4,419.0
2012-05-10,13000.0,6.499999999999999e-07,Medium,2.25,-1.8,602.0
2012-05-11,12000.0,6.1e-07,Medium,2.2917500000000004,-3.7,622.0
2012-05-12,12000.0,4.9e-07,Low,2.16675,-0.9,558.0
2012-05-13,12000.0,4.2e-07,Low,2.4167500000000004,-4.5,490.0
2012-05-14,12000.0,4.3e-07,Low,0.8748750000000001,-0.3,465.0
2012-05-15,12000.0,4.9e-07,Low,1.000125,1.1,425.0
2012-05-16,12000.0,4.5e-07,Low,2.041625,1.9,372.0
2012-05-17,6600000.0,6.499999999999999e-07,Medium,0.833375,-3.1,364.0
2012-05-18,1200000.0,4.5e-07,Low,1.875,-3.2,427.0
2012-05-19,260000.0,3.5e-07,Low,1.166625,1.8,390.0
2012-05-20,53000.0,3.4e-07,Low,2.04175,-0.4,356.0
2012-05-21,20000.0,3.1e-07,Low,0.7915,1.6,371.0
2012-05-22,13000.0,3e-07,Low,3.333375,3.8,366.0
2012-05-23,12000.0,3.1e-07,Low,2.9583749999999993,-3.8,422.0
2012-05-24,12000.0,4.4e-07,Low,1.7085,0.0,614.0
2012-05-25,13000.0,4.4e-07,Low,1.416625,0.4,505.0
2012-05-26,14000.0,3.6e-07,Low,0.583375,-2.4,455.0
2012-05-27,520000.0,2.7999999999999997e-07,Low,0.5415000000000001,1.3,361.0
2012-05-28,100000.0,2.1e-07,Low,1.041625,2.1,357.0
2012-05-29,24000.0,2.4e-07,Low,1.20825,1.3,383.0
2012-05-30,15000.0,3.6e-07,Low,1.583375,1.1,432.0
2012-05-31,12000.0,5.4e-07,Medium,2.04175,1.7,426.0
2012-06-01,12000.0,5.8e-07,Medium,1.375,-0.8,357.0
2012-06-02,13000.0,4.3e-07,Low,1.833375,6.3,371.0
2012-06-03,12000.0,5e-07,Medium,3.125,-0.6,330.0
2012-06-04,12000.0,3.7e-07,Low,2.958375,3.1,326.0
2012-06-05,12000.0,4e-07,Low,3.166625,2.1,659.0
2012-06-06,11000.0,4.9e-07,Low,3.125,-1.0,647.0
2012-06-07,11000.0,6e-07,Medium,1.833375,-1.1,675.0
2012-06-08,12000.0,4.7e-07,Low,1.54175,-0.3,604.0
2012-06-09,12000.0,5.2e-07,Medium,1.791625,0.6,504.0
2012-06-10,12000.0,5e-07,Medium,1.166625,4.0,424.0
2012-06-11,12000.0,5.5e-07,Medium,2.7501249999999997,-2.8,394.0
2012-06-12,12000.0,6.1e-07,Medium,1.875,-9.0,422.0
2012-06-13,12000.0,8.599999999999999e-07,Medium,1.083375,2.2,382.0
2012-06-14,13000.0,9.699999999999998e-07,Medium,0.625125,-0.1,387.0
2012-06-15,26000.0,5.5e-07,Medium,0.375125,1.2,329.0
2012-06-16,270000.0,4.2e-07,Low,2.416625,1.9,306.0
2012-06-17,100000.0,4.5999999999999994e-07,Low,4.58325,31.4,515.0
2012-06-18,13000.0,3.6e-07,Low,2.6665,-8.9,401.0
2012-06-19,13000.0,3.2e-07,Low,0.2498749999999999,-0.2,543.0
2012-06-20,12000.0,2.9e-07,Low,0.625,-3.1,363.0
2012-06-21,12000.0,2.1e-07,Low,0.5001249999999999,0.7,330.0
2012-06-22,12000.0,1.1e-07,Low,0.958375,0.9,392.0
2012-06-23,12000.0,1e-07,Low,0.8331250000000001,1.8,417.0
2012-06-24,12000.0,6.8e-08,Low,0.875,-0.2,400.0
2012-06-25,12000.0,1.3e-07,Low,2.0,0.2,352.0
2012-06-26,12000.0,2.2999999999999997e-07,Low,1.666625,2.1,429.0
2012-06-27,12000.0,3.6e-07,Low,1.5,5.2,376.0
2012-06-28,12000.0,3.2e-07,Low,1.375125,2.8,500.0
2012-06-29,12000.0,3.9e-07,Low,1.166625,1.2,418.0
2012-06-30,12000.0,4.3e-07,Low,3.75,-1.9,398.0
2012-07-01,12000.0,6.3e-07,Medium,3.291625,3.2,650.0
2012-07-02,12000.0,8.4e-07,Medium,3.416625,2.0,653.0
2012-07-03,12000.0,1e-06,High,2.291625,-1.3,634.0
2012-07-04,12000.0,2e-06,High,1.833375,-0.1,538.0
2012-07-05,14000.0,2.6e-06,High,2.6248750000000003,2.0,500.0
2012-07-06,12000.0,2.4e-06,High,2.833375,2.2,457.0
2012-07-07,1100000.0,1.5e-06,High,1.750125,2.0,486.0
2012-07-08,390000.0,2e-06,High,2.458375,1.8,441.0
2012-07-09,900000.0,2e-06,High,4.499999999999999,-3.2,438.0
2012-07-10,170000.0,1.4e-06,High,2.6251249999999997,-1.3,389.0
2012-07-11,31000.0,9e-07,Medium,2.33325,-0.6,489.0
2012-07-12,950000.0,7e-07,Medium,2.2085,-2.6,502.0
2012-07-13,2100000.0,8.199999999999999e-07,Medium,0.4165000000000001,0.9,395.0
2012-07-14,1800000.0,8.699999999999999e-07,Medium,2.333375,0.0,324.0
2012-07-15,220000.0,6.499999999999999e-07,Medium,5.83325,4.9,665.0
2012-07-16,16000.0,1e-06,High,4.5,-14.0,503.0
2012-07-17,1400000.0,1e-06,High,2.9167499999999995,-5.6,429.0
2012-07-18,3500000.0,6.2e-07,Medium,1.124875,-1.1,467.0
2012-07-19,4000000.0,5.8e-07,Medium,1.25,1.2,419.0
2012-07-20,3500000.0,3.4e-07,Low,2.333125,2.6,381.0
2012-07-21,480000.0,1.7e-07,Low,1.875125,-4.0,412.0
2012-07-22,130000.0,2.2e-07,Low,1.625125,4.5,458.0
2012-07-23,500000.0,2.7999999999999997e-07,Low,2.125,-0.6,451.0
2012-07-24,770000.0,2.7e-07,Low,1.916625,1.4,469.0
2012-07-25,650000.0,3.2e-07,Low,1.25,-2.6,522.0
2012-07-26,390000.0,3.5e-07,Low,0.45825,-0.7,402.0
2012-07-27,190000.0,4.8e-07,Low,0.8751249999999999,3.8,348.0
2012-07-28,180000.0,5.5e-07,Medium,2.2501249999999997,10.9,356.0
2012-07-29,120000.0,7e-07,Medium,1.333375,-4.0,356.0
2012-07-30,69000.0,5.599999999999999e-07,Medium,2.666625,-0.6,352.0
2012-07-31,43000.0,5.8e-07,Medium,1.166625,0.4,408.0
2012-08-01,42000.0,6.3e-07,Medium,1.291625,2.6,403.0
2012-08-02,41000.0,4.8e-07,Low,2.458375,2.6,377.0
2012-08-03,38000.0,5.599999999999999e-07,Medium,1.416875,-0.3,479.0
2012-08-04,20000.0,6e-07,Medium,1.374875,0.6,429.0
2012-08-05,13000.0,6.2e-07,Medium,1.124875,2.4,363.0
2012-08-06,12000.0,6.1e-07,Medium,2.375,-5.2,337.0
2012-08-07,12000.0,5.5e-07,Medium,1.54175,0.5,384.0
2012-08-08,12000.0,5.599999999999999e-07,Medium,1.875125,-5.3,417.0
2012-08-09,11000.0,6.1e-07,Medium,1.2085,-2.4,371.0
2012-08-10,11000.0,3.6e-07,Low,0.4165,3.0,331.0
2012-08-11,11000.0,3.4e-07,Low,0.916625,3.7,325.0
2012-08-12,11000.0,2.9e-07,Low,1.791625,-3.5,351.0
2012-08-13,11000.0,3e-07,Low,1.875125,4.2,382.0
2012-08-14,11000.0,2.4e-07,Low,1.625,1.1,477.0
2012-08-15,10000.0,1.7e-07,Low,1.2915,0.2,469.0
2012-08-16,11000.0,1.8e-07,Low,2.458375,-2.4,466.0
2012-08-17,10000.0,1.9e-07,Low,1.708375,-3.5,483.0
2012-08-18,10000.0,3.7e-07,Low,2.208375,-1.5,376.0
2012-08-19,11000.0,2e-07,Low,2.416625,8.7,398.0
2012-08-20,13000.0,1.9e-07,Low,2.5,-0.7,583.0
2012-08-21,12000.0,1.6e-07,Low,1.375,0.5,495.0
2012-08-22,11000.0,1.3999999999999998e-07,Low,1.333125,-1.0,386.0
2012-08-23,11000.0,1.3999999999999998e-07,Low,2.125,-1.0,406.0
2012-08-24,11000.0,1.6e-07,Low,1.874875,-1.7,395.0
2012-08-25,11000.0,2e-07,Low,2.20825,3.4,401.0
2012-08-26,11000.0,2.7e-07,Low,2.333375,1.4,526.0
2012-08-27,11000.0,2.2999999999999997e-07,Low,1.3336249999999998,1.7,658.0
2012-08-28,12000.0,2.2e-07,Low,0.666625,-0.4,493.0
2012-08-29,11000.0,3.4e-07,Low,0.7501249999999999,-0.2,543.0
2012-08-30,11000.0,6.699999999999999e-07,Medium,0.625,0.7,444.0
2012-08-31,11000.0,7.799999999999999e-07,Medium,0.25,0.6,404.0
2012-09-01,1100000.0,9.8e-07,Medium,1.4585,-2.0,304.0
2012-09-02,2300000.0,8.199999999999999e-07,Medium,2.958375,-4.9,319.0
2012-09-03,1000000.0,6.699999999999999e-07,Medium,4.083375,-8.0,310.0
2012-09-04,390000.0,6.1e-07,Medium,2.9165,7.5,447.0
2012-09-05,45000.0,5.4e-07,Medium,3.916625,-5.5,483.0
2012-09-06,15000.0,4.4e-07,Low,2.1251249999999997,0.9,451.0
2012-09-07,16000.0,5.3e-07,Medium,2.2498750000000003,0.0,376.0
2012-09-08,27000.0,7.1e-07,Medium,1.875,-3.3,384.0
2012-09-09,19000.0,5.4e-07,Medium,0.91675,-1.1,361.0
2012-09-10,13000.0,4.7e-07,Low,0.7501249999999999,1.4,359.0
2012-09-11,13000.0,4.8e-07,Low,0.1665,1.2,316.0
2012-09-12,12000.0,4.0999999999999994e-07,Low,1.291625,0.5,283.0
2012-09-13,11000.0,3.1e-07,Low,1.25,0.0,383.0
2012-09-14,11000.0,1.5e-07,Low,1.29175,3.1,419.0
2012-09-15,11000.0,1.7e-07,Low,1.624875,-3.6,436.0
2012-09-16,12000.0,1.5e-07,Low,1.708375,1.0,392.0
2012-09-17,11000.0,2.2999999999999997e-07,Low,1.000125,-1.2,439.0
2012-09-18,11000.0,2.7999999999999997e-07,Low,2.041625,1.8,405.0
2012-09-19,11000.0,2.5e-07,Low,2.3751249999999997,4.3,381.0
2012-09-20,11000.0,2.7e-07,Low,2.291625,-5.4,374.0
2012-09-21,12000.0,2.5e-07,Low,1.58325,1.0,527.0
2012-09-22,15000.0,3.1e-07,Low,0.958125,-0.7,497.0
2012-09-23,16000.0,3.7e-07,Low,0.041625,1.8,393.0
2012-09-24,28000.0,5.2e-07,Medium,0.375,0.1,335.0
2012-09-25,30000.0,4.5999999999999994e-07,Low,0.3750000000000001,1.1,355.0
2012-09-26,34000.0,3.7e-07,Low,1.2917500000000002,4.4,328.0
2012-09-27,24000.0,3.2e-07,Low,1.041625,1.3,415.0
2012-09-28,710000.0,3.8e-07,Low,0.041625,0.2,375.0
2012-09-29,210000.0,5.599999999999999e-07,Medium,0.7501249999999999,1.3,321.0
2012-09-30,74000.0,5.699999999999999e-07,Medium,2.375,-1.9,281.0
2012-10-01,20000.0,7.599999999999999e-07,Medium,3.041625,-17.1,394.0
2012-10-02,12000.0,4.3e-07,Low,1.333375,5.9,333.0
2012-10-03,12000.0,2.1e-07,Low,1.250125,-3.8,312.0
2012-10-04,12000.0,1.8e-07,Low,0.25,-1.4,338.0
2012-10-05,12000.0,2.1e-07,Low,0.916625,-0.9,297.0
2012-10-06,12000.0,1.7e-07,Low,1.6665,-2.0,325.0
2012-10-07,12000.0,1.9e-07,Low,1.16675,-1.0,318.0
2012-10-08,14000.0,4.4e-07,Low,4.33325,-5.2,323.0
2012-10-09,11000.0,4.5e-07,Low,4.29175,-14.6,380.0
2012-10-10,11000.0,3.6e-07,Low,2.4998750000000003,9.8,543.0
2012-10-11,11000.0,5e-07,Medium,1.583375,-2.0,468.0
2012-10-12,11000.0,4.3e-07,Low,2.6248750000000003,-2.6,506.0
2012-10-13,10000.0,4.3e-07,Low,4.833375,-4.8,476.0
2012-10-14,11000.0,5.4e-07,Medium,3.541625,-2.9,562.0
2012-10-15,11000.0,5.5e-07,Medium,2.0001249999999997,-2.1,495.0
2012-10-16,11000.0,4.3e-07,Low,1.374875,1.4,395.0
2012-10-17,12000.0,4.5e-07,Low,1.66675,-2.2,416.0
2012-10-18,11000.0,4.4e-07,Low,1.2085,1.2,477.0
2012-10-19,11000.0,5.4e-07,Medium,0.5831250000000001,-1.8,522.0
2012-10-20,11000.0,6.2e-07,Medium,0.2915,1.8,404.0
2012-10-21,11000.0,6.1e-07,Medium,0.666875,-1.4,352.0
2012-10-22,12000.0,5.8e-07,Medium,0.5,-1.0,355.0
2012-10-23,12000.0,5.8e-07,Medium,1.79175,2.3,352.0
2012-10-24,12000.0,4.7e-07,Low,0.79175,1.1,351.0
2012-10-25,11000.0,3.8e-07,Low,0.70825,-1.8,335.0
2012-10-26,11000.0,5.1e-07,Medium,1.000125,-0.6,340.0
2012-10-27,11000.0,3.9e-07,Low,0.79175,-1.8,322.0
2012-10-28,12000.0,3.2e-07,Low,0.625125,1.3,349.0
2012-10-29,11000.0,2.4e-07,Low,0.4165,-2.2,317.0
2012-10-30,11000.0,2.2e-07,Low,0.374875,-2.3,279.0
2012-10-31,11000.0,2.4e-07,Low,1.08325,1.9,281.0
2012-11-01,11000.0,2.2e-07,Low,3.541625,-1.4,361.0
2012-11-02,11000.0,1.9e-07,Low,1.33325,-1.4,324.0
2012-11-03,11000.0,2e-07,Low,0.541625,-0.2,305.0
2012-11-04,11000.0,1.7e-07,Low,0.33325,0.1,318.0
2012-11-05,11000.0,1.9e-07,Low,0.5835,1.3,303.0
2012-11-06,11000.0,2.1e-07,Low,0.91675,-1.3,285.0
2012-11-07,11000.0,2.1e-07,Low,2.791625,-0.1,328.0
2012-11-08,22000.0,2.2e-07,Low,0.58325,1.0,492.0
2012-11-09,110000.0,3.1e-07,Low,0.125,2.5,392.0
2012-11-10,82000.0,4.3e-07,Low,0.458375,1.9,326.0
2012-11-11,38000.0,5.4e-07,Medium,0.374875,-1.8,297.0
2012-11-12,16000.0,5.9e-07,Medium,0.999875,-1.4,308.0
2012-11-13,11000.0,5.1e-07,Medium,3.291625,-4.0,385.0
2012-11-14,11000.0,4.3e-07,Low,3.708375,-13.9,372.0
2012-11-15,11000.0,4.2e-07,Low,0.791625,1.1,461.0
2012-11-16,11000.0,4e-07,Low,1.708375,-0.6,394.0
2012-11-17,12000.0,3.9e-07,Low,2.16675,1.5,391.0
2012-11-18,11000.0,4.2e-07,Low,1.166625,-1.5,420.0
2012-11-19,11000.0,4.0999999999999994e-07,Low,1.166625,-1.5,392.0
2012-11-20,11000.0,6.1e-07,Medium,2.9167500000000004,1.1,388.0
2012-11-21,11000.0,6e-07,Medium,1.79175,-5.5,435.0
2012-11-22,11000.0,3.5e-07,Low,0.5415,-0.3,392.0
2012-11-23,11000.0,3.1e-07,Low,1.0,0.1,332.0
2012-11-24,11000.0,2.7e-07,Low,2.7082499999999996,-0.3,398.0
2012-11-25,10000.0,2.7e-07,Low,1.0,4.7,343.0
2012-11-26,11000.0,5.8e-07,Medium,1.125,-0.8,433.0
2012-11-27,10000.0,4.8e-07,Low,0.875,0.2,472.0
2012-11-28,11000.0,4.5999999999999994e-07,Low,0.291625,0.5,412.0
2012-11-29,11000.0,3.9e-07,Low,0.541625,-1.0,361.0
2012-11-30,11000.0,3.4e-07,Low,0.208375,-1.3,337.0
2012-12-01,11000.0,2.9e-07,Low,1.08325,-1.0,318.0
2012-12-02,10000.0,1.6e-07,Low,1.7085,-2.6,329.0
2012-12-03,11000.0,1.2e-07,Low,0.916625,0.3,313.0
2012-12-04,10000.0,1.2e-07,Low,0.8748750000000001,2.7,361.0
2012-12-05,11000.0,1.2e-07,Low,0.291625,0.7,390.0
2012-12-06,11000.0,1.2e-07,Low,0.08325,-0.4,338.0
2012-12-07,11000.0,1.2e-07,Low,0.083375,1.5,300.0
2012-12-08,11000.0,1.3e-07,Low,0.124875,-0.3,282.0
2012-12-09,12000.0,1.3999999999999998e-07,Low,1.000125,-0.6,299.0
2012-12-10,11000.0,1.8e-07,Low,0.75,-0.3,310.0
2012-12-11,11000.0,1.9e-07,Low,0.416625,2.0,307.0
2012-12-12,11000.0,1.9e-07,Low,0.333375,-0.5,287.0
2012-12-13,11000.0,2.5e-07,Low,0.541625,-3.3,282.0
2012-12-14,29000.0,3.5e-07,Low,0.75,1.9,281.0
2012-12-15,160000.0,3.2999999999999996e-07,Low,2.208375,3.7,341.0
2012-12-16,24000.0,3e-07,Low,1.3749999999999998,4.0,386.0
2012-12-17,13000.0,4.0999999999999994e-07,Low,2.3335000000000004,-1.6,398.0
2012-12-18,11000.0,4.5e-07,Low,1.666625,-0.5,448.0
2012-12-19,11000.0,3.2999999999999996e-07,Low,1.124875,-0.2,489.0
2012-12-20,11000.0,2.4e-07,Low,1.875125,1.7,423.0
2012-12-21,11000.0,2.2e-07,Low,0.9165,0.5,483.0
2012-12-22,11000.0,2.6e-07,Low,0.124875,1.3,407.0
2012-12-23,12000.0,2.5e-07,Low,0.291625,1.9,343.0
2012-12-24,11000.0,2.1e-07,Low,0.499875,0.5,317.0
2012-12-25,11000.0,2.9e-07,Low,0.625,-0.3,310.0
2012-12-26,11000.0,3e-07,Low,0.6251249999999999,0.1,318.0
2012-12-27,11000.0,2.2999999999999997e-07,Low,0.083375,-0.3,308.0
2012-12-28,12000.0,2e-07,Low,0.291625,-0.7,288.0
2012-12-29,12000.0,2e-07,Low,0.6665,-1.0,287.0
2012-12-30,11000.0,2.2e-07,Low,1.20825,-2.3,312.0
2012-12-31,11000.0,2.9e-07,Low,0.1665,0.0,469.0
2013-01-01,12000.0,3.1e-07,Low,0.20825,-0.4,358.0
2013-01-02,11000.0,2.5e-07,Low,0.8334999999999999,1.3,307.0
2013-01-03,11000.0,3.5e-07,Low,0.500125,-0.4,310.0
2013-01-04,12000.0,6.3e-07,Medium,0.583375,-2.7,305.0
2013-01-05,11000.0,7.9e-07,Medium,0.458375,0.3,335.0
2013-01-06,11000.0,5.8e-07,Medium,0.9585,-0.4,293.0
2013-01-07,11000.0,6.599999999999999e-07,Medium,0.6248750000000001,0.4,346.0
2013-01-08,11000.0,7.599999999999999e-07,Medium,1.124875,-0.7,344.0
2013-01-09,11000.0,1e-06,High,1.08325,-3.1,331.0
2013-01-10,12000.0,9.5e-07,Medium,0.58325,-0.4,325.0
2013-01-11,11000.0,9e-07,Medium,0.75025,1.6,297.0
2013-01-12,12000.0,7.4e-07,Medium,0.916625,-1.4,363.0
2013-01-13,11000.0,8.3e-07,Medium,2.333375,-3.9,384.0
2013-01-14,12000.0,5e-07,Medium,2.25,-2.2,484.0
2013-01-15,11000.0,4.7e-07,Low,1.416625,1.1,500.0
2013-01-16,11000.0,3.9e-07,Low,1.375,0.5,418.0
2013-01-17,62000.0,2.9e-07,Low,2.7501249999999997,1.7,396.0
2013-01-18,19000.0,2.7e-07,Low,2.458375,-4.1,361.0
2013-01-19,11000.0,2.4e-07,Low,1.70825,-0.8,439.0
2013-01-20,12000.0,2.2e-07,Low,2.083375,-5.3,437.0
2013-01-21,11000.0,2.5e-07,Low,1.125,-0.9,386.0
2013-01-22,12000.0,2.6e-07,Low,0.291625,-0.5,343.0
2013-01-23,12000.0,1.9e-07,Low,0.541625,-0.8,306.0
2013-01-24,12000.0,1.6e-07,Low,0.5,-2.7,285.0
2013-01-25,12000.0,1.5e-07,Low,1.29175,5.5,282.0
2013-01-26,11000.0,1.3999999999999998e-07,Low,3.4998750000000003,3.2,392.0
2013-01-27,11000.0,1.3999999999999998e-07,Low,1.58325,-1.9,525.0
2013-01-28,12000.0,1.3999999999999998e-07,Low,1.124875,-0.6,412.0
2013-01-29,11000.0,1e-07,Low,0.6248750000000001,-2.2,398.0
2013-01-30,12000.0,1e-07,Low,0.416625,-0.8,349.0
2013-01-31,11000.0,1.3999999999999998e-07,Low,0.58325,-0.3,310.0
2013-02-01,11000.0,1.8e-07,Low,1.166625,-2.5,326.0
2013-02-02,12000.0,2.2e-07,Low,2.25,-2.1,380.0
2013-02-03,12000.0,2.9e-07,Low,1.04175,-0.7,454.0
2013-02-04,11000.0,1.9e-07,Low,1.08325,-0.4,404.0
2013-02-05,12000.0,1.7e-07,Low,0.541625,-1.6,343.0
2013-02-06,11000.0,1.8e-07,Low,0.208375,3.0,331.0
2013-02-07,20000.0,1.3999999999999998e-07,Low,1.70825,-0.7,337.0
2013-02-08,22000.0,1.7e-07,Low,1.958375,3.8,367.0
2013-02-09,15000.0,1.9e-07,Low,0.79175,-1.3,449.0
2013-02-10,13000.0,1.6e-07,Low,1.16675,0.5,396.0
2013-02-11,12000.0,1.8e-07,Low,1.208375,-1.7,354.0
2013-02-12,12000.0,1.8e-07,Low,1.16675,-1.5,370.0
2013-02-13,12000.0,1.6e-07,Low,2.33325,-0.6,348.0
2013-02-14,12000.0,1.7e-07,Low,2.875,-6.9,367.0
2013-02-15,12000.0,2.1e-07,Low,1.041625,0.1,381.0
2013-02-16,11000.0,2e-07,Low,1.5,-0.4,332.0
2013-02-17,11000.0,2.2999999999999997e-07,Low,2.083375,3.8,379.0
2013-02-18,12000.0,1.5e-07,Low,0.791625,5.2,350.0
2013-02-19,12000.0,3.6e-07,Low,1.5832499999999998,2.1,321.0
2013-02-20,11000.0,3.2e-07,Low,1.83325,-0.2,355.0
2013-02-21,11000.0,2.7e-07,Low,1.75,-2.8,405.0
2013-02-22,12000.0,2.2999999999999997e-07,Low,2.416625,-3.9,400.0
2013-02-23,11000.0,3.8e-07,Low,1.833125,-4.6,394.0
2013-02-24,12000.0,2.9e-07,Low,0.7917500000000001,-2.1,360.0
2013-02-25,11000.0,2.2e-07,Low,0.75,0.2,316.0
2013-02-26,13000.0,1.8e-07,Low,1.333375,-0.5,345.0
2013-02-27,35000.0,2e-07,Low,0.91675,-1.1,301.0
2013-02-28,24000.0,2.7e-07,Low,1.666875,-1.4,336.0
2013-03-01,11000.0,2.7e-07,Low,4.374999999999999,-3.9,381.0
2013-03-02,12000.0,2.9e-07,Low,2.791625,0.7,609.0
2013-03-03,11000.0,2.7e-07,Low,2.16675,-1.4,506.0
2013-03-04,11000.0,2.7e-07,Low,1.08325,-2.1,434.0
2013-03-05,12000.0,3.2e-07,Low,0.833375,-2.0,396.0
2013-03-06,18000.0,2.7999999999999997e-07,Low,0.6663750000000002,-1.4,339.0
2013-03-07,20000.0,2.4e-07,Low,0.541625,4.0,313.0
2013-03-08,19000.0,3.1e-07,Low,0.5,2.8,323.0
2013-03-09,19000.0,3.2e-07,Low,1.58325,-2.4,341.0
2013-03-10,20000.0,3.4e-07,Low,0.791625,4.3,347.0
2013-03-11,16000.0,2.5e-07,Low,1.083125,-2.0,316.0
2013-03-12,16000.0,3.2999999999999996e-07,Low,1.4165,0.5,311.0
2013-03-13,14000.0,4.7e-07,Low,0.79175,-0.7,322.0
2013-03-14,13000.0,2.5e-07,Low,0.9585,-0.1,309.0
2013-03-15,24000.0,4e-07,Low,1.33325,3.3,349.0
2013-03-16,540000.0,4.3e-07,Low,2.208375,-2.0,436.0
2013-03-17,540000.0,3.6e-07,Low,5.25,-0.8,414.0
2013-03-18,33000.0,3.7e-07,Low,1.75,4.6,624.0
2013-03-19,11000.0,2.6e-07,Low,1.16675,0.4,470.0
2013-03-20,11000.0,3.1e-07,Low,2.16675,-1.3,480.0
2013-03-21,11000.0,2.7999999999999997e-07,Low,2.083375,-4.6,518.0
2013-03-22,11000.0,3.2e-07,Low,1.125,6.2,438.0
2013-03-23,11000.0,2.1e-07,Low,2.1251249999999997,2.1,373.0
2013-03-24,11000.0,1.3e-07,Low,1.37475,0.8,422.0
2013-03-25,11000.0,1e-07,Low,0.62525,2.5,385.0
2013-03-26,11000.0,1.2e-07,Low,0.541625,1.8,400.0
2013-03-27,11000.0,1e-07,Low,3.2083749999999993,1.9,371.0
2013-03-28,11000.0,1.8e-07,Low,2.166625,-2.4,498.0
2013-03-29,12000.0,2.6e-07,Low,3.91675,-2.9,400.0
2013-03-30,11000.0,2.7e-07,Low,2.8332499999999996,-1.4,529.0
2013-03-31,11000.0,2.6e-07,Low,1.04175,-2.9,528.0
2013-04-01,12000.0,2.4e-07,Low,1.29175,-1.0,463.0
2013-04-02,12000.0,2.5e-07,Low,0.791625,-1.9,384.0
2013-04-03,12000.0,2.7999999999999997e-07,Low,0.49975,-0.5,332.0
2013-04-04,11000.0,3.1e-07,Low,1.000125,-0.2,301.0
2013-04-05,12000.0,3.6e-07,Low,0.583125,-1.8,275.0
2013-04-06,11000.0,4.2e-07,Low,1.249875,1.8,295.0
2013-04-07,11000.0,4e-07,Low,1.208375,-2.3,337.0
2013-04-08,11000.0,4e-07,Low,0.416625,3.7,329.0
2013-04-09,11000.0,6.4e-07,Medium,0.7915,-0.1,359.0
2013-04-10,11000.0,7e-07,Medium,1.1248749999999998,3.4,340.0
2013-04-11,3200000.0,6.499999999999999e-07,Medium,0.95825,6.0,380.0
2013-04-12,1900000.0,5.9e-07,Medium,1.08325,-0.3,466.0
2013-04-13,450000.0,3.7e-07,Low,1.375,-0.2,430.0
2013-04-14,120000.0,3.4e-07,Low,2.625,1.8,473.0
2013-04-15,33000.0,3.1e-07,Low,1.20825,9.2,440.0
2013-04-16,23000.0,3.1e-07,Low,0.708375,3.0,397.0
2013-04-17,16000.0,2.7999999999999997e-07,Low,0.4583750000000001,-2.1,342.0
2013-04-18,14000.0,2.7999999999999997e-07,Low,0.3748749999999999,-1.1,321.0
2013-04-19,12000.0,2.5e-07,Low,0.124875,0.9,291.0
2013-04-20,12000.0,2.7e-07,Low,0.708375,1.4,299.0
2013-04-21,92000.0,5.1e-07,Medium,0.458125,2.6,291.0
2013-04-22,78000.0,3.7e-07,Low,0.91675,-3.5,278.0
2013-04-23,21000.0,4.9e-07,Low,1.499875,0.8,269.0
2013-04-24,13000.0,5.599999999999999e-07,Medium,3.625,-6.8,321.0
2013-04-25,40000.0,7.3e-07,Medium,2.333375,-1.4,417.0
2013-04-26,13000.0,6.9e-07,Medium,3.1667499999999995,0.7,493.0
2013-04-27,12000.0,8.4e-07,Medium,1.5,-0.9,547.0
2013-04-28,11000.0,6.9e-07,Medium,1.33325,-0.7,427.0
2013-04-29,12000.0,7.3e-07,Medium,0.875,-0.4,433.0
2013-04-30,11000.0,6.699999999999999e-07,Medium,1.375125,-2.5,355.0
2013-05-01,11000.0,7.799999999999999e-07,Medium,3.875125,-3.8,379.0
2013-05-02,12000.0,6e-07,Medium,2.250125,-4.1,480.0
2013-05-03,11000.0,6.499999999999999e-07,Medium,1.29175,0.5,431.0
2013-05-04,11000.0,6.4e-07,Medium,1.33325,-0.6,374.0
2013-05-05,11000.0,5.9e-07,Medium,1.791625,-3.3,362.0
2013-05-06,11000.0,5.5e-07,Medium,1.874875,2.9,426.0
2013-05-07,11000.0,5.1e-07,Medium,2.0835000000000004,-2.2,489.0
2013-05-08,11000.0,4.3e-07,Low,1.625,-0.3,509.0
2013-05-09,11000.0,5.4e-07,Medium,0.874875,0.9,485.0
2013-05-10,11000.0,6.699999999999999e-07,Medium,0.8748750000000001,1.3,452.0
2013-05-11,11000.0,7.799999999999999e-07,Medium,0.625,2.2,423.0
2013-05-12,11000.0,8.499999999999999e-07,Medium,0.791625,-1.5,374.0
2013-05-13,12000.0,1.1e-06,High,1.0,-0.9,314.0
2013-05-14,58000.0,7.1e-07,Medium,1.75,3.1,366.0
2013-05-15,810000.0,7.699999999999999e-07,Medium,1.75,5.9,332.0
2013-05-16,2100000.0,6e-07,Medium,2.9582499999999996,5.3,408.0
2013-05-17,2300000.0,5.699999999999999e-07,Medium,2.083125,1.7,379.0
2013-05-18,1100000.0,4.8e-07,Low,2.9998750000000003,-4.0,380.0
2013-05-19,400000.0,5.8e-07,Medium,2.5,-5.7,403.0
2013-05-20,200000.0,7e-07,Medium,1.624875,6.8,420.0
2013-05-21,59000.0,5.5e-07,Medium,1.250125,-3.0,402.0
2013-05-22,8300000.0,1e-06,High,2.333375,-2.5,465.0
2013-05-23,69000000.0,6.499999999999999e-07,Medium,1.916625,-0.3,451.0
2013-05-24,5200000.0,4.5e-07,Low,3.125,0.5,456.0
2013-05-25,590000.0,3.9e-07,Low,4.45825,-2.5,527.0
2013-05-26,36000.0,3.8e-07,Low,3.1251249999999997,3.9,708.0
2013-05-27,17000.0,3.1e-07,Low,2.7498750000000003,-0.4,613.0
2013-05-28,12000.0,2.6e-07,Low,1.708375,-0.9,698.0
2013-05-29,11000.0,2.7e-07,Low,0.1665,0.3,592.0
2013-05-30,12000.0,2.7e-07,Low,0.291625,-0.2,447.0
2013-05-31,12000.0,2.2999999999999997e-07,Low,1.666625,0.3,345.0
2013-06-01,10000.0,2.2e-07,Low,4.958375,8.4,405.0
2013-06-02,10000.0,2.7999999999999997e-07,Low,3.1666250000000007,0.4,626.0
2013-06-03,10000.0,2.7e-07,Low,2.16675,2.7,705.0
2013-06-04,11000.0,2.7e-07,Low,1.833375,-1.2,631.0
2013-06-05,12000.0,2.6e-07,Low,1.2915,0.6,550.0
2013-06-06,12000.0,2.4e-07,Low,3.458375,0.2,481.0
2013-06-07,11000.0,2.5e-07,Low,3.458375,-11.7,450.0
2013-06-08,11000.0,2.2e-07,Low,1.6665,4.0,406.0
2013-06-09,10000.0,1.7e-07,Low,1.7915,0.3,409.0
2013-06-10,9800.0,1.3999999999999998e-07,Low,2.249875,-3.8,343.0
2013-06-11,10000.0,1.3e-07,Low,1.208125,3.9,378.0
2013-06-12,10000.0,1.5e-07,Low,0.916625,-0.5,419.0
2013-06-13,11000.0,2.2e-07,Low,0.58325,-1.5,389.0
2013-06-14,10000.0,3.1e-07,Low,0.7081250000000001,-0.2,338.0
2013-06-15,10000.0,3.2999999999999996e-07,Low,0.875,-3.4,320.0
2013-06-16,10000.0,3.6e-07,Low,0.33325,-0.9,330.0
2013-06-17,10000.0,4.5999999999999994e-07,Low,0.66675,-1.8,322.0
2013-06-18,10000.0,4.4e-07,Low,0.833375,-2.0,279.0
2013-06-19,11000.0,4.2e-07,Low,1.0415,-3.6,282.0
2013-06-20,10000.0,4.5999999999999994e-07,Low,2.33325,-7.3,304.0
2013-06-21,51000.0,5.5e-07,Medium,3.2085,-4.6,488.0
2013-06-22,430000.0,5e-07,Medium,2.791625,0.0,572.0
2013-06-23,410000.0,4.8e-07,Low,3.208375,-0.9,606.0
2013-06-24,560000.0,4.7e-07,Low,3.166625,1.3,560.0
2013-06-25,78000.0,3.8e-07,Low,1.58325,-2.0,533.0
2013-06-26,33000.0,3.4e-07,Low,0.416375,0.0,481.0
2013-06-27,19000.0,2.6e-07,Low,1.45825,-0.9,400.0
2013-06-28,14000.0,2e-07,Low,3.458375,-3.8,422.0
2013-06-29,14000.0,1.9e-07,Low,4.958375,-11.3,383.0
2013-06-30,11000.0,3.4e-07,Low,2.375,-3.9,457.0
2013-07-01,10000.0,3.2999999999999996e-07,Low,1.458125,-1.1,538.0
2013-07-02,11000.0,5e-07,Medium,0.7917500000000001,1.0,433.0
2013-07-03,11000.0,6.1e-07,Medium,0.833375,-0.2,391.0
2013-07-04,10000.0,7.699999999999999e-07,Medium,0.83325,-1.5,363.0
2013-07-05,10000.0,7.9e-07,Medium,2.000125,-0.6,366.0
2013-07-06,9900.0,5.1e-07,Medium,3.91675,-9.2,357.0
2013-07-07,10000.0,4.0999999999999994e-07,Low,1.0,-5.2,318.0
2013-07-08,10000.0,4e-07,Low,0.8752499999999999,2.6,291.0
2013-07-09,9800.0,3.5e-07,Low,1.83325,2.4,317.0
2013-07-10,9600.0,3.9e-07,Low,3.8748749999999994,-1.9,388.0
2013-07-11,9600.0,4e-07,Low,3.2501249999999997,-4.3,448.0
2013-07-12,10000.0,4.0999999999999994e-07,Low,2.125,-1.1,459.0
2013-07-13,9300.0,3.8e-07,Low,1.916625,2.8,500.0
2013-07-14,10000.0,4e-07,Low,3.791625,-6.3,412.0
2013-07-15,10000.0,4.5999999999999994e-07,Low,3.3751250000000006,-5.3,381.0
2013-07-16,10000.0,3.7e-07,Low,1.124875,2.3,379.0
2013-07-17,10000.0,3.2e-07,Low,0.833375,2.0,345.0
2013-07-18,11000.0,3.4e-07,Low,2.625,0.6,349.0
2013-07-19,10000.0,3.4e-07,Low,3.0002500000000003,-2.1,516.0
2013-07-20,11000.0,3e-07,Low,1.0,-1.7,598.0
2013-07-21,11000.0,3.2e-07,Low,0.958375,0.0,412.0
2013-07-22,12000.0,2.7999999999999997e-07,Low,1.125,3.7,397.0
2013-07-23,12000.0,2.5e-07,Low,1.08325,-1.3,366.0
2013-07-24,11000.0,2.7999999999999997e-07,Low,0.958375,-2.5,366.0
2013-07-25,11000.0,2.9e-07,Low,2.0001249999999997,0.5,325.0
2013-07-26,11000.0,3.2999999999999996e-07,Low,2.375,-1.1,480.0
2013-07-27,11000.0,3.7e-07,Low,2.25,-2.2,518.0
2013-07-28,10000.0,3.8e-07,Low,1.5,0.4,424.0
2013-07-29,10000.0,4.0999999999999994e-07,Low,1.166625,-0.7,431.0
2013-07-30,11000.0,4.7e-07,Low,1.25,2.0,389.0
2013-07-31,11000.0,3.4e-07,Low,0.958375,-0.5,375.0
2013-08-01,10000.0,3e-07,Low,1.041625,-0.8,360.0
2013-08-02,11000.0,2.7e-07,Low,0.5,-1.2,352.0
2013-08-03,10000.0,2.2e-07,Low,0.83325,0.1,306.0
2013-08-04,10000.0,2.2e-07,Low,2.58325,-1.4,322.0
2013-08-05,9800.0,2e-07,Low,2.791625,-7.1,535.0
2013-08-06,10000.0,2.2e-07,Low,1.33325,-2.1,486.0
2013-08-07,9900.0,2e-07,Low,0.70825,-0.9,436.0
2013-08-08,10000.0,2.2e-07,Low,0.75,0.5,405.0
2013-08-09,10000.0,2.1e-07,Low,1.625,0.4,361.0
2013-08-10,9800.0,2.2e-07,Low,1.333375,1.2,478.0
2013-08-11,10000.0,3.2999999999999996e-07,Low,1.041625,3.1,440.0
2013-08-12,9800.0,3.2e-07,Low,1.083375,0.7,375.0
2013-08-13,10000.0,4.8e-07,Low,1.833125,-0.2,346.0
2013-08-14,10000.0,4.2e-07,Low,2.041625,-2.6,413.0
2013-08-15,11000.0,4.0999999999999994e-07,Low,2.7501249999999997,0.5,468.0
2013-08-16,10000.0,3.6e-07,Low,3.74975,-2.1,580.0
2013-08-17,11000.0,3.9e-07,Low,1.874875,1.3,749.0
2013-08-18,23000.0,5.4e-07,Medium,1.458375,1.3,595.0
2013-08-19,11000.0,4.2e-07,Low,1.04175,1.9,512.0
2013-08-20,15000.0,4.8e-07,Low,0.708375,-0.2,441.0
2013-08-21,68000.0,5e-07,Medium,3.2498750000000003,4.7,407.0
2013-08-22,19000.0,5.9e-07,Medium,2.6251249999999997,-1.1,514.0
2013-08-23,13000.0,5e-07,Medium,2.875,-2.6,544.0
2013-08-24,12000.0,3.9e-07,Low,1.75,-0.4,486.0
2013-08-25,12000.0,3.6e-07,Low,1.458375,-0.3,428.0
2013-08-26,12000.0,3.1e-07,Low,1.29175,-2.1,372.0
2013-08-27,11000.0,3e-07,Low,2.541625,-2.7,354.0
2013-08-28,11000.0,2.4e-07,Low,1.875,-2.7,417.0
2013-08-29,11000.0,2.4e-07,Low,0.374875,0.6,407.0
2013-08-30,11000.0,3.1e-07,Low,1.625,2.2,356.0
2013-08-31,12000.0,2.2999999999999997e-07,Low,2.375,-4.9,407.0
2013-09-01,11000.0,2e-07,Low,2.2915,-2.0,433.0
2013-09-02,11000.0,2.1e-07,Low,2.041625,-0.4,452.0
2013-09-03,10000.0,2.9e-07,Low,1.541625,1.8,362.0
2013-09-04,9600.0,3.8e-07,Low,1.29175,-0.3,443.0
2013-09-05,10000.0,3.7e-07,Low,0.5835,1.5,430.0
2013-09-06,9900.0,3.1e-07,Low,1.208375,1.5,419.0
2013-09-07,10000.0,2.5e-07,Low,0.625,-3.0,372.0
2013-09-08,10000.0,1.7e-07,Low,1.333375,1.4,363.0
2013-09-09,10000.0,1.3999999999999998e-07,Low,0.6248750000000001,1.1,364.0
2013-09-10,10000.0,1.3e-07,Low,1.541625,-0.1,311.0
2013-09-11,10000.0,1.2e-07,Low,1.291875,1.6,391.0
2013-09-12,10000.0,7.9e-08,Low,1.5415,-0.4,394.0
2013-09-13,11000.0,9.5e-08,Low,2.125,-0.8,460.0
2013-09-14,10000.0,7.4e-08,Low,1.291625,2.9,558.0
2013-09-15,10000.0,8.300000000000004e-08,Low,0.458375,-0.4,453.0
2013-09-16,10000.0,1.1e-07,Low,0.91675,-3.1,372.0
2013-09-17,10000.0,1.5e-07,Low,1.91675,-0.3,369.0
2013-09-18,10000.0,2.4e-07,Low,1.999875,1.0,366.0
2013-09-19,10000.0,3e-07,Low,2.6252500000000003,-1.0,558.0
2013-09-20,10000.0,2.7999999999999997e-07,Low,1.5,-1.6,525.0
2013-09-21,10000.0,2.7e-07,Low,1.958375,-2.0,415.0
2013-09-22,10000.0,2.4e-07,Low,1.25,-1.1,403.0
2013-09-23,10000.0,1.9e-07,Low,1.083375,-0.9,388.0
2013-09-24,9900.0,1.9e-07,Low,2.125,-2.2,334.0
2013-09-25,10000.0,2.1e-07,Low,0.91675,1.4,442.0
2013-09-26,10000.0,2.1e-07,Low,0.124875,1.7,384.0
2013-09-27,10000.0,2.2e-07,Low,0.166625,2.0,323.0
2013-09-28,10000.0,2.5e-07,Low,0.041625,-0.1,307.0
2013-09-29,10000.0,3e-07,Low,0.333375,0.2,279.0
2013-09-30,5700000.0,2.5e-07,Low,0.416625,1.6,266.0
2013-10-01,8900000.0,3e-07,Low,1.125,1.5,260.0
2013-10-02,1200000.0,2.9e-07,Low,4.875125000000001,-0.4,374.0
2013-10-03,100000.0,2.9e-07,Low,0.83325,-2.6,548.0
2013-10-04,43000.0,2.2e-07,Low,0.125,4.1,406.0
2013-10-05,21000.0,2e-07,Low,0.041625,1.7,359.0
2013-10-06,18000.0,2.1e-07,Low,0.4165,1.0,320.0
2013-10-07,14000.0,3e-07,Low,1.0836249999999998,1.1,308.0
2013-10-08,12000.0,2.7e-07,Low,1.875,1.7,304.0
2013-10-09,10000.0,3.1e-07,Low,3.791625,-0.0,514.0
2013-10-10,9800.0,4.7e-07,Low,1.875125,-4.2,471.0
2013-10-11,11000.0,8.699999999999999e-07,Medium,1.375125,-0.6,421.0
2013-10-12,14000.0,5.9e-07,Medium,1.0,-0.3,379.0
2013-10-13,15000.0,5e-07,Medium,0.33325,-0.3,376.0
2013-10-14,18000.0,4.0999999999999994e-07,Low,2.958125,-1.5,325.0
2013-10-15,18000.0,6.3e-07,Medium,2.833375,-1.6,452.0
2013-10-16,13000.0,4.2e-07,Low,2.291875,0.4,533.0
2013-10-17,12000.0,8.599999999999999e-07,Medium,2.166625,-1.8,464.0
2013-10-18,11000.0,1e-06,High,0.416625,-0.8,387.0
2013-10-19,11000.0,9.2e-07,Medium,0.25,1.1,368.0
2013-10-20,11000.0,7.5e-07,Medium,0.333125,1.7,318.0
2013-10-21,11000.0,5.699999999999999e-07,Medium,0.2498749999999999,-2.5,301.0
2013-10-22,11000.0,7.1e-07,Medium,1.083375,3.0,309.0
2013-10-23,22000.0,8.9e-07,Medium,0.8748750000000001,2.1,327.0
2013-10-24,11000.0,8.9e-07,Medium,0.33325,1.0,313.0
2013-10-25,12000.0,1.1e-06,High,0.416625,1.6,308.0
2013-10-26,28000.0,1.2e-06,High,0.333125,0.4,305.0
2013-10-27,28000.0,1.1e-06,High,0.458375,3.3,299.0
2013-10-28,170000.0,1.2e-06,High,0.208125,0.8,283.0
2013-10-29,250000.0,1.1e-06,High,1.291625,-0.9,295.0
2013-10-30,260000.0,6.499999999999999e-07,Medium,2.4998750000000003,1.5,329.0
2013-10-31,85000.0,5.9e-07,Medium,1.541625,2.1,343.0
2013-11-01,30000.0,8.1e-07,Medium,1.249875,0.0,351.0
2013-11-02,80000.0,6.499999999999999e-07,Medium,0.75,-1.6,344.0
2013-11-03,52000.0,6.1e-07,Medium,1.66675,-2.8,362.0
2013-11-04,35000.0,6.4e-07,Medium,1.291625,-0.4,371.0
2013-11-05,44000.0,1e-06,High,0.916625,-3.7,339.0
2013-11-06,39000.0,8.8e-07,Medium,0.916625,0.6,332.0
2013-11-07,170000.0,6e-07,Medium,2.458375,1.0,324.0
2013-11-08,44000.0,6e-07,Medium,0.916625,-1.4,384.0
2013-11-09,70000.0,6.699999999999999e-07,Medium,3.291625,-0.2,407.0
2013-11-10,49000.0,8.8e-07,Medium,2.666625,1.4,604.0
2013-11-11,59000.0,1e-06,High,3.333375,-3.4,506.0
2013-11-12,30000.0,8.8e-07,Medium,0.375,-0.5,445.0
2013-11-13,22000.0,9.3e-07,Medium,0.541625,1.8,397.0
2013-11-14,14000.0,1e-06,High,0.41675,0.9,378.0
2013-11-15,13000.0,9.3e-07,Medium,2.041625,-2.0,355.0
2013-11-16,11000.0,1e-06,High,2.541625,-5.3,348.0
2013-11-17,11000.0,1e-06,High,1.541625,1.3,536.0
2013-11-18,10000.0,8.4e-07,Medium,0.333375,0.1,423.0
2013-11-19,100000.0,6.699999999999999e-07,Medium,0.750125,0.9,389.0
2013-11-20,60000.0,6.499999999999999e-07,Medium,0.916625,-3.6,387.0
2013-11-21,13000.0,6e-07,Medium,0.125,0.5,375.0
2013-11-22,11000.0,5.3e-07,Medium,0.333375,-1.2,315.0
2013-11-23,10000.0,5e-07,Medium,1.708375,1.3,301.0
2013-11-24,11000.0,5.5e-07,Medium,0.041625,-1.2,323.0
2013-11-25,11000.0,4.5999999999999994e-07,Low,0.0,-1.1,306.0
2013-11-26,11000.0,4.5e-07,Low,0.20825,-0.5,296.0
2013-11-27,10000.0,4.5999999999999994e-07,Low,0.125,1.5,306.0
2013-11-28,10000.0,5e-07,Medium,0.166625,2.6,286.0
2013-11-29,11000.0,3.5e-07,Low,1.7915,-1.2,272.0
2013-11-30,11000.0,3.5e-07,Low,2.0,1.2,334.0
2013-12-01,11000.0,3.7e-07,Low,1.91675,-2.5,516.0
2013-12-02,11000.0,4.5999999999999994e-07,Low,0.124875,3.2,455.0
2013-12-03,11000.0,4.9e-07,Low,1.916625,1.0,386.0
2013-12-04,11000.0,6.2e-07,Medium,0.958375,1.4,394.0
2013-12-05,11000.0,1e-06,High,0.958375,-1.7,350.0
2013-12-06,10000.0,1e-06,High,0.7915000000000001,1.5,325.0
2013-12-07,10000.0,9.5e-07,Medium,1.25,-2.4,335.0
2013-12-08,11000.0,8.4e-07,Medium,3.4167500000000004,-8.3,419.0
2013-12-09,10000.0,8e-07,Medium,0.8748750000000001,-0.1,530.0
2013-12-10,9700.0,8.599999999999999e-07,Medium,0.916625,0.6,420.0
2013-12-11,9800.0,7.3e-07,Medium,0.7083750000000001,-0.2,370.0
2013-12-12,13000.0,8e-07,Medium,0.124875,-0.8,319.0
2013-12-13,13000.0,7e-07,Medium,0.75,-0.6,285.0
2013-12-14,46000.0,6e-07,Medium,2.708125,-1.8,300.0
2013-12-15,36000.0,5.8e-07,Medium,1.333375,4.0,599.0
2013-12-16,10000.0,7.1e-07,Medium,1.458375,2.2,447.0
2013-12-18,10000.0,7.799999999999999e-07,Medium,0.75,1.6,376.0
2013-12-19,9600.0,8e-07,Medium,1.20825,-1.8,357.0
2013-12-20,11000.0,1.1e-06,High,1.25,-1.8,360.0
2013-12-21,10000.0,7.799999999999999e-07,Medium,0.625,-1.2,346.0
2013-12-22,10000.0,9.4e-07,Medium,0.125,3.0,325.0
2013-12-23,10000.0,5.699999999999999e-07,Medium,0.3748749999999999,0.0,309.0
2013-12-24,10000.0,5.3e-07,Medium,0.333375,1.6,293.0
2013-12-25,10000.0,4.2e-07,Low,1.58325,0.8,309.0
2013-12-26,49000.0,3.7e-07,Low,0.333125,2.4,286.0
2013-12-27,130000.0,3.7e-07,Low,0.166625,4.3,266.0
2013-12-28,230000.0,4.8e-07,Low,0.41675,2.0,299.0
2013-12-29,700000.0,6.3e-07,Medium,0.916875,2.8,359.0
2013-12-30,83000.0,6.9e-07,Medium,0.41675,1.0,333.0
2013-12-31,19000.0,9.9e-07,Medium,1.291625,-3.4,415.0
2014-01-01,12000.0,1.1e-06,High,2.333375,0.6,399.0
2014-01-02,10000.0,1.5e-06,High,3.2497499999999997,1.8,551.0
2014-01-03,11000.0,1.2e-06,High,2.1251249999999997,-1.3,614.0
2014-01-04,10000.0,1.6999999999999998e-06,High,1.5,0.7,475.0
2014-01-05,34000.0,1.8e-06,High,0.666625,1.6,475.0
2014-01-06,1800000.0,1.1e-06,High,0.70825,1.6,407.0
2014-01-07,2600000.0,9.6e-07,Medium,1.458375,-1.4,360.0
2014-01-08,69000000.0,1e-06,High,1.5,-2.4,374.0
2014-01-09,40000000.0,7.799999999999999e-07,Medium,1.875125,-3.2,364.0
2014-01-10,6100000.0,7.1e-07,Medium,1.0835,4.0,439.0
2014-01-11,1300000.0,7.2e-07,Medium,0.708375,1.7,418.0
2014-01-12,610000.0,6.699999999999999e-07,Medium,1.5,3.3,418.0
2014-01-13,160000.0,6.2e-07,Medium,1.333375,-1.8,671.0
2014-01-14,34000.0,7.699999999999999e-07,Medium,2.291625,-3.6,687.0
2014-01-15,14000.0,5.599999999999999e-07,Medium,0.7500000000000001,-0.3,611.0
2014-01-16,13000.0,4.5e-07,Low,0.33325,-0.0,427.0
2014-01-17,12000.0,7.1e-07,Medium,0.5,0.5,380.0
2014-01-18,11000.0,4.9e-07,Low,0.25,-2.7,340.0
2014-01-19,11000.0,4.3e-07,Low,0.08325,0.6,326.0
2014-01-20,11000.0,4.5999999999999994e-07,Low,0.375,1.2,286.0
2014-01-21,12000.0,5e-07,Medium,1.9585,-1.1,327.0
2014-01-22,11000.0,4.8e-07,Low,2.29175,2.8,472.0
2014-01-23,11000.0,3.6e-07,Low,1.625,1.8,446.0
2014-01-24,11000.0,3.8e-07,Low,0.791625,-2.4,373.0
2014-01-26,10000.0,7.9e-07,Medium,1.54175,-0.6,347.0
2014-01-27,9800.0,1.2e-06,High,0.7501249999999999,3.0,352.0
2014-01-28,9600.0,1.4e-06,High,1.0001250000000002,3.3,317.0
2014-01-29,11000.0,1e-06,High,1.666625,4.2,450.0
2014-01-30,11000.0,1.2e-06,High,0.70825,1.4,391.0
2014-01-31,11000.0,1e-06,High,0.166625,2.7,351.0
2014-02-01,11000.0,1.4e-06,High,0.791625,1.0,317.0
2014-02-02,10000.0,1.8e-06,High,0.7501249999999999,-1.7,360.0
2014-02-03,10000.0,1.6e-06,High,1.499875,0.5,426.0
2014-02-04,10000.0,2.5e-06,High,0.916875,-2.6,334.0
2014-02-05,10000.0,1.5e-06,High,0.833375,5.0,361.0
2014-02-06,10000.0,1.1e-06,High,1.916625,-1.6,380.0
2014-02-07,9800.0,1.2e-06,High,1.58325,0.5,355.0
2014-02-08,10000.0,9.6e-07,Medium,3.458375,9.4,449.0
2014-02-09,10000.0,1.1e-06,High,2.9167499999999995,-5.4,402.0
2014-02-10,10000.0,1.1e-06,High,2.20825,-2.4,469.0
2014-02-11,11000.0,1.3e-06,High,1.25,-1.3,558.0
2014-02-12,11000.0,1.5e-06,High,1.666625,-2.1,450.0
2014-02-13,12000.0,1.8e-06,High,0.125,2.6,407.0
2014-02-14,12000.0,1e-06,High,0.583375,5.0,336.0
2014-02-15,9300.0,8.3e-07,Medium,1.625,1.7,337.0
2014-02-16,10000.0,7.2e-07,Medium,3.2082500000000005,-7.1,419.0
2014-02-17,25000.0,7.799999999999999e-07,Medium,1.0,-2.4,362.0
2014-02-18,90000.0,9.4e-07,Medium,1.541625,-0.4,351.0
2014-02-19,330000.0,8.1e-07,Medium,4.249874999999999,-8.3,393.0
2014-02-20,22000.0,7.5e-07,Medium,3.958375,-2.5,520.0
2014-02-21,12000.0,8e-07,Medium,2.375,-1.4,522.0
2014-02-22,10000.0,7.799999999999999e-07,Medium,2.5416250000000007,-4.1,463.0
2014-02-23,10000.0,9.9e-07,Medium,3.166625,-1.1,456.0
2014-02-24,690000.0,9.1e-07,Medium,1.375,6.1,469.0
2014-02-25,1700000.0,1e-06,High,0.6667500000000001,0.3,425.0
2014-02-26,2700000.0,9.5e-07,Medium,0.45825,-2.5,378.0
2014-02-27,6400000.0,9.8e-07,Medium,2.5,2.3,346.0
2014-02-28,4100000.0,9.699999999999998e-07,Medium,2.25,-7.1,442.0
2014-03-01,1500000.0,9.699999999999998e-07,Medium,1.541875,0.6,394.0
2014-03-02,580000.0,8.3e-07,Medium,0.7913750000000002,-1.5,383.0
2014-03-03,230000.0,1e-06,High,1.416625,-3.5,357.0
2014-03-04,82000.0,8.8e-07,Medium,1.624875,-0.7,340.0
2014-03-05,37000.0,7.599999999999999e-07,Medium,1.625,4.1,406.0
2014-03-06,22000.0,5.5e-07,Medium,1.250125,-0.4,457.0
2014-03-07,18000.0,5.4e-07,Medium,0.458375,-2.0,452.0
2014-03-08,15000.0,6.4e-07,Medium,0.541875,0.3,384.0
2014-03-09,12000.0,9.3e-07,Medium,0.375,0.1,374.0
2014-03-10,12000.0,1.4e-06,High,0.833375,-0.8,292.0
2014-03-11,11000.0,1.4e-06,High,0.5835,-0.5,310.0
2014-03-12,10000.0,7.4e-07,Medium,1.16675,-0.8,306.0
2014-03-13,10000.0,7.3e-07,Medium,2.16675,-8.2,320.0
2014-03-14,10000.0,8e-07,Medium,1.3335,3.2,475.0
2014-03-15,10000.0,5.9e-07,Medium,0.791625,-1.1,408.0
2014-03-16,10000.0,6e-07,Medium,0.20825,0.2,387.0
2014-03-17,10000.0,5.9e-07,Medium,0.37475,0.6,319.0
2014-03-18,10000.0,5.599999999999999e-07,Medium,1.333625,-2.4,293.0
2014-03-19,9900.0,7.5e-07,Medium,0.87525,1.5,321.0
2014-03-20,10000.0,8.199999999999999e-07,Medium,1.2501250000000002,0.7,299.0
2014-03-21,10000.0,6.1e-07,Medium,2.166375,-3.0,312.0
2014-03-22,9900.0,6.1e-07,Medium,1.083375,2.5,366.0
2014-03-23,12000.0,7.1e-07,Medium,1.500125,1.9,485.0
2014-03-24,37000.0,6.8e-07,Medium,0.79175,2.1,487.0
2014-03-27,9900.0,5.5e-07,Medium,1.333375,5.7,413.0
2014-03-28,37000.0,5e-07,Medium,1.58325,4.7,429.0
2014-03-29,34000.0,7.3e-07,Medium,1.583375,-1.1,422.0
2014-03-30,14000.0,8.9e-07,Medium,1.000125,-0.9,443.0
2014-04-01,10000.0,6.499999999999999e-07,Medium,1.1665,3.4,387.0
2014-04-02,10000.0,7e-07,Medium,0.7915000000000001,2.4,434.0
2014-04-03,12000.0,4.8e-07,Low,1.375,0.6,383.0
2014-04-04,17000.0,5.4e-07,Medium,1.208125,5.0,391.0
2014-04-05,33000.0,3.9e-07,Low,2.333375,-0.2,409.0
2014-04-06,56000.0,3.9e-07,Low,0.541625,4.8,442.0
2014-04-07,38000.0,5.5e-07,Medium,2.166875,-2.2,359.0
2014-04-08,27000.0,3.5e-07,Low,0.91675,0.6,441.0
2014-04-09,15000.0,5.1e-07,Medium,0.999875,3.0,437.0
2014-04-10,12000.0,8e-07,Medium,0.33325,2.2,443.0
2014-04-11,11000.0,6.2e-07,Medium,1.54175,5.0,402.0
2014-04-12,10000.0,5.699999999999999e-07,Medium,3.208375,-7.7,349.0
2014-04-13,10000.0,4.4e-07,Low,2.875,-5.5,340.0
2014-04-14,11000.0,6e-07,Medium,1.54175,-0.7,357.0
2014-04-15,10000.0,5.8e-07,Medium,1.166625,1.5,341.0
2014-04-16,11000.0,8.699999999999999e-07,Medium,0.75,1.7,327.0
2014-04-17,9900.0,8.1e-07,Medium,2.29175,0.4,329.0
2014-04-18,810000.0,8.1e-07,Medium,1.625125,6.0,389.0
2014-04-19,3300000.0,8.1e-07,Medium,2.75,-3.2,489.0
2014-04-20,1200000.0,8.499999999999999e-07,Medium,3.333375,1.5,493.0
2014-04-21,36000.0,7.9e-07,Medium,3.0417500000000004,3.7,633.0
2014-04-22,13000.0,2.7999999999999997e-07,Low,0.833375,3.2,536.0
2014-04-23,11000.0,7.799999999999999e-07,Medium,1.41675,0.2,442.0
2014-04-24,10000.0,5.1e-07,Medium,2.5001249999999997,-0.9,404.0
2014-04-25,12000.0,6.1e-07,Medium,1.916625,-2.1,473.0
2014-04-26,11000.0,4.4e-07,Low,1.208375,-3.2,399.0
2014-04-27,10000.0,2.9e-07,Low,0.66675,-2.3,345.0
2014-04-28,11000.0,2.5e-07,Low,1.1665,0.2,316.0
2014-04-29,10000.0,2.7e-07,Low,0.791625,-1.8,275.0
2014-04-30,11000.0,2.7e-07,Low,2.916625,-7.9,297.0
2014-05-01,11000.0,2.7999999999999997e-07,Low,1.125,-1.6,312.0
2014-05-02,10000.0,5.4e-07,Medium,0.4166250000000001,2.4,367.0
2014-05-03,10000.0,5.599999999999999e-07,Medium,1.041625,1.9,325.0
2014-05-04,10000.0,5.5e-07,Medium,2.5832499999999996,-4.8,344.0
2014-05-05,10000.0,8.1e-07,Medium,2.1248750000000003,1.8,339.0
2014-05-06,10000.0,7.3e-07,Medium,0.375,2.9,370.0
2014-05-07,13000.0,8.3e-07,Medium,0.583375,1.1,349.0
2014-05-08,25000.0,7.799999999999999e-07,Medium,3.375,-3.2,340.0
2014-05-09,20000.0,6.599999999999999e-07,Medium,1.416625,-5.3,357.0
2014-05-10,16000.0,7.2e-07,Medium,1.7085,0.5,376.0
2014-05-11,11000.0,8.1e-07,Medium,2.2917499999999995,-6.0,348.0
2014-05-12,11000.0,7e-07,Medium,1.791625,-0.8,399.0
2014-05-13,10000.0,6.4e-07,Medium,0.66675,1.1,389.0
2014-05-14,11000.0,6.499999999999999e-07,Medium,1.08325,1.6,339.0
2014-05-15,11000.0,5.8e-07,Medium,1.0001250000000002,-2.2,348.0
2014-05-16,11000.0,5.1e-07,Medium,1.08325,0.1,330.0
2014-05-17,10000.0,5e-07,Medium,0.5415000000000001,-0.7,335.0
2014-05-18,10000.0,4.4e-07,Low,1.04175,0.5,337.0
2014-05-19,10000.0,3.9e-07,Low,0.875,2.4,339.0
2014-05-20,10000.0,3.4e-07,Low,0.7915000000000001,3.3,350.0
2014-05-21,10000.0,3.4e-07,Low,0.24975,-0.1,320.0
2014-05-22,10000.0,2.7999999999999997e-07,Low,1.791625,0.1,310.0
2014-05-23,9400.0,3.2999999999999996e-07,Low,2.541625,-6.3,375.0
2014-05-24,10000.0,4.9e-07,Low,1.125,1.5,464.0
2014-05-25,11000.0,4.0999999999999994e-07,Low,0.7081250000000001,-0.7,439.0
2014-05-26,11000.0,3.8e-07,Low,0.58325,-0.9,384.0
2014-05-27,10000.0,3.2e-07,Low,0.708375,-1.0,316.0
2014-05-28,10000.0,2.5e-07,Low,0.875,2.5,317.0
2014-05-29,10000.0,2.4e-07,Low,1.41675,2.1,331.0
2014-05-30,10000.0,2.4e-07,Low,1.958125,3.1,327.0
2014-05-31,10000.0,2.5e-07,Low,0.499875,9.1,356.0
2014-06-01,10000.0,2.5e-07,Low,0.5417500000000001,6.8,313.0
2014-06-02,10000.0,2.4e-07,Low,0.7915,2.0,288.0
2014-06-03,10000.0,2.7999999999999997e-07,Low,1.375,-7.0,310.0
2014-06-04,11000.0,2.2999999999999997e-07,Low,1.2915,1.6,330.0
2014-06-05,10000.0,2.7e-07,Low,1.70825,-3.1,337.0
2014-06-06,12000.0,3.7e-07,Low,1.125,-3.8,342.0
2014-06-07,12000.0,4.3e-07,Low,2.416625,1.5,367.0
2014-06-08,9700.0,5.1e-07,Medium,4.125125000000001,-0.5,415.0
2014-06-09,10000.0,6.599999999999999e-07,Medium,1.125125,1.2,596.0
2014-06-10,10000.0,9.4e-07,Medium,1.666625,0.2,415.0
2014-06-11,11000.0,1e-06,High,1.625,1.9,454.0
2014-06-12,10000.0,1.1e-06,High,0.625,-0.1,530.0
2014-06-13,19000.0,1.1e-06,High,1.041625,1.4,353.0
2014-06-14,12000.0,1.2e-06,High,1.666625,-1.0,367.0
2014-06-15,11000.0,1.1e-06,High,0.75,0.3,378.0
2014-06-16,10000.0,7e-07,Medium,1.16675,1.6,357.0
2014-06-17,10000.0,3.7e-07,Low,1.833125,-4.7,392.0
2014-06-18,10000.0,4e-07,Low,2.875,-6.5,468.0
2014-06-19,9400.0,2.5e-07,Low,2.083375,5.1,448.0
2014-06-20,9800.0,2.9e-07,Low,1.95825,-1.7,423.0
2014-06-21,9600.0,2e-07,Low,1.166875,3.8,433.0
2014-06-22,9900.0,1.6e-07,Low,0.75,0.1,403.0
2014-06-23,9500.0,1.6e-07,Low,0.6663749999999999,-0.3,376.0
2014-06-24,9800.0,1.7e-07,Low,1.3335,-2.8,361.0
2014-06-25,10000.0,1.8e-07,Low,1.16675,0.1,315.0
2014-06-26,10000.0,2.2999999999999997e-07,Low,0.83325,4.2,334.0
2014-06-27,10000.0,4.5999999999999994e-07,Low,0.625,0.5,348.0
2014-06-28,10000.0,6.2e-07,Medium,1.333375,-2.6,320.0
2014-06-29,10000.0,6.8e-07,Medium,1.41675,-1.5,342.0
2014-06-30,10000.0,7.699999999999999e-07,Medium,1.083375,-4.2,359.0
2014-07-01,10000.0,9.6e-07,Medium,0.58325,1.4,343.0
2014-07-02,10000.0,8.9e-07,Medium,0.91675,1.4,310.0
2014-07-03,10000.0,8.8e-07,Medium,1.375,1.7,320.0
2014-07-04,9900.0,1e-06,High,0.999875,-1.9,320.0
2014-07-05,10000.0,9.6e-07,Medium,0.6248750000000001,0.2,309.0
2014-07-06,10000.0,1.2e-06,High,0.75,1.5,270.0
2014-07-07,11000.0,9.8e-07,Medium,1.375125,-3.5,275.0
2014-07-08,10000.0,1e-06,High,1.458375,-0.5,308.0
2014-07-09,11000.0,1e-06,High,1.7085,-0.2,331.0
2014-07-10,12000.0,9.2e-07,Medium,1.70825,-3.5,358.0
2014-07-11,13000.0,9.5e-07,Medium,1.33325,-1.1,378.0
2014-07-12,13000.0,8e-07,Medium,1.33325,1.5,355.0
2014-07-13,11000.0,5.9e-07,Medium,1.125125,1.0,343.0
2014-07-14,10000.0,4e-07,Low,1.83325,4.5,332.0
2014-07-15,9300.0,2.7e-07,Low,1.70825,5.3,363.0
2014-07-16,10000.0,1.7e-07,Low,0.95825,-0.7,450.0
2014-07-17,9900.0,1.3e-07,Low,0.833375,0.9,388.0
2014-07-18,10000.0,1.2e-07,Low,0.41675,0.5,351.0
2014-07-19,10000.0,1.1e-07,Low,0.2498749999999999,-0.0,329.0
2014-07-20,10000.0,1.5e-07,Low,0.5,-0.1,290.0
2014-07-21,10000.0,2.1e-07,Low,0.8332499999999999,-2.1,278.0
2014-07-22,10000.0,1.8e-07,Low,1.083375,0.2,316.0
2014-07-23,11000.0,2e-07,Low,0.958125,2.1,321.0
2014-07-24,10000.0,2.5e-07,Low,1.208375,0.9,321.0
2014-07-25,10000.0,2.7999999999999997e-07,Low,1.25,-3.5,324.0
2014-07-26,10000.0,4.2e-07,Low,1.5835,-1.4,332.0
2014-07-27,10000.0,4.3e-07,Low,1.083375,-1.4,354.0
2014-07-28,10000.0,5e-07,Medium,2.125,1.7,343.0
2014-07-29,11000.0,5.1e-07,Medium,0.70825,-0.3,412.0
2014-07-30,10000.0,7.1e-07,Medium,0.7498750000000001,-1.5,309.0
2014-07-31,10000.0,6.699999999999999e-07,Medium,1.25,-1.7,317.0
2014-08-01,11000.0,8.199999999999999e-07,Medium,1.958375,-2.1,317.0
2014-08-02,10000.0,7.799999999999999e-07,Medium,2.1248750000000003,-0.7,382.0
2014-08-03,11000.0,6.3e-07,Medium,1.375,2.8,399.0
2014-08-04,11000.0,5.5e-07,Medium,2.458375,-0.4,389.0
2014-08-05,11000.0,5.4e-07,Medium,2.2085,-3.2,454.0
2014-08-06,11000.0,4.8e-07,Low,1.54175,1.0,475.0
2014-08-07,10000.0,6e-07,Medium,1.20825,1.0,420.0
2014-08-08,11000.0,4.8e-07,Low,1.66675,-4.7,359.0
2014-08-09,10000.0,3.9e-07,Low,0.625,-0.3,359.0
2014-08-10,11000.0,3.4e-07,Low,1.625,-0.4,319.0
2014-08-11,10000.0,3e-07,Low,1.45825,3.7,416.0
2014-08-12,9800.0,2.7999999999999997e-07,Low,2.25,-2.1,485.0
2014-08-13,11000.0,3.2e-07,Low,1.416625,1.9,446.0
2014-08-14,10000.0,2.5e-07,Low,0.8335,0.5,388.0
2014-08-15,10000.0,3.2999999999999996e-07,Low,0.916625,2.1,356.0
2014-08-16,11000.0,3.5e-07,Low,0.249875,-1.0,322.0
2014-08-17,11000.0,3.2999999999999996e-07,Low,1.333375,-2.6,291.0
2014-08-18,11000.0,2.7e-07,Low,1.041625,3.6,299.0
2014-08-19,11000.0,2.6e-07,Low,2.416875,-1.3,297.0
2014-08-20,11000.0,3.8e-07,Low,1.416625,9.1,378.0
2014-08-21,11000.0,5.8e-07,Medium,2.16675,-5.1,331.0
2014-08-22,12000.0,5.3e-07,Medium,0.625,-1.0,337.0
2014-08-23,11000.0,5e-07,Medium,0.958375,0.2,334.0
2014-08-24,11000.0,5.9e-07,Medium,0.458375,0.0,294.0
2014-08-25,21000.0,4.8e-07,Low,0.4585,3.2,280.0
2014-08-26,46000.0,4.8e-07,Low,0.70825,1.6,259.0
2014-08-27,15000.0,4.2e-07,Low,3.166625,3.8,291.0
2014-08-28,11000.0,3.5e-07,Low,3.25,-7.4,327.0
2014-08-29,12000.0,3.5e-07,Low,3.208375,-2.7,349.0
2014-08-30,11000.0,4.5999999999999994e-07,Low,2.7085,-1.2,412.0
2014-08-31,11000.0,5.1e-07,Medium,2.7085,1.3,400.0
2014-09-01,11000.0,4.5e-07,Low,2.416625,-0.7,443.0
2014-09-02,83000.0,1.2e-06,High,2.208375,-1.6,406.0
2014-09-03,210000.0,1e-06,High,2.041625,-3.5,428.0
2014-09-04,320000.0,1e-06,High,1.54175,0.3,411.0
2014-09-05,480000.0,9.1e-07,Medium,1.750125,3.5,417.0
2014-09-06,600000.0,1.1e-06,High,2.166625,0.7,339.0
2014-09-07,460000.0,9.8e-07,Medium,1.41675,-3.5,414.0
2014-09-08,350000.0,8.8e-07,Medium,1.208375,5.3,359.0
2014-09-09,200000.0,1.1e-06,High,1.833375,-2.6,438.0
2014-09-10,110000.0,7.599999999999999e-07,Medium,1.5,2.8,343.0
2014-09-11,1600000.0,8.699999999999999e-07,Medium,2.291625,2.6,370.0
2014-09-12,2900000.0,6.9e-07,Medium,4.041625,-1.9,430.0
2014-09-13,160000.0,6.499999999999999e-07,Medium,2.416625,16.2,699.0
2014-09-14,40000.0,7.2e-07,Medium,0.375,7.2,555.0
2014-09-15,25000.0,5.699999999999999e-07,Medium,0.45825,4.8,480.0
2014-09-16,19000.0,5.5e-07,Medium,1.791625,3.2,458.0
2014-09-17,13000.0,6.1e-07,Medium,1.16675,-1.8,377.0
2014-09-18,11000.0,5.3e-07,Medium,1.500125,7.0,388.0
2014-09-19,12000.0,4.8e-07,Low,3.416625,-6.6,357.0
2014-09-20,12000.0,4.5e-07,Low,1.374875,3.1,480.0
2014-09-21,12000.0,4.9e-07,Low,1.416625,-1.3,532.0
2014-09-22,54000.0,4.7e-07,Low,1.91675,0.4,457.0
2014-09-23,19000.0,5.699999999999999e-07,Medium,2.4167499999999995,-1.3,438.0
2014-09-24,11000.0,6.1e-07,Medium,3.5001249999999997,-4.1,418.0
2014-09-25,15000.0,1e-06,High,2.5,-0.5,429.0
2014-09-26,14000.0,1.1e-06,High,3.0,-2.1,451.0
2014-09-27,12000.0,1e-06,High,2.708125,-4.1,426.0
2014-09-28,13000.0,1.3e-06,High,1.7915,-1.2,396.0
2014-09-29,14000.0,1.2e-06,High,2.125,1.2,389.0
2014-09-30,15000.0,1e-06,High,2.6665,-4.0,361.0
2014-10-01,14000.0,1.2e-06,High,2.375,-2.9,387.0
2014-10-02,12000.0,1e-06,High,1.83325,-1.7,374.0
2014-10-03,13000.0,1.1e-06,High,0.7915000000000001,-1.2,386.0
2014-10-04,11000.0,4.5e-07,Low,1.208375,1.0,328.0
2014-10-05,10000.0,4.0999999999999994e-07,Low,1.375125,4.3,410.0
2014-10-06,11000.0,5e-07,Medium,1.29175,-2.4,411.0
2014-10-07,11000.0,3.8e-07,Low,1.041625,-1.0,396.0
2014-10-08,12000.0,3.5e-07,Low,1.875,-1.3,349.0
2014-10-09,12000.0,5.4e-07,Medium,2.625,-4.4,350.0
2014-10-10,12000.0,3e-07,Low,1.541625,2.8,316.0
2014-10-11,12000.0,3.2e-07,Low,1.833375,-3.8,336.0
2014-10-12,11000.0,2.9e-07,Low,0.666625,3.3,344.0
2014-10-13,11000.0,3.5e-07,Low,1.375,1.1,322.0
2014-10-14,11000.0,3.7e-07,Low,2.625,5.8,398.0
2014-10-15,12000.0,1.3e-06,High,1.75,-4.8,472.0
2014-10-16,13000.0,1.1e-06,High,1.62525,-0.2,398.0
2014-10-17,13000.0,1e-06,High,1.625,3.5,403.0
2014-10-18,16000.0,8.3e-07,Medium,2.9165,-3.5,465.0
2014-10-19,16000.0,1.2e-06,High,2.08325,-3.5,431.0
2014-10-20,18000.0,1.3e-06,High,3.708375,0.5,450.0
2014-10-21,16000.0,1.5e-06,High,2.9582499999999996,1.1,514.0
2014-10-22,14000.0,1.5e-06,High,2.7501249999999997,-1.7,536.0
2014-10-23,14000.0,1.3e-06,High,2.08325,-1.0,449.0
2014-10-24,12000.0,1.6e-06,High,2.0835,-1.7,425.0
2014-10-25,12000.0,1.8e-06,High,2.083375,-3.4,434.0
2014-10-26,11000.0,1.8e-06,High,2.375,-2.4,370.0
2014-10-27,10000.0,2.6e-06,High,2.54175,-1.8,366.0
2014-10-28,10000.0,2.4e-06,High,2.5417499999999995,-2.2,405.0
2014-10-29,11000.0,2.4e-06,High,1.75,-4.4,409.0
2014-10-30,12000.0,1.3e-06,High,1.0,-0.4,341.0
2014-10-31,11000.0,8.499999999999999e-07,Medium,1.45825,3.0,329.0
2014-11-01,85000.0,4.9e-07,Low,1.583375,1.8,436.0
2014-11-02,420000.0,4.2e-07,Low,1.70825,2.2,481.0
2014-11-03,230000.0,5.1e-07,Medium,1.08325,2.9,472.0
2014-11-04,47000.0,7.4e-07,Medium,3.125,3.9,408.0
2014-11-05,16000.0,7.4e-07,Medium,2.75,-0.6,432.0
2014-11-06,11000.0,9.9e-07,Medium,1.791625,1.4,532.0
2014-11-07,11000.0,9.6e-07,Medium,2.541625,-1.7,458.0
2014-11-08,10000.0,6.9e-07,Medium,1.875,1.4,486.0
2014-11-09,12000.0,7.1e-07,Medium,2.1251249999999997,-0.6,424.0
2014-11-10,12000.0,6.599999999999999e-07,Medium,3.416625,-7.9,440.0
2014-11-11,11000.0,9.4e-07,Medium,2.291625,6.2,481.0
2014-11-12,10000.0,8.199999999999999e-07,Medium,1.708375,7.0,531.0
2014-11-13,11000.0,9.3e-07,Medium,1.041875,0.4,505.0
2014-11-14,12000.0,8.1e-07,Medium,2.541625,-2.1,442.0
2014-11-15,11000.0,7.2e-07,Medium,2.916625,-1.2,544.0
2014-11-16,11000.0,9.5e-07,Medium,3.4167500000000004,-4.1,610.0
2014-11-17,12000.0,7.9e-07,Medium,2.20825,-0.7,498.0
2014-11-18,12000.0,8.9e-07,Medium,2.208375,-0.7,475.0
2014-11-19,12000.0,9.2e-07,Medium,1.749875,-4.7,424.0
2014-11-20,12000.0,8.8e-07,Medium,2.291625,-4.6,395.0
2014-11-21,12000.0,7.699999999999999e-07,Medium,2.666625,-5.5,370.0
2014-11-22,11000.0,8.599999999999999e-07,Medium,2.041625,-3.0,389.0
2014-11-23,11000.0,8.9e-07,Medium,2.083375,-2.8,365.0
2014-11-24,12000.0,9.3e-07,Medium,1.624875,-1.0,385.0
2014-11-25,11000.0,8.3e-07,Medium,1.20825,1.2,370.0
2014-11-26,11000.0,8.699999999999999e-07,Medium,0.875,-2.0,338.0
2014-11-27,11000.0,1.4e-06,High,1.833375,-3.1,310.0
2014-11-28,11000.0,1.1e-06,High,0.83325,2.6,357.0
2014-11-29,12000.0,9.1e-07,Medium,1.0,8.8,371.0
2014-11-30,12000.0,7.9e-07,Medium,1.91675,0.9,390.0
2014-12-01,15000.0,6.699999999999999e-07,Medium,2.1248750000000003,3.3,416.0
2014-12-02,12000.0,1e-06,High,2.416625,0.6,577.0
2014-12-03,13000.0,7.599999999999999e-07,Medium,1.750125,-0.4,429.0
2014-12-04,15000.0,7.1e-07,Medium,1.9585,-0.4,467.0
2014-12-05,12000.0,5.2e-07,Medium,2.33325,1.7,477.0
2014-12-06,11000.0,6.9e-07,Medium,2.458375,0.0,444.0
2014-12-07,11000.0,5.599999999999999e-07,Medium,3.75,1.1,663.0
2014-12-08,10000.0,5.699999999999999e-07,Medium,2.875,0.5,701.0
2014-12-09,10000.0,8.3e-07,Medium,2.8748750000000003,-1.7,681.0
2014-12-10,11000.0,7.2e-07,Medium,1.833125,-2.3,516.0
2014-12-11,12000.0,7.2e-07,Medium,1.0,-1.9,454.0
2014-12-12,12000.0,7.3e-07,Medium,3.291625,0.8,406.0
2014-12-14,74000.0,8.3e-07,Medium,2.333375,0.4,485.0
2014-12-15,17000.0,8.9e-07,Medium,2.833375,2.7,431.0
2014-12-16,13000.0,9.2e-07,Medium,1.666625,1.6,473.0
2014-12-17,18000.0,1.2e-06,High,1.416625,-2.7,453.0
2014-12-18,22000.0,1.4e-06,High,1.33325,2.9,367.0
2014-12-19,15000.0,1.2e-06,High,1.916625,-2.5,366.0
2014-12-20,18000.0,1.3e-06,High,1.79175,-3.2,341.0
2014-12-21,87000.0,1.3e-06,High,2.6667500000000004,-0.3,335.0
2014-12-22,82000.0,1.1e-06,High,2.7082499999999996,-3.9,407.0
2014-12-23,110000.0,9.699999999999998e-07,Medium,2.04175,2.7,353.0
2014-12-24,22000.0,1e-06,High,2.9582499999999996,-1.5,504.0
2014-12-25,18000.0,1.1e-06,High,2.2501249999999997,-3.5,476.0
2014-12-26,17000.0,6.9e-07,Medium,2.9167500000000004,-6.5,452.0
2014-12-27,15000.0,5.2e-07,Medium,1.45825,-5.1,442.0
2014-12-28,22000.0,4.3e-07,Low,1.999875,-3.3,403.0
2014-12-29,22000.0,4.8e-07,Low,3.375,0.3,443.0
2014-12-30,19000.0,4.4e-07,Low,2.9167499999999995,0.2,664.0
2014-12-31,19000.0,5.8e-07,Medium,1.874875,0.5,572.0
2015-01-01,14000.0,4.9e-07,Low,1.499875,1.1,568.0
2015-01-02,15000.0,4.9e-07,Low,2.33325,-2.2,433.0
2015-01-03,14000.0,5.699999999999999e-07,Medium,2.25,-4.6,379.0
2015-01-04,12000.0,6.699999999999999e-07,Medium,2.875,-0.4,448.0
2015-01-05,11000.0,7.2e-07,Medium,2.666625,-1.6,398.0
2015-01-06,11000.0,7.2e-07,Medium,2.583375,0.1,484.0
2015-01-07,11000.0,7e-07,Medium,3.4998749999999994,7.7,454.0
2015-01-08,11000.0,8e-07,Medium,2.5835,-0.7,466.0
2015-01-09,11000.0,7.699999999999999e-07,Medium,1.75,1.7,478.0
2015-01-10,12000.0,6.9e-07,Medium,2.0415,-1.5,406.0
2015-01-11,12000.0,8.199999999999999e-07,Medium,2.291625,-0.7,492.0
2015-01-12,11000.0,1e-06,High,1.749875,3.5,426.0
2015-01-13,11000.0,7.5e-07,Medium,1.875125,0.7,403.0
2015-01-14,12000.0,9.1e-07,Medium,1.500125,2.7,405.0
2015-01-15,12000.0,6.499999999999999e-07,Medium,1.124875,4.9,401.0
2015-01-16,11000.0,5.2e-07,Medium,1.666625,4.1,402.0
2015-01-17,11000.0,4.5999999999999994e-07,Low,1.41675,-1.5,351.0
2015-01-18,12000.0,4.5999999999999994e-07,Low,0.8748750000000001,1.0,336.0
2015-01-19,13000.0,5.1e-07,Medium,0.958375,-3.9,313.0
2015-01-20,13000.0,4.9e-07,Low,0.499875,1.2,302.0
2015-01-21,11000.0,6e-07,Medium,2.291625,2.9,299.0
2015-01-22,10000.0,4.5e-07,Low,2.5,0.1,482.0
2015-01-23,11000.0,4.0999999999999994e-07,Low,2.000125,-2.1,420.0
2015-01-24,12000.0,3.6e-07,Low,1.416625,1.4,425.0
2015-01-25,12000.0,4.3e-07,Low,1.250125,1.7,355.0
2015-01-26,11000.0,7e-07,Medium,2.9582499999999996,-4.2,361.0
2015-01-27,13000.0,9.6e-07,Medium,2.541625,-4.0,368.0
2015-01-28,20000.0,9.5e-07,Medium,1.666625,0.8,460.0
2015-01-29,35000.0,9.4e-07,Medium,1.87525,-0.7,402.0
2015-01-30,60000.0,8.599999999999999e-07,Medium,2.125,2.6,401.0
2015-01-31,36000.0,6.3e-07,Medium,2.0415,-4.0,424.0
2015-02-01,13000.0,7e-07,Medium,3.25,2.1,404.0
2015-02-02,11000.0,6.8e-07,Medium,3.875125,-9.9,622.0
2015-02-03,11000.0,7.799999999999999e-07,Medium,3.0,-2.8,679.0
2015-02-04,12000.0,7.5e-07,Medium,1.875,-2.6,539.0
2015-02-05,11000.0,5.9e-07,Medium,2.4998750000000003,-1.3,423.0
2015-02-06,11000.0,6.2e-07,Medium,1.291625,2.5,396.0
2015-02-07,11000.0,7.5e-07,Medium,2.041625,5.4,420.0
2015-02-08,11000.0,7.3e-07,Medium,2.333375,6.2,416.0
2015-02-09,12000.0,8e-07,Medium,1.70825,-2.5,500.0
2015-02-10,11000.0,9.1e-07,Medium,1.458375,2.8,381.0
2015-02-11,11000.0,5.2e-07,Medium,1.25,2.7,385.0
2015-02-12,11000.0,4.5999999999999994e-07,Low,1.041625,0.5,357.0
2015-02-13,11000.0,4.3e-07,Low,0.416625,2.8,332.0
2015-02-14,11000.0,3.8e-07,Low,0.499875,4.2,336.0
2015-02-15,11000.0,3.6e-07,Low,1.500125,6.1,324.0
2015-02-16,11000.0,3.6e-07,Low,1.25,5.3,337.0
2015-02-17,11000.0,3.8e-07,Low,3.5417500000000004,-5.4,346.0
2015-02-18,11000.0,4e-07,Low,3.083375,-1.3,418.0
2015-02-19,10000.0,3.8e-07,Low,2.041875,-3.4,415.0
2015-02-20,11000.0,4.2e-07,Low,1.333625,0.5,353.0
2015-02-21,29000.0,3.2999999999999996e-07,Low,1.708375,-4.1,352.0
2015-02-22,51000.0,3e-07,Low,1.624875,-5.4,333.0
2015-02-23,18000.0,3.2999999999999996e-07,Low,3.125,-2.7,335.0
2015-02-24,12000.0,2.7999999999999997e-07,Low,3.416625,10.6,420.0
2015-02-25,13000.0,2.7999999999999997e-07,Low,1.875,3.0,479.0
2015-02-26,14000.0,2.5e-07,Low,0.8748750000000001,-1.6,462.0
2015-02-27,22000.0,3.2999999999999996e-07,Low,0.499875,3.4,367.0
2015-02-28,24000.0,4.4e-07,Low,2.41675,-1.6,338.0
2015-03-01,11000.0,6.2e-07,Medium,3.416625,-4.9,479.0
2015-03-02,10000.0,9.4e-07,Medium,3.833375,-4.4,454.0
2015-03-03,11000.0,5.2e-07,Medium,2.33325,-0.6,552.0
2015-03-04,11000.0,5.1e-07,Medium,2.0,1.2,443.0
2015-03-05,9800.0,6.699999999999999e-07,Medium,1.333125,2.4,502.0
2015-03-06,11000.0,1e-06,High,2.2501249999999997,2.5,423.0
2015-03-07,10000.0,5.9e-07,Medium,3.541625,-0.3,493.0
2015-03-08,11000.0,6.599999999999999e-07,Medium,2.29175,1.9,556.0
2015-03-09,11000.0,5e-07,Medium,1.124875,-1.8,557.0
2015-03-10,11000.0,5.4e-07,Medium,0.999875,2.2,406.0
2015-03-11,13000.0,6.8e-07,Medium,2.0,3.4,361.0
2015-03-12,14000.0,9.5e-07,Medium,1.83325,2.8,379.0
2015-03-13,12000.0,4.8e-07,Low,1.33325,2.7,400.0
2015-03-14,12000.0,4.0999999999999994e-07,Low,1.33325,5.9,365.0
2015-03-15,120000.0,4.5999999999999994e-07,Low,1.70825,-2.7,324.0
2015-03-16,260000.0,3.6e-07,Low,2.3333749999999993,4.3,314.0
2015-03-17,60000.0,3.2999999999999996e-07,Low,6.000125000000001,6.6,420.0
2015-03-18,12000.0,6e-07,Medium,4.916625,-5.7,591.0
2015-03-19,10000.0,3.5e-07,Low,3.791625,-0.8,664.0
2015-03-20,10000.0,4.8e-07,Low,3.499999999999999,-3.1,595.0
2015-03-21,10000.0,4e-07,Low,2.458375,-1.2,601.0
2015-03-22,10000.0,4e-07,Low,2.8748750000000003,9.1,658.0
2015-03-23,9700.0,4.7e-07,Low,3.2917500000000004,2.8,575.0
2015-03-24,20000.0,4.8e-07,Low,2.166625,2.2,540.0
2015-03-25,20000.0,5.4e-07,Medium,2.75,2.8,558.0
2015-03-26,12000.0,4.5e-07,Low,1.916625,0.7,516.0
2015-03-27,13000.0,5e-07,Medium,1.87475,-2.1,434.0
2015-03-28,13000.0,7.9e-07,Medium,1.91675,4.6,362.0
2015-03-29,11000.0,9.1e-07,Medium,2.375,-2.1,404.0
2015-03-30,11000.0,6.599999999999999e-07,Medium,1.000125,-1.4,357.0
2015-03-31,11000.0,4.7e-07,Low,2.041625,0.8,313.0
2015-04-01,10000.0,3.9e-07,Low,1.70825,12.3,401.0
2015-04-02,11000.0,4.0999999999999994e-07,Low,2.416625,10.0,412.0
2015-04-03,12000.0,4.0999999999999994e-07,Low,2.666625,4.7,466.0
2015-04-04,10000.0,3.9e-07,Low,2.458375,2.7,554.0
2015-04-05,11000.0,4.8e-07,Low,1.54175,1.6,544.0
2015-04-06,10000.0,4.0999999999999994e-07,Low,1.375125,-0.0,549.0
2015-04-07,10000.0,3.2999999999999996e-07,Low,0.95825,-0.1,448.0
2015-04-08,10000.0,2e-07,Low,0.708375,2.1,369.0
2015-04-09,11000.0,2.5e-07,Low,2.5417500000000004,-2.1,334.0
2015-04-10,9600.0,4e-07,Low,4.083125,-10.7,383.0
2015-04-11,9800.0,6.3e-07,Medium,3.0,-5.6,373.0
2015-04-12,10000.0,8.3e-07,Medium,0.791625,2.4,369.0
2015-04-13,11000.0,7.799999999999999e-07,Medium,1.499875,0.7,330.0
2015-04-14,11000.0,6.599999999999999e-07,Medium,2.25,1.1,301.0
2015-04-15,12000.0,6.699999999999999e-07,Medium,3.7501250000000006,10.2,325.0
2015-04-16,10000.0,7.5e-07,Medium,4.6667499999999995,-2.2,569.0
2015-04-17,9700.0,5.4e-07,Medium,3.4167500000000004,0.3,666.0
2015-04-18,9500.0,5.3e-07,Medium,2.375,0.3,590.0
2015-04-19,10000.0,5.4e-07,Medium,2.041625,-2.2,486.0
2015-04-20,10000.0,5.599999999999999e-07,Medium,2.166625,-1.4,390.0
2015-04-21,10000.0,9e-07,Medium,3.5832499999999996,-2.4,454.0
2015-04-22,16000.0,9e-07,Medium,2.291625,2.3,555.0
2015-04-23,46000.0,8.599999999999999e-07,Medium,1.25,3.6,505.0
2015-04-24,50000.0,7.1e-07,Medium,0.7915000000000001,-0.1,408.0
2015-04-25,40000.0,5.1e-07,Medium,0.08325,0.8,366.0
2015-04-26,33000.0,3.8e-07,Low,0.33325,2.5,325.0
2015-04-27,22000.0,2.7e-07,Low,1.083375,0.9,308.0
2015-04-28,14000.0,2.7e-07,Low,1.33325,-3.3,298.0
2015-04-29,12000.0,2.7999999999999997e-07,Low,0.875,-0.7,313.0
2015-04-30,12000.0,2.7999999999999997e-07,Low,1.0,-2.8,298.0
2015-05-01,12000.0,2.2e-07,Low,1.25,2.5,339.0
2015-05-02,11000.0,2.7e-07,Low,1.79175,2.3,409.0
2015-05-03,11000.0,4.5e-07,Low,1.749875,2.0,412.0
2015-05-04,11000.0,5.599999999999999e-07,Medium,1.75,3.7,395.0
2015-05-05,10000.0,8.4e-07,Medium,1.333375,2.4,357.0
2015-05-06,9400.0,8.599999999999999e-07,Medium,3.4582500000000005,-0.4,353.0
2015-05-07,9900.0,7e-07,Medium,1.541875,10.9,428.0
2015-05-08,10000.0,6.1e-07,Medium,1.3336249999999998,0.6,405.0
2015-05-09,10000.0,6.1e-07,Medium,1.5832499999999998,-0.6,378.0
2015-05-10,10000.0,6.9e-07,Medium,2.04175,1.4,352.0
2015-05-11,10000.0,7.4e-07,Medium,2.7917500000000004,-8.3,349.0
2015-05-12,240000.0,7e-07,Medium,2.958375,-4.2,345.0
2015-05-13,19000.0,7e-07,Medium,4.874999999999999,-5.1,518.0
2015-05-14,10000.0,6.499999999999999e-07,Medium,2.041625,2.5,731.0
2015-05-15,11000.0,5.1e-07,Medium,1.75,2.3,575.0
2015-05-16,11000.0,5e-07,Medium,1.20825,-1.0,496.0
2015-05-17,10000.0,4e-07,Low,1.166625,-1.2,410.0
2015-05-18,10000.0,4.4e-07,Low,2.4998750000000003,2.9,369.0
2015-05-19,10000.0,3.4e-07,Low,2.375,5.6,457.0
2015-05-20,10000.0,2.7e-07,Low,1.500125,2.6,494.0
2015-05-21,10000.0,2e-07,Low,0.45825,-0.5,397.0
2015-05-22,10000.0,2e-07,Low,0.499875,-2.4,411.0
2015-05-23,10000.0,1.9e-07,Low,0.6251249999999999,2.0,335.0
2015-05-24,11000.0,1.8e-07,Low,0.9165,-2.0,326.0
2015-05-25,11000.0,1.7e-07,Low,0.416625,2.0,336.0
2015-05-26,11000.0,2.2e-07,Low,1.416625,-2.5,297.0
2015-05-27,11000.0,2e-07,Low,1.08325,4.5,318.0
2015-05-28,11000.0,1.6e-07,Low,1.58325,-1.0,283.0
2015-05-29,11000.0,1.5e-07,Low,1.75,5.6,347.0
2015-05-30,11000.0,1.8e-07,Low,1.083375,2.0,406.0
2015-05-31,11000.0,2e-07,Low,1.125,-1.1,386.0
2015-06-01,11000.0,2.2e-07,Low,1.541625,-3.0,348.0
2015-06-02,11000.0,2.4e-07,Low,0.291375,3.5,336.0
2015-06-03,11000.0,3.1e-07,Low,0.75,3.0,317.0
2015-06-04,11000.0,4.4e-07,Low,0.333125,2.4,298.0
2015-06-05,11000.0,4.0999999999999994e-07,Low,0.24975,-0.3,270.0
2015-06-06,11000.0,4e-07,Low,1.000125,1.4,282.0
2015-06-07,11000.0,4.4e-07,Low,1.54175,4.2,308.0
2015-06-08,12000.0,4.3e-07,Low,4.29175,-1.9,382.0
2015-06-09,11000.0,5.3e-07,Medium,2.75,2.1,629.0
2015-06-10,11000.0,6e-07,Medium,2.583375,-0.4,613.0
2015-06-11,12000.0,7.1e-07,Medium,2.124875,-1.3,608.0
2015-06-12,12000.0,8.1e-07,Medium,1.541625,-0.8,504.0
2015-06-13,11000.0,8.9e-07,Medium,2.166625,-1.7,520.0
2015-06-14,11000.0,7.5e-07,Medium,3.083500000000001,-2.2,484.0
2015-06-15,10000.0,7.4e-07,Medium,2.625,4.6,582.0
2015-06-16,12000.0,8.599999999999999e-07,Medium,2.3335,-1.5,518.0
2015-06-17,11000.0,6.2e-07,Medium,2.583375,4.1,520.0
2015-06-18,730000.0,9.4e-07,Medium,1.5,0.6,433.0
2015-06-19,510000.0,6.8e-07,Medium,0.70825,-3.1,410.0
2015-06-20,100000.0,5.699999999999999e-07,Medium,0.1665,0.2,313.0
2015-06-22,2700000.0,6.3e-07,Medium,4.416499999999999,2.5,336.0
2015-06-23,710000.0,5e-07,Medium,5.208375,15.3,652.0
2015-06-24,320000.0,4.4e-07,Low,2.9167500000000004,-3.3,590.0
2015-06-25,1100000.0,4.2e-07,Low,3.875,1.5,637.0
2015-06-26,720000.0,3.5e-07,Low,1.750125,-2.4,523.0
2015-06-27,440000.0,3.2999999999999996e-07,Low,1.916625,-2.7,477.0
2015-06-28,230000.0,4.0999999999999994e-07,Low,2.666625,-2.1,485.0
2015-06-29,52000.0,4.0999999999999994e-07,Low,1.166625,1.8,408.0
2015-07-01,73000.0,3.6e-07,Low,1.083375,-0.6,366.0
2015-07-02,130000.0,4e-07,Low,0.3747500000000001,0.7,396.0
2015-07-03,33000.0,3.7e-07,Low,0.416625,1.1,337.0
2015-07-04,17000.0,3.2e-07,Low,2.458125,1.3,310.0
2015-07-05,11000.0,4.4e-07,Low,3.2916250000000007,-5.5,491.0
2015-07-06,11000.0,5.8e-07,Medium,2.08325,-2.1,527.0
2015-07-07,12000.0,5.2e-07,Medium,1.125125,-0.6,508.0
2015-07-08,11000.0,3.9e-07,Low,0.958375,-1.1,417.0
2015-07-09,11000.0,3.5e-07,Low,0.9585,0.6,369.0
2015-07-10,11000.0,4.0999999999999994e-07,Low,1.291625,-1.0,348.0
2015-07-11,11000.0,3.9e-07,Low,3.6251250000000006,-7.4,517.0
2015-07-12,11000.0,3.8e-07,Low,2.70825,-1.1,598.0
2015-07-13,11000.0,3.5e-07,Low,4.125,-0.7,585.0
2015-07-14,11000.0,3.1e-07,Low,1.375,-2.7,472.0
2015-07-15,11000.0,2.5e-07,Low,1.541625,4.4,539.0
2015-07-16,11000.0,2.1e-07,Low,1.7085,-0.3,505.0
2015-07-17,11000.0,2.2e-07,Low,0.958125,-0.3,471.0
2015-07-18,11000.0,2e-07,Low,0.5000000000000001,0.8,373.0
2015-07-19,11000.0,3e-07,Low,0.2915,1.4,322.0
2015-07-20,11000.0,2.2e-07,Low,0.625,-1.4,285.0
2015-07-21,11000.0,1.7e-07,Low,1.999875,5.4,307.0
2015-07-22,11000.0,1.5e-07,Low,1.5,0.7,363.0
2015-07-23,11000.0,1.7e-07,Low,3.291875,-1.0,387.0
2015-07-24,11000.0,2.2e-07,Low,1.333375,2.2,454.0
2015-07-25,11000.0,2.2e-07,Low,1.83325,0.6,427.0
2015-07-26,11000.0,2.2999999999999997e-07,Low,1.583375,-1.6,462.0
2015-07-27,11000.0,2.2e-07,Low,2.0835,2.9,442.0
2015-07-28,11000.0,2.2999999999999997e-07,Low,1.83325,1.2,440.0
2015-07-29,11000.0,2.2e-07,Low,1.166625,-0.9,424.0
2015-07-30,11000.0,2e-07,Low,2.25,-0.9,364.0
2015-07-31,11000.0,2.2999999999999997e-07,Low,2.70825,-5.9,400.0
2015-08-01,11000.0,2.4e-07,Low,2.125,-0.5,570.0
2015-08-02,11000.0,2.4e-07,Low,2.2915,-2.4,581.0
2015-08-03,11000.0,3.1e-07,Low,1.583375,2.6,520.0
2015-08-04,11000.0,2.5e-07,Low,1.541625,0.6,466.0
2015-08-05,11000.0,2.7e-07,Low,1.1665,-1.4,416.0
2015-08-06,11000.0,3.4e-07,Low,2.3748750000000003,0.1,385.0
2015-08-07,11000.0,4.5999999999999994e-07,Low,2.916625,-0.7,544.0
2015-08-08,11000.0,4.3e-07,Low,2.416875,1.3,521.0
2015-08-09,11000.0,3.5e-07,Low,2.333125,2.5,485.0
2015-08-10,11000.0,2.4e-07,Low,2.083375,-1.1,533.0
2015-08-11,11000.0,2.2e-07,Low,1.75,2.2,423.0
2015-08-12,11000.0,2.2999999999999997e-07,Low,2.375,-3.0,391.0
2015-08-13,12000.0,2.1e-07,Low,2.08325,-5.2,415.0
2015-08-14,11000.0,2.4e-07,Low,0.500125,2.4,358.0
2015-08-15,10000.0,1.7e-07,Low,3.95825,-3.2,352.0
2015-08-16,11000.0,1.3e-07,Low,4.083500000000001,-6.8,498.0
2015-08-17,11000.0,1.3999999999999998e-07,Low,3.625,2.4,531.0
2015-08-18,11000.0,1.3999999999999998e-07,Low,1.875,-0.6,536.0
2015-08-19,12000.0,2e-07,Low,3.208375,-4.5,418.0
2015-08-20,12000.0,4.2e-07,Low,2.583375,-1.0,490.0
2015-08-21,11000.0,5e-07,Medium,1.33325,2.4,483.0
2015-08-22,11000.0,9.6e-07,Medium,1.95825,-0.8,419.0
2015-08-23,11000.0,6.2e-07,Medium,3.625125,-0.1,373.0
2015-08-24,11000.0,6.2e-07,Medium,1.62525,-1.3,521.0
2015-08-25,11000.0,4.9e-07,Low,1.958375,-2.9,421.0
2015-08-26,11000.0,6.499999999999999e-07,Medium,3.91675,-3.1,409.0
2015-08-27,10000.0,4.8e-07,Low,4.958375,-9.7,363.0
2015-08-28,11000.0,5.699999999999999e-07,Medium,4.5,-6.1,347.0
2015-08-29,12000.0,4.5e-07,Low,2.6667500000000004,-3.4,443.0
2015-08-30,12000.0,3.5e-07,Low,0.91675,4.3,457.0
2015-08-31,11000.0,2.7999999999999997e-07,Low,1.04175,1.2,404.0
2015-09-01,11000.0,2.1e-07,Low,1.125125,1.8,362.0
2015-09-02,11000.0,1.8e-07,Low,1.70825,-2.2,346.0
2015-09-03,11000.0,1.7e-07,Low,1.833375,-1.3,401.0
2015-09-04,12000.0,1.2e-07,Low,3.333125,-6.1,438.0
2015-09-05,12000.0,1e-07,Low,2.54175,0.5,482.0
2015-09-06,11000.0,1e-07,Low,2.708375,-0.6,448.0
2015-09-07,11000.0,6.3e-08,Low,4.333375,1.0,502.0
2015-09-08,10000.0,5.3e-08,Low,3.083375,-8.6,570.0
2015-09-09,11000.0,5.900000000000001e-08,Low,5.333375,1.9,436.0
2015-09-10,12000.0,7.9e-08,Low,2.375,-2.2,439.0
2015-09-11,11000.0,1.6e-07,Low,4.91675,0.4,415.0
2015-09-12,11000.0,2.7e-07,Low,2.875,-0.0,618.0
2015-09-13,11000.0,2.1e-07,Low,2.29175,0.7,487.0
2015-09-14,11000.0,2e-07,Low,2.6667500000000004,2.6,439.0
2015-09-15,11000.0,2.7e-07,Low,3.1248750000000003,-2.9,506.0
2015-09-16,11000.0,3.4e-07,Low,2.4998750000000003,1.6,505.0
2015-09-17,12000.0,2.9e-07,Low,2.0415,2.5,454.0
2015-09-18,11000.0,3.4e-07,Low,2.541625,-1.9,406.0
2015-09-19,12000.0,3e-07,Low,2.6251249999999997,-2.2,439.0
2015-09-20,38000.0,3.4e-07,Low,4.375,0.5,438.0
2015-09-21,36000.0,2.9e-07,Low,1.91675,2.0,561.0
2015-09-22,12000.0,2.6e-07,Low,2.208375,2.9,481.0
2015-09-23,11000.0,3.1e-07,Low,2.499875,1.0,491.0
2015-09-24,11000.0,2.7999999999999997e-07,Low,1.708375,1.5,468.0
2015-09-25,11000.0,3.6e-07,Low,1.58325,0.6,501.0
2015-09-26,11000.0,4e-07,Low,0.999875,2.2,471.0
2015-09-27,11000.0,6.3e-07,Medium,0.7498750000000001,-0.3,415.0
2015-09-28,12000.0,1e-06,High,0.833375,0.1,396.0
2015-09-29,11000.0,1.2e-06,High,1.124875,-2.5,362.0
2015-09-30,19000.0,1.2e-06,High,0.333375,1.8,334.0
2015-10-01,33000.0,8.599999999999999e-07,Medium,2.125,-2.8,297.0
2015-10-02,13000.0,8.9e-07,Medium,2.625125,-1.8,338.0
2015-10-03,11000.0,5.3e-07,Medium,2.25,-4.2,362.0
2015-10-04,11000.0,2.9e-07,Low,3.0417500000000004,-5.7,398.0
2015-10-05,11000.0,1.1e-07,Low,3.0001249999999997,1.0,448.0
2015-10-06,11000.0,1e-07,Low,3.166625,-3.1,435.0
2015-10-07,11000.0,9.400000000000001e-08,Low,5.625,-0.5,398.0
2015-10-08,11000.0,9.400000000000001e-08,Low,4.875125,0.9,752.0
2015-10-09,11000.0,7.5e-08,Low,3.916749999999999,0.8,749.0
2015-10-10,12000.0,7.4e-08,Low,2.375,0.3,638.0
2015-10-11,11000.0,9.400000000000001e-08,Low,2.5,-1.4,514.0
2015-10-12,11000.0,2.6e-07,Low,3.2917500000000004,2.1,456.0
2015-10-13,11000.0,2.7999999999999997e-07,Low,3.6665,-0.5,505.0
2015-10-14,11000.0,2.9e-07,Low,3.5,-2.6,492.0
2015-10-15,11000.0,3.5e-07,Low,2.0,-1.4,458.0
2015-10-16,11000.0,4.5999999999999994e-07,Low,1.583375,-1.8,423.0
2015-10-17,11000.0,7.1e-07,Medium,2.2917500000000004,-2.1,368.0
2015-10-18,12000.0,5.1e-07,Medium,3.25,-3.7,353.0
2015-10-19,11000.0,4.0999999999999994e-07,Low,0.91675,1.4,464.0
2015-10-20,12000.0,4.3e-07,Low,2.125,-0.1,378.0
2015-10-21,11000.0,4.8e-07,Low,2.166625,0.3,363.0
2015-10-22,20000.0,4.0999999999999994e-07,Low,1.1667500000000002,2.2,451.0
2015-10-23,21000.0,3.6e-07,Low,1.458375,3.7,459.0
2015-10-24,12000.0,3.2e-07,Low,1.9585,2.1,452.0
2015-10-25,12000.0,3.4e-07,Low,1.625125,-0.6,484.0
2015-10-26,11000.0,3.6e-07,Low,0.2498749999999999,3.3,472.0
2015-10-27,12000.0,7.9e-07,Medium,0.7498750000000001,-0.9,385.0
2015-10-28,11000.0,6.599999999999999e-07,Medium,0.166625,-0.5,353.0
2015-10-29,790000.0,6.4e-07,Medium,0.875,2.5,307.0
2015-10-30,150000.0,1.1e-06,High,1.875,-1.9,304.0
2015-10-31,30000.0,8.3e-07,Medium,1.375,2.9,302.0
2015-11-01,14000.0,6.599999999999999e-07,Medium,2.1248750000000003,0.6,339.0
2015-11-02,12000.0,6.2e-07,Medium,0.9165,0.8,331.0
2015-11-03,12000.0,5e-07,Medium,3.999875,1.3,330.0
2015-11-04,13000.0,5.699999999999999e-07,Medium,3.874875,-1.3,698.0
2015-11-05,12000.0,3.7e-07,Low,2.958375,0.4,562.0
2015-11-06,12000.0,5.1e-07,Medium,2.7082499999999996,-1.3,521.0
2015-11-08,12000.0,3.2999999999999996e-07,Low,2.416625,10.3,492.0
2015-11-09,20000.0,3.1e-07,Low,3.8335,-2.0,510.0
2015-11-10,85000.0,3.1e-07,Low,4.4582500000000005,-4.2,597.0
2015-11-11,13000.0,3.2e-07,Low,3.458375,-1.0,676.0
2015-11-12,11000.0,2.6e-07,Low,0.958375,-0.2,585.0
2015-11-13,12000.0,2.4e-07,Low,2.5417500000000004,-3.1,417.0
2015-11-14,11000.0,2.2e-07,Low,2.0415,-3.0,462.0
2015-11-15,12000.0,2.2999999999999997e-07,Low,1.9165,1.2,427.0
2015-11-16,12000.0,2.2999999999999997e-07,Low,2.666625,-5.4,398.0
2015-11-17,12000.0,2.5e-07,Low,1.8335,1.8,372.0
2015-11-18,12000.0,3.5e-07,Low,2.6251249999999997,2.3,371.0
2015-11-19,12000.0,3.5e-07,Low,1.708375,-0.3,468.0
2015-11-20,12000.0,3.2e-07,Low,0.9165,3.1,404.0
2015-11-21,11000.0,4e-07,Low,0.5415000000000001,-2.8,405.0
2015-11-22,12000.0,4.5e-07,Low,0.3333750000000001,1.1,351.0
2015-11-23,13000.0,4.2e-07,Low,0.25,2.9,330.0
2015-11-24,13000.0,3.7e-07,Low,0.0,0.9,307.0
2015-11-25,12000.0,3.1e-07,Low,0.0,-0.2,280.0
2015-11-26,12000.0,2.7999999999999997e-07,Low,0.33325,2.1,260.0
2015-11-27,11000.0,2e-07,Low,1.541625,-0.1,270.0
2015-11-28,12000.0,1.6e-07,Low,1.541625,1.3,284.0
2015-11-29,12000.0,1.6e-07,Low,1.875125,1.5,311.0
2015-11-30,12000.0,1.9e-07,Low,2.9582499999999996,-2.5,464.0
2015-12-01,12000.0,1.9e-07,Low,2.6667500000000004,0.9,463.0
2015-12-02,13000.0,1.8e-07,Low,2.0,-0.7,464.0
2015-12-03,12000.0,1.9e-07,Low,0.8331250000000001,0.0,419.0
2015-12-04,12000.0,2.2999999999999997e-07,Low,0.999875,1.1,367.0
2015-12-05,12000.0,2.5e-07,Low,2.7498750000000003,-2.8,361.0
2015-12-06,12000.0,2.4e-07,Low,3.5417500000000004,0.0,464.0
2015-12-07,12000.0,2.4e-07,Low,3.375,-0.8,516.0
2015-12-08,11000.0,2.2999999999999997e-07,Low,2.2501249999999997,-3.9,640.0
2015-12-09,12000.0,3e-07,Low,1.874875,-0.7,483.0
2015-12-10,12000.0,2.5e-07,Low,3.66675,-3.9,448.0
2015-12-11,12000.0,3.8e-07,Low,3.3332499999999996,0.8,652.0
2015-12-12,11000.0,5e-07,Medium,2.333375,3.0,653.0
2015-12-13,12000.0,4.3e-07,Low,1.625125,-1.0,524.0
2015-12-14,13000.0,3.7e-07,Low,2.875,-1.0,440.0
2015-12-15,11000.0,3.2e-07,Low,2.833375,-5.0,527.0
2015-12-16,12000.0,3.9e-07,Low,1.0415,-6.0,566.0
2015-12-17,12000.0,2.7999999999999997e-07,Low,1.3748749999999998,1.2,403.0
2015-12-18,12000.0,2.7999999999999997e-07,Low,1.12525,-2.0,407.0
2015-12-19,12000.0,3.5e-07,Low,1.833375,-0.6,390.0
2015-12-20,11000.0,5.8e-07,Medium,5.58325,4.2,474.0
2015-12-21,11000.0,6.699999999999999e-07,Medium,3.875,-17.7,428.0
2015-12-22,13000.0,7.4e-07,Medium,2.5415,-1.9,409.0
2015-12-23,13000.0,5.2e-07,Medium,2.291625,-2.1,424.0
2015-12-24,13000.0,6.9e-07,Medium,2.458375,-1.6,457.0
2015-12-25,12000.0,4.9e-07,Low,1.958375,3.8,524.0
2015-12-26,13000.0,4e-07,Low,2.7498750000000003,0.7,492.0
2015-12-27,13000.0,3.2999999999999996e-07,Low,2.33325,0.5,542.0
2015-12-28,33000.0,5.8e-07,Medium,1.166625,1.7,505.0
2015-12-29,100000.0,3.9e-07,Low,1.5,-2.2,392.0
2015-12-30,23000.0,3e-07,Low,0.583375,-0.6,374.0
2015-12-31,15000.0,2.7999999999999997e-07,Low,4.25,-0.3,336.0
2016-01-01,12000.0,3.4e-07,Low,3.25,-14.0,463.0
2016-01-02,450000.0,5.8e-07,Medium,2.20825,0.5,435.0
2016-01-03,45000.0,3.1e-07,Low,1.583375,0.0,441.0
2016-01-04,14000.0,2.2e-07,Low,1.166875,0.3,413.0
2016-01-05,13000.0,2.2e-07,Low,1.416625,1.1,401.0
2016-01-06,12000.0,3e-07,Low,3.041625,-6.4,504.0
2016-01-07,12000.0,2.7999999999999997e-07,Low,2.7083749999999993,-0.4,554.0
2016-01-08,13000.0,2.4e-07,Low,1.7915,0.9,543.0
2016-01-09,12000.0,2.2e-07,Low,1.375,-0.0,475.0
2016-01-10,12000.0,2.4e-07,Low,1.95825,-4.0,443.0
2016-01-11,12000.0,2.1e-07,Low,2.583375,0.7,446.0
2016-01-12,11000.0,2e-07,Low,2.666625,-2.7,557.0
2016-01-13,12000.0,1.8e-07,Low,2.541625,-2.2,543.0
2016-01-14,12000.0,1.8e-07,Low,1.91675,-0.5,502.0
2016-01-15,13000.0,2.1e-07,Low,1.16675,-1.3,454.0
2016-01-16,13000.0,2e-07,Low,0.6248750000000001,0.5,366.0
2016-01-17,12000.0,1.7e-07,Low,0.666625,2.8,337.0
2016-01-18,13000.0,1.8e-07,Low,0.833375,-0.2,317.0
2016-01-19,12000.0,1.8e-07,Low,1.999875,-9.3,353.0
2016-01-20,12000.0,2.4e-07,Low,3.541625,8.0,349.0
2016-01-21,12000.0,2.5e-07,Low,4.125125000000001,1.8,353.0
2016-01-22,12000.0,2e-07,Low,2.7498750000000003,-0.1,521.0
2016-01-23,13000.0,2.2e-07,Low,2.375,0.8,488.0
2016-01-24,13000.0,2.9e-07,Low,2.041625,-2.1,446.0
2016-01-25,13000.0,2.6e-07,Low,0.2915,1.4,468.0
2016-01-26,13000.0,2.4e-07,Low,0.833375,1.4,386.0
2016-01-27,13000.0,3.1e-07,Low,0.916625,-0.3,359.0
2016-01-28,13000.0,2.5e-07,Low,1.041625,2.9,340.0
2016-01-29,13000.0,2.7e-07,Low,0.5835,2.0,326.0
2016-01-30,14000.0,2.7e-07,Low,0.33325,-0.8,289.0
2016-01-31,13000.0,2.5e-07,Low,2.083375,-2.8,278.0
2016-02-01,12000.0,2.4e-07,Low,1.45825,-4.8,308.0
2016-02-02,13000.0,2.2e-07,Low,1.208375,-0.4,274.0
2016-02-03,14000.0,3.8e-07,Low,1.875125,-7.9,358.0
2016-02-04,12000.0,4.5e-07,Low,1.20825,6.0,397.0
2016-02-05,12000.0,3.9e-07,Low,2.3748750000000003,-0.8,408.0
2016-02-06,13000.0,3.8e-07,Low,1.70825,2.4,469.0
2016-02-07,12000.0,3.8e-07,Low,1.791625,-1.9,416.0
2016-02-08,13000.0,3.2999999999999996e-07,Low,2.374875,-6.4,399.0
2016-02-09,13000.0,3.7e-07,Low,1.916625,1.5,373.0
2016-02-10,13000.0,2.7999999999999997e-07,Low,1.0,-1.6,378.0
2016-02-11,13000.0,2.7999999999999997e-07,Low,2.041625,-3.0,337.0
2016-02-12,13000.0,4.4e-07,Low,2.58325,-6.5,349.0
2016-02-13,13000.0,3.7e-07,Low,1.5835,9.4,357.0
2016-02-14,13000.0,4.0999999999999994e-07,Low,2.166625,1.1,399.0
2016-02-15,13000.0,5.4e-07,Medium,2.166625,0.9,373.0
2016-02-16,12000.0,3.9e-07,Low,4.375,-7.1,410.0
2016-02-17,13000.0,4.3e-07,Low,4.208375,-3.7,601.0
2016-02-18,13000.0,4e-07,Low,3.999875,3.4,623.0
2016-02-19,13000.0,2.4e-07,Low,3.041625,-0.2,578.0
2016-02-20,13000.0,1.9e-07,Low,1.166625,1.5,534.0
2016-02-21,13000.0,1.7e-07,Low,1.00025,-0.0,398.0
2016-02-22,13000.0,1.6e-07,Low,0.54175,-1.1,319.0
2016-02-23,13000.0,1.5e-07,Low,1.208375,-1.6,355.0
2016-02-24,13000.0,1.3e-07,Low,1.625,-4.1,336.0
2016-02-25,13000.0,1.3999999999999998e-07,Low,1.291875,-0.6,320.0
2016-02-26,13000.0,1.2e-07,Low,1.500125,2.2,349.0
2016-02-27,13000.0,1.5e-07,Low,0.7082499999999999,4.1,381.0
2016-02-28,12000.0,1.7e-07,Low,0.70825,2.2,384.0
2016-02-29,13000.0,1.5e-07,Low,0.916625,-1.1,349.0
2016-03-01,13000.0,1.6e-07,Low,1.9585,0.9,313.0
2016-03-02,14000.0,1.7e-07,Low,1.541625,4.9,375.0
2016-03-03,14000.0,1.2e-07,Low,1.624875,-0.1,451.0
2016-03-04,13000.0,1.5e-07,Low,0.833375,-2.6,410.0
2016-03-05,13000.0,1.2e-07,Low,0.708125,0.9,334.0
2016-03-06,12000.0,1.3999999999999998e-07,Low,3.083375,5.7,363.0
2016-03-07,12000.0,1.3999999999999998e-07,Low,3.7085,0.7,542.0
2016-03-08,13000.0,1.6e-07,Low,1.75,-2.8,498.0
2016-03-09,13000.0,1.8e-07,Low,1.625,-0.9,428.0
2016-03-10,13000.0,1.6e-07,Low,1.75,-1.7,349.0
2016-03-11,13000.0,1.3999999999999998e-07,Low,3.0832500000000005,-3.1,323.0
2016-03-12,13000.0,1.3999999999999998e-07,Low,2.25,0.1,559.0
2016-03-13,13000.0,1e-07,Low,0.66675,2.4,461.0
2016-03-14,13000.0,1.5e-07,Low,2.08325,0.3,403.0
2016-03-15,13000.0,1.9e-07,Low,3.541499999999999,-0.5,549.0
2016-03-16,35000.0,1.8e-07,Low,3.1251249999999997,-5.2,445.0
2016-03-17,14000.0,1.6e-07,Low,3.5001249999999997,-3.2,552.0
2016-03-18,13000.0,1.2e-07,Low,1.95825,-0.7,476.0
2016-03-19,13000.0,1.2e-07,Low,2.7917499999999995,-2.6,398.0
2016-03-20,13000.0,9.300000000000001e-08,Low,2.16675,0.2,405.0
2016-03-21,13000.0,8.300000000000004e-08,Low,1.66675,0.1,410.0
2016-03-22,13000.0,1.3e-07,Low,1.4165,0.3,382.0
2016-03-23,13000.0,1.3e-07,Low,2.1251249999999997,2.9,400.0
2016-03-24,12000.0,8.6e-08,Low,1.458375,-1.2,451.0
2016-03-25,12000.0,7.5e-08,Low,1.166625,-1.4,539.0
2016-03-26,12000.0,6.4e-08,Low,0.4167499999999999,1.5,426.0
2016-03-27,12000.0,7.599999999999999e-08,Low,2.541625,2.8,377.0
2016-03-28,13000.0,7.4e-08,Low,1.9585,6.2,412.0
2016-03-29,13000.0,7.5e-08,Low,2.4582499999999996,0.3,504.0
2016-03-30,13000.0,5.6e-08,Low,2.4165,-0.1,530.0
2016-03-31,13000.0,3.7e-08,Low,1.375,-0.3,504.0
2016-04-01,13000.0,3.7e-08,Low,0.4582499999999999,-0.2,416.0
2016-04-02,13000.0,3.5e-08,Low,2.45825,-0.6,366.0
2016-04-03,12000.0,4.3e-08,Low,2.6251249999999997,-3.3,469.0
2016-04-04,13000.0,9.300000000000001e-08,Low,1.375,-2.6,411.0
2016-04-05,13000.0,7.599999999999999e-08,Low,1.291625,-2.3,385.0
2016-04-06,12000.0,2.2e-07,Low,1.541625,0.3,398.0
2016-04-07,13000.0,3.5e-07,Low,2.333375,-1.9,373.0
2016-04-08,13000.0,3.2e-07,Low,1.333375,-4.4,362.0
2016-04-09,13000.0,3.9e-07,Low,0.33325,3.5,340.0
2016-04-10,13000.0,5.2e-07,Medium,1.54175,0.4,338.0
2016-04-11,12000.0,4.2e-07,Low,1.000125,4.7,375.0
2016-04-12,12000.0,3e-07,Low,3.041625,2.5,354.0
2016-04-13,13000.0,2.5e-07,Low,3.79175,-8.0,485.0
2016-04-14,12000.0,2.6e-07,Low,3.5415,-3.4,501.0
2016-04-15,13000.0,2.9e-07,Low,1.666625,-2.7,398.0
2016-04-16,13000.0,3e-07,Low,2.166625,4.8,369.0
2016-04-17,13000.0,2.7999999999999997e-07,Low,3.1667500000000004,1.0,412.0
2016-04-18,24000.0,2.5e-07,Low,1.083375,4.9,398.0
2016-04-19,16000.0,2.2e-07,Low,0.333125,2.3,387.0
2016-04-20,13000.0,2.1e-07,Low,0.70825,1.8,355.0
2016-04-21,13000.0,1.3999999999999998e-07,Low,1.041625,0.3,359.0
2016-04-22,12000.0,8.800000000000003e-08,Low,2.458375,-0.2,431.0
2016-04-23,13000.0,8.199999999999999e-08,Low,2.208375,2.4,528.0
2016-04-24,12000.0,1e-07,Low,2.166625,6.2,491.0
2016-04-25,12000.0,9.8e-08,Low,1.208375,1.9,523.0
2016-04-26,12000.0,1.3999999999999998e-07,Low,1.3335,0.8,494.0
2016-04-27,12000.0,2.1e-07,Low,2.166625,2.3,454.0
2016-04-28,12000.0,2.2e-07,Low,0.916625,0.8,432.0
2016-04-29,13000.0,2e-07,Low,0.541625,1.4,389.0
2016-04-30,13000.0,2.1e-07,Low,1.708125,2.9,354.0
2016-05-01,13000.0,1.7e-07,Low,2.8332500000000005,0.6,377.0
2016-05-02,13000.0,1.3e-07,Low,3.7501250000000006,-3.7,456.0
2016-05-03,13000.0,2.4e-07,Low,2.20825,-1.2,554.0
2016-05-04,13000.0,2.6e-07,Low,0.833375,-0.4,484.0
2016-05-05,13000.0,2.5e-07,Low,1.541625,1.0,397.0
2016-05-06,13000.0,2.2e-07,Low,2.79175,-3.7,379.0
2016-05-07,13000.0,2.1e-07,Low,1.958375,1.9,513.0
2016-05-08,12000.0,2.1e-07,Low,5.708375,4.6,465.0
2016-05-09,13000.0,2.1e-07,Low,3.833375,-5.4,612.0
2016-05-10,13000.0,2.6e-07,Low,2.7498750000000003,-0.7,643.0
2016-05-11,13000.0,2.5e-07,Low,1.249875,-0.8,553.0
2016-05-12,13000.0,1.9e-07,Low,0.7501249999999999,-1.0,413.0
2016-05-13,14000.0,2.2999999999999997e-07,Low,1.583375,-1.0,374.0
2016-05-14,13000.0,2.7999999999999997e-07,Low,2.08325,-5.0,337.0
2016-05-15,34000.0,3.7e-07,Low,2.583375,-0.1,352.0
2016-05-16,35000.0,2.7999999999999997e-07,Low,2.5415,-0.6,438.0
2016-05-17,14000.0,2.6e-07,Low,2.708375,1.7,501.0
2016-05-18,13000.0,2.2e-07,Low,1.708375,-3.9,518.0
2016-05-19,13000.0,1.9e-07,Low,1.708375,-0.7,444.0
2016-05-20,13000.0,1.8e-07,Low,1.374875,0.5,431.0
2016-05-21,12000.0,1.7e-07,Low,2.791625,3.3,446.0
2016-05-22,13000.0,1.6e-07,Low,1.583375,4.8,594.0
2016-05-23,13000.0,1.5e-07,Low,0.791625,1.6,548.0
2016-05-24,13000.0,1.6e-07,Low,1.08325,-1.4,404.0
2016-05-25,13000.0,1.5e-07,Low,0.499875,3.4,419.0
2016-05-26,13000.0,1.5e-07,Low,0.5415,0.6,351.0
2016-05-27,13000.0,1.8e-07,Low,2.20825,-0.5,352.0
2016-05-28,13000.0,1.7e-07,Low,2.7498750000000003,-2.1,487.0
2016-05-29,13000.0,1.3e-07,Low,1.625,-2.3,462.0
2016-05-30,13000.0,1.3999999999999998e-07,Low,2.291625,-4.5,492.0
2016-05-31,13000.0,1.5e-07,Low,2.166625,3.4,512.0
2016-06-01,13000.0,1.3999999999999998e-07,Low,1.291625,-0.6,480.0
2016-06-02,13000.0,1.6e-07,Low,0.541625,0.1,402.0
2016-06-03,14000.0,1.3e-07,Low,0.4165,-1.4,316.0
2016-06-04,14000.0,1.1e-07,Low,0.6665,-1.2,309.0
2016-06-05,13000.0,1e-07,Low,3.625,0.3,324.0
2016-06-06,13000.0,9.9e-08,Low,3.458375,-4.6,580.0
2016-06-07,14000.0,1.1e-07,Low,2.0,-0.5,505.0
2016-06-08,13000.0,1.3e-07,Low,1.333375,-0.9,443.0
2016-06-09,14000.0,1.2e-07,Low,0.75,-0.7,407.0
2016-06-10,13000.0,1.5e-07,Low,1.333125,0.1,342.0
2016-06-11,13000.0,1.7e-07,Low,2.08325,-5.6,416.0
2016-06-12,13000.0,1.7e-07,Low,2.29175,1.3,471.0
2016-06-13,13000.0,1.8e-07,Low,1.8335,1.1,507.0
2016-06-14,13000.0,1.2e-07,Low,2.79175,-0.5,494.0
2016-06-15,12000.0,1e-07,Low,2.291625,-6.2,604.0
2016-06-16,13000.0,1.1e-07,Low,1.6665,3.8,595.0
2016-06-17,13000.0,1e-07,Low,1.833375,2.5,514.0
2016-06-18,12000.0,1.1e-07,Low,1.95825,1.7,562.0
2016-06-19,13000.0,9.7e-08,Low,1.125125,0.6,589.0
2016-06-20,13000.0,8.400000000000001e-08,Low,0.875,1.6,476.0
2016-06-21,14000.0,8.6e-08,Low,0.625125,1.8,432.0
2016-06-22,13000.0,8e-08,Low,2.083375,-0.5,366.0
2016-06-23,12000.0,8.199999999999999e-08,Low,2.0835,1.1,402.0
2016-06-24,13000.0,8.300000000000004e-08,Low,2.625,-5.6,510.0
2016-06-25,13000.0,9.300000000000001e-08,Low,1.7085,-1.9,526.0
2016-06-26,13000.0,7.7e-08,Low,2.208375,1.4,459.0
2016-06-27,13000.0,7.200000000000001e-08,Low,1.791625,-0.4,508.0
2016-06-28,13000.0,6.5e-08,Low,1.4165,-0.4,483.0
2016-06-29,13000.0,6.000000000000002e-08,Low,1.041875,-0.7,409.0
2016-06-30,13000.0,5.5e-08,Low,1.25,0.3,346.0
2016-07-01,13000.0,5.3e-08,Low,1.499875,-1.7,368.0
2016-07-02,13000.0,5.3e-08,Low,1.500125,2.4,369.0
2016-07-03,14000.0,7.200000000000001e-08,Low,1.916625,4.1,404.0
2016-07-04,13000.0,7.8e-08,Low,1.333375,1.9,459.0
2016-07-05,14000.0,7.9e-08,Low,0.666625,-0.1,394.0
2016-07-06,14000.0,1.2e-07,Low,0.875,-0.7,330.0
2016-07-07,15000.0,1.6e-07,Low,3.4167499999999995,-0.7,328.0
2016-07-08,14000.0,2.2e-07,Low,3.3332499999999996,-1.0,522.0
2016-07-09,13000.0,2.2e-07,Low,2.6665,0.7,622.0
2016-07-10,12000.0,2.5e-07,Low,2.208375,3.7,625.0
2016-07-11,12000.0,2e-07,Low,2.333375,-3.7,568.0
2016-07-12,12000.0,1.8e-07,Low,3.166625,-3.2,493.0
2016-07-13,12000.0,1.7e-07,Low,1.833375,-1.3,596.0
2016-07-14,12000.0,1.7e-07,Low,2.333375,0.3,516.0
2016-07-15,12000.0,2.4e-07,Low,2.3751249999999997,0.4,645.0
2016-07-16,12000.0,3.5e-07,Low,1.70825,-0.1,610.0
2016-07-17,13000.0,3.4e-07,Low,1.2915,0.4,502.0
2016-07-18,13000.0,2.4e-07,Low,0.6666250000000001,0.8,439.0
2016-07-19,13000.0,2.6e-07,Low,1.16675,0.2,353.0
2016-07-20,12000.0,2.7999999999999997e-07,Low,3.0,-0.5,407.0
2016-07-21,13000.0,4.0999999999999994e-07,Low,1.25,6.5,484.0
2016-07-22,13000.0,2.5e-07,Low,1.83325,-0.9,409.0
2016-07-23,18000.0,4e-07,Low,1.625,1.4,439.0
2016-07-24,14000.0,3.5e-07,Low,2.3335,0.2,381.0
2016-07-25,13000.0,1.3e-07,Low,3.208375,0.1,434.0
2016-07-26,13000.0,7.8e-08,Low,0.916625,-0.7,384.0
2016-07-27,13000.0,5.5e-08,Low,0.541625,-0.5,338.0
2016-07-28,13000.0,5e-08,Low,2.791625,-0.8,322.0
2016-07-29,14000.0,5.900000000000001e-08,Low,2.75,-2.0,528.0
2016-07-30,14000.0,5.2e-08,Low,1.208375,-0.1,518.0
2016-07-31,14000.0,5.4000000000000014e-08,Low,0.666625,-3.3,403.0
2016-08-01,14000.0,5.3e-08,Low,0.58325,-1.1,350.0
2016-08-02,13000.0,5.2e-08,Low,2.6665,1.6,323.0
2016-08-03,13000.0,5.7e-08,Low,4.16675,-0.6,407.0
2016-08-04,14000.0,6.2e-08,Low,3.000125,-1.5,554.0
2016-08-05,14000.0,8.6e-08,Low,2.958375,-0.2,545.0
2016-08-06,13000.0,1.1e-07,Low,2.6667499999999995,-0.1,619.0
2016-08-07,13000.0,2.5e-07,Low,2.333375,-2.7,601.0
2016-08-08,13000.0,4.3e-07,Low,2.250125,-0.3,493.0
2016-08-09,13000.0,2.1e-07,Low,2.5,4.8,502.0
2016-08-10,12000.0,1.6e-07,Low,3.0,-0.8,594.0
2016-08-11,13000.0,1.3999999999999998e-07,Low,1.875,0.9,593.0
2016-08-12,13000.0,1.5e-07,Low,2.125,-1.3,618.0
2016-08-13,13000.0,1.2e-07,Low,1.125,0.1,509.0
2016-08-14,13000.0,1e-07,Low,0.791625,-0.2,413.0
2016-08-15,13000.0,9.9e-08,Low,0.666625,-0.7,369.0
2016-08-16,13000.0,9.1e-08,Low,1.083375,-1.0,286.0
2016-08-17,13000.0,8.199999999999999e-08,Low,1.75,4.8,336.0
2016-08-18,13000.0,8.199999999999999e-08,Low,1.4585,-2.9,412.0
2016-08-19,13000.0,8.6e-08,Low,0.874875,2.8,346.0
2016-08-20,13000.0,9.400000000000001e-08,Low,0.7498750000000001,-3.8,342.0
2016-08-21,14000.0,8.300000000000004e-08,Low,1.583375,1.7,290.0
2016-08-22,13000.0,7.7e-08,Low,0.916625,0.4,404.0
2016-08-23,13000.0,9.6e-08,Low,2.7498750000000003,1.3,384.0
2016-08-24,13000.0,8.500000000000003e-08,Low,3.0417500000000004,-3.6,523.0
2016-08-25,13000.0,8.7e-08,Low,2.375,0.7,565.0
2016-08-26,13000.0,1e-07,Low,1.4585,2.8,493.0
2016-08-27,14000.0,1e-07,Low,1.125125,-1.3,433.0
2016-08-28,13000.0,1.1e-07,Low,0.4581250000000001,2.4,409.0
2016-08-29,15000.0,2.7e-07,Low,1.416625,1.6,362.0
2016-08-30,14000.0,5e-07,Medium,3.0,-3.9,342.0
2016-08-31,14000.0,4.2e-07,Low,1.3336249999999998,-0.5,462.0
2016-09-01,13000.0,3e-07,Low,3.958375,-2.4,414.0
2016-09-02,13000.0,3.4e-07,Low,4.25,-5.1,592.0
2016-09-03,13000.0,2.1e-07,Low,4.458374999999999,-0.5,652.0
2016-09-04,13000.0,1.9e-07,Low,3.875,-1.9,666.0
2016-09-05,14000.0,1.3999999999999998e-07,Low,3.0415,0.2,620.0
2016-09-06,13000.0,1.3e-07,Low,2.791625,-0.8,552.0
2016-09-07,13000.0,1.3999999999999998e-07,Low,2.4165,0.9,490.0
2016-09-08,14000.0,1e-07,Low,2.541625,-1.5,489.0
2016-09-09,13000.0,1.1e-07,Low,0.833375,1.0,462.0
2016-09-10,14000.0,1.5e-07,Low,0.791625,-1.3,401.0
2016-09-11,13000.0,1e-07,Low,0.7501249999999999,-1.4,350.0
2016-09-12,13000.0,8.300000000000004e-08,Low,1.125125,-2.6,325.0
2016-09-13,13000.0,1.1e-07,Low,1.000125,-3.9,293.0
2016-09-14,14000.0,1.3e-07,Low,1.874875,-3.8,272.0
2016-09-15,13000.0,1e-07,Low,1.375125,-7.8,317.0
2016-09-16,13000.0,7.4e-08,Low,0.5,3.8,287.0
2016-09-17,14000.0,9e-08,Low,0.624875,-1.6,296.0
2016-09-18,14000.0,9.2e-08,Low,1.624875,1.5,297.0
2016-09-19,14000.0,1.2e-07,Low,1.999875,1.1,335.0
2016-09-20,13000.0,1.5e-07,Low,3.1667500000000004,-3.0,540.0
2016-09-21,13000.0,2e-07,Low,1.75,-1.9,621.0
2016-09-22,14000.0,1.6e-07,Low,0.7501249999999999,-0.7,511.0
2016-09-23,13000.0,1.2e-07,Low,0.666625,2.3,436.0
2016-09-24,13000.0,1e-07,Low,0.916625,5.1,381.0
2016-09-25,15000.0,9.8e-08,Low,3.416625,-4.2,363.0
2016-09-26,14000.0,1.6e-07,Low,3.416625,-4.5,390.0
2016-09-27,14000.0,1.5e-07,Low,4.29175,-6.0,483.0
2016-09-28,13000.0,8.500000000000003e-08,Low,4.416625,0.9,695.0
2016-09-29,13000.0,1.5e-07,Low,4.375,3.3,677.0
2016-09-30,14000.0,1.6e-07,Low,3.33325,-1.4,686.0
2016-10-01,14000.0,1.1e-07,Low,3.125,0.7,574.0
2016-10-02,15000.0,1.1e-07,Low,3.0415,-1.1,523.0
2016-10-03,14000.0,1.7e-07,Low,2.666625,1.9,485.0
2016-10-04,14000.0,1.6e-07,Low,3.541625,-4.3,527.0
2016-10-05,14000.0,1.8e-07,Low,2.4998750000000003,-1.1,528.0
2016-10-06,13000.0,1.9e-07,Low,1.291625,-1.2,475.0
2016-10-07,13000.0,1.9e-07,Low,1.3335,-1.3,442.0
2016-10-08,14000.0,2.2e-07,Low,1.791625,-1.5,428.0
2016-10-09,14000.0,1.9e-07,Low,1.25,-3.4,379.0
2016-10-10,14000.0,1.8e-07,Low,2.083375,-1.5,351.0
2016-10-11,14000.0,2e-07,Low,0.375,3.1,377.0
2016-10-12,13000.0,1.8e-07,Low,1.0,3.2,386.0
2016-10-13,14000.0,2.2e-07,Low,4.58325,2.0,424.0
2016-10-14,15000.0,2.2e-07,Low,2.8336250000000005,-9.9,383.0
2016-10-15,14000.0,1.6e-07,Low,2.333375,4.7,386.0
2016-10-16,14000.0,1.3999999999999998e-07,Low,2.958375,-1.6,527.0
2016-10-17,13000.0,9e-08,Low,3.4582499999999996,-0.3,716.0
2016-10-18,14000.0,7.1e-08,Low,2.08325,1.3,698.0
2016-10-19,14000.0,6.900000000000002e-08,Low,1.416625,1.1,572.0
2016-10-20,14000.0,6.7e-08,Low,0.458125,-1.3,432.0
2016-10-21,14000.0,7.3e-08,Low,0.166625,1.9,396.0
2016-10-22,15000.0,7.1e-08,Low,1.208375,-1.2,346.0
2016-10-23,15000.0,7.8e-08,Low,2.0,4.6,387.0
2016-10-24,15000.0,7e-08,Low,3.041875,-3.6,420.0
2016-10-25,14000.0,7.599999999999999e-08,Low,5.12475,-3.7,396.0
2016-10-26,15000.0,8.1e-08,Low,4.75025,0.4,711.0
2016-10-27,14000.0,8.300000000000004e-08,Low,3.875,-0.6,640.0
2016-10-28,14000.0,8.9e-08,Low,3.083375,-1.4,550.0
2016-10-29,14000.0,9.7e-08,Low,3.666625,-4.4,604.0
2016-10-30,14000.0,8.400000000000001e-08,Low,3.0832499999999996,0.5,634.0
2016-10-31,14000.0,7.599999999999999e-08,Low,2.0,-1.0,550.0
2016-11-01,14000.0,7.200000000000001e-08,Low,2.41675,-1.2,469.0
2016-11-02,14000.0,6.7e-08,Low,2.6667500000000004,-4.7,458.0
2016-11-03,14000.0,6.6e-08,Low,3.0835,-3.6,434.0
2016-11-04,14000.0,6.2e-08,Low,0.91675,-4.2,400.0
2016-11-05,15000.0,6.4e-08,Low,0.375,0.7,359.0
2016-11-06,15000.0,6.5e-08,Low,1.08325,-2.0,329.0
2016-11-07,15000.0,6.7e-08,Low,0.7501249999999999,-2.6,311.0
2016-11-08,14000.0,7.1e-08,Low,0.416625,-2.0,308.0
2016-11-09,14000.0,9.8e-08,Low,1.500125,0.7,293.0
2016-11-10,14000.0,1.2e-07,Low,2.708375,2.9,344.0
2016-11-11,15000.0,8.199999999999999e-08,Low,2.375,-3.5,439.0
2016-11-12,14000.0,8.6e-08,Low,3.25,2.4,440.0
2016-11-13,14000.0,8.199999999999999e-08,Low,3.5417500000000004,-0.4,702.0
2016-11-14,15000.0,7e-08,Low,2.33325,3.6,655.0
2016-11-15,14000.0,7.9e-08,Low,1.6665,-0.6,633.0
2016-11-16,15000.0,7.9e-08,Low,0.91675,-0.5,484.0
2016-11-17,15000.0,7.3e-08,Low,0.62475,1.2,403.0
2016-11-18,15000.0,6.8e-08,Low,0.499875,-2.5,396.0
2016-11-19,15000.0,6.8e-08,Low,0.25,0.9,321.0
2016-11-20,15000.0,6.6e-08,Low,0.5,-0.9,335.0
2016-11-21,14000.0,7.1e-08,Low,1.333375,-0.4,361.0
2016-11-22,14000.0,9.2e-08,Low,2.166625,3.4,328.0
2016-11-23,14000.0,8.7e-08,Low,2.2501249999999997,-5.0,473.0
2016-11-24,14000.0,9e-08,Low,3.4167500000000004,-2.0,407.0
2016-11-25,14000.0,9.1e-08,Low,3.95825,-2.6,518.0
2016-11-26,14000.0,9.300000000000001e-08,Low,2.5,-2.3,651.0
2016-11-27,14000.0,9.400000000000001e-08,Low,2.041625,-0.9,607.0
2016-11-28,14000.0,1.3e-07,Low,1.875,-0.6,506.0
2016-11-29,15000.0,1.6e-07,Low,1.208375,-0.1,474.0
2016-11-30,14000.0,1.1e-07,Low,0.6248750000000001,-0.2,397.0
2016-12-01,14000.0,1e-07,Low,0.5,2.4,376.0
2016-12-02,14000.0,1e-07,Low,0.833375,3.7,357.0
2016-12-03,15000.0,1.1e-07,Low,0.33325,-0.1,315.0
2016-12-04,14000.0,1.2e-07,Low,0.166625,-0.2,303.0
2016-12-05,15000.0,1.1e-07,Low,0.875,-2.6,284.0
2016-12-06,14000.0,1e-07,Low,1.583125,-0.6,334.0
2016-12-07,15000.0,9.1e-08,Low,2.0835,0.8,334.0
2016-12-08,15000.0,8.7e-08,Low,3.458375,-5.6,494.0
2016-12-09,15000.0,8e-08,Low,3.6251250000000006,0.2,671.0
2016-12-10,14000.0,8e-08,Low,3.0,-0.7,680.0
2016-12-11,15000.0,6.3e-08,Low,2.791625,-0.5,641.0
2016-12-12,15000.0,5.7e-08,Low,1.249875,-0.4,558.0
2016-12-13,15000.0,5.5e-08,Low,0.875,-0.3,531.0
2016-12-14,15000.0,5.4000000000000014e-08,Low,0.875,-0.4,501.0
2016-12-15,15000.0,5.900000000000001e-08,Low,0.416625,0.5,437.0
2016-12-16,15000.0,6.7e-08,Low,0.291625,-0.3,379.0
2016-12-17,15000.0,5.6e-08,Low,1.124875,-0.3,378.0
2016-12-18,14000.0,5.2e-08,Low,1.875,-2.3,411.0
2016-12-19,14000.0,5.2e-08,Low,1.208375,-0.2,359.0
2016-12-20,15000.0,5.4000000000000014e-08,Low,1.333375,-1.5,331.0
2016-12-21,14000.0,6.7e-08,Low,3.20825,0.2,361.0
2016-12-22,15000.0,6.2e-08,Low,3.5,0.0,593.0
2016-12-23,15000.0,6.3e-08,Low,3.375,-0.4,705.0
2016-12-24,14000.0,6.3e-08,Low,2.625,0.5,648.0
2016-12-25,14000.0,5.7e-08,Low,3.375,3.3,609.0
2016-12-26,14000.0,6.3e-08,Low,3.458375,-2.1,711.0
2016-12-27,14000.0,6.4e-08,Low,2.416625,-0.4,632.0
2016-12-28,14000.0,6.4e-08,Low,1.25,-0.5,514.0
2016-12-29,16000.0,6.900000000000002e-08,Low,1.0415,-2.4,409.0
2016-12-30,15000.0,7.1e-08,Low,0.541625,0.0,357.0
2016-12-31,15000.0,6.4e-08,Low,2.541625,1.2,320.0
2017-01-01,15000.0,5.7e-08,Low,2.625,-2.5,552.0
2017-01-02,15000.0,5.7e-08,Low,1.5,-0.2,468.0
2017-01-03,15000.0,5.5e-08,Low,2.3335,-0.3,368.0
2017-01-04,16000.0,5.4000000000000014e-08,Low,2.20825,-0.3,414.0
2017-01-05,17000.0,5.5e-08,Low,3.125,-2.1,506.0
2017-01-06,16000.0,5.6e-08,Low,2.916875,-1.0,706.0
2017-01-07,16000.0,5.8e-08,Low,3.416625,-1.1,686.0
2017-01-08,15000.0,5.5e-08,Low,3.083375,0.5,671.0
2017-01-09,15000.0,5.5e-08,Low,2.458125,-1.8,649.0
2017-01-10,15000.0,6.2e-08,Low,2.1251249999999997,0.1,606.0
2017-01-11,15000.0,8.300000000000004e-08,Low,1.791625,-0.4,515.0
2017-01-12,15000.0,8.500000000000003e-08,Low,0.95825,-0.3,425.0
2017-01-13,15000.0,6.5e-08,Low,0.875,-1.5,370.0
2017-01-14,16000.0,6.4e-08,Low,0.91675,-0.3,372.0
2017-01-15,15000.0,6.3e-08,Low,1.16675,-2.2,345.0
2017-01-16,15000.0,6.900000000000002e-08,Low,0.291625,-1.2,329.0
2017-01-17,14000.0,7e-08,Low,0.6248750000000001,-0.4,318.0
2017-01-18,15000.0,7e-08,Low,2.75,0.4,310.0
2017-01-19,15000.0,7.1e-08,Low,2.2085,0.6,588.0
2017-01-20,15000.0,1e-07,Low,2.2498750000000003,2.9,568.0
2017-01-21,14000.0,1.3999999999999998e-07,Low,2.2498750000000003,2.5,513.0
2017-01-22,14000.0,1.3e-07,Low,2.208375,-2.4,516.0
2017-01-23,15000.0,1e-07,Low,1.0001250000000002,1.4,474.0
2017-01-24,15000.0,1e-07,Low,0.583375,-0.4,398.0
2017-01-25,15000.0,1.3999999999999998e-07,Low,1.083375,2.0,344.0
2017-01-26,15000.0,1.1e-07,Low,2.1251249999999997,0.7,345.0
2017-01-27,15000.0,9.1e-08,Low,3.291625,1.9,543.0
2017-01-28,15000.0,8.500000000000003e-08,Low,1.958375,0.9,527.0
2017-01-29,15000.0,8.199999999999999e-08,Low,1.666625,-0.3,467.0
2017-01-30,16000.0,7.7e-08,Low,1.45825,1.6,425.0
2017-01-31,14000.0,7.4e-08,Low,3.5832500000000005,-1.6,425.0
2017-02-01,15000.0,7.9e-08,Low,3.9165,-3.8,746.0
2017-02-02,14000.0,7.7e-08,Low,3.5417500000000004,-2.4,718.0
2017-02-03,14000.0,7.3e-08,Low,3.2498750000000003,2.6,628.0
2017-02-04,15000.0,8e-08,Low,2.3332499999999996,1.3,598.0
2017-02-05,15000.0,7.3e-08,Low,2.9167500000000004,-3.2,531.0
2017-02-06,15000.0,6.7e-08,Low,2.6251249999999997,-1.8,579.0
2017-02-07,15000.0,6.3e-08,Low,1.833375,-2.1,534.0
2017-02-08,15000.0,5.8e-08,Low,1.04175,1.9,489.0
2017-02-09,15000.0,6.4e-08,Low,1.70825,3.6,441.0
2017-02-10,15000.0,5.900000000000001e-08,Low,1.833125,-1.4,430.0
2017-02-11,15000.0,6.2e-08,Low,0.79175,-1.9,414.0
2017-02-12,16000.0,6.4e-08,Low,0.624875,0.2,355.0
2017-02-13,15000.0,6.3e-08,Low,1.249875,-2.2,338.0
2017-02-14,15000.0,6.2e-08,Low,0.208375,1.3,331.0
2017-02-15,15000.0,5.900000000000001e-08,Low,0.5835,0.6,309.0
2017-02-16,15000.0,5.7e-08,Low,1.95825,1.8,310.0
2017-02-17,14000.0,7.599999999999999e-08,Low,3.25,3.5,444.0
2017-02-18,15000.0,1e-07,Low,2.7915,-4.7,476.0
2017-02-19,15000.0,1.3999999999999998e-07,Low,2.124875,3.1,533.0
2017-02-20,15000.0,1.2e-07,Low,2.0,2.5,529.0
2017-02-21,15000.0,1.3e-07,Low,1.0,1.7,447.0
2017-02-22,15000.0,1.1e-07,Low,2.04175,-2.1,412.0
2017-02-23,15000.0,1.1e-07,Low,2.33325,-4.0,374.0
2017-02-24,14000.0,9e-08,Low,3.1667500000000004,2.3,578.0
2017-02-25,15000.0,8.400000000000001e-08,Low,1.41675,-1.1,563.0
2017-02-26,14000.0,6.7e-08,Low,0.333375,0.3,468.0
2017-02-27,15000.0,7.8e-08,Low,1.583375,1.5,382.0
2017-02-28,15000.0,6.2e-08,Low,1.875,-2.2,390.0
2017-03-01,15000.0,6.5e-08,Low,4.25,1.2,402.0
2017-03-02,15000.0,5.1e-08,Low,4.124874999999999,-3.5,686.0
2017-03-03,15000.0,4.7000000000000004e-08,Low,3.125,-2.0,680.0
2017-03-04,14000.0,3.0000000000000004e-08,Low,3.375,-1.4,682.0
2017-03-05,15000.0,1.7e-08,Low,3.1667499999999995,-0.4,608.0
2017-03-06,15000.0,1.6e-08,Low,3.5,-2.0,632.0
2017-03-07,15000.0,1.1000000000000001e-08,Low,2.916625,1.4,581.0
2017-03-08,15000.0,1.2e-08,Low,2.3335,-2.7,565.0
2017-03-09,16000.0,3.1e-08,Low,2.75,-2.8,555.0
2017-03-10,16000.0,1.5000000000000002e-08,Low,2.1248750000000003,-0.2,484.0
2017-03-20,15000.0,1.9e-08,Low,0.249875,2.8,313.0
2017-03-21,14000.0,2.8e-08,Low,3.4582499999999996,4.0,341.0
2017-03-22,15000.0,1.8000000000000002e-08,Low,3.75,3.6,584.0
2017-03-23,15000.0,1.6e-08,Low,1.91675,-1.6,668.0
2017-03-24,14000.0,1.2e-08,Low,1.333375,2.7,606.0
2017-03-26,15000.0,3.0000000000000004e-08,Low,0.75,1.1,427.0
2017-03-27,15000.0,1e-07,Low,4.70825,-0.3,371.0
2017-03-28,15000.0,1.3e-07,Low,3.7915,-3.4,660.0
2017-03-29,16000.0,1.1e-07,Low,3.3748749999999994,-0.8,665.0
2017-03-30,16000.0,1.3e-07,Low,3.291625,-2.6,610.0
2017-03-31,15000.0,1.1e-07,Low,3.958375,0.1,666.0
2017-04-01,14000.0,2e-07,Low,2.958375,-1.1,622.0
2017-04-02,14000.0,7.9e-07,Medium,1.7915,-1.4,534.0
2017-04-03,15000.0,1.2e-06,High,0.958375,0.4,435.0
2017-04-04,15000.0,5.5e-07,Medium,2.9585,-1.2,395.0
2017-04-05,14000.0,2.7e-07,Low,1.9165,6.2,399.0
2017-04-06,14000.0,1.6e-07,Low,1.5415,2.2,497.0
2017-04-07,15000.0,9.400000000000001e-08,Low,2.0001249999999997,0.1,443.0
2017-04-08,15000.0,1e-07,Low,2.9167499999999995,1.9,441.0
2017-04-09,15000.0,7.200000000000001e-08,Low,2.583375,-3.7,569.0
2017-04-10,15000.0,5.8e-08,Low,1.12475,6.3,463.0
2017-04-11,15000.0,4.5e-08,Low,2.291625,2.0,398.0
2017-04-12,16000.0,4.7000000000000004e-08,Low,1.0415,-2.3,474.0
2017-04-13,16000.0,4.8e-08,Low,0.9165,-0.4,397.0
2017-04-14,16000.0,4.5999999999999995e-08,Low,2.54175,-2.3,439.0
2017-04-15,16000.0,4.5e-08,Low,1.291625,-4.2,347.0
2017-04-16,16000.0,7.7e-08,Low,0.791625,-1.9,326.0
2017-04-17,16000.0,1.1e-07,Low,0.791625,-1.5,305.0
2017-04-18,16000.0,9.7e-08,Low,1.33325,-2.2,317.0
2017-04-19,15000.0,1.3e-07,Low,2.58325,10.1,357.0
2017-04-20,15000.0,1.1e-07,Low,3.791749999999999,-4.6,477.0
2017-04-21,16000.0,1.1e-07,Low,2.33325,-0.2,548.0
2017-04-22,16000.0,1e-07,Low,4.91675,2.6,638.0
2017-04-23,16000.0,9.9e-08,Low,4.45825,-2.8,699.0
2017-04-24,15000.0,1e-07,Low,3.3332499999999996,-1.5,707.0
2017-04-25,15000.0,9.2e-08,Low,2.375,-2.1,640.0
2017-04-26,15000.0,9.5e-08,Low,2.0415,-1.6,514.0
2017-04-27,16000.0,9e-08,Low,1.541625,-0.9,506.0
2017-04-28,15000.0,8.500000000000003e-08,Low,1.291625,-0.2,464.0
2017-04-29,16000.0,7.3e-08,Low,1.458375,-3.2,369.0
2017-04-30,15000.0,7.3e-08,Low,1.29175,-3.5,384.0
2017-05-01,15000.0,6.2e-08,Low,1.124875,-1.2,353.0
2017-05-02,15000.0,7.200000000000001e-08,Low,0.916625,3.4,398.0
2017-05-03,15000.0,6.1e-08,Low,0.666625,-1.2,418.0
2017-05-04,16000.0,5.8e-08,Low,1.166625,0.8,337.0
2017-05-05,15000.0,6.2e-08,Low,0.8748750000000001,2.3,371.0
2017-05-06,15000.0,4.4000000000000004e-08,Low,1.04175,6.1,365.0
2017-05-07,16000.0,3.6000000000000005e-08,Low,1.91675,0.8,350.0
2017-05-08,16000.0,3.6000000000000005e-08,Low,1.333375,-2.3,339.0
2017-05-09,16000.0,3.5e-08,Low,1.33325,-0.8,376.0
2017-05-10,15000.0,3.4e-08,Low,1.250125,2.3,364.0
2017-05-11,15000.0,3.5e-08,Low,1.375125,3.7,379.0
2017-05-12,16000.0,3.9e-08,Low,1.70825,1.5,381.0
2017-05-13,16000.0,4.2000000000000006e-08,Low,0.875,-1.2,368.0
2017-05-14,17000.0,4.1e-08,Low,2.083375,2.0,310.0
2017-05-15,15000.0,3.9e-08,Low,2.3751249999999997,3.2,353.0
2017-05-16,15000.0,4.2000000000000006e-08,Low,1.875,4.6,586.0
2017-05-17,16000.0,4.8e-08,Low,1.791625,0.4,539.0
2017-05-18,16000.0,5.4000000000000014e-08,Low,1.916625,-1.4,449.0
2017-05-19,16000.0,5e-08,Low,2.583375,2.1,395.0
2017-05-20,16000.0,5e-08,Low,3.625125,0.3,620.0
2017-05-21,15000.0,5.6e-08,Low,1.958375,-1.0,653.0
2017-05-22,15000.0,6.000000000000002e-08,Low,2.208375,-0.5,579.0
2017-05-23,15000.0,7e-08,Low,1.791625,1.0,560.0
2017-05-24,15000.0,8e-08,Low,0.70825,-1.0,491.0
2017-05-25,16000.0,8.7e-08,Low,0.541625,-0.5,391.0
2017-05-26,15000.0,1e-07,Low,0.45825,0.0,334.0
2017-05-27,15000.0,1.3e-07,Low,1.708375,-0.7,303.0
2017-05-28,14000.0,1.1e-07,Low,3.8751250000000006,-19.5,395.0
2017-05-29,15000.0,1e-07,Low,1.666625,12.0,340.0
2017-05-30,17000.0,8.7e-08,Low,1.125,1.3,368.0
2017-05-31,17000.0,1.2e-07,Low,0.8332499999999999,1.8,521.0
2017-06-01,17000.0,2.7e-07,Low,1.375,2.9,349.0
2017-06-02,17000.0,1.9e-07,Low,1.04175,-1.2,421.0
2017-06-03,17000.0,8.800000000000003e-08,Low,1.75,-0.9,355.0
2017-06-04,17000.0,7.3e-08,Low,0.374875,2.4,465.0
2017-06-05,17000.0,9e-08,Low,1.166625,0.5,382.0
2017-06-06,17000.0,9.2e-08,Low,1.04175,-0.5,355.0
2017-06-07,18000.0,8.1e-08,Low,1.04175,-1.8,335.0
2017-06-08,17000.0,6.000000000000002e-08,Low,0.70825,-1.6,319.0
2017-06-09,16000.0,5.8e-08,Low,0.75,-2.4,322.0
2017-06-10,18000.0,6.6e-08,Low,0.666625,-2.0,293.0
2017-06-11,17000.0,6.6e-08,Low,2.541625,-0.2,267.0
2017-06-12,17000.0,7.200000000000001e-08,Low,1.6665,3.6,397.0
2017-06-13,17000.0,6.2e-08,Low,1.541625,1.2,515.0
2017-06-14,17000.0,6.3e-08,Low,1.25,2.3,485.0
2017-06-15,18000.0,7e-08,Low,0.791625,1.8,435.0
2017-06-16,17000.0,5.5e-08,Low,3.4167499999999995,-0.5,370.0
2017-06-17,16000.0,5.6e-08,Low,2.75,-3.4,521.0
2017-06-18,16000.0,5.900000000000001e-08,Low,2.33325,-2.4,558.0
2017-06-19,16000.0,5.8e-08,Low,1.166625,0.8,512.0
2017-06-20,18000.0,6.4e-08,Low,0.416625,-0.6,404.0
2017-06-21,18000.0,5.900000000000001e-08,Low,0.791625,-0.6,341.0
2017-06-22,17000.0,5.2e-08,Low,1.0415,-3.9,332.0
2017-06-23,15000.0,5.1e-08,Low,1.083375,0.6,342.0
2017-06-24,15000.0,4.5e-08,Low,2.083375,3.1,357.0
2017-06-25,16000.0,4.5999999999999995e-08,Low,2.20825,2.0,394.0
2017-06-26,15000.0,5.2e-08,Low,1.66675,-0.8,507.0
2017-06-27,15000.0,5.3e-08,Low,1.04175,0.2,503.0
2017-06-28,14000.0,5.2e-08,Low,0.83325,0.7,443.0
2017-06-29,15000.0,4.3e-08,Low,1.041875,1.6,421.0
2017-06-30,15000.0,3.7e-08,Low,0.7084999999999999,0.0,361.0
2017-07-01,15000.0,3.4e-08,Low,2.54175,-0.4,347.0
2017-07-02,15000.0,3.5e-08,Low,3.083375,5.8,395.0
2017-07-03,15000.0,6.5e-08,Low,1.29175,4.8,448.0
2017-07-04,16000.0,9.300000000000001e-08,Low,0.8748750000000001,1.0,396.0
2017-07-05,15000.0,9e-08,Low,0.2915,-0.8,345.0
2017-07-06,16000.0,8.400000000000001e-08,Low,1.41675,0.2,315.0
2017-07-07,15000.0,1.3999999999999998e-07,Low,0.999875,0.0,386.0
2017-07-08,16000.0,1.7e-07,Low,0.499875,-0.5,341.0
2017-07-09,16000.0,2.1e-07,Low,3.4582499999999996,-2.9,344.0
2017-07-10,16000.0,1.3e-07,Low,1.7085,1.5,506.0
2017-07-12,15000.0,1.6e-07,Low,0.8335,-1.2,521.0
2017-07-13,15000.0,1.3999999999999998e-07,Low,0.708375,0.3,431.0
2017-07-14,740000.0,5.599999999999999e-07,Medium,0.4165000000000001,0.6,372.0
2017-07-15,750000.0,1.9e-07,Low,0.6667500000000001,0.6,352.0
2017-07-16,120000.0,2.1e-07,Low,4.333375,-0.2,318.0
2017-07-17,16000.0,2e-07,Low,3.583375,-1.5,565.0
2017-07-18,18000.0,2.4e-07,Low,1.416625,-1.8,496.0
2017-07-19,16000.0,1.5e-07,Low,0.666625,0.3,490.0
2017-07-20,17000.0,8.800000000000003e-08,Low,1.4585,0.1,387.0
2017-07-21,16000.0,4.8e-08,Low,2.583125,-4.4,487.0
2017-07-22,15000.0,4.2000000000000006e-08,Low,2.833125,3.9,613.0
2017-07-23,15000.0,5e-08,Low,2.66675,1.4,586.0
2017-07-24,17000.0,4.8e-08,Low,2.375,2.0,602.0
2017-07-25,48000.0,4.5e-08,Low,2.2498750000000003,-0.7,612.0
2017-07-26,43000.0,3.8e-08,Low,1.999875,1.0,615.0
2017-07-27,35000.0,3.9e-08,Low,1.25,-0.4,521.0
2017-07-28,30000.0,3.7e-08,Low,1.66675,0.4,418.0
2017-07-29,25000.0,4e-08,Low,0.791625,1.5,406.0
2017-07-30,22000.0,4.5999999999999995e-08,Low,0.66675,-0.5,375.0
2017-07-31,17000.0,7.4e-08,Low,0.541625,4.4,334.0
2017-08-01,15000.0,7.4e-08,Low,1.083375,-0.7,330.0
2017-08-02,15000.0,6.5e-08,Low,1.000125,4.3,421.0
2017-08-03,16000.0,6.1e-08,Low,1.875125,0.0,351.0
2017-08-04,14000.0,5.2e-08,Low,3.5415,11.2,410.0
2017-08-05,14000.0,5.4000000000000014e-08,Low,2.9585,0.4,663.0
2017-08-06,15000.0,5.3e-08,Low,2.5415,-0.3,606.0
2017-08-07,14000.0,5.2e-08,Low,1.166875,0.1,562.0
2017-08-08,15000.0,3.9e-08,Low,1.000125,0.3,459.0
2017-08-09,14000.0,3.5e-08,Low,0.8748750000000001,1.5,387.0
2017-08-10,15000.0,3.3e-08,Low,1.08325,-2.4,394.0
2017-08-11,15000.0,3.0000000000000004e-08,Low,1.666625,2.0,377.0
2017-08-12,15000.0,2.7000000000000004e-08,Low,2.04175,1.8,478.0
2017-08-13,15000.0,2.9e-08,Low,1.791625,-0.1,555.0
2017-08-14,15000.0,1e-07,Low,1.08325,-2.1,571.0
2017-08-15,16000.0,1e-07,Low,0.499875,-0.6,436.0
2017-08-16,15000.0,1.3e-07,Low,1.374875,-0.9,368.0
2017-08-17,15000.0,8.300000000000004e-08,Low,3.62525,-0.7,401.0
2017-08-18,16000.0,1.3e-07,Low,3.2501250000000006,1.9,539.0
2017-08-19,15000.0,3.2999999999999996e-07,Low,4.08325,-3.4,595.0
2017-08-20,15000.0,3.2999999999999996e-07,Low,3.2915,-1.3,705.0
2017-08-21,15000.0,2.6e-07,Low,2.25,-0.5,638.0
2017-08-22,15000.0,1.7e-07,Low,3.0,-3.0,573.0
2017-08-23,16000.0,1.1e-07,Low,3.5417500000000004,-1.9,476.0
2017-08-25,16000.0,1.2e-07,Low,1.04175,0.1,358.0
2017-08-26,17000.0,1.1e-07,Low,0.7082499999999999,-0.5,346.0
2017-08-27,16000.0,1.1e-07,Low,1.916625,-1.0,318.0
2017-08-28,16000.0,2e-07,Low,0.541875,-1.6,294.0
2017-08-29,16000.0,2.2e-07,Low,1.7915,2.1,310.0
2017-08-30,16000.0,1.9e-07,Low,0.791625,1.4,372.0
2017-08-31,17000.0,1.8e-07,Low,3.833375,0.6,363.0
2017-09-01,16000.0,2.4e-07,Low,3.0,-1.9,580.0
2017-09-02,16000.0,2.2999999999999997e-07,Low,3.2502500000000003,2.8,592.0
2017-09-03,17000.0,3.2999999999999996e-07,Low,1.79175,-1.7,545.0
2017-09-04,25000.0,1.6e-06,High,2.916875,-2.4,500.0
2017-09-05,8000000.0,1.2e-06,High,2.416625,1.1,580.0
2017-09-06,3500000.0,1.9e-06,High,1.874875,1.9,466.0
2017-09-07,15000000.0,1.2e-06,High,3.5836250000000005,6.8,555.0
2017-09-08,6700000.0,8.599999999999999e-07,Medium,6.08325,-24.2,690.0
2017-09-09,280000.0,6.699999999999999e-07,Medium,0.70825,-1.6,657.0
2017-09-10,18000000.0,4.9e-07,Low,1.0,1.1,508.0
2017-09-11,94000000.0,2.6e-07,Low,2.5417500000000004,0.6,615.0
2017-09-12,28000000.0,8.300000000000004e-08,Low,2.791625,1.1,522.0
2017-09-13,7000000.0,1.6e-08,Low,2.333375,1.5,594.0
2017-09-15,230000.0,1.4e-08,Low,4.25,-0.9,666.0
2017-09-19,24000.0,2e-08,Low,1.875,-1.3,544.0
2017-09-20,18000.0,5.2e-08,Low,2.0,-2.5,501.0
2017-09-21,17000.0,1.1000000000000001e-08,Low,1.33325,-0.8,429.0
2017-09-22,19000.0,3.7e-08,Low,1.2915,0.2,391.0
2017-09-23,18000.0,7.599999999999999e-08,Low,1.083375,999.9,357.0
2017-09-24,17000.0,9.7e-08,Low,1.4585,-1.2,343.0
2017-09-25,15000.0,1.1e-07,Low,0.958125,3.1,369.0
2017-09-26,15000.0,1.3e-07,Low,0.7498750000000001,0.0,340.0
2017-09-27,14000.0,8.1e-08,Low,4.2085,-5.5,343.0
2017-09-28,13000.0,9.1e-08,Low,4.875125000000001,-2.3,621.0
2017-09-29,14000.0,8.1e-08,Low,2.5,0.3,612.0
2017-09-30,14000.0,7.3e-08,Low,2.8332499999999996,0.0,533.0
2017-10-01,14000.0,5.4000000000000014e-08,Low,2.41675,-3.1,490.0
2017-10-02,14000.0,6.900000000000002e-08,Low,1.208125,0.4,410.0
2017-10-03,14000.0,5.5e-08,Low,1.33325,-0.7,377.0
2017-10-04,14000.0,5.8e-08,Low,1.1665,-1.2,395.0
2017-10-05,14000.0,5.900000000000001e-08,Low,1.166625,-1.8,366.0
2017-10-06,14000.0,1.3e-07,Low,1.916625,-1.5,400.0
2017-10-07,14000.0,7.5e-08,Low,0.7916249999999999,2.1,388.0
2017-10-08,14000.0,8.7e-08,Low,0.6248750000000001,-1.3,441.0
2017-10-09,14000.0,7.7e-08,Low,0.33325,-1.8,383.0
2017-10-10,15000.0,2.1000000000000003e-08,Low,0.4165,2.9,328.0
2017-10-11,18000.0,1.1000000000000001e-08,Low,4.000125000000001,-4.7,358.0
2017-10-12,15000.0,1.4e-08,Low,3.874875,-4.0,499.0
2017-10-14,15000.0,1.8000000000000002e-08,Low,4.04175,-3.1,689.0
2017-10-15,14000.0,2.5e-08,Low,3.5,-3.1,667.0
2017-10-16,14000.0,3.4e-08,Low,1.958375,-0.8,550.0
2017-10-17,14000.0,4.1e-08,Low,1.249875,-0.3,502.0
2017-10-18,15000.0,5.7e-08,Low,1.04175,-0.1,424.0
2017-10-19,16000.0,5.3e-08,Low,2.625,-3.0,350.0
2017-10-20,15000.0,6.6e-08,Low,1.708375,1.5,461.0
2017-10-21,14000.0,7.8e-08,Low,2.041625,-0.1,358.0
2017-10-22,14000.0,7.4e-08,Low,1.29175,-4.4,474.0
2017-10-23,14000.0,7.3e-08,Low,1.04175,-0.7,389.0
2017-10-24,14000.0,7.1e-08,Low,2.8751249999999997,-0.1,358.0
2017-10-25,14000.0,7.7e-08,Low,3.291625,-1.6,603.0
2017-10-26,15000.0,7.5e-08,Low,3.041625,-0.2,565.0
2017-10-27,15000.0,6.6e-08,Low,1.0415,-1.0,477.0
2017-10-28,14000.0,6.000000000000002e-08,Low,1.25,-1.1,397.0
2017-10-29,14000.0,5.8e-08,Low,0.5833750000000001,-2.0,354.0
2017-10-30,15000.0,5.7e-08,Low,0.375,0.3,318.0
2017-10-31,15000.0,5.5e-08,Low,0.416625,-1.8,293.0
2017-11-01,15000.0,5.3e-08,Low,0.583375,-2.8,281.0
2017-11-02,16000.0,5.2e-08,Low,1.83325,-4.2,297.0
2017-11-03,15000.0,5.4000000000000014e-08,Low,1.95825,-5.4,392.0
2017-11-04,15000.0,5e-08,Low,0.791625,1.0,396.0
2017-11-05,15000.0,4.2000000000000006e-08,Low,0.20825,-1.4,386.0
2017-11-06,15000.0,3.7e-08,Low,0.125,0.5,356.0
2017-11-07,15000.0,3.4e-08,Low,3.8335,-1.1,308.0
2017-11-08,15000.0,3.6000000000000005e-08,Low,4.624875,0.4,623.0
2017-11-09,15000.0,3.9e-08,Low,3.333375,-0.3,583.0
2017-11-10,16000.0,3.9e-08,Low,3.41675,1.9,556.0
2017-11-11,15000.0,4.1e-08,Low,1.70825,1.6,620.0
2017-11-12,16000.0,5.4000000000000014e-08,Low,1.29175,0.5,528.0
2017-11-13,15000.0,6.900000000000002e-08,Low,1.4165,0.0,405.0
2017-11-14,15000.0,6.7e-08,Low,2.5,-3.5,367.0
2017-11-15,16000.0,6.5e-08,Low,2.541625,0.1,389.0
2017-11-16,16000.0,5.900000000000001e-08,Low,2.666625,3.9,469.0
2017-11-17,16000.0,6.3e-08,Low,1.125,0.2,465.0
2017-11-18,15000.0,6.000000000000002e-08,Low,1.62525,1.6,418.0
2017-11-19,16000.0,5.7e-08,Low,1.041625,1.1,393.0
2017-11-20,16000.0,5.2e-08,Low,1.2498749999999998,-0.1,359.0
2017-11-21,15000.0,5.2e-08,Low,3.91675,-0.1,421.0
2017-11-22,16000.0,5.2e-08,Low,2.333375,-0.7,560.0
2017-11-23,16000.0,5e-08,Low,2.083375,0.0,460.0
2017-11-24,16000.0,4.8e-08,Low,1.874875,-0.2,391.0
2017-11-25,15000.0,5.4000000000000014e-08,Low,1.291625,3.5,428.0
2017-11-26,16000.0,5.900000000000001e-08,Low,0.500125,-0.3,330.0
2017-11-27,16000.0,5.2e-08,Low,1.166625,1.3,333.0
2017-11-28,16000.0,4.5999999999999995e-08,Low,1.541625,-5.7,410.0
2017-11-29,16000.0,4.5e-08,Low,1.083375,1.0,410.0
2017-11-30,14000.0,4.2000000000000006e-08,Low,2.208125,6.5,420.0
2017-12-01,15000.0,4e-08,Low,1.666625,2.5,482.0
2017-12-02,16000.0,3.8e-08,Low,0.58325,1.4,442.0
2017-12-03,16000.0,3.4e-08,Low,0.166625,-1.0,365.0
2017-12-04,16000.0,3.1e-08,Low,1.916625,3.2,320.0
2017-12-05,17000.0,3.1e-08,Low,3.958375,-0.4,417.0
2017-12-06,15000.0,3.3e-08,Low,2.916625,-0.8,572.0
2017-12-07,15000.0,3.5e-08,Low,2.2915,1.1,482.0
2017-12-08,15000.0,3.3e-08,Low,1.25,-0.5,478.0
2017-12-09,16000.0,3.7e-08,Low,0.75,-2.6,390.0
2017-12-10,18000.0,4.5e-08,Low,0.5,0.8,348.0
2017-12-11,15000.0,4.3e-08,Low,2.2498750000000003,-2.5,334.0
2017-12-12,16000.0,4.1e-08,Low,2.58325,-2.2,423.0
2017-12-13,15000.0,4e-08,Low,1.458375,2.2,461.0
2017-12-14,16000.0,4.1e-08,Low,0.791625,-2.7,429.0
2017-12-15,16000.0,3.9e-08,Low,0.70825,0.7,369.0
2017-12-16,16000.0,3.8e-08,Low,0.625125,2.2,360.0
2017-12-17,16000.0,3.9e-08,Low,3.583500000000001,0.8,369.0
2017-12-18,16000.0,4e-08,Low,2.875,1.3,584.0
2017-12-19,16000.0,4.1e-08,Low,1.125,1.3,553.0
2017-12-20,16000.0,5.6e-08,Low,1.29175,-1.3,464.0
2017-12-21,16000.0,5.8e-08,Low,0.458375,0.8,398.0
2017-12-22,16000.0,6.000000000000002e-08,Low,0.249875,1.8,339.0
2017-12-23,16000.0,5.7e-08,Low,1.125125,-2.5,326.0
2017-12-24,16000.0,5.7e-08,Low,2.458125,1.3,357.0
2017-12-25,15000.0,5.4000000000000014e-08,Low,2.083375,-0.6,539.0
2017-12-26,16000.0,5e-08,Low,2.2501249999999997,-3.7,454.0
2017-12-27,16000.0,4.8e-08,Low,1.833375,-1.2,452.0
2017-12-28,16000.0,4.5e-08,Low,1.166625,0.1,384.0
2017-12-29,16000.0,4.4000000000000004e-08,Low,0.875,-0.2,354.0
2017-12-30,15000.0,4e-08,Low,0.70825,-1.2,367.0
2017-12-31,16000.0,3.8e-08,Low,0.6248750000000001,-0.8,360.0
2018-01-01,16000.0,3.5e-08,Low,2.2082499999999996,-5.0,381.0
2018-01-02,15000.0,3.2e-08,Low,1.1251250000000002,-0.2,431.0
2018-01-03,16000.0,3.1e-08,Low,0.5,0.7,392.0
2018-01-04,16000.0,3.1e-08,Low,0.625,1.3,368.0
2018-01-05,16000.0,2.8e-08,Low,1.16675,0.9,373.0
2018-01-06,17000.0,2.7000000000000004e-08,Low,0.374875,1.0,328.0
2018-01-07,16000.0,2.7000000000000004e-08,Low,0.375,-0.7,292.0
2018-01-08,16000.0,2.8e-08,Low,1.91675,0.9,296.0
2018-01-09,16000.0,3.0000000000000004e-08,Low,2.083375,0.7,493.0
2018-01-10,16000.0,3.2e-08,Low,0.83325,2.5,468.0
2018-01-11,16000.0,3.1e-08,Low,0.416625,0.3,403.0
2018-01-12,17000.0,3.1e-08,Low,0.791625,-0.0,354.0
2018-01-13,16000.0,3.0000000000000004e-08,Low,1.45825,2.5,325.0
2018-01-14,16000.0,3.0000000000000004e-08,Low,2.333375,1.2,584.0
2018-01-15,16000.0,3.3e-08,Low,2.0001249999999997,-2.2,484.0
2018-01-16,17000.0,3.5e-08,Low,0.958375,-0.6,461.0
2018-01-17,16000.0,3.5e-08,Low,0.166625,0.5,347.0
2018-01-18,16000.0,3.6000000000000005e-08,Low,0.208125,1.4,323.0
2018-01-19,16000.0,3.2e-08,Low,1.79175,0.1,328.0
2018-01-20,16000.0,3.1e-08,Low,1.66675,-0.8,371.0
2018-01-21,16000.0,2.9e-08,Low,2.04175,-0.6,388.0
2018-01-22,18000.0,2.7000000000000004e-08,Low,2.4167500000000004,-1.1,520.0
2018-01-23,16000.0,2.7000000000000004e-08,Low,0.999875,-1.4,474.0
2018-01-24,16000.0,2.5e-08,Low,1.541625,0.7,392.0
2018-01-25,16000.0,2.3e-08,Low,2.20825,-3.3,406.0
2018-01-26,16000.0,2.4e-08,Low,1.66675,-2.5,419.0
2018-01-27,16000.0,2.3e-08,Low,1.41675,-1.1,455.0
2018-01-28,16000.0,2.1000000000000003e-08,Low,0.833375,0.2,378.0
2018-01-29,15000.0,2e-08,Low,0.666625,-0.7,344.0
2018-01-30,16000.0,2.1000000000000003e-08,Low,0.791625,-0.2,333.0
2018-01-31,16000.0,2.1000000000000003e-08,Low,1.416625,2.2,331.0
2018-02-01,16000.0,2.3e-08,Low,0.8331250000000001,-1.3,418.0
2018-02-02,16000.0,2.4e-08,Low,0.708375,-2.0,370.0
2018-02-03,16000.0,3.4e-08,Low,0.7915000000000001,0.7,321.0
2018-02-04,16000.0,3.7e-08,Low,0.70825,0.4,324.0
2018-02-05,17000.0,9.5e-08,Low,1.875,-0.8,392.0
2018-02-06,16000.0,6.6e-08,Low,1.124875,1.9,384.0
2018-02-07,16000.0,6.1e-08,Low,0.5,0.6,396.0
2018-02-08,16000.0,6.1e-08,Low,0.541625,0.2,370.0
2018-02-09,17000.0,5.5e-08,Low,0.916625,-1.8,364.0
2018-02-10,17000.0,6.4e-08,Low,1.5415,-1.1,324.0
2018-02-11,17000.0,6.3e-08,Low,0.33325,3.6,382.0
2018-02-12,17000.0,1e-07,Low,0.75,4.1,311.0
2018-02-13,17000.0,5.8e-08,Low,0.416625,1.6,333.0
2018-02-14,17000.0,5e-08,Low,0.416625,-0.1,309.0
2018-02-15,16000.0,4.7000000000000004e-08,Low,2.083375,-2.2,301.0
2018-02-16,16000.0,4.3e-08,Low,1.7915,2.1,361.0
2018-02-17,17000.0,4.3e-08,Low,2.375,-0.6,417.0
2018-02-18,15000.0,3.6000000000000005e-08,Low,2.7082499999999996,-3.6,471.0
2018-02-19,16000.0,2.9e-08,Low,2.9167500000000004,-2.7,602.0
2018-02-20,16000.0,2.4e-08,Low,0.7498750000000001,-1.2,516.0
2018-02-21,17000.0,2.4e-08,Low,0.541625,-0.3,368.0
2018-02-22,16000.0,2.2000000000000002e-08,Low,2.16675,-1.6,388.0
2018-02-23,16000.0,2.2000000000000002e-08,Low,2.75,1.8,443.0
2018-02-24,16000.0,2.1000000000000003e-08,Low,1.749875,-4.3,518.0
2018-02-25,15000.0,2e-08,Low,0.833375,-0.6,422.0
2018-02-26,15000.0,2.3e-08,Low,1.583375,-1.8,387.0
2018-03-31,16000.0,2e-08,Low,1.41675,2.4,417.0
2018-04-11,16000.0,1.2e-08,Low,2.166625,-1.2,559.0
2018-04-12,17000.0,1.9e-08,Low,2.0,-0.2,520.0
2018-04-13,17000.0,2.1000000000000003e-08,Low,1.91675,-2.4,497.0
2018-04-14,17000.0,1.7e-08,Low,1.33325,1.3,416.0
2018-04-15,18000.0,1.9e-08,Low,1.29175,-2.4,356.0
2018-04-16,17000.0,1.5000000000000002e-08,Low,0.45825,-2.5,308.0
2018-04-17,17000.0,1.6e-08,Low,0.5835,-1.9,283.0
2018-04-18,17000.0,2.7000000000000004e-08,Low,1.291875,-2.1,303.0
2018-04-19,17000.0,3.7e-08,Low,0.333375,-0.2,305.0
2018-04-20,16000.0,5.7e-08,Low,4.624874999999999,-0.8,296.0
2018-04-21,16000.0,6.2e-08,Low,2.541625,0.2,629.0
2018-04-22,17000.0,5.3e-08,Low,1.208375,-0.8,540.0
2018-04-23,17000.0,4.7000000000000004e-08,Low,1.41675,-2.9,421.0
2018-04-24,18000.0,4.3e-08,Low,0.95825,0.5,362.0
2018-04-25,17000.0,3.4e-08,Low,0.916625,-3.2,359.0
2018-04-26,17000.0,3.1e-08,Low,0.91675,-0.9,325.0
2018-04-27,17000.0,2.5e-08,Low,1.208375,-0.1,362.0
2018-04-28,18000.0,2.6e-08,Low,0.7083750000000001,2.8,380.0
2018-04-29,18000.0,2.6e-08,Low,0.70825,-0.5,362.0
2018-04-30,17000.0,2.5e-08,Low,1.25,4.1,361.0
2018-05-01,17000.0,2.2000000000000002e-08,Low,0.4165,1.8,378.0
2018-05-02,18000.0,1.7e-08,Low,0.958375,3.8,403.0
2018-05-03,18000.0,1.3e-08,Low,0.6248750000000001,2.7,371.0
2018-05-04,17000.0,1.5000000000000002e-08,Low,0.875,1.7,355.0
2018-05-05,18000.0,1.7e-08,Low,2.8751249999999997,-0.7,324.0
2018-05-06,17000.0,2.2000000000000002e-08,Low,3.70825,-5.2,622.0
2018-05-07,17000.0,2.6e-08,Low,3.041625,-0.7,638.0
2018-05-08,17000.0,2.4e-08,Low,2.8335,-0.5,583.0
2018-05-09,17000.0,2.7000000000000004e-08,Low,2.791625,0.7,662.0
2018-05-10,17000.0,2.9e-08,Low,2.4167500000000004,-2.2,562.0
2018-05-11,17000.0,2.2000000000000002e-08,Low,2.833375,-0.8,502.0
2018-05-12,18000.0,2e-08,Low,1.750125,-2.8,452.0
2018-05-13,18000.0,1.9e-08,Low,1.916625,0.3,463.0
2018-05-14,18000.0,1.8000000000000002e-08,Low,0.9585,-0.3,424.0
2018-05-15,18000.0,1.5000000000000002e-08,Low,0.625,0.9,358.0
2018-05-16,19000.0,1e-08,Low,0.6665000000000001,1.4,344.0
2018-05-21,17000.0,1e-08,Low,0.375,-0.5,348.0
2018-05-22,17000.0,2.4e-08,Low,1.166625,-0.7,305.0
2018-05-23,17000.0,5.1e-08,Low,1.874875,3.6,358.0
2018-05-24,17000.0,4.4000000000000004e-08,Low,0.666625,-0.7,504.0
2018-05-25,18000.0,5.3e-08,Low,0.5830000000000001,-1.0,411.0
2018-05-26,18000.0,4.5e-08,Low,0.58325,2.0,355.0
2018-05-27,18000.0,4.1e-08,Low,0.791625,0.8,346.0
2018-05-28,18000.0,4.8e-08,Low,0.916625,2.5,379.0
2018-05-29,18000.0,4.1e-08,Low,0.791875,1.4,356.0
2018-05-30,18000.0,3.7e-08,Low,0.833375,0.8,347.0
2018-05-31,19000.0,6.000000000000002e-08,Low,2.166625,1.7,362.0
2018-06-01,18000.0,6.7e-08,Low,3.5833749999999993,-3.0,468.0
2018-06-02,17000.0,5e-08,Low,3.0001249999999997,1.4,680.0
2018-06-03,18000.0,4.4000000000000004e-08,Low,2.00025,-1.0,659.0
2018-06-04,18000.0,4.1e-08,Low,1.08325,0.5,624.0
2018-06-05,19000.0,4.2000000000000006e-08,Low,1.3335,-0.3,459.0
2018-06-06,19000.0,2.8e-08,Low,1.375,-0.5,423.0
2018-06-10,19000.0,1e-08,Low,0.458375,0.7,334.0
2018-06-11,20000.0,2.3e-08,Low,0.708125,-2.6,315.0
2018-06-12,19000.0,2.6e-08,Low,0.75,-1.4,296.0
2018-06-13,19000.0,3.0000000000000004e-08,Low,0.8748750000000001,-0.9,299.0
2018-06-14,18000.0,2.7000000000000004e-08,Low,1.124875,-2.0,305.0
2018-06-15,19000.0,2.5e-08,Low,0.583375,0.3,318.0
2018-06-16,19000.0,2.1000000000000003e-08,Low,0.33325,0.3,301.0
2018-06-17,19000.0,2.5e-08,Low,0.91675,-2.0,300.0
2018-06-18,18000.0,3.5e-08,Low,2.9998749999999994,-6.9,377.0
2018-06-19,18000.0,5.1e-08,Low,1.333375,-0.2,499.0
2018-06-20,18000.0,8.1e-08,Low,1.208375,-0.6,441.0
2018-06-21,18000.0,8.500000000000003e-08,Low,0.5833750000000001,-1.5,438.0
2018-06-22,19000.0,9.300000000000001e-08,Low,0.7498750000000001,1.6,374.0
2018-06-23,18000.0,9.300000000000001e-08,Low,3.166625,-4.0,335.0
2018-06-24,18000.0,1e-07,Low,1.66675,-0.5,497.0
2018-06-25,18000.0,6.4e-08,Low,2.0835,0.7,431.0
2018-06-26,18000.0,3.8e-08,Low,3.3335,-6.7,412.0
2018-06-27,17000.0,2.9e-08,Low,1.6665,1.8,626.0
2018-06-28,19000.0,2.2000000000000002e-08,Low,1.208375,1.6,516.0
2018-06-29,19000.0,1.8000000000000002e-08,Low,0.708375,0.8,495.0
2018-06-30,18000.0,1.5000000000000002e-08,Low,0.791625,-0.6,414.0
2018-07-01,20000.0,1.4e-08,Low,0.333125,-0.8,423.0
2018-07-02,19000.0,1.5000000000000002e-08,Low,0.374875,-0.0,364.0
2018-07-03,18000.0,1.4e-08,Low,0.6251249999999999,-0.2,320.0
2018-07-04,19000.0,1e-08,Low,0.8751249999999999,4.9,339.0
2018-07-06,20000.0,1.8000000000000002e-08,Low,1.66675,-1.6,430.0
2018-07-07,19000.0,3.7e-08,Low,1.29175,0.4,459.0
2018-07-08,18000.0,3.7e-08,Low,0.833375,-0.3,458.0
2018-07-09,18000.0,3.2e-08,Low,0.333125,-0.4,414.0
2018-07-10,20000.0,2.7000000000000004e-08,Low,1.624875,-1.2,366.0
2018-07-11,19000.0,2.9e-08,Low,1.874875,5.0,335.0
2018-07-12,18000.0,2.2000000000000002e-08,Low,1.70825,1.3,364.0
2018-07-13,18000.0,3.1e-08,Low,1.29175,-2.4,445.0
2018-07-14,19000.0,3.2e-08,Low,0.875,2.0,465.0
2018-07-15,19000.0,2.9e-08,Low,0.5831250000000001,-1.5,404.0
2018-07-16,19000.0,2.8e-08,Low,1.8335,-0.3,327.0
2018-07-17,18000.0,2.5e-08,Low,1.458375,8.0,347.0
2018-07-18,19000.0,2.4e-08,Low,0.625,1.0,406.0
2018-07-19,18000.0,2.4e-08,Low,0.79175,-0.5,377.0
2018-07-20,18000.0,2.1000000000000003e-08,Low,1.54175,3.7,382.0
2018-07-21,18000.0,2.2000000000000002e-08,Low,2.3335000000000004,-1.5,452.0
2018-07-22,18000.0,1.7e-08,Low,1.124875,1.5,452.0
2018-07-23,19000.0,1e-08,Low,0.6667500000000001,1.4,452.0
2018-07-25,18000.0,1e-08,Low,1.7915,-2.3,559.0
2018-08-03,18000.0,1.5000000000000002e-08,Low,1.291625,1.7,392.0
2018-08-04,18000.0,1.6e-08,Low,1.08325,-1.9,381.0
2018-08-05,18000.0,1.2e-08,Low,0.958375,-0.1,355.0
2018-08-06,18000.0,1.2e-08,Low,0.5835,2.4,329.0
2018-08-07,19000.0,1.2e-08,Low,2.208375,0.4,322.0
2018-08-08,18000.0,1.3e-08,Low,1.125,1.3,375.0
2018-08-09,18000.0,1.1000000000000001e-08,Low,0.875,0.2,404.0
2018-08-10,17000.0,1.2e-08,Low,0.791625,-1.0,341.0
2018-08-11,17000.0,1.1000000000000001e-08,Low,2.16675,-0.8,373.0
2018-08-12,18000.0,1e-08,Low,1.291875,0.4,392.0
2018-08-13,18000.0,1e-08,Low,0.83325,1.9,398.0
2018-08-14,18000.0,1.6e-08,Low,0.75,-0.9,353.0
2018-08-15,17000.0,1.4e-08,Low,2.583375,-0.4,339.0
2018-08-16,17000.0,1.4e-08,Low,2.291625,-1.9,496.0
2018-08-17,16000.0,1.3e-08,Low,2.4165,-0.0,458.0
2018-08-18,17000.0,1.3e-08,Low,2.166625,0.7,522.0
2018-08-19,17000.0,1.2e-08,Low,1.874875,-0.8,466.0
2018-08-20,17000.0,1e-08,Low,2.833375,-1.3,506.0
2018-08-21,16000.0,1.3e-08,Low,1.7915,-0.5,659.0
2018-08-25,17000.0,1.9e-08,Low,2.29175,2.2,331.0
2018-08-26,17000.0,1.2e-08,Low,5.29175,-10.8,407.0
2018-08-27,18000.0,1.2e-08,Low,3.3751249999999997,1.8,530.0
2018-08-28,17000.0,1.5000000000000002e-08,Low,1.791875,-1.2,573.0
2018-08-29,17000.0,1.2e-08,Low,1.416625,-0.5,538.0
2018-08-30,17000.0,1.2e-08,Low,0.791625,-0.7,453.0
2018-11-06,17000.0,1.2e-08,Low,1.625,-0.7,534.0
2018-11-07,17000.0,1.1000000000000001e-08,Low,2.08325,-1.3,444.0
2018-11-08,16000.0,1.1000000000000001e-08,Low,2.166625,1.5,417.0
2018-11-09,17000.0,1.1000000000000001e-08,Low,2.041625,-0.9,447.0
2018-11-11,17000.0,1e-08,Low,1.708375,-0.7,593.0
2018-11-16,16000.0,1e-08,Low,0.166625,3.2,357.0
2018-11-17,17000.0,1.7e-08,Low,0.166625,0.2,335.0
2018-11-18,16000.0,1.5000000000000002e-08,Low,0.5,-0.9,301.0
2018-11-19,16000.0,1.2e-08,Low,1.08325,-1.2,334.0
2018-11-20,17000.0,1.1000000000000001e-08,Low,1.208375,-4.1,327.0
2018-11-21,16000.0,1.2e-08,Low,1.0,1.2,398.0
2018-11-22,17000.0,1.1000000000000001e-08,Low,0.374875,-1.6,398.0
2018-11-23,17000.0,1e-08,Low,0.4583750000000001,-0.4,364.0
2018-11-24,17000.0,1e-08,Low,0.666625,1.8,354.0
2018-11-25,17000.0,1e-08,Low,0.5835,-0.1,350.0
2018-11-26,17000.0,1.1000000000000001e-08,Low,0.333375,-1.2,333.0
2018-11-27,18000.0,1e-08,Low,1.29175,-1.3,308.0
2018-12-05,17000.0,1.9e-08,Low,1.125,0.6,468.0
2018-12-06,16000.0,1.9e-08,Low,1.2085,0.4,402.0
2018-12-07,16000.0,1.7e-08,Low,2.2498750000000003,0.2,392.0
2018-12-08,16000.0,2.3e-08,Low,2.375,2.4,474.0
2018-12-09,17000.0,4.5999999999999995e-08,Low,1.916625,1.5,591.0
2018-12-10,16000.0,2.4e-08,Low,2.2082499999999996,0.4,644.0
2018-12-11,16000.0,1.3e-08,Low,1.833375,0.2,562.0
2018-12-12,17000.0,1.2e-08,Low,0.9586249999999998,-0.7,506.0
2018-12-13,16000.0,1e-08,Low,0.291625,-1.2,405.0
2018-12-14,17000.0,1.1000000000000001e-08,Low,0.291625,1.4,355.0
2018-12-15,17000.0,1.2e-08,Low,0.208125,0.4,343.0
2018-12-16,17000.0,1.1000000000000001e-08,Low,0.374875,-1.0,309.0
2018-12-18,17000.0,1e-08,Low,1.5835,-4.4,417.0
2018-12-19,17000.0,1e-08,Low,1.375,-0.1,440.0
2018-12-20,17000.0,1.2e-08,Low,2.3335,-0.1,572.0
2018-12-21,17000.0,1e-08,Low,1.083375,-1.2,536.0
2018-12-28,17000.0,1e-08,Low,3.5832499999999996,-4.6,392.0
2018-12-29,17000.0,1.1000000000000001e-08,Low,2.25,1.1,561.0
2018-12-30,17000.0,1.1000000000000001e-08,Low,2.25,1.1,511.0
2018-12-31,16000.0,1e-08,Low,1.625,-1.1,525.0
2019-01-01,17000.0,1e-08,Low,1.208375,1.7,456.0
2019-01-02,17000.0,1.9e-08,Low,0.08325,-1.0,377.0
2019-01-03,16000.0,2.3e-08,Low,0.2498749999999999,-1.0,336.0
2019-01-04,17000.0,1.5000000000000002e-08,Low,1.916625,-1.3,315.0
2019-01-05,16000.0,1.8000000000000002e-08,Low,2.83325,4.2,416.0
2019-01-06,16000.0,2.5e-08,Low,2.2501249999999997,-1.0,477.0
2019-01-07,17000.0,1.6e-08,Low,1.5,0.5,531.0
2019-01-22,17000.0,1.6e-08,Low,0.666625,-0.1,308.0
2019-01-23,18000.0,1.9e-08,Low,2.666625,-4.2,340.0
2019-01-24,17000.0,2.3e-08,Low,3.0,-1.1,505.0
2019-01-25,16000.0,4.5e-08,Low,2.625,3.7,607.0
2019-01-26,16000.0,5.900000000000001e-08,Low,1.5835,0.5,546.0
2019-01-27,16000.0,3.5e-08,Low,0.999875,-1.3,445.0
2019-01-28,17000.0,3.8e-08,Low,0.20825,-0.4,401.0
2019-01-29,16000.0,5.1e-08,Low,0.375,0.4,368.0
2019-01-30,17000.0,5.5e-08,Low,0.25,-0.6,314.0
2019-01-31,17000.0,3.6000000000000005e-08,Low,2.20825,1.1,293.0
2019-02-01,16000.0,1.2e-08,Low,2.9998750000000003,0.1,534.0
2019-03-20,17000.0,1.5000000000000002e-08,Low,1.250125,2.7,402.0
2019-03-21,18000.0,5.5e-08,Low,0.2915,0.8,373.0
2019-03-22,17000.0,1.7e-07,Low,0.166625,2.6,330.0
2019-03-23,17000.0,1.2e-07,Low,0.166625,0.6,318.0
2019-03-24,18000.0,9.6e-08,Low,0.291625,1.8,263.0
2019-03-25,18000.0,7.200000000000001e-08,Low,1.124875,2.2,303.0
2019-04-06,18000.0,2.1000000000000003e-08,Low,1.666625,1.8,521.0
2019-04-07,19000.0,6.8e-08,Low,1.125,0.4,414.0
2019-04-08,18000.0,6.000000000000002e-08,Low,2.541625,-3.1,382.0
2019-04-09,18000.0,6.000000000000002e-08,Low,2.20825,-3.3,404.0
2019-04-10,19000.0,2.2000000000000002e-08,Low,2.625,-4.2,443.0
2019-04-11,18000.0,4.1e-08,Low,1.625125,-1.3,438.0
2019-04-12,17000.0,2.4e-08,Low,1.79175,-2.6,431.0
2019-04-13,17000.0,2.8e-08,Low,1.625,-0.6,418.0
2019-04-19,18000.0,8.199999999999999e-08,Low,0.999875,1.1,309.0
2019-04-20,18000.0,8.1e-08,Low,0.8335,-0.9,335.0
2019-04-21,19000.0,7.200000000000001e-08,Low,0.708375,-0.0,331.0
2019-04-22,18000.0,6.6e-08,Low,0.6248750000000001,3.2,341.0
2019-04-23,20000.0,6.000000000000002e-08,Low,1.499875,1.0,361.0
2019-04-24,18000.0,5.900000000000001e-08,Low,1.541625,-3.1,403.0
2019-04-25,18000.0,5.900000000000001e-08,Low,1.16675,-0.5,357.0
2019-04-27,19000.0,5.900000000000001e-08,Low,1.416625,-2.1,351.0
2019-04-28,19000.0,6.000000000000002e-08,Low,1.041625,-0.6,366.0
2019-04-29,19000.0,5.900000000000001e-08,Low,1.083375,-0.4,377.0
2019-04-30,18000.0,5.7e-08,Low,1.04175,-3.1,323.0
2019-05-01,19000.0,5.900000000000001e-08,Low,2.125,2.1,311.0
2019-05-02,19000.0,6.5e-08,Low,2.4165,-1.3,495.0
2019-05-03,20000.0,7.7e-08,Low,1.79175,-1.8,466.0
2019-05-04,18000.0,1.2e-07,Low,2.04175,3.2,392.0
2019-05-05,19000.0,1e-07,Low,0.666625,-1.4,479.0
2019-05-06,19000.0,1.3999999999999998e-07,Low,1.08325,-0.3,351.0
2019-05-07,18000.0,1.2e-07,Low,1.125,-1.7,361.0
2019-05-08,18000.0,1e-07,Low,0.33325,-0.6,341.0
2019-05-09,19000.0,9.400000000000001e-08,Low,1.5415,-0.7,309.0
2019-05-10,18000.0,9.300000000000001e-08,Low,1.625125,-3.1,375.0
2019-05-11,17000.0,1e-07,Low,3.666625,-6.4,356.0
2019-05-12,18000.0,9.9e-08,Low,0.916625,-5.1,347.0
2019-05-13,19000.0,8.800000000000003e-08,Low,1.375125,-1.8,321.0
2019-05-14,18000.0,8.7e-08,Low,3.666625,-0.9,444.0
2019-05-15,19000.0,8.9e-08,Low,1.2917500000000002,3.8,476.0
2019-05-16,18000.0,8.300000000000004e-08,Low,1.625,3.7,419.0
2019-05-17,19000.0,8e-08,Low,0.95825,5.3,477.0
2019-05-18,19000.0,7.9e-08,Low,0.8750000000000001,2.7,421.0
2019-05-19,20000.0,7.3e-08,Low,0.541625,2.2,399.0
2019-05-20,19000.0,6.7e-08,Low,1.166625,-4.8,394.0
2019-05-21,19000.0,6.3e-08,Low,0.666625,1.7,382.0
2019-05-22,19000.0,6.3e-08,Low,0.916625,1.4,356.0
2019-05-23,20000.0,6.2e-08,Low,1.08325,-0.1,348.0
2019-05-24,19000.0,6.3e-08,Low,1.041625,-0.2,351.0
2019-05-25,19000.0,6.3e-08,Low,0.708125,-0.7,340.0
2019-05-26,19000.0,6.3e-08,Low,0.791625,-1.0,331.0
2019-05-27,18000.0,6.2e-08,Low,1.9165,3.1,355.0
2019-05-28,20000.0,6.5e-08,Low,1.625,3.6,320.0
2019-05-29,19000.0,6.8e-08,Low,2.7082500000000005,0.6,461.0
2019-05-30,19000.0,7.3e-08,Low,1.874875,-3.5,540.0
2019-05-31,19000.0,7.5e-08,Low,0.83325,-0.6,497.0
2019-06-01,19000.0,7.8e-08,Low,0.583375,-0.6,367.0
2019-06-02,19000.0,7.7e-08,Low,0.6247500000000001,-1.8,340.0
2019-06-03,19000.0,7.3e-08,Low,0.749875,-2.2,311.0
2019-06-04,19000.0,7.3e-08,Low,1.6665,1.6,329.0
2019-06-05,20000.0,7.3e-08,Low,0.833375,-2.9,344.0
2019-06-06,20000.0,7.1e-08,Low,0.3750000000000001,-0.1,326.0
2019-06-07,19000.0,7.1e-08,Low,0.83325,-0.9,302.0
2019-06-08,20000.0,7.1e-08,Low,2.6251250000000006,-1.3,286.0
2019-06-09,20000.0,6.8e-08,Low,1.416625,-1.1,401.0
2019-06-10,20000.0,6.8e-08,Low,0.458375,0.7,367.0
2019-06-11,20000.0,7e-08,Low,0.4165000000000001,-1.3,338.0
2019-06-12,20000.0,6.900000000000002e-08,Low,0.666625,-1.9,310.0
2019-06-13,19000.0,6.900000000000002e-08,Low,2.0,1.9,388.0
2019-06-14,19000.0,6.900000000000002e-08,Low,1.500125,4.6,467.0
2019-06-15,19000.0,6.8e-08,Low,0.7499999999999999,1.2,425.0
2019-06-16,19000.0,6.5e-08,Low,0.833375,-0.9,364.0
2019-06-17,19000.0,6.3e-08,Low,0.416625,-0.5,332.0
2019-06-18,19000.0,6.3e-08,Low,0.624875,3.2,333.0
2019-06-19,19000.0,6.3e-08,Low,0.66675,3.3,315.0
2019-06-20,20000.0,6.3e-08,Low,1.541625,1.5,336.0
2019-06-21,20000.0,6.2e-08,Low,1.374875,-0.1,356.0
2019-06-22,20000.0,6.3e-08,Low,0.791625,-2.4,394.0
2019-06-23,20000.0,6.5e-08,Low,0.45825,0.2,352.0
2019-06-24,20000.0,6.7e-08,Low,1.0835,-1.1,332.0
2019-06-25,21000.0,6.8e-08,Low,0.666625,0.3,319.0
2019-06-26,20000.0,6.8e-08,Low,1.25,-0.5,347.0
2019-06-27,19000.0,6.900000000000002e-08,Low,0.75,-0.1,388.0
2019-06-28,20000.0,6.900000000000002e-08,Low,0.833375,-1.7,346.0
2019-06-29,20000.0,6.8e-08,Low,0.583375,-0.2,340.0
2019-06-30,20000.0,6.900000000000002e-08,Low,0.8331250000000001,-2.4,325.0
2019-07-01,19000.0,7e-08,Low,1.9165,-4.3,333.0
2019-07-02,19000.0,7e-08,Low,1.166625,-2.6,361.0
2019-07-03,19000.0,7.1e-08,Low,0.833125,3.6,322.0
2019-07-04,20000.0,7e-08,Low,1.083125,-0.4,360.0
2019-07-05,19000.0,6.8e-08,Low,0.91675,1.6,378.0
2019-07-06,20000.0,6.900000000000002e-08,Low,0.625,-0.8,390.0
2019-07-07,20000.0,6.900000000000002e-08,Low,1.0,-0.5,344.0
2019-07-08,21000.0,6.900000000000002e-08,Low,1.541625,-4.0,334.0
2019-07-09,20000.0,6.7e-08,Low,2.708375,6.0,391.0
2019-07-10,20000.0,7.1e-08,Low,2.625,1.1,611.0
2019-07-11,20000.0,7.200000000000001e-08,Low,1.41675,-1.4,589.0
2019-07-12,20000.0,7.1e-08,Low,1.16675,-0.1,471.0
2019-07-13,20000.0,6.8e-08,Low,1.375,1.9,427.0
2019-07-14,21000.0,6.7e-08,Low,1.16675,0.1,432.0
2019-07-15,20000.0,6.7e-08,Low,1.625,1.4,434.0
2019-07-16,21000.0,6.5e-08,Low,1.166625,-1.7,414.0
2019-07-17,20000.0,6.4e-08,Low,1.33325,0.1,373.0
2019-07-18,20000.0,6.5e-08,Low,0.666625,-0.2,417.0
2019-07-19,20000.0,6.3e-08,Low,0.66675,0.6,360.0
2019-07-20,22000.0,6.3e-08,Low,0.375,-0.7,334.0
2019-07-21,21000.0,6.5e-08,Low,1.625125,0.3,324.0
2019-07-22,21000.0,6.4e-08,Low,1.83325,1.2,360.0
2019-07-23,22000.0,6.4e-08,Low,1.416875,-0.6,359.0
2019-07-24,21000.0,6.4e-08,Low,0.95825,-0.0,411.0
2019-07-25,22000.0,6.3e-08,Low,0.416625,1.7,356.0
2019-07-26,21000.0,6.3e-08,Low,0.24975,1.8,351.0
2019-07-27,22000.0,6.2e-08,Low,0.958125,-0.9,320.0
2019-07-28,21000.0,6.4e-08,Low,1.0,-2.1,337.0
2019-07-29,22000.0,6.4e-08,Low,0.999875,-1.1,347.0
2019-07-30,21000.0,6.4e-08,Low,1.666625,-0.9,351.0
2019-07-31,20000.0,6.4e-08,Low,1.708375,6.4,453.0
2019-08-01,20000.0,6.3e-08,Low,1.5835,-1.3,476.0
2019-08-02,22000.0,6.3e-08,Low,0.708375,0.4,493.0
2019-08-03,21000.0,6.3e-08,Low,0.333125,0.4,394.0
2019-08-04,21000.0,6.3e-08,Low,0.70825,-0.1,343.0
2019-08-05,21000.0,6.5e-08,Low,3.958375,0.6,324.0
2019-08-06,21000.0,7e-08,Low,2.29175,-1.6,705.0
2019-08-07,21000.0,7e-08,Low,1.416625,-1.1,601.0
2019-08-08,21000.0,6.900000000000002e-08,Low,1.458375,-1.5,447.0
2019-08-09,21000.0,6.8e-08,Low,1.41675,2.2,519.0
2019-08-10,20000.0,6.5e-08,Low,1.625125,-2.0,630.0
2019-08-11,21000.0,6.5e-08,Low,1.291625,0.2,478.0
2019-08-12,21000.0,6.2e-08,Low,1.166625,0.2,393.0
2019-08-13,21000.0,6.1e-08,Low,1.583375,0.2,457.0
2019-08-14,21000.0,6.2e-08,Low,0.83325,0.5,461.0
2019-08-15,20000.0,6.2e-08,Low,0.750125,1.4,467.0
2019-08-16,20000.0,6.000000000000002e-08,Low,1.0,-0.9,425.0
2019-08-17,21000.0,6.000000000000002e-08,Low,0.916625,0.4,366.0
2019-08-18,21000.0,5.900000000000001e-08,Low,1.29175,-2.5,358.0
2019-08-19,22000.0,6.000000000000002e-08,Low,0.66675,-2.0,361.0
2019-08-20,21000.0,6.1e-08,Low,1.000125,0.2,328.0
2019-08-21,22000.0,5.8e-08,Low,0.8748750000000001,0.1,404.0
2019-08-22,21000.0,5.7e-08,Low,1.25,-0.1,352.0
2019-08-23,21000.0,5.900000000000001e-08,Low,0.833375,2.7,362.0
2019-08-24,21000.0,6.000000000000002e-08,Low,0.8748750000000001,0.1,359.0
2019-08-25,22000.0,6.000000000000002e-08,Low,0.70825,-0.7,333.0
2019-08-26,22000.0,6.000000000000002e-08,Low,1.2915,-0.6,325.0
2019-08-27,21000.0,6.000000000000002e-08,Low,2.333375,-2.4,345.0
2019-08-28,21000.0,6.1e-08,Low,1.04175,0.1,443.0
2019-08-29,21000.0,6.1e-08,Low,0.666875,0.0,420.0
2019-08-30,21000.0,6.000000000000002e-08,Low,1.958375,1.7,383.0
2019-08-31,20000.0,6.1e-08,Low,4.5,-1.4,555.0
2019-09-01,20000.0,6.3e-08,Low,4.833375,-2.3,681.0
2019-09-02,21000.0,5.7e-08,Low,3.4167499999999995,-3.4,716.0
2019-09-03,20000.0,6.1e-08,Low,2.04175,0.4,659.0
2019-09-04,20000.0,5.5e-08,Low,2.458375,-0.5,585.0
2019-09-05,21000.0,4.7000000000000004e-08,Low,2.541625,0.8,548.0
2019-09-06,21000.0,4.8e-08,Low,1.625125,1.6,472.0
2019-09-07,21000.0,4.5e-08,Low,1.5415,-0.7,487.0
2019-09-08,22000.0,4e-08,Low,2.083375,-2.8,421.0
2019-09-09,21000.0,3.8e-08,Low,2.7498750000000003,-2.1,405.0
2019-09-10,22000.0,4e-08,Low,0.95825,-0.1,456.0
2019-09-11,22000.0,4e-08,Low,1.04175,0.6,449.0
2019-09-12,21000.0,3.9e-08,Low,1.375,-1.1,398.0
2019-09-13,21000.0,3.7e-08,Low,1.750125,4.3,453.0
2019-09-14,21000.0,3.5e-08,Low,1.3335,1.6,506.0
2019-09-15,21000.0,3.5e-08,Low,1.875,-0.8,421.0
2019-09-16,21000.0,3.7e-08,Low,2.083375,-0.2,462.0
2019-09-17,21000.0,3.5e-08,Low,1.625,-2.1,423.0
2019-09-18,22000.0,3.7e-08,Low,1.875,-2.3,436.0
2019-09-19,22000.0,3.6000000000000005e-08,Low,0.666625,1.7,388.0
2019-09-20,22000.0,3.4e-08,Low,0.541625,-2.0,359.0
2019-09-21,22000.0,3.7e-08,Low,1.6665,-0.8,295.0
2019-09-22,22000.0,3.5e-08,Low,0.7498750000000001,-1.7,339.0
2019-09-23,20000.0,3.8e-08,Low,0.541625,1.0,324.0
2019-09-24,22000.0,3.5e-08,Low,2.375,-4.0,322.0
2019-09-25,21000.0,3.8e-08,Low,0.8748750000000001,3.4,497.0
2019-09-26,22000.0,3.6000000000000005e-08,Low,0.6248750000000001,-1.9,387.0
2019-09-27,21000.0,3.6000000000000005e-08,Low,2.8748750000000003,0.4,348.0
2019-09-28,21000.0,4.7000000000000004e-08,Low,3.6666250000000007,-0.1,695.0
2019-09-29,21000.0,4.7000000000000004e-08,Low,2.5001249999999997,-1.0,584.0
2019-09-30,20000.0,2.6e-08,Low,2.5832499999999996,-1.5,473.0
2019-10-01,21000.0,2.3e-08,Low,2.041625,4.0,470.0
2019-10-02,20000.0,2.4e-08,Low,1.5,-2.5,485.0
2019-10-03,21000.0,2.4e-08,Low,1.041625,0.9,460.0
2019-10-04,21000.0,2.1000000000000003e-08,Low,1.666875,-0.7,408.0
2019-10-05,22000.0,2.2000000000000002e-08,Low,1.708375,0.1,403.0
2019-10-06,21000.0,2e-08,Low,1.041625,0.7,399.0
2019-10-07,21000.0,2.1000000000000003e-08,Low,1.375,0.1,359.0
2019-10-08,22000.0,2.1000000000000003e-08,Low,1.125,0.3,382.0
2019-10-09,22000.0,2.3e-08,Low,1.833375,-0.7,379.0
2019-10-10,22000.0,2.5e-08,Low,2.4165,6.1,389.0
2019-10-11,21000.0,2.7000000000000004e-08,Low,1.70825,0.1,477.0
2019-10-12,22000.0,3.0000000000000004e-08,Low,1.16675,-0.3,435.0
2019-10-13,21000.0,3.4e-08,Low,0.083375,-0.1,377.0
2019-10-14,21000.0,3.8e-08,Low,1.250125,-1.7,323.0
2019-10-15,22000.0,4.3e-08,Low,0.83325,6.1,335.0
2019-10-16,22000.0,5.7e-08,Low,1.375,2.5,360.0
2019-10-17,21000.0,6.3e-08,Low,1.25,-1.1,398.0
2019-10-18,21000.0,6.4e-08,Low,1.333375,-0.1,362.0
2019-10-19,22000.0,6.5e-08,Low,1.0835,-0.2,327.0
2019-10-20,21000.0,6.4e-08,Low,1.083375,-1.2,334.0
2019-10-21,21000.0,6.4e-08,Low,1.04175,-1.1,339.0
2019-10-22,21000.0,6.4e-08,Low,0.58325,-0.6,342.0
2019-10-23,22000.0,6.4e-08,Low,0.25,1.6,343.0
2019-10-24,21000.0,6.5e-08,Low,2.7915,-1.0,332.0
2019-10-25,21000.0,6.8e-08,Low,3.666499999999999,1.5,580.0
2019-10-26,21000.0,6.900000000000002e-08,Low,3.708375,1.1,577.0
2019-10-27,20000.0,7.3e-08,Low,2.833375,-1.4,624.0
2019-10-28,21000.0,7.1e-08,Low,2.375,1.3,579.0
2019-10-29,21000.0,6.7e-08,Low,1.66675,-2.4,453.0
2019-10-30,21000.0,6.5e-08,Low,1.708125,3.1,387.0
2019-10-31,21000.0,6.4e-08,Low,1.291625,5.6,375.0
2019-11-01,21000.0,6.6e-08,Low,0.666625,0.3,412.0
2019-11-02,21000.0,6.7e-08,Low,0.166625,0.6,370.0
2019-11-03,20000.0,6.7e-08,Low,0.25,-1.8,342.0
2019-11-04,22000.0,6.6e-08,Low,0.91675,-2.1,313.0
2019-11-05,22000.0,6.7e-08,Low,1.333375,-0.3,381.0
2019-11-06,22000.0,6.7e-08,Low,1.41675,-1.5,413.0
2019-11-07,21000.0,6.7e-08,Low,0.875,-1.4,423.0
2019-11-08,22000.0,6.900000000000002e-08,Low,0.625125,-0.8,353.0
2019-11-09,22000.0,6.900000000000002e-08,Low,0.958375,-1.1,326.0
2019-11-10,22000.0,7e-08,Low,0.5415,-1.4,339.0
2019-11-11,22000.0,7.3e-08,Low,1.875125,-0.6,315.0
2019-11-12,21000.0,7.8e-08,Low,0.791625,0.1,361.0
2019-11-13,22000.0,7.7e-08,Low,0.25,3.9,294.0
2019-11-14,21000.0,7.5e-08,Low,0.58325,-1.7,340.0
2019-11-15,22000.0,7.4e-08,Low,0.4582499999999999,0.8,339.0
2019-11-16,20000.0,7.5e-08,Low,1.5001250000000002,-1.7,366.0
2019-11-17,22000.0,7.5e-08,Low,0.95825,0.5,413.0
2019-11-18,21000.0,7.4e-08,Low,0.041625,1.2,355.0
2019-11-19,22000.0,7.200000000000001e-08,Low,0.45825,0.8,356.0
2019-11-20,22000.0,7.200000000000001e-08,Low,0.25,0.3,336.0
2019-11-21,22000.0,7.4e-08,Low,2.2085,5.5,369.0
2019-11-22,22000.0,7.8e-08,Low,2.666625,-0.6,569.0
2019-11-23,20000.0,7.9e-08,Low,2.2917500000000004,-0.8,475.0
2019-11-24,22000.0,8.1e-08,Low,2.416625,-0.1,524.0
2019-11-25,21000.0,8.199999999999999e-08,Low,1.0835,-0.0,430.0
2019-11-26,21000.0,8e-08,Low,0.58325,0.6,446.0
2019-11-27,22000.0,7.1e-08,Low,1.083375,-0.3,410.0
2019-11-28,22000.0,7.8e-08,Low,0.708125,-1.2,376.0
2019-11-29,22000.0,7.8e-08,Low,1.0001250000000002,1.7,342.0
2019-11-30,21000.0,7.9e-08,Low,0.791625,-0.5,359.0
2019-12-01,20000.0,7.8e-08,Low,0.833375,0.2,385.0
2019-12-02,21000.0,7.8e-08,Low,0.25,1.4,349.0
2019-12-03,21000.0,7.8e-08,Low,0.208125,0.5,323.0
2019-12-04,22000.0,7.8e-08,Low,0.708375,1.4,315.0
2019-12-05,22000.0,7.8e-08,Low,0.29175,1.2,302.0
2019-12-06,23000.0,7.8e-08,Low,0.54175,2.0,353.0
2019-12-07,23000.0,7.8e-08,Low,0.375,-0.5,357.0
2019-12-08,22000.0,7.8e-08,Low,0.5415,-1.9,342.0
2019-12-09,21000.0,7.9e-08,Low,0.833375,-3.0,362.0
2019-12-10,20000.0,7.8e-08,Low,0.875,2.7,340.0
2019-12-11,20000.0,7.7e-08,Low,1.3335,0.5,439.0
2019-12-12,21000.0,7.599999999999999e-08,Low,0.7498750000000001,-1.5,406.0
2019-12-13,22000.0,7.5e-08,Low,0.7498750000000001,-1.0,391.0
2019-12-14,22000.0,7.599999999999999e-08,Low,0.3748749999999999,-1.2,356.0
2019-12-15,21000.0,7.8e-08,Low,1.124875,0.3,391.0
2019-12-16,22000.0,7.9e-08,Low,0.375,0.9,408.0
2019-12-17,22000.0,8e-08,Low,0.29175,2.4,339.0
2019-12-18,22000.0,8.300000000000004e-08,Low,2.3332499999999996,1.2,344.0
2019-12-19,21000.0,8.500000000000003e-08,Low,2.3332499999999996,0.0,516.0
2019-12-20,21000.0,8.500000000000003e-08,Low,1.375,1.1,480.0
2019-12-21,21000.0,8.400000000000001e-08,Low,1.041625,-1.7,423.0
2019-12-22,21000.0,8.400000000000001e-08,Low,0.75,-1.1,339.0
2019-12-23,22000.0,8.400000000000001e-08,Low,0.624875,1.1,349.0
2019-12-24,22000.0,8.500000000000003e-08,Low,0.2915,-0.6,347.0
2019-12-25,22000.0,8.500000000000003e-08,Low,0.79175,1.7,311.0
2019-12-26,22000.0,8.400000000000001e-08,Low,0.875,0.4,347.0
2019-12-27,21000.0,8.300000000000004e-08,Low,0.41675,-1.7,378.0
2019-12-28,21000.0,8.300000000000004e-08,Low,0.20825,-0.5,361.0
2019-12-29,21000.0,8.199999999999999e-08,Low,0.125,0.9,321.0
2019-12-30,22000.0,8e-08,Low,0.291625,-0.7,298.0
2019-12-31,22000.0,7.9e-08,Low,0.66675,0.5,308.0
2020-01-01,20000.0,8e-08,Low,0.583375,-0.3,295.0
