date,kp_index
1932-01-01,2.9582499999999996
1932-01-02,3.7917500000000004
1932-01-03,2.416625
1932-01-04,0.9998750000000001
1932-01-05,0.749875
1932-01-06,1.166625
1932-01-07,1.5415
1932-01-08,3.208375
1932-01-09,3.291625
1932-01-10,2.875
1932-01-11,3.2082499999999996
1932-01-12,3.25
1932-01-13,2.0001249999999997
1932-01-14,2.1251249999999997
1932-01-15,2.124875
1932-01-16,1.91675
1932-01-17,1.33325
1932-01-18,0.5
1932-01-19,0.374875
1932-01-20,0.666625
1932-01-21,0.5
1932-01-22,0.37487500000000007
1932-01-23,0.666625
1932-01-24,1.666625
1932-01-25,3.3333749999999993
1932-01-26,2.958375
1932-01-27,3.666875
1932-01-28,3.7082499999999996
1932-01-29,2.0835
1932-01-30,1.83325
1932-01-31,2.4999999999999996
1932-02-01,0.8751249999999999
1932-02-02,0.833375
1932-02-03,3.7913749999999995
1932-02-04,4.124874999999999
1932-02-05,3.041625
1932-02-06,2.9582499999999996
1932-02-07,2.541625
1932-02-08,2.9165
1932-02-09,2.5
1932-02-10,3.3751249999999997
1932-02-11,3.0001250000000006
1932-02-12,3.2082499999999996
1932-02-13,2.7498749999999994
1932-02-14,2.3751249999999997
1932-02-15,1.666625
1932-02-16,0.49987500000000007
1932-02-17,0.291625
1932-02-18,0.750125
1932-02-19,2.125
1932-02-20,3.2498749999999994
1932-02-21,1.500125
1932-02-22,3.041875
1932-02-23,2.29175
1932-02-24,2.9167499999999995
1932-02-25,2.791625
1932-02-26,1.583375
1932-02-27,0.666625
1932-02-28,0.37500000000000006
1932-02-29,0.49987500000000007
1932-03-01,0.583375
1932-03-02,2.583125
1932-03-03,3.833375
1932-03-04,3.875
1932-03-05,3.875
1932-03-06,3.583125
1932-03-07,2.95825
1932-03-08,3.583375
1932-03-09,3.875
1932-03-10,4.29175
1932-03-11,3.5832499999999996
1932-03-12,2.04175
1932-03-13,1.583375
1932-03-14,2.25
1932-03-15,1.375
1932-03-16,1.04175
1932-03-17,0.83325
1932-03-18,3.4165
1932-03-19,1.916625
1932-03-20,1.875
1932-03-21,3.7082500000000005
1932-03-22,3.958375
1932-03-23,2.4582500000000005
1932-03-24,2.041625
1932-03-25,0.9998750000000001
1932-03-26,0.458125
1932-03-27,0.7915
1932-03-28,4.16675
1932-03-29,4.37525
1932-03-30,4.708375
1932-03-31,4.583375
1932-04-01,3.458375
1932-04-02,4.37525
1932-04-03,3.4582499999999996
1932-04-04,3.5001249999999997
1932-04-05,3.625
1932-04-06,3.0832500000000005
1932-04-07,4.4165
1932-04-08,3.375
1932-04-09,2.9165
1932-04-10,2.45825
1932-04-11,1.375
1932-04-12,1.41675
1932-04-13,2.6248750000000003
1932-04-14,3.0835
1932-04-15,2.916625
1932-04-16,2.3335
1932-04-17,2.70825
1932-04-18,3.8748750000000003
1932-04-19,1.291625
1932-04-20,0.83325
1932-04-21,0.541875
1932-04-22,2.4585
1932-04-23,3.8332499999999996
1932-04-24,3.8751250000000006
1932-04-25,3.66675
1932-04-26,4.000125
1932-04-27,3.291625
1932-04-28,2.875
1932-04-29,2.25
1932-04-30,1.4168749999999999
1932-05-01,1.750125
1932-05-02,2.58325
1932-05-03,2.91675
1932-05-04,3.041625
1932-05-05,3.0
1932-05-06,2.9582500000000005
1932-05-07,1.499875
1932-05-08,1.0418749999999999
1932-05-09,0.5
1932-05-10,1.875
1932-05-11,2.9582499999999996
1932-05-12,2.0835
1932-05-13,2.583375
1932-05-14,2.75
1932-05-15,3.041625
1932-05-16,3.041625
1932-05-17,1.749875
1932-05-18,1.083375
1932-05-19,0.9165000000000001
1932-05-20,0.5835
1932-05-21,2.25
1932-05-22,1.8747500000000001
1932-05-23,1.916625
1932-05-24,2.208375
1932-05-25,3.0416250000000007
1932-05-26,2.333375
1932-05-27,2.208375
1932-05-28,2.7501249999999997
1932-05-29,5.04175
1932-05-30,4.75
1932-05-31,2.416625
1932-06-01,0.916875
1932-06-02,1.208375
1932-06-03,0.708375
1932-06-04,0.5
1932-06-05,0.9998750000000001
1932-06-06,1.166375
1932-06-07,2.125
1932-06-08,3.5415
1932-06-09,2.9166250000000007
1932-06-10,3.2916250000000007
1932-06-11,2.4582499999999996
1932-06-12,1.666625
1932-06-13,1.7915
1932-06-14,1.0835
1932-06-15,0.4165
1932-06-16,0.791625
1932-06-17,0.9585
1932-06-18,0.875
1932-06-19,1.33325
1932-06-20,2.4583749999999998
1932-06-21,1.41675
1932-06-22,2.41675
1932-06-23,1.5
1932-06-24,0.8751249999999999
1932-06-25,1.0
1932-06-26,1.916625
1932-06-27,0.91675
1932-06-28,0.6248750000000001
1932-06-29,0.7915000000000001
1932-06-30,0.75
1932-07-01,0.7501249999999999
1932-07-02,0.70825
1932-07-03,0.5833750000000001
1932-07-04,1.7917500000000002
1932-07-05,2.333375
1932-07-06,3.583375
1932-07-07,2.70825
1932-07-08,2.6248750000000003
1932-07-09,2.375
1932-07-10,2.4165
1932-07-11,0.958375
1932-07-12,1.5835
1932-07-13,0.541625
1932-07-14,0.7084999999999999
1932-07-15,0.66675
1932-07-16,3.0001249999999997
1932-07-17,1.708375
1932-07-18,1.291625
1932-07-19,1.541625
1932-07-20,0.9168749999999999
1932-07-21,1.333375
1932-07-22,1.124875
1932-07-23,0.791625
1932-07-24,0.95825
1932-07-25,0.7083750000000001
1932-07-26,1.7085
1932-07-27,1.124875
1932-07-28,0.666625
1932-07-29,0.4166250000000001
1932-07-30,1.25
1932-07-31,2.0833749999999998
1932-08-01,2.333375
1932-08-02,3.75
1932-08-03,3.625
1932-08-04,2.625
1932-08-05,2.4582499999999996
1932-08-06,1.375
1932-08-07,0.83325
1932-08-08,1.0
1932-08-09,1.45825
1932-08-10,0.416625
1932-08-11,0.8335
1932-08-12,2.3748750000000003
1932-08-13,2.5
1932-08-14,1.375
1932-08-15,0.9998750000000001
1932-08-16,0.625
1932-08-17,0.75
1932-08-18,0.91675
1932-08-19,0.5415000000000001
1932-08-20,0.5
1932-08-21,2.416625
1932-08-22,2.3332499999999996
1932-08-23,1.958375
1932-08-24,0.625125
1932-08-25,1.333375
1932-08-26,1.04175
1932-08-27,3.958375
1932-08-28,5.166625
1932-08-29,4.374875
1932-08-30,3.8336250000000005
1932-08-31,2.375
1932-09-01,2.458375
1932-09-02,1.958375
1932-09-03,1.12525
1932-09-04,1.250125
1932-09-05,1.54175
1932-09-06,3.833375
1932-09-07,1.458375
1932-09-08,3.0
1932-09-09,2.583125
1932-09-10,1.0
1932-09-11,1.08325
1932-09-12,0.70825
1932-09-13,1.124875
1932-09-14,1.541625
1932-09-15,1.125125
1932-09-16,0.750125
1932-09-17,0.8751249999999999
1932-09-18,2.333375
1932-09-19,3.125
1932-09-20,2.833125
1932-09-21,1.833375
1932-09-22,2.875
1932-09-23,3.7917500000000004
1932-09-24,4.45825
1932-09-25,4.79175
1932-09-26,3.083125
1932-09-27,2.791625
1932-09-28,1.54175
1932-09-29,1.916625
1932-09-30,2.29175
1932-10-01,1.54175
1932-10-02,2.125
1932-10-03,2.0416250000000002
1932-10-04,1.70825
1932-10-05,1.625
1932-10-06,0.875
1932-10-07,0.791625
1932-10-08,1.083375
1932-10-09,2.041625
1932-10-10,2.5
1932-10-11,1.625
1932-10-12,1.3752499999999999
1932-10-13,1.083375
1932-10-14,0.54175
1932-10-15,4.08325
1932-10-16,2.875
1932-10-17,3.0835
1932-10-18,1.25
1932-10-19,1.54175
1932-10-20,3.1252500000000003
1932-10-21,3.333375
1932-10-22,2.041625
1932-10-23,3.5
1932-10-24,2.5417500000000004
1932-10-25,1.833375
1932-10-26,1.041625
1932-10-27,2.625
1932-10-28,0.958375
1932-10-29,0.791625
1932-10-30,2.8751249999999997
1932-10-31,1.66675
1932-11-01,3.1251249999999997
1932-11-02,2.1667500000000004
1932-11-03,1.666625
1932-11-04,1.916625
1932-11-05,2.08325
1932-11-06,1.291625
1932-11-07,1.0835
1932-11-08,0.9584999999999999
1932-11-09,0.70825
1932-11-10,0.791625
1932-11-11,0.95825
1932-11-12,1.95825
1932-11-13,2.166625
1932-11-14,2.791625
1932-11-15,2.25
1932-11-16,4.375125
1932-11-17,2.958375
1932-11-18,2.416625
1932-11-19,1.958375
1932-11-20,1.750125
1932-11-21,1.083375
1932-11-22,0.7084999999999999
1932-11-23,0.83325
1932-11-24,0.375
1932-11-25,1.83325
1932-11-26,1.125
1932-11-27,0.75
1932-11-28,1.7085
1932-11-29,2.791625
1932-11-30,1.25
1932-12-01,1.29175
1932-12-02,1.416625
1932-12-03,1.125
1932-12-04,1.45825
1932-12-05,0.916625
1932-12-06,1.16675
1932-12-07,0.5
1932-12-08,2.7917499999999995
1932-12-09,2.9165
1932-12-10,2.2498750000000003
1932-12-11,1.0
1932-12-12,0.833375
1932-12-13,2.08325
1932-12-14,3.9167500000000004
1932-12-15,3.625
1932-12-16,3.2498750000000003
1932-12-17,3.25
1932-12-18,2.2915
1932-12-19,2.4582499999999996
1932-12-20,0.9165000000000001
1932-12-21,0.625
1932-12-22,0.7083750000000001
1932-12-23,0.541625
1932-12-24,0.75
1932-12-25,1.9165
1932-12-26,2.16675
1932-12-27,2.375
1932-12-28,2.208125
1932-12-29,1.249875
1932-12-30,1.958375
1932-12-31,2.4998750000000003
1933-01-01,2.833375
1933-01-02,2.4167500000000004
1933-01-03,1.3335
1933-01-04,0.541625
1933-01-05,0.291625
1933-01-06,2.7917500000000004
1933-01-07,1.75
1933-01-08,1.416625
1933-01-09,0.9998750000000001
1933-01-10,0.24987499999999999
1933-01-11,0.291625
1933-01-12,0.625
1933-01-13,0.79175
1933-01-14,1.041625
1933-01-15,3.0417500000000004
1933-01-16,1.791625
1933-01-17,1.41675
1933-01-18,0.958375
1933-01-19,2.3748750000000003
1933-01-20,2.041875
1933-01-21,0.45825
1933-01-22,2.79175
1933-01-23,2.958375
1933-01-24,2.7082499999999996
1933-01-25,2.958125
1933-01-26,3.25
1933-01-27,3.666875
1933-01-28,3.5417499999999995
1933-01-29,2.625
1933-01-30,2.5417500000000004
1933-01-31,1.83325
1933-02-01,0.58325
1933-02-02,2.4165
1933-02-03,0.91675
1933-02-04,1.08325
1933-02-05,1.041625
1933-02-06,0.625
1933-02-07,1.749875
1933-02-08,1.04175
1933-02-09,1.625
1933-02-10,0.9165000000000001
1933-02-11,0.291625
1933-02-12,0.91675
1933-02-13,0.333375
1933-02-14,1.958375
1933-02-15,2.4166250000000002
1933-02-16,0.5
1933-02-17,0.08325
1933-02-18,0.791625
1933-02-19,3.833375
1933-02-20,3.5001250000000006
1933-02-21,4.25
1933-02-22,4.25
1933-02-23,4.041625
1933-02-24,4.208375
1933-02-25,3.2917499999999995
1933-02-26,3.5415
1933-02-27,2.4582500000000005
1933-02-28,1.291625
1933-03-01,1.874875
1933-03-02,1.54175
1933-03-03,1.83325
1933-03-04,1.291625
1933-03-05,0.541625
1933-03-06,0.7498750000000001
1933-03-07,0.583375
1933-03-08,1.041625
1933-03-09,0.666625
1933-03-10,1.5
1933-03-11,1.999875
1933-03-12,1.66675
1933-03-13,2.2082499999999996
1933-03-14,1.75
1933-03-15,1.12525
1933-03-16,0.6667500000000001
1933-03-17,0.95825
1933-03-18,3.875
1933-03-19,3.791625
1933-03-20,4.333375
1933-03-21,3.6665
1933-03-22,3.8332500000000005
1933-03-23,4.0417499999999995
1933-03-24,4.124875
1933-03-25,2.7082499999999996
1933-03-26,1.708375
1933-03-27,2.833375
1933-03-28,2.9167500000000004
1933-03-29,2.6248750000000003
1933-03-30,2.00025
1933-03-31,2.166625
1933-04-01,2.291625
1933-04-02,1.791625
1933-04-03,2.666625
1933-04-04,2.2083749999999998
1933-04-05,1.5415
1933-04-06,2.291875
1933-04-07,2.8751249999999997
1933-04-08,2.375
1933-04-09,2.3751249999999997
1933-04-10,2.0832499999999996
1933-04-11,0.875
1933-04-12,0.375
1933-04-13,0.58325
1933-04-14,1.2915
1933-04-15,3.0002499999999994
1933-04-16,3.333375
1933-04-17,4.000125000000001
1933-04-18,3.458375
1933-04-19,3.8332499999999996
1933-04-20,3.4165
1933-04-21,3.3751250000000006
1933-04-22,3.4582500000000005
1933-04-23,3.1667500000000004
1933-04-24,2.2498750000000003
1933-04-25,1.958375
1933-04-26,2.249875
1933-04-27,1.291625
1933-04-28,1.75
1933-04-29,0.958375
1933-04-30,2.333375
1933-05-01,5.000125000000001
1933-05-02,2.70825
1933-05-03,2.7917500000000004
1933-05-04,2.7501249999999997
1933-05-05,2.7082499999999996
1933-05-06,3.25
1933-05-07,1.999875
1933-05-08,1.375
1933-05-09,0.541625
1933-05-10,0.9165000000000001
1933-05-11,0.958375
1933-05-12,0.458375
1933-05-13,1.875125
1933-05-14,2.3748750000000003
1933-05-15,2.7501249999999997
1933-05-16,1.791625
1933-05-17,2.166875
1933-05-18,3.208375
1933-05-19,2.083375
1933-05-20,1.0418749999999999
1933-05-21,1.2918749999999999
1933-05-22,1.375125
1933-05-23,1.125
1933-05-24,0.916625
1933-05-25,1.208375
1933-05-26,0.291625
1933-05-27,1.4165
1933-05-28,1.375125
1933-05-29,2.1248750000000003
1933-05-30,3.1251250000000006
1933-05-31,3.4167500000000004
1933-06-01,3.291625
1933-06-02,1.8335
1933-06-03,1.666625
1933-06-04,1.04175
1933-06-05,0.6665000000000001
1933-06-06,0.5415000000000001
1933-06-07,1.04175
1933-06-08,2.375
1933-06-09,2.125
1933-06-10,1.208375
1933-06-11,0.83325
1933-06-12,1.04175
1933-06-13,4.29175
1933-06-14,2.7501250000000006
1933-06-15,1.875
1933-06-16,0.833375
1933-06-17,1.125125
1933-06-18,0.875125
1933-06-19,1.958375
1933-06-20,3.041625
1933-06-21,1.70825
1933-06-22,0.875
1933-06-23,0.58325
1933-06-24,0.625125
1933-06-25,1.874875
1933-06-26,1.45825
1933-06-27,2.083375
1933-06-28,3.0001249999999997
1933-06-29,2.4165
1933-06-30,1.666625
1933-07-01,1.499875
1933-07-02,1.458375
1933-07-03,1.416625
1933-07-04,1.45825
1933-07-05,1.250125
1933-07-06,1.166625
1933-07-07,0.7083750000000001
1933-07-08,1.583375
1933-07-09,3.0417499999999995
1933-07-10,2.125
1933-07-11,2.2498750000000003
1933-07-12,1.66675
1933-07-13,0.916625
1933-07-14,1.0
1933-07-15,0.583375
1933-07-16,0.916375
1933-07-17,2.208125
1933-07-18,2.4167500000000004
1933-07-19,1.16675
1933-07-20,1.6252499999999999
1933-07-21,0.958375
1933-07-22,1.20825
1933-07-23,2.833375
1933-07-24,3.583375
1933-07-25,1.583375
1933-07-26,1.3751250000000002
1933-07-27,2.54175
1933-07-28,1.1666249999999998
1933-07-29,1.0
1933-07-30,0.91675
1933-07-31,1.125
1933-08-01,0.49987500000000007
1933-08-02,0.79175
1933-08-03,0.625
1933-08-04,0.5415
1933-08-05,3.7916250000000007
1933-08-06,3.1667500000000004
1933-08-07,1.4581250000000001
1933-08-08,1.500125
1933-08-09,0.625125
1933-08-10,0.7501249999999999
1933-08-11,0.5
1933-08-12,0.625
1933-08-13,2.9585
1933-08-14,2.458375
1933-08-15,2.041625
1933-08-16,1.25
1933-08-17,2.666625
1933-08-18,3.0
1933-08-19,2.625
1933-08-20,2.6667499999999995
1933-08-21,3.208375
1933-08-22,1.125
1933-08-23,2.666625
1933-08-24,2.8751250000000006
1933-08-25,1.999875
1933-08-26,2.08325
1933-08-27,1.3331250000000001
1933-08-28,0.750125
1933-08-29,0.79175
1933-08-30,0.833375
1933-08-31,0.5415000000000001
1933-09-01,1.75
1933-09-02,1.958375
1933-09-03,1.291625
1933-09-04,1.54175
1933-09-05,0.70825
1933-09-06,1.0835
1933-09-07,1.5002499999999999
1933-09-08,2.333375
1933-09-09,4.7085
1933-09-10,3.291625
1933-09-11,2.25
1933-09-12,2.208375
1933-09-13,2.9585
1933-09-14,3.333375
1933-09-15,3.666625
1933-09-16,2.8332499999999996
1933-09-17,2.416625
1933-09-18,2.4582499999999996
1933-09-19,2.54175
1933-09-20,2.0833749999999998
1933-09-21,2.1248750000000003
1933-09-22,1.666625
1933-09-23,1.749875
1933-09-24,1.5
1933-09-25,2.20825
1933-09-26,1.5415
1933-09-27,1.874875
1933-09-28,2.166625
1933-09-29,1.7085
1933-09-30,1.458375
1933-10-01,0.541625
1933-10-02,1.375125
1933-10-03,0.625
1933-10-04,1.916625
1933-10-05,3.333375
1933-10-06,2.708375
1933-10-07,3.833500000000001
1933-10-08,2.958375
1933-10-09,3.2915
1933-10-10,3.2915
1933-10-11,2.4585
1933-10-12,2.541625
1933-10-13,2.5
1933-10-14,3.3332499999999996
1933-10-15,1.875
1933-10-16,1.625
1933-10-17,1.41675
1933-10-18,3.2917499999999995
1933-10-19,1.2085
1933-10-20,1.333375
1933-10-21,0.9998750000000001
1933-10-22,0.9998750000000001
1933-10-23,0.8333750000000001
1933-10-24,2.041625
1933-10-25,2.833375
1933-10-26,2.2501249999999997
1933-10-27,1.2502499999999999
1933-10-28,1.08325
1933-10-29,0.70825
1933-10-30,0.875
1933-10-31,0.666625
1933-11-01,1.500125
1933-11-02,1.666625
1933-11-03,2.16675
1933-11-04,2.8332499999999996
1933-11-05,2.08325
1933-11-06,3.708500000000001
1933-11-07,3.7082499999999996
1933-11-08,4.0417499999999995
1933-11-09,2.7915
1933-11-10,2.3332500000000005
1933-11-11,3.333375
1933-11-12,1.875
1933-11-13,1.29175
1933-11-14,1.0415
1933-11-15,1.04175
1933-11-16,1.16675
1933-11-17,0.70825
1933-11-18,1.79175
1933-11-19,1.749875
1933-11-20,1.291625
1933-11-21,2.3335
1933-11-22,1.5418749999999999
1933-11-23,1.91675
1933-11-24,0.83325
1933-11-25,0.8751249999999999
1933-11-26,0.5833750000000001
1933-11-27,1.750125
1933-11-28,1.95825
1933-11-29,1.541625
1933-11-30,0.916625
1933-12-01,0.7498750000000001
1933-12-02,1.374875
1933-12-03,2.5832499999999996
1933-12-04,3.375
1933-12-05,3.625
1933-12-06,2.375
1933-12-07,2.458375
1933-12-08,1.0415
1933-12-09,2.5
1933-12-10,3.0832499999999996
1933-12-11,1.541625
1933-12-12,0.708125
1933-12-13,0.958375
1933-12-14,0.79175
1933-12-15,0.7915
1933-12-16,0.9167500000000001
1933-12-17,1.375125
1933-12-18,2.3335
1933-12-19,2.041625
1933-12-20,1.1248749999999998
1933-12-21,0.7915000000000001
1933-12-22,1.25
1933-12-23,0.7085
1933-12-24,0.4585
1933-12-25,1.041625
1933-12-26,1.41675
1933-12-27,0.9584999999999999
1933-12-28,0.91675
1933-12-29,1.250125
1933-12-30,0.20825000000000002
1933-12-31,0.583375
1934-01-01,2.708125
1934-01-02,2.6667500000000004
1934-01-03,1.2918749999999999
1934-01-04,0.58325
1934-01-05,0.416625
1934-01-06,0.33337500000000003
1934-01-07,0.70825
1934-01-08,1.08325
1934-01-09,0.49987499999999996
1934-01-10,0.9167500000000001
1934-01-11,1.0
1934-01-12,0.666625
1934-01-13,0.4165000000000001
1934-01-14,1.75
1934-01-15,1.6668749999999999
1934-01-16,1.83325
1934-01-17,0.7498750000000001
1934-01-18,1.75
1934-01-19,1.16675
1934-01-20,1.125125
1934-01-21,1.41675
1934-01-22,1.000125
1934-01-23,2.45825
1934-01-24,1.833375
1934-01-25,1.499875
1934-01-26,1.500125
1934-01-27,1.0
1934-01-28,1.166625
1934-01-29,2.291875
1934-01-30,1.625
1934-01-31,1.33325
1934-02-01,0.75
1934-02-02,0.99975
1934-02-03,1.250125
1934-02-04,2.416625
1934-02-05,1.833375
1934-02-06,0.6248750000000001
1934-02-07,1.0001250000000002
1934-02-08,1.166625
1934-02-09,3.6248749999999994
1934-02-10,2.25
1934-02-11,1.791625
1934-02-12,1.416625
1934-02-13,1.54175
1934-02-14,0.708375
1934-02-15,2.0
1934-02-16,3.083375
1934-02-17,3.25
1934-02-18,2.833375
1934-02-19,1.54175
1934-02-20,1.791625
1934-02-21,1.08325
1934-02-22,1.666625
1934-02-23,0.833375
1934-02-24,1.166625
1934-02-25,1.708375
1934-02-26,0.75
1934-02-27,0.916625
1934-02-28,1.0
1934-03-01,0.875
1934-03-02,2.8751250000000006
1934-03-03,1.374875
1934-03-04,2.125
1934-03-05,4.083375
1934-03-06,2.916625
1934-03-07,3.7917500000000004
1934-03-08,1.791625
1934-03-09,1.916625
1934-03-10,2.6248750000000003
1934-03-11,2.458375
1934-03-12,1.20825
1934-03-13,0.70825
1934-03-14,0.541625
1934-03-15,1.75
1934-03-16,2.041625
1934-03-17,1.708375
1934-03-18,2.04175
1934-03-19,1.041625
1934-03-20,0.791625
1934-03-21,0.916625
1934-03-22,2.66675
1934-03-23,2.416625
1934-03-24,1.791625
1934-03-25,3.3751250000000006
1934-03-26,1.416625
1934-03-27,1.333375
1934-03-28,1.625
1934-03-29,2.6667499999999995
1934-03-30,1.750125
1934-03-31,3.5835
1934-04-01,3.5416250000000007
1934-04-02,2.125125
1934-04-03,1.541625
1934-04-04,2.583375
1934-04-05,3.041875
1934-04-06,2.708375
1934-04-07,1.458375
1934-04-08,0.958375
1934-04-09,0.95825
1934-04-10,0.58325
1934-04-11,0.583375
1934-04-12,0.79175
1934-04-13,0.62475
1934-04-14,0.8748750000000001
1934-04-15,1.125
1934-04-16,2.7498750000000003
1934-04-17,0.70825
1934-04-18,0.24987499999999999
1934-04-19,0.91675
1934-04-20,1.499875
1934-04-21,1.0001250000000002
1934-04-22,1.416625
1934-04-23,0.83325
1934-04-24,1.25
1934-04-25,1.375
1934-04-26,0.749875
1934-04-27,0.958375
1934-04-28,0.70825
1934-04-29,0.333125
1934-04-30,0.75
1934-05-01,1.125
1934-05-02,2.583375
1934-05-03,2.8335
1934-05-04,1.291625
1934-05-05,1.083125
1934-05-06,1.25
1934-05-07,0.708375
1934-05-08,0.6665000000000001
1934-05-09,0.875
1934-05-10,1.291625
1934-05-11,2.20825
1934-05-12,2.6251250000000006
1934-05-13,1.5
1934-05-14,0.7498750000000001
1934-05-15,0.49975
1934-05-16,0.4165000000000001
1934-05-17,0.6248750000000001
1934-05-18,3.5415
1934-05-19,2.16675
1934-05-20,0.7915
1934-05-21,1.791625
1934-05-22,1.875125
1934-05-23,1.5
1934-05-24,1.1248749999999998
1934-05-25,1.4585
1934-05-26,1.0
1934-05-27,0.37487500000000007
1934-05-28,0.041625
1934-05-29,0.416625
1934-05-30,0.958375
1934-05-31,0.49987500000000007
1934-06-01,0.5415
1934-06-02,0.33325000000000005
1934-06-03,0.4165
1934-06-04,1.375
1934-06-05,3.1667499999999995
1934-06-06,2.541625
1934-06-07,1.125125
1934-06-08,1.75
1934-06-09,2.000125
1934-06-10,0.875
1934-06-11,1.666625
1934-06-12,2.1666250000000002
1934-06-13,0.7915000000000001
1934-06-14,1.08325
1934-06-15,1.625
1934-06-16,1.0
1934-06-17,1.041625
1934-06-18,2.0001249999999997
1934-06-19,0.875
1934-06-20,1.125
1934-06-21,0.249875
1934-06-22,0.333125
1934-06-23,0.791625
1934-06-24,0.583125
1934-06-25,0.4165000000000001
1934-06-26,0.24975
1934-06-27,1.20825
1934-06-28,1.1251250000000002
1934-06-29,0.791625
1934-06-30,0.416625
1934-07-01,1.20825
1934-07-02,0.7501249999999999
1934-07-03,2.5415
1934-07-04,2.1663750000000004
1934-07-05,1.83325
1934-07-06,1.208375
1934-07-07,1.16675
1934-07-08,1.0000000000000002
1934-07-09,1.416625
1934-07-10,0.5415000000000001
1934-07-11,0.9582499999999999
1934-07-12,0.95825
1934-07-13,0.9165000000000001
1934-07-14,1.458375
1934-07-15,1.458375
1934-07-16,1.791625
1934-07-17,0.83325
1934-07-18,0.95825
1934-07-19,0.70825
1934-07-20,0.7498750000000001
1934-07-21,0.583125
1934-07-22,0.33325000000000005
1934-07-23,0.375
1934-07-24,0.95825
1934-07-25,0.958375
1934-07-26,0.70825
1934-07-27,0.666625
1934-07-28,0.416625
1934-07-29,2.04175
1934-07-30,3.624999999999999
1934-07-31,2.125125
1934-08-01,2.541625
1934-08-02,1.958375
1934-08-03,3.2917500000000004
1934-08-04,2.666625
1934-08-05,1.875125
1934-08-06,1.79175
1934-08-07,1.416625
1934-08-08,1.2085
1934-08-09,0.6248750000000001
1934-08-10,1.166625
1934-08-11,1.33325
1934-08-12,1.4998749999999998
1934-08-13,1.83325
1934-08-14,1.666625
1934-08-15,1.500125
1934-08-16,1.2085
1934-08-17,2.083375
1934-08-18,1.916625
1934-08-19,2.1248750000000003
1934-08-20,0.70825
1934-08-21,1.25
1934-08-22,2.125
1934-08-23,0.791375
1934-08-24,0.5000000000000001
1934-08-25,0.58325
1934-08-26,2.54175
1934-08-27,3.2917500000000004
1934-08-28,3.500000000000001
1934-08-29,3.4167499999999995
1934-08-30,2.8748750000000003
1934-08-31,2.0835
1934-09-01,2.25
1934-09-02,3.291625
1934-09-03,2.875
1934-09-04,2.125
1934-09-05,0.833375
1934-09-06,1.29175
1934-09-07,1.375125
1934-09-08,1.416625
1934-09-09,0.583125
1934-09-10,0.45825000000000005
1934-09-11,1.45825
1934-09-12,1.875125
1934-09-13,0.5
1934-09-14,0.58325
1934-09-15,0.7498750000000001
1934-09-16,2.458375
1934-09-17,2.541625
1934-09-18,1.1665
1934-09-19,1.45825
1934-09-20,2.083375
1934-09-21,1.125
1934-09-22,1.833375
1934-09-23,0.83325
1934-09-24,3.708375
1934-09-25,5.04175
1934-09-26,2.2501249999999997
1934-09-27,3.3751249999999997
1934-09-28,2.0833749999999998
1934-09-29,1.375125
1934-09-30,2.583125
1934-10-01,1.541625
1934-10-02,1.3335
1934-10-03,0.625
1934-10-04,0.9584999999999999
1934-10-05,1.0
1934-10-06,1.0
1934-10-07,1.124875
1934-10-08,0.416625
1934-10-09,0.20825
1934-10-10,0.208125
1934-10-11,0.20825
1934-10-12,1.625
1934-10-13,2.3751249999999997
1934-10-14,1.333375
1934-10-15,2.375
1934-10-16,0.666625
1934-10-17,1.333375
1934-10-18,0.83325
1934-10-19,0.08325
1934-10-20,1.2915
1934-10-21,1.5
1934-10-22,1.583375
1934-10-23,0.6667500000000001
1934-10-24,3.541625
1934-10-25,3.0
1934-10-26,2.8332500000000005
1934-10-27,1.833375
1934-10-28,1.33325
1934-10-29,0.5
1934-10-30,0.6665
1934-10-31,0.625
1934-11-01,0.20825000000000002
1934-11-02,0.4165
1934-11-03,0.916625
1934-11-04,0.75
1934-11-05,1.08325
1934-11-06,0.5833750000000001
1934-11-07,3.4167499999999995
1934-11-08,2.875
1934-11-09,2.04175
1934-11-10,1.20825
1934-11-11,0.9998750000000001
1934-11-12,0.958375
1934-11-13,1.208375
1934-11-14,1.208375
1934-11-15,0.583375
1934-11-16,0.6665000000000001
1934-11-17,0.95825
1934-11-18,1.0
1934-11-19,1.0
1934-11-20,0.20825000000000002
1934-11-21,0.375
1934-11-22,0.08325
1934-11-23,0.2915
1934-11-24,1.20825
1934-11-25,2.041625
1934-11-26,0.49987500000000007
1934-11-27,0.7498750000000001
1934-11-28,1.4168749999999999
1934-11-29,1.0414999999999999
1934-11-30,0.20825
1934-12-01,2.2085
1934-12-02,1.4165
1934-12-03,2.25
1934-12-04,4.1665
1934-12-05,2.5001249999999997
1934-12-06,0.8335
1934-12-07,1.70825
1934-12-08,1.25
1934-12-09,0.833375
1934-12-10,0.6248750000000001
1934-12-11,1.20825
1934-12-12,0.541625
1934-12-13,0.541625
1934-12-14,0.708375
1934-12-15,1.791625
1934-12-16,0.20825
1934-12-17,0.20825000000000002
1934-12-18,0.70825
1934-12-19,1.291625
1934-12-20,0.791625
1934-12-21,2.166625
1934-12-22,1.625
1934-12-23,0.291625
1934-12-24,2.16675
1934-12-25,2.708375
1934-12-26,1.4585
1934-12-27,0.45825000000000005
1934-12-28,0.95825
1934-12-29,3.1251249999999997
1934-12-30,3.8751249999999997
1934-12-31,2.3751249999999997
1935-01-01,2.29175
1935-01-02,2.25
1935-01-03,2.458125
1935-01-04,2.375
1935-01-05,1.124875
1935-01-06,0.25012500000000004
1935-01-07,0.791625
1935-01-08,0.708375
1935-01-09,0.45825000000000005
1935-01-10,0.9585
1935-01-11,1.541625
1935-01-12,1.08325
1935-01-13,1.416625
1935-01-14,0.66675
1935-01-15,1.91675
1935-01-16,0.83325
1935-01-17,3.7498750000000003
1935-01-18,2.875
1935-01-19,1.583375
1935-01-20,1.375
1935-01-21,1.916625
1935-01-22,2.16675
1935-01-23,3.25
1935-01-24,2.8748750000000003
1935-01-25,2.0
1935-01-26,1.875
1935-01-27,2.041625
1935-01-28,2.750125
1935-01-29,0.58325
1935-01-30,1.45825
1935-01-31,2.0001249999999997
1935-02-01,2.5417500000000004
1935-02-02,3.6248749999999994
1935-02-03,2.208375
1935-02-04,1.125
1935-02-05,0.916625
1935-02-06,0.833375
1935-02-07,1.416875
1935-02-08,2.0416250000000002
1935-02-09,1.416625
1935-02-10,1.41675
1935-02-11,0.458375
1935-02-12,1.208375
1935-02-13,3.833375
1935-02-14,3.75
1935-02-15,2.4998750000000003
1935-02-16,2.12475
1935-02-17,1.791625
1935-02-18,2.20825
1935-02-19,0.95825
1935-02-20,1.875
1935-02-21,3.208375
1935-02-22,1.5415
1935-02-23,2.041625
1935-02-24,2.25
1935-02-25,2.2500000000000004
1935-02-26,2.9165
1935-02-27,0.541625
1935-02-28,0.45812500000000006
1935-03-01,2.33325
1935-03-02,2.20825
1935-03-03,2.2085
1935-03-04,1.166625
1935-03-05,1.041625
1935-03-06,1.000125
1935-03-07,1.000125
1935-03-08,1.416625
1935-03-09,1.291625
1935-03-10,1.125
1935-03-11,1.791625
1935-03-12,0.83325
1935-03-13,3.4167500000000004
1935-03-14,4.5
1935-03-15,4.125125
1935-03-16,3.1251249999999997
1935-03-17,2.5417500000000004
1935-03-18,1.791625
1935-03-19,1.625
1935-03-20,2.0835
1935-03-21,2.916625
1935-03-22,1.249875
1935-03-23,1.208375
1935-03-24,2.6665
1935-03-25,1.7081250000000001
1935-03-26,1.25
1935-03-27,1.2085
1935-03-28,0.5
1935-03-29,0.416625
1935-03-30,2.08325
1935-03-31,1.5835
1935-04-01,0.166625
1935-04-02,0.1665
1935-04-03,0.375
1935-04-04,1.000125
1935-04-05,0.541625
1935-04-06,0.16675
1935-04-07,0.249875
1935-04-08,1.7085
1935-04-09,2.4583749999999998
1935-04-10,3.25
1935-04-11,5.083375
1935-04-12,4.04175
1935-04-13,3.708375
1935-04-14,1.79175
1935-04-15,1.458375
1935-04-16,1.958375
1935-04-17,1.625
1935-04-18,2.25
1935-04-19,1.291625
1935-04-20,0.7498750000000001
1935-04-21,0.7498750000000001
1935-04-22,0.541625
1935-04-23,1.375125
1935-04-24,1.291625
1935-04-25,0.916625
1935-04-26,0.541625
1935-04-27,0.45825000000000005
1935-04-28,0.166625
1935-04-29,0.1665
1935-04-30,0.875
1935-05-01,2.791625
1935-05-02,1.91675
1935-05-03,1.041625
1935-05-04,0.58325
1935-05-05,0.333125
1935-05-06,0.33325000000000005
1935-05-07,0.4165000000000001
1935-05-08,0.25
1935-05-09,0.20825000000000002
1935-05-10,1.916625
1935-05-11,2.583375
1935-05-12,2.2501249999999997
1935-05-13,1.708375
1935-05-14,0.916625
1935-05-15,0.91675
1935-05-16,2.4586250000000005
1935-05-17,0.416625
1935-05-18,1.041625
1935-05-19,1.208375
1935-05-20,2.70825
1935-05-21,1.2915
1935-05-22,1.54175
1935-05-23,0.541625
1935-05-24,0.25
1935-05-25,0.49987500000000007
1935-05-26,1.08325
1935-05-27,0.958375
1935-05-28,0.5
1935-05-29,0.95825
1935-05-30,1.791625
1935-05-31,1.0
1935-06-01,0.625
1935-06-02,0.4583750000000001
1935-06-03,0.541625
1935-06-04,2.16675
1935-06-05,1.500125
1935-06-06,1.3331250000000001
1935-06-07,3.3332499999999996
1935-06-08,3.916625
1935-06-09,3.708375
1935-06-10,3.583375
1935-06-11,2.6667499999999995
1935-06-12,1.416625
1935-06-13,1.666625
1935-06-14,0.95825
1935-06-15,0.249875
1935-06-16,0.62475
1935-06-17,1.5418749999999999
1935-06-18,3.9583749999999993
1935-06-19,2.875
1935-06-20,1.916625
1935-06-21,1.41675
1935-06-22,0.58325
1935-06-23,0.79175
1935-06-24,0.625
1935-06-25,0.49975
1935-06-26,0.62475
1935-06-27,1.0
1935-06-28,1.875
1935-06-29,1.833375
1935-06-30,1.91675
1935-07-01,1.083375
1935-07-02,1.375
1935-07-03,0.583375
1935-07-04,0.708375
1935-07-05,0.41637500000000005
1935-07-06,0.49987500000000007
1935-07-07,0.875
1935-07-08,2.958375
1935-07-09,2.04175
1935-07-10,0.70825
1935-07-11,1.4581250000000001
1935-07-12,1.0835
1935-07-13,0.8748750000000001
1935-07-14,2.166625
1935-07-15,1.375
1935-07-16,1.125
1935-07-17,0.37475
1935-07-18,0.6665
1935-07-19,1.9581250000000001
1935-07-20,0.875
1935-07-21,1.000125
1935-07-22,2.3748750000000003
1935-07-23,1.666625
1935-07-24,3.125
1935-07-25,4.16675
1935-07-26,1.125125
1935-07-27,1.541625
1935-07-28,1.041625
1935-07-29,1.624875
1935-07-30,0.5830000000000001
1935-07-31,1.041625
1935-08-01,1.625125
1935-08-02,0.7498750000000001
1935-08-03,0.41662500000000013
1935-08-04,0.583375
1935-08-05,1.125
1935-08-06,1.7915
1935-08-07,1.124875
1935-08-08,0.791625
1935-08-09,0.9998750000000001
1935-08-10,1.1251250000000002
1935-08-11,0.583375
1935-08-12,0.4581250000000001
1935-08-13,0.833375
1935-08-14,0.24987499999999999
1935-08-15,0.8332499999999999
1935-08-16,1.333375
1935-08-17,0.37487499999999996
1935-08-18,0.37487500000000007
1935-08-19,1.791625
1935-08-20,2.29175
1935-08-21,2.458375
1935-08-22,2.08325
1935-08-23,2.333375
1935-08-24,1.41675
1935-08-25,1.583375
1935-08-26,0.7917500000000001
1935-08-27,1.875125
1935-08-28,1.91675
1935-08-29,0.95825
1935-08-30,1.45825
1935-08-31,1.75
1935-09-01,1.45825
1935-09-02,0.29150000000000004
1935-09-03,0.8748750000000001
1935-09-04,1.583375
1935-09-05,1.458375
1935-09-06,1.04175
1935-09-07,1.79175
1935-09-08,0.916625
1935-09-09,1.33325
1935-09-10,2.6665
1935-09-11,4.875
1935-09-12,2.4582499999999996
1935-09-13,0.75
1935-09-14,0.9998750000000001
1935-09-15,2.166875
1935-09-16,2.708375
1935-09-17,3.5417500000000004
1935-09-18,3.2501250000000006
1935-09-19,2.7082499999999996
1935-09-20,1.1665
1935-09-21,0.5
1935-09-22,0.33325000000000005
1935-09-23,3.6251249999999997
1935-09-24,2.8751250000000006
1935-09-25,4.666499999999999
1935-09-26,2.8332499999999996
1935-09-27,2.291625
1935-09-28,2.208375
1935-09-29,1.750125
1935-09-30,3.0417500000000004
1935-10-01,2.2915
1935-10-02,1.208375
1935-10-03,0.416625
1935-10-04,0.79175
1935-10-05,0.4166250000000001
1935-10-06,0.125
1935-10-07,2.125
1935-10-08,1.291625
1935-10-09,1.0
1935-10-10,1.958375
1935-10-11,2.041625
1935-10-12,0.875
1935-10-13,0.833375
1935-10-14,2.250125
1935-10-15,3.208375
1935-10-16,2.7916250000000002
1935-10-17,2.58325
1935-10-18,2.4166250000000002
1935-10-19,1.833375
1935-10-20,3.9167500000000004
1935-10-21,4.208375
1935-10-22,3.250125
1935-10-23,1.416625
1935-10-24,3.7082499999999996
1935-10-25,2.25
1935-10-26,0.9998750000000001
1935-10-27,3.666625
1935-10-28,2.958375
1935-10-29,1.7913750000000002
1935-10-30,2.5832500000000005
1935-10-31,3.333375
1935-11-01,1.791625
1935-11-02,2.7082500000000005
1935-11-03,2.3748750000000003
1935-11-04,0.5417500000000001
1935-11-05,3.0417500000000004
1935-11-06,2.0
1935-11-07,0.75025
1935-11-08,1.5
1935-11-09,0.791625
1935-11-10,0.2915
1935-11-11,1.4164999999999999
1935-11-12,3.8332499999999996
1935-11-13,3.1667499999999995
1935-11-14,3.4165
1935-11-15,0.791625
1935-11-16,0.95825
1935-11-17,0.83325
1935-11-18,1.291625
1935-11-19,2.4167500000000004
1935-11-20,2.333125
1935-11-21,1.416625
1935-11-22,0.91675
1935-11-23,0.833375
1935-11-24,0.70825
1935-11-25,0.33325000000000005
1935-11-26,0.291625
1935-11-27,1.4165
1935-11-28,1.041625
1935-11-29,1.7085000000000001
1935-11-30,3.4165
1935-12-01,3.25
1935-12-02,2.7082499999999996
1935-12-03,2.29175
1935-12-04,0.7083750000000001
1935-12-05,0.666625
1935-12-06,0.541625
1935-12-07,1.58325
1935-12-08,1.5
1935-12-09,1.25
1935-12-10,1.25
1935-12-11,1.124875
1935-12-12,1.666625
1935-12-13,2.333125
1935-12-14,2.541875
1935-12-15,3.4167500000000004
1935-12-16,3.2917500000000004
1935-12-17,1.958375
1935-12-18,1.875125
1935-12-19,1.458375
1935-12-20,1.16675
1935-12-21,0.8748750000000001
1935-12-22,0.33325000000000005
1935-12-23,0.0
1935-12-24,0.7915000000000001
1935-12-25,2.20825
1935-12-26,3.166625
1935-12-27,3.25
1935-12-28,3.583375
1935-12-29,2.4998750000000003
1935-12-30,1.999875
1935-12-31,1.499875
1936-01-01,1.04175
1936-01-02,0.7082499999999999
1936-01-03,0.49987500000000007
1936-01-04,0.33325000000000005
1936-01-05,0.70825
1936-01-06,0.2915
1936-01-07,0.33337500000000003
1936-01-08,2.20825
1936-01-09,2.5
1936-01-10,2.6667500000000004
1936-01-11,1.66675
1936-01-12,2.9582499999999996
1936-01-13,3.0
1936-01-14,2.041625
1936-01-15,1.708375
1936-01-16,0.58325
1936-01-17,1.041625
1936-01-18,3.208375
1936-01-19,2.083125
1936-01-20,1.291625
1936-01-21,1.874875
1936-01-22,2.4998750000000003
1936-01-23,1.666625
1936-01-24,2.8748750000000003
1936-01-25,3.2917500000000004
1936-01-26,3.5417500000000004
1936-01-27,2.2498750000000003
1936-01-28,2.4167500000000004
1936-01-29,1.333375
1936-01-30,2.3748750000000003
1936-01-31,1.875
1936-02-01,0.95825
1936-02-02,1.5
1936-02-03,1.958375
1936-02-04,2.04175
1936-02-05,1.083375
1936-02-06,0.791625
1936-02-07,0.833375
1936-02-08,1.041625
1936-02-09,3.083375
1936-02-10,3.208375
1936-02-11,1.958375
1936-02-12,0.791625
1936-02-13,0.333125
1936-02-14,1.9585
1936-02-15,2.208375
1936-02-16,3.4998750000000003
1936-02-17,3.75
1936-02-18,1.624875
1936-02-19,3.5415
1936-02-20,1.833375
1936-02-21,3.5
1936-02-22,3.666625
1936-02-23,2.83325
1936-02-24,1.9165
1936-02-25,2.0835
1936-02-26,2.916625
1936-02-27,2.8748750000000003
1936-02-28,0.66675
1936-02-29,1.416625
1936-03-01,0.91675
1936-03-02,0.49987499999999996
1936-03-03,0.208125
1936-03-04,0.2915
1936-03-05,1.458375
1936-03-06,1.500125
1936-03-07,0.7498750000000001
1936-03-08,2.0835
1936-03-09,1.9167500000000002
1936-03-10,1.375125
1936-03-11,0.208125
1936-03-12,0.416625
1936-03-13,0.75
1936-03-14,0.875
1936-03-15,1.708375
1936-03-16,0.95825
1936-03-17,1.875125
1936-03-18,2.416625
1936-03-19,2.0413750000000004
1936-03-20,3.2082499999999996
1936-03-21,3.6666250000000007
1936-03-22,2.625
1936-03-23,3.4167499999999995
1936-03-24,3.9582500000000005
1936-03-25,3.125
1936-03-26,2.791625
1936-03-27,2.7085
1936-03-28,1.7915
1936-03-29,1.8335
1936-03-30,0.916625
1936-03-31,1.79175
1936-04-01,2.2917499999999995
1936-04-02,2.0001249999999997
1936-04-03,2.541625
1936-04-04,1.5831250000000001
1936-04-05,0.54175
1936-04-06,0.83325
1936-04-07,1.16675
1936-04-08,2.2916250000000002
1936-04-09,1.04175
1936-04-10,0.875
1936-04-11,1.791625
1936-04-12,2.66675
1936-04-13,3.0
1936-04-14,2.04175
1936-04-15,3.208375
1936-04-16,1.625
1936-04-17,2.375
1936-04-18,4.291625
1936-04-19,4.2085
1936-04-20,4.124875
1936-04-21,4.625
1936-04-22,5.041625000000001
1936-04-23,4.208375
1936-04-24,2.41675
1936-04-25,1.958375
1936-04-26,1.0
1936-04-27,0.791625
1936-04-28,1.75
1936-04-29,0.583375
1936-04-30,1.70825
1936-05-01,1.4585
1936-05-02,1.125125
1936-05-03,0.7498750000000001
1936-05-04,3.1251249999999997
1936-05-05,1.291625
1936-05-06,0.58325
1936-05-07,0.708375
1936-05-08,0.5415000000000001
1936-05-09,0.1665
1936-05-10,2.4165
1936-05-11,2.7501250000000006
1936-05-12,3.6665
1936-05-13,1.58325
1936-05-14,2.416625
1936-05-15,2.4585
1936-05-16,3.7498749999999994
1936-05-17,2.3335
1936-05-18,3.791875
1936-05-19,3.7915
1936-05-20,3.125
1936-05-21,2.125
1936-05-22,1.500125
1936-05-23,0.7084999999999999
1936-05-24,0.08325
1936-05-25,0.83325
1936-05-26,2.1248750000000003
1936-05-27,1.625
1936-05-28,1.54175
1936-05-29,2.7501249999999997
1936-05-30,2.125125
1936-05-31,1.6668749999999999
1936-06-01,2.791625
1936-06-02,3.625
1936-06-03,2.375125
1936-06-04,1.54175
1936-06-05,0.875
1936-06-06,0.333125
1936-06-07,1.124875
1936-06-08,2.6251249999999997
1936-06-09,4.54175
1936-06-10,3.2083749999999993
1936-06-11,2.0
1936-06-12,1.874875
1936-06-13,2.416625
1936-06-14,2.833375
1936-06-15,3.416625
1936-06-16,2.791625
1936-06-17,1.5835
1936-06-18,2.250125
1936-06-19,5.25
1936-06-20,2.250125
1936-06-21,1.1248749999999998
1936-06-22,1.291625
1936-06-23,0.541625
1936-06-24,1.5
1936-06-25,0.83325
1936-06-26,1.875
1936-06-27,0.958375
1936-06-28,0.70825
1936-06-29,0.624875
1936-06-30,0.58325
1936-07-01,0.750125
1936-07-02,4.124874999999999
1936-07-03,1.5831250000000001
1936-07-04,0.958375
1936-07-05,2.9997499999999997
1936-07-06,3.958375
1936-07-07,2.541625
1936-07-08,2.208375
1936-07-09,1.125
1936-07-10,3.6665
1936-07-11,4.16675
1936-07-12,2.2501249999999997
1936-07-13,2.4582500000000005
1936-07-14,0.8333750000000001
1936-07-15,1.1252499999999999
1936-07-16,2.166875
1936-07-17,2.6248750000000003
1936-07-18,2.08325
1936-07-19,1.541625
1936-07-20,1.624875
1936-07-21,0.5832499999999999
1936-07-22,0.7498750000000001
1936-07-23,0.1665
1936-07-24,0.58325
1936-07-25,1.375
1936-07-26,0.7081250000000001
1936-07-27,1.166625
1936-07-28,1.666625
1936-07-29,3.2085
1936-07-30,1.583375
1936-07-31,1.666625
1936-08-01,1.6668749999999999
1936-08-02,1.291625
1936-08-03,1.0835
1936-08-04,1.208375
1936-08-05,1.83325
1936-08-06,1.83325
1936-08-07,0.291625
1936-08-08,1.70825
1936-08-09,1.958375
1936-08-10,1.999875
1936-08-11,0.49987500000000007
1936-08-12,1.0415
1936-08-13,1.125125
1936-08-14,0.75
1936-08-15,1.166625
1936-08-16,0.708375
1936-08-17,0.6248750000000001
1936-08-18,0.291625
1936-08-19,0.45825000000000005
1936-08-20,1.125
1936-08-21,0.8331250000000001
1936-08-22,0.7084999999999999
1936-08-23,0.33325000000000005
1936-08-24,0.5
1936-08-25,1.083375
1936-08-26,0.7081250000000001
1936-08-27,1.5835
1936-08-28,1.416625
1936-08-29,0.83325
1936-08-30,2.8332499999999996
1936-08-31,1.541625
1936-09-01,0.6248750000000001
1936-09-02,1.166625
1936-09-03,0.5
1936-09-04,1.58325
1936-09-05,1.20825
1936-09-06,0.7498750000000001
1936-09-07,0.12487500000000001
1936-09-08,1.125
1936-09-09,1.875
1936-09-10,1.624875
1936-09-11,2.5417500000000004
1936-09-12,1.2081250000000001
1936-09-13,0.166625
1936-09-14,0.625
1936-09-15,1.0
1936-09-16,0.08325
1936-09-17,0.49987499999999996
1936-09-18,1.333375
1936-09-19,0.291625
1936-09-20,0.458125
1936-09-21,0.95825
1936-09-22,1.33325
1936-09-23,2.0
1936-09-24,1.000125
1936-09-25,0.20825
1936-09-26,3.291625
1936-09-27,1.250125
1936-09-28,1.2915
1936-09-29,2.375125
1936-09-30,0.45825000000000005
1936-10-01,1.708375
1936-10-02,0.45825000000000005
1936-10-03,0.5417500000000001
1936-10-04,0.4165
1936-10-05,1.66675
1936-10-06,2.4585
1936-10-07,2.4167499999999995
1936-10-08,2.416625
1936-10-09,2.6251249999999997
1936-10-10,3.2083749999999998
1936-10-11,0.75
1936-10-12,0.374875
1936-10-13,0.583375
1936-10-14,1.083375
1936-10-15,2.125
1936-10-16,3.0
1936-10-17,3.7082499999999996
1936-10-18,1.625
1936-10-19,1.20825
1936-10-20,1.916625
1936-10-21,0.708375
1936-10-22,0.20825
1936-10-23,1.249875
1936-10-24,2.958375
1936-10-25,1.0835000000000001
1936-10-26,0.7083750000000001
1936-10-27,0.08325
1936-10-28,0.54175
1936-10-29,1.0
1936-10-30,0.541625
1936-10-31,3.291625
1936-11-01,0.625
1936-11-02,0.95825
1936-11-03,3.291625
1936-11-04,2.1665
1936-11-05,2.083375
1936-11-06,1.9585
1936-11-07,2.166625
1936-11-08,1.916625
1936-11-09,1.75
1936-11-10,1.791625
1936-11-11,3.2917500000000004
1936-11-12,1.374875
1936-11-13,0.08325
1936-11-14,0.9165000000000001
1936-11-15,2.8752500000000003
1936-11-16,2.958375
1936-11-17,1.95825
1936-11-18,3.1248749999999994
1936-11-19,2.3748750000000003
1936-11-20,1.791625
1936-11-21,0.8748750000000001
1936-11-22,0.45825000000000005
1936-11-23,0.2915
1936-11-24,0.375
1936-11-25,0.25
1936-11-26,1.04175
1936-11-27,0.2915
1936-11-28,0.833375
1936-11-29,4.749874999999999
1936-11-30,1.5
1936-12-01,1.958375
1936-12-02,1.4165
1936-12-03,1.75
1936-12-04,2.250125
1936-12-05,1.875
1936-12-06,1.79175
1936-12-07,1.208375
1936-12-08,0.70825
1936-12-09,0.4165000000000001
1936-12-10,0.333125
1936-12-11,0.6665000000000001
1936-12-12,1.375
1936-12-13,1.7918749999999999
1936-12-14,1.58325
1936-12-15,0.5000000000000001
1936-12-16,0.45825
1936-12-17,0.5
1936-12-18,0.75
1936-12-19,0.166625
1936-12-20,0.833125
1936-12-21,1.791625
1936-12-22,0.29175
1936-12-23,0.8751249999999999
1936-12-24,0.208375
1936-12-25,0.25
1936-12-26,0.24987499999999999
1936-12-27,2.3335
1936-12-28,4.250125000000001
1936-12-29,1.3751250000000002
1936-12-30,0.625
1936-12-31,0.66675
1937-01-01,0.41650000000000004
1937-01-02,1.33325
1937-01-03,1.5835
1937-01-04,1.75
1937-01-05,0.8748750000000001
1937-01-06,0.875
1937-01-07,2.541625
1937-01-08,1.125
1937-01-09,2.9998750000000003
1937-01-10,3.416625
1937-01-11,2.625
1937-01-12,2.3332499999999996
1937-01-13,2.2085000000000004
1937-01-14,1.125125
1937-01-15,0.33325000000000005
1937-01-16,0.666625
1937-01-17,0.916625
1937-01-18,0.66675
1937-01-19,0.583375
1937-01-20,1.250125
1937-01-21,2.875
1937-01-22,1.0831250000000001
1937-01-23,0.5833750000000001
1937-01-24,0.41674999999999995
1937-01-25,0.375
1937-01-26,0.5415000000000001
1937-01-27,2.5832499999999996
1937-01-28,2.625
1937-01-29,1.75
1937-01-30,2.04175
1937-01-31,0.708375
1937-02-01,1.875
1937-02-02,1.20825
1937-02-03,4.958375
1937-02-04,2.7915
1937-02-05,3.1251249999999997
1937-02-06,2.8751249999999997
1937-02-07,2.1248750000000003
1937-02-08,1.125
1937-02-09,3.416625
1937-02-10,2.875
1937-02-11,2.666625
1937-02-12,2.45825
1937-02-13,2.708375
1937-02-14,2.2915
1937-02-15,2.416625
1937-02-16,2.541625
1937-02-17,2.291625
1937-02-18,2.375
1937-02-19,3.916625
1937-02-20,2.583375
1937-02-21,2.5001249999999997
1937-02-22,2.125
1937-02-23,1.0
1937-02-24,1.750125
1937-02-25,1.75
1937-02-26,1.3747500000000001
1937-02-27,1.874875
1937-02-28,1.875
1937-03-01,3.2501249999999997
1937-03-02,3.5417500000000004
1937-03-03,0.49987500000000007
1937-03-04,1.083375
1937-03-05,4.08325
1937-03-06,1.416625
1937-03-07,0.45825000000000005
1937-03-08,0.41674999999999995
1937-03-09,1.75
1937-03-10,1.333375
1937-03-11,0.83325
1937-03-12,0.12487500000000001
1937-03-13,1.458375
1937-03-14,2.958375
1937-03-15,3.333375
1937-03-16,1.375
1937-03-17,2.083375
1937-03-18,1.45825
1937-03-19,0.916625
1937-03-20,1.0418749999999999
1937-03-21,1.16675
1937-03-22,3.4998749999999994
1937-03-23,2.2082499999999996
1937-03-24,1.91675
1937-03-25,1.4165
1937-03-26,1.95825
1937-03-27,4.0832500000000005
1937-03-28,3.1667500000000004
1937-03-29,1.4585
1937-03-30,2.04175
1937-03-31,4.791625000000001
1937-04-01,1.83325
1937-04-02,3.5
1937-04-03,3.791875
1937-04-04,2.08325
1937-04-05,1.166625
1937-04-06,1.20825
1937-04-07,1.2083750000000002
1937-04-08,0.54175
1937-04-09,0.2915
1937-04-10,0.37475
1937-04-11,1.875
1937-04-12,2.83325
1937-04-13,2.083375
1937-04-14,0.8331250000000001
1937-04-15,1.125
1937-04-16,0.95825
1937-04-17,1.541625
1937-04-18,2.5001249999999997
1937-04-19,2.333375
1937-04-20,1.999875
1937-04-21,2.41675
1937-04-22,1.08325
1937-04-23,1.374875
1937-04-24,3.833375
1937-04-25,4.708375
1937-04-26,4.75
1937-04-27,4.541625
1937-04-28,6.75
1937-04-29,3.2917500000000004
1937-04-30,3.5416250000000007
1937-05-01,3.125
1937-05-02,1.625
1937-05-03,1.916625
1937-05-04,2.6667500000000004
1937-05-05,4.83325
1937-05-06,0.5833750000000001
1937-05-07,0.916625
1937-05-08,0.875
1937-05-09,2.833375
1937-05-10,2.458375
1937-05-11,2.25
1937-05-12,1.25
1937-05-13,1.41675
1937-05-14,2.333375
1937-05-15,2.20825
1937-05-16,2.4165
1937-05-17,1.25
1937-05-18,1.2085
1937-05-19,1.7915
1937-05-20,0.666625
1937-05-21,1.41675
1937-05-22,1.2085
1937-05-23,1.66675
1937-05-24,1.208375
1937-05-25,3.125
1937-05-26,2.8751249999999997
1937-05-27,3.4582499999999996
1937-05-28,5.041875000000001
1937-05-29,3.6666250000000007
1937-05-30,2.416625
1937-05-31,1.95825
1937-06-01,2.25
1937-06-02,1.83325
1937-06-03,1.375
1937-06-04,1.83325
1937-06-05,3.2083749999999993
1937-06-06,4.625
1937-06-07,2.333375
1937-06-08,1.875
1937-06-09,1.250125
1937-06-10,1.874875
1937-06-11,1.416625
1937-06-12,0.66675
1937-06-13,3.0001250000000006
1937-06-14,2.2501249999999997
1937-06-15,1.833375
1937-06-16,2.583375
1937-06-17,2.9582499999999996
1937-06-18,2.41675
1937-06-19,1.291625
1937-06-20,3.6665
1937-06-21,2.083375
1937-06-22,3.041625
1937-06-23,1.499875
1937-06-24,2.916625
1937-06-25,2.4582500000000005
1937-06-26,0.8747500000000001
1937-06-27,3.9998750000000003
1937-06-28,2.7082500000000005
1937-06-29,1.91675
1937-06-30,1.4585
1937-07-01,2.291625
1937-07-02,1.583375
1937-07-03,1.125
1937-07-04,1.04175
1937-07-05,2.4167499999999995
1937-07-06,2.75
1937-07-07,2.7082499999999996
1937-07-08,1.125
1937-07-09,2.58325
1937-07-10,1.833375
1937-07-11,2.291625
1937-07-12,1.33325
1937-07-13,1.208375
1937-07-14,3.958125
1937-07-15,2.625
1937-07-16,1.583375
1937-07-17,1.83325
1937-07-18,1.20825
1937-07-19,2.70825
1937-07-20,3.2082499999999996
1937-07-21,2.4167500000000004
1937-07-22,4.291625
1937-07-23,3.5
1937-07-24,4.083375
1937-07-25,3.5835
1937-07-26,2.2917500000000004
1937-07-27,1.3331250000000001
1937-07-28,1.0835
1937-07-29,0.7915
1937-07-30,1.416625
1937-07-31,1.166625
1937-08-01,2.125
1937-08-02,4.75
1937-08-03,2.8332499999999996
1937-08-04,3.2498750000000003
1937-08-05,1.791625
1937-08-06,2.25
1937-08-07,2.291625
1937-08-08,0.9581250000000001
1937-08-09,1.20825
1937-08-10,1.124875
1937-08-11,1.04175
1937-08-12,1.12525
1937-08-13,0.91675
1937-08-14,1.125
1937-08-15,1.750125
1937-08-16,0.5415000000000001
1937-08-17,0.916625
1937-08-18,0.91675
1937-08-19,1.166625
1937-08-20,0.791625
1937-08-21,1.29175
1937-08-22,4.791625
1937-08-23,1.250125
1937-08-24,0.4165
1937-08-25,0.58325
1937-08-26,1.583375
1937-08-27,2.9165
1937-08-28,2.458375
1937-08-29,1.66675
1937-08-30,0.541625
1937-08-31,0.7498750000000001
1937-09-01,2.33325
1937-09-02,0.75
1937-09-03,1.041625
1937-09-04,1.75
1937-09-05,2.083375
1937-09-06,1.666625
1937-09-07,1.625
1937-09-08,1.1665
1937-09-09,1.25
1937-09-10,2.4998750000000003
1937-09-11,3.541625
1937-09-12,0.83325
1937-09-13,2.416625
1937-09-14,2.5417500000000004
1937-09-15,1.7915
1937-09-16,2.08325
1937-09-17,2.416625
1937-09-18,2.0001249999999997
1937-09-19,1.416625
1937-09-20,0.666625
1937-09-21,1.625
1937-09-22,1.541625
1937-09-23,1.83325
1937-09-24,2.333375
1937-09-25,0.91675
1937-09-26,1.83325
1937-09-27,1.916625
1937-09-28,1.4165
1937-09-29,0.541625
1937-09-30,3.083375
1937-10-01,3.9165
1937-10-02,1.5
1937-10-03,3.5832499999999996
1937-10-04,4.916625
1937-10-05,1.874875
1937-10-06,2.374875
1937-10-07,3.6251249999999997
1937-10-08,3.958375
1937-10-09,3.9165
1937-10-10,4.250125
1937-10-11,4.416625
1937-10-12,3.7082499999999996
1937-10-13,2.583375
1937-10-14,2.3335000000000004
1937-10-15,3.125
1937-10-16,1.916625
1937-10-17,1.208375
1937-10-18,1.458375
1937-10-19,1.333375
1937-10-20,0.249875
1937-10-21,1.6665
1937-10-22,2.6665
1937-10-23,4.124875
1937-10-24,4.0832500000000005
1937-10-25,2.8748750000000003
1937-10-26,4.0
1937-10-27,3.5001250000000006
1937-10-28,3.041625
1937-10-29,1.916625
1937-10-30,1.000125
1937-10-31,1.16675
1937-11-01,0.83325
1937-11-02,2.20825
1937-11-03,1.041625
1937-11-04,0.625
1937-11-05,0.91675
1937-11-06,0.58325
1937-11-07,2.166625
1937-11-08,3.1248750000000003
1937-11-09,2.833375
1937-11-10,1.333125
1937-11-11,2.29175
1937-11-12,2.25
1937-11-13,1.375
1937-11-14,1.291625
1937-11-15,0.208375
1937-11-16,0.041625
1937-11-17,1.458375
1937-11-18,4.08325
1937-11-19,3.4585
1937-11-20,3.2082499999999996
1937-11-21,2.666625
1937-11-22,3.625
1937-11-23,3.6667499999999995
1937-11-24,3.125
1937-11-25,1.58325
1937-11-26,0.95825
1937-11-27,1.33325
1937-11-28,3.3332499999999996
1937-11-29,3.75
1937-11-30,3.958375
1937-12-01,3.0832499999999996
1937-12-02,2.3333749999999998
1937-12-03,1.708375
1937-12-04,1.125125
1937-12-05,0.79175
1937-12-06,1.95825
1937-12-07,2.7917500000000004
1937-12-08,2.5
1937-12-09,1.833375
1937-12-10,2.416625
1937-12-11,2.7917500000000004
1937-12-12,1.0
1937-12-13,0.791625
1937-12-14,0.45825000000000005
1937-12-15,0.6251249999999999
1937-12-16,0.45825000000000005
1937-12-17,0.666625
1937-12-18,3.291625
1937-12-19,3.666625
1937-12-20,3.1251249999999997
1937-12-21,1.6663750000000002
1937-12-22,2.375125
1937-12-23,3.916625
1937-12-24,2.041625
1937-12-25,2.125
1937-12-26,2.6667500000000004
1937-12-27,0.708375
1937-12-28,0.7085
1937-12-29,0.6665000000000001
1937-12-30,0.9998750000000001
1937-12-31,2.0415
1938-01-01,2.166625
1938-01-02,2.375
1938-01-03,2.166625
1938-01-04,3.708125
1938-01-05,1.875
1938-01-06,2.08325
1938-01-07,3.2917500000000004
1938-01-08,2.708375
1938-01-09,1.95825
1938-01-10,1.041625
1938-01-11,1.166625
1938-01-12,2.458375
1938-01-13,3.708500000000001
1938-01-14,2.04175
1938-01-15,2.25
1938-01-16,3.291625
1938-01-17,6.625
1938-01-18,4.25
1938-01-19,3.708375
1938-01-20,3.7501250000000006
1938-01-21,4.458375
1938-01-22,6.624874999999999
1938-01-23,3.083125
1938-01-24,3.0417500000000004
1938-01-25,5.4167499999999995
1938-01-26,4.749875
1938-01-27,2.5417500000000004
1938-01-28,2.25
1938-01-29,2.6251249999999997
1938-01-30,1.75
1938-01-31,3.9998750000000003
1938-02-01,2.666625
1938-02-02,2.7498750000000003
1938-02-03,3.125
1938-02-04,2.75
1938-02-05,2.1251249999999997
1938-02-06,4.749874999999999
1938-02-07,3.625
1938-02-08,3.8748749999999994
1938-02-09,4.166625000000001
1938-02-10,3.541625
1938-02-11,3.416625
1938-02-12,2.16675
1938-02-13,3.1248749999999994
1938-02-14,4.375
1938-02-15,0.958375
1938-02-16,1.3335
1938-02-17,1.16675
1938-02-18,1.958375
1938-02-19,0.58325
1938-02-20,0.958375
1938-02-21,0.75
1938-02-22,0.625125
1938-02-23,3.041625
1938-02-24,2.1665
1938-02-25,2.708375
1938-02-26,2.29175
1938-02-27,2.458375
1938-02-28,3.4165
1938-03-01,3.9997499999999997
1938-03-02,2.08325
1938-03-03,1.625
1938-03-04,1.70825
1938-03-05,4.166625
1938-03-06,3.25
1938-03-07,2.083375
1938-03-08,1.375
1938-03-09,1.04175
1938-03-10,0.6665000000000001
1938-03-11,1.08325
1938-03-12,2.958375
1938-03-13,1.125125
1938-03-14,2.7498749999999994
1938-03-15,2.3748750000000003
1938-03-16,0.83325
1938-03-17,1.5
1938-03-18,0.5415000000000001
1938-03-19,0.291625
1938-03-20,0.333125
1938-03-21,1.666625
1938-03-22,4.83325
1938-03-23,4.875125
1938-03-24,4.04175
1938-03-25,2.9165
1938-03-26,3.458375
1938-03-27,1.4585
1938-03-28,1.04175
1938-03-29,1.99975
1938-03-30,0.791625
1938-03-31,0.625
1938-04-01,1.374875
1938-04-02,0.8748750000000001
1938-04-03,1.958375
1938-04-04,2.083375
1938-04-05,0.45812500000000006
1938-04-06,3.3332500000000005
1938-04-07,3.208375
1938-04-08,2.166625
1938-04-09,2.4165
1938-04-10,2.125
1938-04-11,2.7917500000000004
1938-04-12,2.583375
1938-04-13,3.916625
1938-04-14,5.166499999999999
1938-04-15,3.333375
1938-04-16,6.291625
1938-04-17,3.458375
1938-04-18,3.25
1938-04-19,2.541625
1938-04-20,1.708375
1938-04-21,1.95825
1938-04-22,2.791625
1938-04-23,4.5835
1938-04-24,2.666625
1938-04-25,3.2498750000000003
1938-04-26,1.875
1938-04-27,1.33325
1938-04-28,0.7498750000000001
1938-04-29,0.9165000000000001
1938-04-30,1.0
1938-05-01,1.041625
1938-05-02,1.875
1938-05-03,3.0
1938-05-04,4.375
1938-05-05,3.083375
1938-05-06,2.41675
1938-05-07,1.0415
1938-05-08,1.375
1938-05-09,1.20825
1938-05-10,1.83325
1938-05-11,4.5835
1938-05-12,5.583375
1938-05-13,2.083375
1938-05-14,4.374875
1938-05-15,3.416625
1938-05-16,3.041875
1938-05-17,2.791625
1938-05-18,1.5418749999999999
1938-05-19,1.291625
1938-05-20,0.875
1938-05-21,1.374875
1938-05-22,1.58325
1938-05-23,0.66675
1938-05-24,2.458375
1938-05-25,2.208375
1938-05-26,1.083375
1938-05-27,1.70825
1938-05-28,2.75
1938-05-29,4.333375
1938-05-30,2.458375
1938-05-31,1.583375
1938-06-01,1.54175
1938-06-02,2.625
1938-06-03,1.416625
1938-06-04,1.125
1938-06-05,1.791625
1938-06-06,1.41675
1938-06-07,1.499875
1938-06-08,4.2085
1938-06-09,1.999875
1938-06-10,2.75
1938-06-11,3.25
1938-06-12,4.08325
1938-06-13,3.8751250000000006
1938-06-14,0.7915
1938-06-15,0.666625
1938-06-16,1.7915
1938-06-17,1.416625
1938-06-18,1.374875
1938-06-19,1.04175
1938-06-20,0.9167500000000001
1938-06-21,2.6251250000000006
1938-06-22,1.5002499999999999
1938-06-23,0.08325
1938-06-24,1.0832499999999998
1938-06-25,1.0835
1938-06-26,1.249875
1938-06-27,1.20825
1938-06-28,0.70825
1938-06-29,1.54175
1938-06-30,1.75
1938-07-01,3.625
1938-07-02,2.54175
1938-07-03,0.916625
1938-07-04,3.666625
1938-07-05,2.916625
1938-07-06,2.5001249999999997
1938-07-07,1.33325
1938-07-08,1.583375
1938-07-09,1.875125
1938-07-10,3.916875
1938-07-11,1.291625
1938-07-12,1.20825
1938-07-13,2.208375
1938-07-14,3.1247499999999997
1938-07-15,5.1665
1938-07-16,4.041499999999999
1938-07-17,1.45825
1938-07-18,1.04175
1938-07-19,1.7915
1938-07-20,1.58325
1938-07-21,1.58325
1938-07-22,1.2917500000000002
1938-07-23,1.54175
1938-07-24,1.208375
1938-07-25,0.5415000000000001
1938-07-26,0.666625
1938-07-27,0.9582499999999999
1938-07-28,0.5
1938-07-29,1.875
1938-07-30,4.708375
1938-07-31,1.124875
1938-08-01,3.041625
1938-08-02,3.625
1938-08-03,2.541625
1938-08-04,4.91675
1938-08-05,3.916625
1938-08-06,2.541625
1938-08-07,2.3332499999999996
1938-08-08,1.4168749999999999
1938-08-09,0.9998750000000001
1938-08-10,2.4582499999999996
1938-08-11,4.375
1938-08-12,2.41675
1938-08-13,1.541625
1938-08-14,0.95825
1938-08-15,0.416625
1938-08-16,0.333
1938-08-17,1.041625
1938-08-18,0.750125
1938-08-19,0.916625
1938-08-20,0.5417500000000001
1938-08-21,1.541625
1938-08-22,2.6248750000000003
1938-08-23,3.666875
1938-08-24,2.0001249999999997
1938-08-25,1.791625
1938-08-26,1.08325
1938-08-27,0.9168749999999999
1938-08-28,1.583375
1938-08-29,2.20825
1938-08-30,2.33325
1938-08-31,1.333375
1938-09-01,1.33325
1938-09-02,1.250125
1938-09-03,2.2915
1938-09-04,1.708375
1938-09-05,2.2501249999999997
1938-09-06,1.0835
1938-09-07,1.91675
1938-09-08,1.916625
1938-09-09,1.875125
1938-09-10,2.041875
1938-09-11,2.1248750000000003
1938-09-12,2.2501249999999997
1938-09-13,2.9582499999999996
1938-09-14,4.583375
1938-09-15,6.33325
1938-09-16,2.541625
1938-09-17,2.124875
1938-09-18,1.500125
1938-09-19,1.041625
1938-09-20,1.4581250000000001
1938-09-21,1.666625
1938-09-22,2.3332499999999996
1938-09-23,1.95825
1938-09-24,0.75
1938-09-25,1.124875
1938-09-26,4.458375
1938-09-27,3.54175
1938-09-28,4.5
1938-09-29,2.9582499999999996
1938-09-30,3.458375
1938-10-01,4.29175
1938-10-02,3.2083749999999993
1938-10-03,2.8748750000000003
1938-10-04,2.1250000000000004
1938-10-05,0.4165000000000001
1938-10-06,1.70825
1938-10-07,4.75
1938-10-08,4.91675
1938-10-09,2.5
1938-10-10,2.375
1938-10-11,2.25
1938-10-12,1.000125
1938-10-13,0.833375
1938-10-14,0.4583750000000001
1938-10-15,1.0415
1938-10-16,2.583375
1938-10-17,1.54175
1938-10-18,1.375
1938-10-19,2.29175
1938-10-20,2.833375
1938-10-21,1.875125
1938-10-22,1.583375
1938-10-23,3.1666250000000007
1938-10-24,3.5832500000000005
1938-10-25,4.333375
1938-10-26,4.25
1938-10-27,4.2917499999999995
1938-10-28,3.5417500000000004
1938-10-29,2.208375
1938-10-30,1.0415
1938-10-31,0.79175
1938-11-01,1.333375
1938-11-02,1.25
1938-11-03,1.0835
1938-11-04,1.4164999999999999
1938-11-05,1.0
1938-11-06,1.6251250000000002
1938-11-07,1.375125
1938-11-08,3.6251249999999997
1938-11-09,4.291625
1938-11-10,1.749875
1938-11-11,1.0
1938-11-12,0.416625
1938-11-13,0.666625
1938-11-14,1.708375
1938-11-15,1.583375
1938-11-16,1.625
1938-11-17,3.458375
1938-11-18,2.45825
1938-11-19,2.0
1938-11-20,2.2083749999999998
1938-11-21,3.208375
1938-11-22,2.625
1938-11-23,2.916625
1938-11-24,3.166625
1938-11-25,2.6666250000000007
1938-11-26,3.2915
1938-11-27,1.79175
1938-11-28,1.499875
1938-11-29,1.416625
1938-11-30,0.708375
1938-12-01,0.33325
1938-12-02,2.79175
1938-12-03,3.9582499999999996
1938-12-04,1.83325
1938-12-05,2.000125
1938-12-06,1.708375
1938-12-07,1.0835
1938-12-08,0.375
1938-12-09,2.16675
1938-12-10,3.791625
1938-12-11,2.250125
1938-12-12,2.08325
1938-12-13,2.3748750000000003
1938-12-14,2.2498750000000003
1938-12-15,1.666625
1938-12-16,3.125
1938-12-17,4.0835
1938-12-18,4.375125000000001
1938-12-19,3.4583749999999993
1938-12-20,2.958125
1938-12-21,2.125
1938-12-22,3.416625
1938-12-23,1.5
1938-12-24,1.083375
1938-12-25,0.9167500000000001
1938-12-26,0.49987500000000007
1938-12-27,0.5415
1938-12-28,1.625
1938-12-29,0.9165000000000001
1938-12-30,1.2081250000000001
1938-12-31,0.70825
1939-01-01,0.833375
1939-01-02,1.16675
1939-01-03,0.9998750000000001
1939-01-04,0.666625
1939-01-05,2.416625
1939-01-06,1.91675
1939-01-07,2.04175
1939-01-08,2.2498750000000003
1939-01-09,2.5001249999999997
1939-01-10,2.3748750000000003
1939-01-11,2.1251249999999997
1939-01-12,1.58325
1939-01-13,0.95825
1939-01-14,2.541625
1939-01-15,1.66675
1939-01-16,1.54175
1939-01-17,2.958125
1939-01-18,1.791625
1939-01-19,1.41675
1939-01-20,2.1665
1939-01-21,2.5
1939-01-22,2.16675
1939-01-23,2.375
1939-01-24,1.624875
1939-01-25,1.416625
1939-01-26,0.208375
1939-01-27,0.12487500000000001
1939-01-28,1.083375
1939-01-29,0.83325
1939-01-30,1.04175
1939-01-31,1.124875
1939-02-01,2.458375
1939-02-02,3.333375
1939-02-03,2.4998750000000003
1939-02-04,2.1667499999999995
1939-02-05,2.5417500000000004
1939-02-06,4.708125
1939-02-07,3.458375
1939-02-08,1.625
1939-02-09,2.375
1939-02-10,2.916625
1939-02-11,2.333375
1939-02-12,0.458375
1939-02-13,0.9998750000000001
1939-02-14,1.833375
1939-02-15,2.6665
1939-02-16,2.9998750000000003
1939-02-17,2.9582499999999996
1939-02-18,2.541625
1939-02-19,2.6250000000000004
1939-02-20,1.625
1939-02-21,0.541625
1939-02-22,0.916625
1939-02-23,1.79175
1939-02-24,4.333375
1939-02-25,5.583375
1939-02-26,1.375125
1939-02-27,0.9585
1939-02-28,2.208375
1939-03-01,3.5001249999999997
1939-03-02,3.4582499999999996
1939-03-03,3.375
1939-03-04,3.9167500000000004
1939-03-05,2.8332499999999996
1939-03-06,3.0416250000000007
1939-03-07,1.70825
1939-03-08,2.7917500000000004
1939-03-09,3.166875
1939-03-10,2.33325
1939-03-11,2.541625
1939-03-12,2.8332499999999996
1939-03-13,1.666625
1939-03-14,1.916625
1939-03-15,2.7501250000000006
1939-03-16,3.7082499999999996
1939-03-17,2.583375
1939-03-18,1.08325
1939-03-19,0.9165000000000001
1939-03-20,1.874875
1939-03-21,3.0417499999999995
1939-03-22,3.916625
1939-03-23,3.583375
1939-03-24,2.375
1939-03-25,1.7918749999999999
1939-03-26,2.541625
1939-03-27,3.541625
1939-03-28,4.916625
1939-03-29,5.75
1939-03-30,4.1665
1939-03-31,3.4165
1939-04-01,4.0
1939-04-02,3.2498749999999994
1939-04-03,3.041625
1939-04-04,3.041625
1939-04-05,3.0832499999999996
1939-04-06,1.66675
1939-04-07,1.416625
1939-04-08,2.2498750000000003
1939-04-09,2.8332499999999996
1939-04-10,4.749875
1939-04-11,4.041625
1939-04-12,3.041625
1939-04-13,2.2083749999999998
1939-04-14,2.3332499999999996
1939-04-15,1.375125
1939-04-16,0.916625
1939-04-17,6.958375
1939-04-18,4.416625
1939-04-19,4.5835
1939-04-20,3.916625
1939-04-21,3.75
1939-04-22,3.083375
1939-04-23,5.91675
1939-04-24,4.2915
1939-04-25,5.291625000000001
1939-04-26,1.70825
1939-04-27,1.625125
1939-04-28,3.041625
1939-04-29,2.958375
1939-04-30,1.79175
1939-05-01,4.58325
1939-05-02,4.83325
1939-05-03,3.6251249999999997
1939-05-04,1.91675
1939-05-05,3.5415
1939-05-06,4.458375
1939-05-07,4.833375
1939-05-08,4.250125000000001
1939-05-09,3.625
1939-05-10,2.0
1939-05-11,1.541625
1939-05-12,1.5
1939-05-13,1.999875
1939-05-14,1.2501250000000002
1939-05-15,2.375
1939-05-16,3.1251250000000006
1939-05-17,2.5
1939-05-18,2.541625
1939-05-19,2.4998750000000003
1939-05-20,3.0
1939-05-21,3.0415
1939-05-22,3.999999999999999
1939-05-23,3.75
1939-05-24,3.875
1939-05-25,3.9167500000000004
1939-05-26,3.5
1939-05-27,2.375
1939-05-28,3.2082500000000005
1939-05-29,4.374874999999999
1939-05-30,1.4585
1939-05-31,1.499875
1939-06-01,2.6251249999999997
1939-06-02,3.625
1939-06-03,3.0417499999999995
1939-06-04,3.208375
1939-06-05,2.6248749999999994
1939-06-06,1.541625
1939-06-07,1.083375
1939-06-08,1.25
1939-06-09,0.916625
1939-06-10,1.791625
1939-06-11,1.458375
1939-06-12,1.375125
1939-06-13,2.875
1939-06-14,5.16675
1939-06-15,2.625
1939-06-16,3.791625
1939-06-17,1.291625
1939-06-18,3.4998749999999994
1939-06-19,3.4582499999999996
1939-06-20,3.0
1939-06-21,3.5
1939-06-22,2.4998750000000003
1939-06-23,2.9165
1939-06-24,2.166625
1939-06-25,1.4168749999999999
1939-06-26,2.583375
1939-06-27,3.1248750000000003
1939-06-28,2.75
1939-06-29,3.5
1939-06-30,3.1667500000000004
1939-07-01,2.458375
1939-07-02,2.5415
1939-07-03,4.583375
1939-07-04,4.1665
1939-07-05,6.2082500000000005
1939-07-06,2.500125
1939-07-07,0.583125
1939-07-08,1.166625
1939-07-09,0.8751249999999999
1939-07-10,0.875
1939-07-11,2.083375
1939-07-12,2.583375
1939-07-13,1.375
1939-07-14,3.958375
1939-07-15,2.666875
1939-07-16,3.7498750000000003
1939-07-17,3.2082499999999996
1939-07-18,2.375
1939-07-19,2.375
1939-07-20,4.875
1939-07-21,3.5415
1939-07-22,3.458375
1939-07-23,2.0416250000000002
1939-07-24,2.208125
1939-07-25,2.458375
1939-07-26,4.08325
1939-07-27,2.708375
1939-07-28,2.20825
1939-07-29,1.625125
1939-07-30,1.0831250000000001
1939-07-31,1.58325
1939-08-01,1.25
1939-08-02,0.45825000000000005
1939-08-03,0.33325000000000005
1939-08-04,0.75
1939-08-05,1.000125
1939-08-06,0.625125
1939-08-07,0.833375
1939-08-08,0.95825
1939-08-09,0.4165000000000001
1939-08-10,2.3748750000000003
1939-08-11,2.45825
1939-08-12,5.833500000000001
1939-08-13,4.166625
1939-08-14,1.8335
1939-08-15,1.1251250000000002
1939-08-16,4.54175
1939-08-17,3.0835
1939-08-18,1.541625
1939-08-19,2.04175
1939-08-20,1.749875
1939-08-21,1.8747500000000001
1939-08-22,6.7917499999999995
1939-08-23,5.750125000000001
1939-08-24,2.6665
1939-08-25,2.2915
1939-08-26,1.58325
1939-08-27,2.2498750000000003
1939-08-28,1.416625
1939-08-29,1.083375
1939-08-30,1.5
1939-08-31,0.75
1939-09-01,0.708375
1939-09-02,1.91675
1939-09-03,4.375
1939-09-04,1.4585
1939-09-05,0.7915000000000001
1939-09-06,2.0
1939-09-07,1.916625
1939-09-08,1.583375
1939-09-09,3.791499999999999
1939-09-10,3.083375
1939-09-11,1.750125
1939-09-12,2.666625
1939-09-13,1.70825
1939-09-14,2.541625
1939-09-15,1.5831250000000001
1939-09-16,1.75
1939-09-17,4.91675
1939-09-18,1.791625
1939-09-19,4.208125
1939-09-20,4.16675
1939-09-21,2.5
1939-09-22,2.666625
1939-09-23,1.0415
1939-09-24,1.625
1939-09-25,2.1248750000000003
1939-09-26,3.5
1939-09-27,1.3331250000000001
1939-09-28,1.083375
1939-09-29,0.666625
1939-09-30,1.833375
1939-10-01,1.958375
1939-10-02,1.2501250000000002
1939-10-03,4.250125000000001
1939-10-04,4.125
1939-10-05,2.833375
1939-10-06,3.958375
1939-10-07,2.5002500000000003
1939-10-08,2.16675
1939-10-09,3.625
1939-10-10,1.249875
1939-10-11,2.33325
1939-10-12,0.958375
1939-10-13,5.750125000000001
1939-10-14,5.66675
1939-10-15,4.958375
1939-10-16,4.29175
1939-10-17,4.41675
1939-10-18,4.000125000000001
1939-10-19,3.6251249999999997
1939-10-20,1.291625
1939-10-21,2.45825
1939-10-22,1.791625
1939-10-23,2.7082500000000005
1939-10-24,1.54175
1939-10-25,1.333375
1939-10-26,1.375125
1939-10-27,0.91675
1939-10-28,1.875
1939-10-29,2.1665
1939-10-30,1.95825
1939-10-31,1.70825
1939-11-01,2.166625
1939-11-02,1.54175
1939-11-03,1.875
1939-11-04,1.5
1939-11-05,1.374875
1939-11-06,1.5415
1939-11-07,1.708375
1939-11-08,0.916625
1939-11-09,1.2085
1939-11-10,1.000125
1939-11-11,1.375
1939-11-12,2.25
1939-11-13,4.749875
1939-11-14,3.3751249999999997
1939-11-15,2.29175
1939-11-16,1.208375
1939-11-17,1.124875
1939-11-18,1.0418749999999999
1939-11-19,1.7915
1939-11-20,1.625
1939-11-21,1.208375
1939-11-22,0.2915
1939-11-23,0.75
1939-11-24,1.66675
1939-11-25,3.66675
1939-11-26,3.041625
1939-11-27,1.874875
1939-11-28,1.583375
1939-11-29,1.749875
1939-11-30,1.583375
1939-12-01,2.208375
1939-12-02,1.75
1939-12-03,1.45825
1939-12-04,1.166625
1939-12-05,2.0
1939-12-06,2.8332499999999996
1939-12-07,4.833375
1939-12-08,4.083375
1939-12-09,3.1666250000000007
1939-12-10,2.25
1939-12-11,1.91675
1939-12-12,2.083375
1939-12-13,1.5
1939-12-14,0.833375
1939-12-15,2.083375
1939-12-16,1.79175
1939-12-17,1.41675
1939-12-18,0.541625
1939-12-19,0.24987499999999999
1939-12-20,0.75
1939-12-21,3.291625
1939-12-22,3.7501249999999997
1939-12-23,2.29175
1939-12-24,2.666625
1939-12-25,2.0
1939-12-26,1.458375
1939-12-27,2.66675
1939-12-28,2.291625
1939-12-29,2.541625
1939-12-30,1.70825
1939-12-31,0.75
1940-01-01,2.33325
1940-01-02,2.583375
1940-01-03,4.333375
1940-01-04,3.583125
1940-01-05,2.04175
1940-01-06,3.4582499999999996
1940-01-07,3.208375
1940-01-08,2.458375
1940-01-09,2.333375
1940-01-10,3.4582500000000005
1940-01-11,3.6251249999999997
1940-01-12,3.9167500000000004
1940-01-13,1.75
1940-01-14,0.79175
1940-01-15,1.5
1940-01-16,2.6665
1940-01-17,3.4582500000000005
1940-01-18,4.041875
1940-01-19,2.0
1940-01-20,1.83325
1940-01-21,0.75
1940-01-22,1.624875
1940-01-23,1.5831250000000001
1940-01-24,2.916625
1940-01-25,2.75
1940-01-26,0.58325
1940-01-27,1.3335
1940-01-28,0.58325
1940-01-29,2.04175
1940-01-30,3.3333749999999993
1940-01-31,4.0
1940-02-01,4.625125000000001
1940-02-02,3.25
1940-02-03,2.9998750000000003
1940-02-04,1.625125
1940-02-05,2.33325
1940-02-06,2.7501249999999997
1940-02-07,2.583125
1940-02-08,2.4167500000000004
1940-02-09,1.958375
1940-02-10,1.6252499999999999
1940-02-11,2.0415
1940-02-12,2.9582500000000005
1940-02-13,2.2498750000000003
1940-02-14,1.458375
1940-02-15,1.91675
1940-02-16,1.999875
1940-02-17,1.25
1940-02-18,0.45837500000000003
1940-02-19,0.58325
1940-02-20,3.333375
1940-02-21,3.083500000000001
1940-02-22,2.708125
1940-02-23,2.291625
1940-02-24,3.0
1940-02-25,4.41675
1940-02-26,1.916625
1940-02-27,1.54175
1940-02-28,1.541625
1940-02-29,2.5001249999999997
1940-03-01,1.666625
1940-03-02,1.20825
1940-03-03,1.8335
1940-03-04,0.83325
1940-03-05,0.9165000000000001
1940-03-06,0.583125
1940-03-07,1.0415
1940-03-08,2.208125
1940-03-09,3.2915
1940-03-10,1.541625
1940-03-11,0.625
1940-03-12,1.791625
1940-03-13,2.25
1940-03-14,2.25
1940-03-15,0.208375
1940-03-16,1.3335
1940-03-17,0.375
1940-03-18,0.1665
1940-03-19,3.2086250000000005
1940-03-20,4.0
1940-03-21,2.3748750000000003
1940-03-22,2.166625
1940-03-23,4.416625
1940-03-24,6.999874999999999
1940-03-25,7.458375
1940-03-26,4.458375
1940-03-27,3.9998750000000003
1940-03-28,3.3332499999999996
1940-03-29,5.166625
1940-03-30,7.625
1940-03-31,6.666625
1940-04-01,5.375125000000001
1940-04-02,3.33325
1940-04-03,5.91675
1940-04-04,3.0
1940-04-05,2.20825
1940-04-06,1.874875
1940-04-07,0.625
1940-04-08,0.75
1940-04-09,0.49987500000000007
1940-04-10,0.333125
1940-04-11,1.125
1940-04-12,0.875
1940-04-13,2.45825
1940-04-14,2.3751249999999997
1940-04-15,3.083375
1940-04-16,2.75
1940-04-17,1.791625
1940-04-18,0.9998750000000001
1940-04-19,1.541625
1940-04-20,2.166625
1940-04-21,2.5417499999999995
1940-04-22,3.0833749999999998
1940-04-23,1.708375
1940-04-24,1.79175
1940-04-25,4.875125000000001
1940-04-26,4.458375
1940-04-27,2.3335
1940-04-28,2.041625
1940-04-29,2.125
1940-04-30,2.3751250000000006
1940-05-01,1.79175
1940-05-02,1.16675
1940-05-03,1.291625
1940-05-04,1.041625
1940-05-05,1.41675
1940-05-06,0.208125
1940-05-07,1.4581250000000001
1940-05-08,1.0
1940-05-09,2.2083749999999998
1940-05-10,2.7502500000000003
1940-05-11,2.7501249999999997
1940-05-12,3.0835
1940-05-13,2.458375
1940-05-14,2.7082499999999996
1940-05-15,2.875
1940-05-16,1.166625
1940-05-17,2.3332499999999996
1940-05-18,4.041875
1940-05-19,2.20825
1940-05-20,2.083125
1940-05-21,1.5415
1940-05-22,3.7501249999999997
1940-05-23,2.6251249999999997
1940-05-24,5.54175
1940-05-25,2.3332499999999996
1940-05-26,3.5832499999999996
1940-05-27,3.125
1940-05-28,2.958125
1940-05-29,1.9165
1940-05-30,0.708375
1940-05-31,0.541625
1940-06-01,0.958375
1940-06-02,1.958375
1940-06-03,1.4585000000000001
1940-06-04,0.75
1940-06-05,2.04175
1940-06-06,4.416625
1940-06-07,4.166625
1940-06-08,3.333375
1940-06-09,2.9167500000000004
1940-06-10,1.3752499999999999
1940-06-11,1.0
1940-06-12,1.125
1940-06-13,0.833125
1940-06-14,4.0
1940-06-15,3.6667500000000004
1940-06-16,2.7501249999999997
1940-06-17,2.9582500000000005
1940-06-18,2.7082499999999996
1940-06-19,2.45825
1940-06-20,0.91675
1940-06-21,0.9998750000000001
1940-06-22,1.7497500000000001
1940-06-23,1.66675
1940-06-24,3.0832500000000005
1940-06-25,6.624874999999999
1940-06-26,3.3748749999999994
1940-06-27,1.916625
1940-06-28,1.375
1940-06-29,1.20825
1940-06-30,2.333375
1940-07-01,1.58325
1940-07-02,0.8335
1940-07-03,2.66675
1940-07-04,3.4585
1940-07-05,3.0
1940-07-06,2.7915
1940-07-07,1.624875
1940-07-08,1.2081250000000001
1940-07-09,2.8333749999999993
1940-07-10,3.9582500000000005
1940-07-11,2.125
1940-07-12,1.250125
1940-07-13,4.375125
1940-07-14,3.416625
1940-07-15,2.833125
1940-07-16,2.083375
1940-07-17,1.041625
1940-07-18,0.45825000000000005
1940-07-19,1.124875
1940-07-20,1.04175
1940-07-21,2.125
1940-07-22,2.7501249999999997
1940-07-23,1.666625
1940-07-24,2.333375
1940-07-25,2.0833749999999998
1940-07-26,1.20825
1940-07-27,0.666875
1940-07-28,1.41675
1940-07-29,1.874875
1940-07-30,3.208375
1940-07-31,3.0832499999999996
1940-08-01,2.083375
1940-08-02,1.916625
1940-08-03,3.9998750000000003
1940-08-04,1.999875
1940-08-05,2.4582499999999996
1940-08-06,3.1667500000000004
1940-08-07,2.6248750000000003
1940-08-08,2.2498750000000003
1940-08-09,4.249874999999999
1940-08-10,1.95825
1940-08-11,3.166625
1940-08-12,2.375
1940-08-13,1.75
1940-08-14,1.833375
1940-08-15,0.5831250000000001
1940-08-16,0.6247500000000001
1940-08-17,0.624875
1940-08-18,2.125
1940-08-19,1.916625
1940-08-20,2.416625
1940-08-21,1.666625
1940-08-22,2.0416250000000002
1940-08-23,1.375
1940-08-24,0.24975
1940-08-25,0.833375
1940-08-26,2.916625
1940-08-27,2.5835
1940-08-28,2.333375
1940-08-29,1.999875
1940-08-30,1.041625
1940-08-31,1.666625
1940-09-01,3.291875
1940-09-02,2.25
1940-09-03,3.6667500000000004
1940-09-04,2.958375
1940-09-05,2.4582499999999996
1940-09-06,2.0415
1940-09-07,3.9165
1940-09-08,2.833375
1940-09-09,3.1667500000000004
1940-09-10,0.625
1940-09-11,0.8332499999999999
1940-09-12,0.91675
1940-09-13,0.791375
1940-09-14,2.5
1940-09-15,2.4582499999999996
1940-09-16,2.1666250000000002
1940-09-17,0.5831250000000001
1940-09-18,0.791625
1940-09-19,0.666625
1940-09-20,2.1248750000000003
1940-09-21,2.5832499999999996
1940-09-22,1.70825
1940-09-23,0.416625
1940-09-24,0.791625
1940-09-25,3.5835
1940-09-26,2.8335
1940-09-27,4.541625
1940-09-28,4.625125
1940-09-29,2.375125
1940-09-30,1.541625
1940-10-01,4.208125
1940-10-02,2.6667500000000004
1940-10-03,3.208375
1940-10-04,1.833375
1940-10-05,1.75
1940-10-06,2.374875
1940-10-07,5.29175
1940-10-08,4.79175
1940-10-09,1.708375
1940-10-10,1.58325
1940-10-11,1.91675
1940-10-12,2.2498750000000003
1940-10-13,0.7081250000000001
1940-10-14,0.416625
1940-10-15,2.7085
1940-10-16,2.0
1940-10-17,1.25
1940-10-18,2.5417500000000004
1940-10-19,3.208375
1940-10-20,2.041875
1940-10-21,3.0417500000000004
1940-10-22,2.708375
1940-10-23,0.24975
1940-10-24,0.291375
1940-10-25,2.2085
1940-10-26,3.875
1940-10-27,3.083125
1940-10-28,2.6666250000000002
1940-10-29,1.29175
1940-10-30,1.291625
1940-10-31,1.75
1940-11-01,2.25
1940-11-02,1.374875
1940-11-03,2.66675
1940-11-04,3.625
1940-11-05,2.916875
1940-11-06,1.999875
1940-11-07,2.0001249999999997
1940-11-08,1.04175
1940-11-09,2.4582499999999996
1940-11-10,0.541625
1940-11-11,0.416625
1940-11-12,3.208125
1940-11-13,4.291625
1940-11-14,3.041625
1940-11-15,2.541625
1940-11-16,2.708375
1940-11-17,2.2501249999999997
1940-11-18,1.4585
1940-11-19,1.70825
1940-11-20,1.62475
1940-11-21,3.5
1940-11-22,4.208375
1940-11-23,3.3748750000000003
1940-11-24,1.333375
1940-11-25,3.916625
1940-11-26,3.541625
1940-11-27,2.2498750000000003
1940-11-28,1.374875
1940-11-29,4.500125
1940-11-30,3.0832500000000005
1940-12-01,2.791625
1940-12-02,3.75
1940-12-03,3.0832499999999996
1940-12-04,2.6665
1940-12-05,2.083375
1940-12-06,1.333375
1940-12-07,0.500125
1940-12-08,0.125
1940-12-09,2.416625
1940-12-10,2.333375
1940-12-11,1.791875
1940-12-12,2.45825
1940-12-13,2.4166250000000002
1940-12-14,3.1667500000000004
1940-12-15,2.4998750000000003
1940-12-16,2.416625
1940-12-17,1.75
1940-12-18,1.583375
1940-12-19,1.291625
1940-12-20,4.625
1940-12-21,4.208375
1940-12-22,3.4167499999999995
1940-12-23,3.0417500000000004
1940-12-24,2.29175
1940-12-25,2.875
1940-12-26,2.4165
1940-12-27,2.4998750000000003
1940-12-28,2.625
1940-12-29,3.375
1940-12-30,4.08325
1940-12-31,3.4585
1941-01-01,2.75
1941-01-02,1.708375
1941-01-03,1.416625
1941-01-04,1.624875
1941-01-05,1.083375
1941-01-06,3.0417500000000004
1941-01-07,2.416625
1941-01-08,2.041625
1941-01-09,2.9582500000000005
1941-01-10,2.33325
1941-01-11,2.458375
1941-01-12,1.916625
1941-01-13,1.624875
1941-01-14,0.916625
1941-01-15,1.458375
1941-01-16,2.04175
1941-01-17,4.625
1941-01-18,4.166625
1941-01-19,3.708375
1941-01-20,2.6667500000000004
1941-01-21,1.416625
1941-01-22,1.874875
1941-01-23,3.583125
1941-01-24,4.25
1941-01-25,3.875
1941-01-26,3.6251249999999997
1941-01-27,3.333375
1941-01-28,2.6665
1941-01-29,1.666625
1941-01-30,2.7501249999999997
1941-01-31,1.083375
1941-02-01,1.2915
1941-02-02,1.625125
1941-02-03,3.6248749999999994
1941-02-04,2.375
1941-02-05,3.041625
1941-02-06,3.7498749999999994
1941-02-07,4.125
1941-02-08,3.3748749999999994
1941-02-09,2.958375
1941-02-10,2.458375
1941-02-11,1.666625
1941-02-12,1.416625
1941-02-13,3.916625
1941-02-14,3.708375
1941-02-15,3.916625
1941-02-16,2.5
1941-02-17,3.4167500000000004
1941-02-18,1.958375
1941-02-19,1.4585
1941-02-20,2.3751249999999997
1941-02-21,4.125
1941-02-22,4.625125000000001
1941-02-23,4.41675
1941-02-24,3.6665
1941-02-25,3.416625
1941-02-26,2.833375
1941-02-27,1.0
1941-02-28,2.20825
1941-03-01,7.333375
1941-03-02,4.375
1941-03-03,3.75
1941-03-04,4.58325
1941-03-05,4.45825
1941-03-06,3.1667500000000004
1941-03-07,2.8332499999999996
1941-03-08,2.791625
1941-03-09,2.6667500000000004
1941-03-10,1.999875
1941-03-11,2.4998750000000003
1941-03-12,2.25
1941-03-13,2.6251249999999997
1941-03-14,5.874874999999999
1941-03-15,3.6252500000000003
1941-03-16,1.58325
1941-03-17,1.541625
1941-03-18,1.5
1941-03-19,3.375
1941-03-20,4.291625
1941-03-21,4.208375
1941-03-22,4.624874999999999
1941-03-23,3.333375
1941-03-24,2.41675
1941-03-25,2.125
1941-03-26,1.083375
1941-03-27,0.58325
1941-03-28,5.20825
1941-03-29,4.583375
1941-03-30,5.75
1941-03-31,5.374999999999999
1941-04-01,1.708375
1941-04-02,2.416625
1941-04-03,2.7501249999999997
1941-04-04,1.45825
1941-04-05,1.5
1941-04-06,1.95825
1941-04-07,2.5
1941-04-08,2.291625
1941-04-09,3.083375
1941-04-10,3.6667499999999995
1941-04-11,3.5417500000000004
1941-04-12,3.1251249999999997
1941-04-13,1.45825
1941-04-14,0.8748750000000001
1941-04-15,1.33325
1941-04-16,2.0416250000000002
1941-04-17,1.916625
1941-04-18,2.8335
1941-04-19,4.249874999999999
1941-04-20,2.7082499999999996
1941-04-21,2.208375
1941-04-22,1.45825
1941-04-23,0.874875
1941-04-24,4.749874999999999
1941-04-25,4.500125000000001
1941-04-26,2.875
1941-04-27,1.125
1941-04-28,3.0415
1941-04-29,1.958375
1941-04-30,0.70825
1941-05-01,1.583375
1941-05-02,1.625125
1941-05-03,1.66675
1941-05-04,2.33325
1941-05-05,1.458375
1941-05-06,1.91675
1941-05-07,1.291625
1941-05-08,1.6247500000000001
1941-05-09,2.333375
1941-05-10,2.2915
1941-05-11,1.166625
1941-05-12,1.416625
1941-05-13,2.083375
1941-05-14,1.500125
1941-05-15,1.666625
1941-05-16,2.9167500000000004
1941-05-17,3.3748750000000003
1941-05-18,2.0
1941-05-19,1.08325
1941-05-20,0.875
1941-05-21,2.958375
1941-05-22,4.083375
1941-05-23,3.541625
1941-05-24,3.291625
1941-05-25,3.041625
1941-05-26,2.458375
1941-05-27,1.75
1941-05-28,2.125
1941-05-29,2.166625
1941-05-30,1.791625
1941-05-31,2.375
1941-06-01,2.000125
1941-06-02,0.541625
1941-06-03,0.7501249999999999
1941-06-04,0.75
1941-06-05,1.041625
1941-06-06,1.33325
1941-06-07,0.916625
1941-06-08,1.0831250000000001
1941-06-09,1.75
1941-06-10,3.833375
1941-06-11,3.291625
1941-06-12,2.3335
1941-06-13,4.20825
1941-06-14,2.958375
1941-06-15,3.4998750000000003
1941-06-16,0.8751249999999999
1941-06-17,2.791625
1941-06-18,2.6251250000000006
1941-06-19,1.75
1941-06-20,3.458375
1941-06-21,2.4582500000000005
1941-06-22,2.20825
1941-06-23,1.33325
1941-06-24,1.8331250000000001
1941-06-25,1.166625
1941-06-26,1.874875
1941-06-27,2.1665
1941-06-28,1.875
1941-06-29,1.83325
1941-06-30,1.3335
1941-07-01,1.875
1941-07-02,1.625125
1941-07-03,1.875
1941-07-04,3.5
1941-07-05,7.750125000000001
1941-07-06,4.333375
1941-07-07,4.708374999999999
1941-07-08,2.7082499999999996
1941-07-09,2.333375
1941-07-10,3.2917500000000004
1941-07-11,1.6665
1941-07-12,1.83325
1941-07-13,0.958375
1941-07-14,0.9165000000000001
1941-07-15,1.25
1941-07-16,2.5417499999999995
1941-07-17,2.0416250000000002
1941-07-18,1.58325
1941-07-19,1.583375
1941-07-20,2.208375
1941-07-21,4.208375
1941-07-22,3.166625
1941-07-23,2.8751250000000006
1941-07-24,2.250125
1941-07-25,2.12475
1941-07-26,0.75
1941-07-27,0.625
1941-07-28,0.875
1941-07-29,0.8751249999999999
1941-07-30,1.083375
1941-07-31,1.3751250000000002
1941-08-01,1.875
1941-08-02,4.416625
1941-08-03,2.54175
1941-08-04,6.458375
1941-08-05,3.416625
1941-08-06,3.458375
1941-08-07,2.958375
1941-08-08,1.3335
1941-08-09,0.666625
1941-08-10,0.5415
1941-08-11,2.04175
1941-08-12,1.624875
1941-08-13,1.875
1941-08-14,1.375125
1941-08-15,0.791625
1941-08-16,0.6665000000000001
1941-08-17,0.70825
1941-08-18,1.2083750000000002
1941-08-19,3.2082500000000005
1941-08-20,0.8750000000000001
1941-08-21,2.000125
1941-08-22,0.8748750000000001
1941-08-23,0.708375
1941-08-24,2.083375
1941-08-25,1.916625
1941-08-26,3.3751250000000006
1941-08-27,5.333375
1941-08-28,3.541625
1941-08-29,4.16675
1941-08-30,3.5832499999999996
1941-08-31,2.54175
1941-09-01,3.1248750000000003
1941-09-02,2.79175
1941-09-03,1.20825
1941-09-04,0.83325
1941-09-05,0.5415000000000001
1941-09-06,0.666625
1941-09-07,3.1248750000000003
1941-09-08,2.08325
1941-09-09,2.04175
1941-09-10,1.375
1941-09-11,1.874875
1941-09-12,0.916625
1941-09-13,2.875
1941-09-14,3.6667499999999995
1941-09-15,3.791625
1941-09-16,3.0832499999999996
1941-09-17,2.25
1941-09-18,7.541875000000001
1941-09-19,6.75
1941-09-20,3.958125
1941-09-21,3.541625
1941-09-22,1.125125
1941-09-23,2.416875
1941-09-24,3.7917500000000004
1941-09-25,3.333375
1941-09-26,0.95825
1941-09-27,2.5416250000000002
1941-09-28,1.916625
1941-09-29,3.1251249999999997
1941-09-30,2.58325
1941-10-01,1.29175
1941-10-02,1.2085
1941-10-03,1.041625
1941-10-04,0.875
1941-10-05,1.625
1941-10-06,1.291625
1941-10-07,0.875
1941-10-08,2.083375
1941-10-09,1.5002499999999999
1941-10-10,1.45825
1941-10-11,4.458375
1941-10-12,3.25
1941-10-13,2.2082499999999996
1941-10-14,2.291625
1941-10-15,3.0
1941-10-16,2.7917500000000004
1941-10-17,1.20825
1941-10-18,1.20825
1941-10-19,2.375
1941-10-20,1.5
1941-10-21,0.9997500000000001
1941-10-22,3.541625
1941-10-23,2.70825
1941-10-24,2.791625
1941-10-25,1.29175
1941-10-26,2.0
1941-10-27,1.54175
1941-10-28,1.583375
1941-10-29,1.41675
1941-10-30,1.79175
1941-10-31,4.5
1941-11-01,5.125
1941-11-02,1.0415
1941-11-03,1.416625
1941-11-04,1.41675
1941-11-05,2.3748750000000003
1941-11-06,4.7082500000000005
1941-11-07,3.083375
1941-11-08,3.333375
1941-11-09,2.625
1941-11-10,3.416875
1941-11-11,3.375
1941-11-12,2.083375
1941-11-13,1.75
1941-11-14,1.333375
1941-11-15,0.625125
1941-11-16,1.250125
1941-11-17,4.375125000000001
1941-11-18,3.4167500000000004
1941-11-19,2.9585
1941-11-20,1.875125
1941-11-21,2.291625
1941-11-22,2.583375
1941-11-23,2.791625
1941-11-24,1.375
1941-11-25,1.291625
1941-11-26,0.875
1941-11-27,2.0415
1941-11-28,4.833375
1941-11-29,1.833375
1941-11-30,1.499875
1941-12-01,5.5417499999999995
1941-12-02,3.541625
1941-12-03,1.8335
1941-12-04,3.0417500000000004
1941-12-05,2.1251249999999997
1941-12-06,2.20825
1941-12-07,1.875
1941-12-08,1.75
1941-12-09,1.750125
1941-12-10,1.458375
1941-12-11,0.5415
1941-12-12,0.9999999999999999
1941-12-13,2.083375
1941-12-14,3.8332499999999996
1941-12-15,2.125
1941-12-16,2.166625
1941-12-17,2.3335
1941-12-18,2.625
1941-12-19,1.4165
1941-12-20,1.04175
1941-12-21,0.6667500000000001
1941-12-22,0.9585
1941-12-23,1.916625
1941-12-24,1.833375
1941-12-25,0.916625
1941-12-26,1.750125
1941-12-27,2.458375
1941-12-28,1.916625
1941-12-29,2.29175
1941-12-30,1.6668749999999999
1941-12-31,1.249875
1942-01-01,0.791625
1942-01-02,2.583375
1942-01-03,3.083375
1942-01-04,3.583375
1942-01-05,3.458375
1942-01-06,2.66675
1942-01-07,2.3751250000000006
1942-01-08,0.916625
1942-01-09,1.20825
1942-01-10,2.3751249999999997
1942-01-11,2.083375
1942-01-12,2.20825
1942-01-13,1.375
1942-01-14,0.916875
1942-01-15,1.7918749999999999
1942-01-16,2.16675
1942-01-17,2.8333749999999993
1942-01-18,3.2498750000000003
1942-01-19,2.583375
1942-01-20,1.29175
1942-01-21,0.83325
1942-01-22,2.0415
1942-01-23,1.5835
1942-01-24,0.9585
1942-01-25,1.25
1942-01-26,1.08325
1942-01-27,1.1665
1942-01-28,2.33325
1942-01-29,1.000125
1942-01-30,1.5
1942-01-31,0.6250000000000001
1942-02-01,1.08325
1942-02-02,2.8332499999999996
1942-02-03,1.625125
1942-02-04,1.041625
1942-02-05,3.3332499999999996
1942-02-06,4.291625
1942-02-07,1.958375
1942-02-08,1.0
1942-02-09,1.083375
1942-02-10,1.916625
1942-02-11,2.1248750000000003
1942-02-12,0.8333750000000001
1942-02-13,1.41675
1942-02-14,1.499875
1942-02-15,2.9582499999999996
1942-02-16,2.583375
1942-02-17,1.874875
1942-02-18,0.9998750000000001
1942-02-19,0.791625
1942-02-20,2.0
1942-02-21,2.083375
1942-02-22,2.0
1942-02-23,4.041625
1942-02-24,3.625
1942-02-25,2.8332500000000005
1942-02-26,1.458375
1942-02-27,1.833375
1942-02-28,3.583375
1942-03-01,6.04175
1942-03-02,4.1665
1942-03-03,4.541625
1942-03-04,3.1665
1942-03-05,4.5417499999999995
1942-03-06,3.3748750000000003
1942-03-07,3.291625
1942-03-08,4.29175
1942-03-09,4.33325
1942-03-10,2.7917500000000004
1942-03-11,1.875
1942-03-12,1.29175
1942-03-13,3.9582499999999996
1942-03-14,3.791625
1942-03-15,2.4583749999999998
1942-03-16,1.1668749999999999
1942-03-17,2.04175
1942-03-18,2.4998750000000003
1942-03-19,3.3332499999999996
1942-03-20,2.4998750000000003
1942-03-21,3.666625
1942-03-22,3.083375
1942-03-23,2.583375
1942-03-24,1.91675
1942-03-25,1.45825
1942-03-26,3.0416250000000007
1942-03-27,1.791625
1942-03-28,0.999875
1942-03-29,2.6667500000000004
1942-03-30,2.45825
1942-03-31,2.08325
1942-04-01,2.208375
1942-04-02,3.708375
1942-04-03,3.916625
1942-04-04,5.249874999999999
1942-04-05,2.2915
1942-04-06,1.3335
1942-04-07,0.875
1942-04-08,3.7917499999999995
1942-04-09,2.333125
1942-04-10,1.08325
1942-04-11,4.416625
1942-04-12,1.625
1942-04-13,3.416875
1942-04-14,3.4167500000000004
1942-04-15,1.08325
1942-04-16,3.291625
1942-04-17,4.624875
1942-04-18,4.291625
1942-04-19,2.8335
1942-04-20,2.083375
1942-04-21,0.91675
1942-04-22,0.666625
1942-04-23,3.4997499999999997
1942-04-24,1.958375
1942-04-25,0.5
1942-04-26,0.8334999999999999
1942-04-27,2.25
1942-04-28,2.5
1942-04-29,1.08325
1942-04-30,2.16675
1942-05-01,2.3335
1942-05-02,2.333375
1942-05-03,1.833375
1942-05-04,2.458375
1942-05-05,2.6667499999999995
1942-05-06,1.58325
1942-05-07,1.04175
1942-05-08,0.958375
1942-05-09,0.6248750000000001
1942-05-10,1.625
1942-05-11,1.29175
1942-05-12,0.7915000000000001
1942-05-13,0.70825
1942-05-14,2.8751250000000006
1942-05-15,1.75
1942-05-16,1.416625
1942-05-17,1.375
1942-05-18,1.333375
1942-05-19,0.791875
1942-05-20,1.83325
1942-05-21,2.1248750000000003
1942-05-22,2.4998750000000003
1942-05-23,1.958375
1942-05-24,1.45825
1942-05-25,1.0418749999999999
1942-05-26,0.58325
1942-05-27,2.6667500000000004
1942-05-28,2.833375
1942-05-29,1.4165
1942-05-30,1.333375
1942-05-31,0.708375
1942-06-01,0.91675
1942-06-02,0.33312500000000006
1942-06-03,1.999875
1942-06-04,0.958375
1942-06-05,1.4997500000000001
1942-06-06,1.291625
1942-06-07,0.8331250000000001
1942-06-08,1.041625
1942-06-09,0.37487500000000007
1942-06-10,0.45825000000000005
1942-06-11,3.333375
1942-06-12,2.6665
1942-06-13,3.125
1942-06-14,2.7917500000000004
1942-06-15,1.208375
1942-06-16,1.75
1942-06-17,2.208375
1942-06-18,1.7915
1942-06-19,2.8332499999999996
1942-06-20,2.1665
1942-06-21,1.125
1942-06-22,0.625125
1942-06-23,1.5
1942-06-24,2.08325
1942-06-25,1.625
1942-06-26,1.291625
1942-06-27,1.083375
1942-06-28,2.291625
1942-06-29,2.666625
1942-06-30,2.9998750000000003
1942-07-01,2.666625
1942-07-02,1.125
1942-07-03,0.8748750000000001
1942-07-04,0.2915
1942-07-05,1.2081250000000001
1942-07-06,1.75
1942-07-07,1.583375
1942-07-08,4.124875
1942-07-09,2.375
1942-07-10,1.95825
1942-07-11,4.874999999999999
1942-07-12,3.0001250000000006
1942-07-13,2.08325
1942-07-14,2.6665
1942-07-15,3.8335
1942-07-16,3.0
1942-07-17,2.291625
1942-07-18,1.166875
1942-07-19,1.166625
1942-07-20,2.7917500000000004
1942-07-21,2.6667500000000004
1942-07-22,1.75
1942-07-23,2.04175
1942-07-24,1.8335
1942-07-25,3.708125
1942-07-26,1.833375
1942-07-27,3.958375
1942-07-28,2.875
1942-07-29,2.08325
1942-07-30,2.541625
1942-07-31,1.875
1942-08-01,1.249875
1942-08-02,1.58325
1942-08-03,1.875
1942-08-04,1.04175
1942-08-05,1.3335
1942-08-06,2.33325
1942-08-07,3.083375
1942-08-08,0.75
1942-08-09,1.4165
1942-08-10,3.4998749999999994
1942-08-11,1.95825
1942-08-12,2.3332499999999996
1942-08-13,0.8748750000000001
1942-08-14,1.0
1942-08-15,1.666625
1942-08-16,3.9998750000000003
1942-08-17,3.458375
1942-08-18,3.5
1942-08-19,3.916625
1942-08-20,3.0832499999999996
1942-08-21,2.3332499999999996
1942-08-22,2.458375
1942-08-23,4.625
1942-08-24,3.2501249999999997
1942-08-25,3.2085
1942-08-26,2.75
1942-08-27,2.4164999999999996
1942-08-28,0.958375
1942-08-29,0.8331250000000001
1942-08-30,1.541625
1942-08-31,2.041625
1942-09-01,2.0833749999999998
1942-09-02,2.875
1942-09-03,1.41675
1942-09-04,1.95825
1942-09-05,2.16675
1942-09-06,3.7917499999999995
1942-09-07,2.4582499999999996
1942-09-08,2.000125
1942-09-09,1.416625
1942-09-10,1.8747500000000001
1942-09-11,3.33325
1942-09-12,5.041875
1942-09-13,3.625
1942-09-14,4.125
1942-09-15,3.833375
1942-09-16,3.5417500000000004
1942-09-17,4.291625
1942-09-18,3.8332499999999996
1942-09-19,3.833375
1942-09-20,3.6663749999999995
1942-09-21,4.500125000000001
1942-09-22,3.458375
1942-09-23,1.874875
1942-09-24,1.666625
1942-09-25,1.29175
1942-09-26,1.541625
1942-09-27,1.875
1942-09-28,1.4165
1942-09-29,1.166625
1942-09-30,1.125
1942-10-01,0.5832499999999999
1942-10-02,4.4585
1942-10-03,4.83325
1942-10-04,4.125
1942-10-05,3.416625
1942-10-06,1.5831250000000001
1942-10-07,2.833125
1942-10-08,1.791625
1942-10-09,1.58325
1942-10-10,1.70825
1942-10-11,1.9585000000000001
1942-10-12,4.3332500000000005
1942-10-13,4.124874999999999
1942-10-14,4.249875
1942-10-15,3.7917500000000004
1942-10-16,3.4582499999999996
1942-10-17,2.833375
1942-10-18,3.25
1942-10-19,4.208125
1942-10-20,3.0001250000000006
1942-10-21,1.624875
1942-10-22,1.0835
1942-10-23,1.29175
1942-10-24,0.708375
1942-10-25,2.4583749999999998
1942-10-26,1.79175
1942-10-27,1.875
1942-10-28,3.791875
1942-10-29,5.916499999999999
1942-10-30,4.625
1942-10-31,4.125125000000001
1942-11-01,2.4998749999999994
1942-11-02,2.916625
1942-11-03,2.16675
1942-11-04,2.458125
1942-11-05,1.54175
1942-11-06,1.583375
1942-11-07,2.16675
1942-11-08,2.916625
1942-11-09,1.5
1942-11-10,2.2501249999999997
1942-11-11,2.79175
1942-11-12,2.4582500000000005
1942-11-13,2.75
1942-11-14,3.041625
1942-11-15,2.20825
1942-11-16,1.458375
1942-11-17,1.875
1942-11-18,2.500125
1942-11-19,1.625
1942-11-20,2.875
1942-11-21,2.333125
1942-11-22,1.166625
1942-11-23,2.7917499999999995
1942-11-24,5.125
1942-11-25,4.25
1942-11-26,4.4167499999999995
1942-11-27,2.875
1942-11-28,3.666875
1942-11-29,3.1248750000000003
1942-11-30,1.958375
1942-12-01,1.5
1942-12-02,1.0
1942-12-03,1.0415
1942-12-04,2.5
1942-12-05,1.041625
1942-12-06,0.750125
1942-12-07,2.375
1942-12-08,2.79175
1942-12-09,3.2498750000000003
1942-12-10,3.416625
1942-12-11,2.8332499999999996
1942-12-12,2.6666250000000007
1942-12-13,1.083375
1942-12-14,1.9168749999999999
1942-12-15,1.416625
1942-12-16,1.916625
1942-12-17,0.7917500000000001
1942-12-18,0.6248750000000001
1942-12-19,0.7498750000000001
1942-12-20,2.04175
1942-12-21,4.29175
1942-12-22,2.8748749999999994
1942-12-23,3.958375
1942-12-24,3.208375
1942-12-25,2.7498750000000003
1942-12-26,3.7501249999999997
1942-12-27,1.541625
1942-12-28,1.20825
1942-12-29,0.9582499999999999
1942-12-30,0.291625
1942-12-31,0.333125
1943-01-01,0.916625
1943-01-02,1.41675
1943-01-03,1.8335
1943-01-04,3.875
1943-01-05,3.0417500000000004
1943-01-06,2.5415
1943-01-07,0.70825
1943-01-08,1.20825
1943-01-09,2.0
1943-01-10,1.4165
1943-01-11,1.041625
1943-01-12,1.375125
1943-01-13,1.000125
1943-01-14,0.33325000000000005
1943-01-15,0.416625
1943-01-16,1.208375
1943-01-17,3.6665
1943-01-18,2.25
1943-01-19,1.875
1943-01-20,3.958375
1943-01-21,3.916625
1943-01-22,3.8335
1943-01-23,2.2498750000000003
1943-01-24,2.375
1943-01-25,1.25
1943-01-26,2.8332499999999996
1943-01-27,1.624875
1943-01-28,2.124875
1943-01-29,1.3335
1943-01-30,1.7085
1943-01-31,1.41675
1943-02-01,1.41675
1943-02-02,1.541625
1943-02-03,2.4585
1943-02-04,2.7917500000000004
1943-02-05,2.625
1943-02-06,2.625
1943-02-07,1.41675
1943-02-08,1.458375
1943-02-09,1.541625
1943-02-10,0.95825
1943-02-11,1.91675
1943-02-12,1.333375
1943-02-13,2.7082499999999996
1943-02-14,1.4165
1943-02-15,1.166625
1943-02-16,0.9582499999999999
1943-02-17,4.416625
1943-02-18,2.625
1943-02-19,2.08325
1943-02-20,1.1665
1943-02-21,0.791625
1943-02-22,0.999875
1943-02-23,2.0001249999999997
1943-02-24,2.04175
1943-02-25,2.08325
1943-02-26,3.4585
1943-02-27,2.2085
1943-02-28,1.041625
1943-03-01,1.41675
1943-03-02,2.4998749999999994
1943-03-03,2.08325
1943-03-04,3.458375
1943-03-05,3.0835
1943-03-06,1.833375
1943-03-07,1.58325
1943-03-08,2.291625
1943-03-09,2.0
1943-03-10,1.1251250000000002
1943-03-11,2.5417500000000004
1943-03-12,3.458375
1943-03-13,0.8748750000000001
1943-03-14,1.9997500000000001
1943-03-15,0.7085
1943-03-16,3.791625
1943-03-17,2.083375
1943-03-18,1.666625
1943-03-19,2.20825
1943-03-20,3.5832500000000005
1943-03-21,2.08325
1943-03-22,2.916625
1943-03-23,3.9167500000000004
1943-03-24,1.9585
1943-03-25,0.95825
1943-03-26,1.29175
1943-03-27,1.166625
1943-03-28,0.75
1943-03-29,3.7082499999999996
1943-03-30,3.916625
1943-03-31,2.9998750000000003
1943-04-01,2.791625
1943-04-02,2.583375
1943-04-03,4.333374999999999
1943-04-04,3.5417500000000004
1943-04-05,3.708375
1943-04-06,3.791625
1943-04-07,3.1248750000000003
1943-04-08,1.7085
1943-04-09,0.8751249999999999
1943-04-10,3.7082499999999996
1943-04-11,4.208375
1943-04-12,1.125125
1943-04-13,0.7498750000000001
1943-04-14,0.6251249999999999
1943-04-15,1.875
1943-04-16,2.8335
1943-04-17,1.916625
1943-04-18,1.458375
1943-04-19,1.208375
1943-04-20,2.0
1943-04-21,3.5832499999999996
1943-04-22,1.70825
1943-04-23,0.541875
1943-04-24,0.45825000000000005
1943-04-25,2.7085
1943-04-26,4.000125000000001
1943-04-27,1.625
1943-04-28,1.458375
1943-04-29,2.5832499999999996
1943-04-30,3.25
1943-05-01,5.3332500000000005
1943-05-02,3.4998750000000003
1943-05-03,2.04175
1943-05-04,2.1248750000000003
1943-05-05,2.2085000000000004
1943-05-06,1.1668749999999999
1943-05-07,1.375
1943-05-08,0.583375
1943-05-09,0.7084999999999999
1943-05-10,1.29175
1943-05-11,1.66675
1943-05-12,2.16675
1943-05-13,3.0417500000000004
1943-05-14,2.45825
1943-05-15,3.541625
1943-05-16,2.2501249999999997
1943-05-17,3.5
1943-05-18,4.375125
1943-05-19,3.1667500000000004
1943-05-20,1.291625
1943-05-21,1.04175
1943-05-22,0.6665000000000001
1943-05-23,2.2498750000000003
1943-05-24,3.8332499999999996
1943-05-25,3.416625
1943-05-26,2.0
1943-05-27,2.7082499999999996
1943-05-28,4.000125
1943-05-29,2.458625
1943-05-30,1.916625
1943-05-31,1.249875
1943-06-01,2.0
1943-06-02,1.541625
1943-06-03,1.083375
1943-06-04,0.958375
1943-06-05,1.500125
1943-06-06,2.000125
1943-06-07,2.3332499999999996
1943-06-08,4.000125
1943-06-09,3.5417499999999995
1943-06-10,3.041625
1943-06-11,2.3332499999999996
1943-06-12,2.5001249999999997
1943-06-13,3.3333749999999993
1943-06-14,2.5415
1943-06-15,0.958375
1943-06-16,0.750125
1943-06-17,0.541625
1943-06-18,0.7085
1943-06-19,2.416625
1943-06-20,3.4167500000000004
1943-06-21,3.5417499999999995
1943-06-22,3.4167500000000004
1943-06-23,3.5
1943-06-24,3.708125
1943-06-25,2.8332499999999996
1943-06-26,1.375
1943-06-27,1.79175
1943-06-28,3.375
1943-06-29,1.416625
1943-06-30,0.95825
1943-07-01,0.75
1943-07-02,1.125
1943-07-03,2.708375
1943-07-04,3.4582499999999996
1943-07-05,4.95825
1943-07-06,4.66675
1943-07-07,3.0832499999999996
1943-07-08,3.458375
1943-07-09,4.166625
1943-07-10,3.4585
1943-07-11,3.3751249999999997
1943-07-12,3.125
1943-07-13,3.125
1943-07-14,0.83325
1943-07-15,1.874875
1943-07-16,2.375
1943-07-17,2.125
1943-07-18,3.4165
1943-07-19,2.875
1943-07-20,2.083375
1943-07-21,2.9582499999999996
1943-07-22,2.833375
1943-07-23,1.7918749999999999
1943-07-24,1.04175
1943-07-25,0.79175
1943-07-26,1.791625
1943-07-27,2.124875
1943-07-28,1.1664999999999999
1943-07-29,0.916625
1943-07-30,3.458375
1943-07-31,2.6248750000000003
1943-08-01,3.4165
1943-08-02,3.7501250000000006
1943-08-03,3.9167499999999995
1943-08-04,3.7498749999999994
1943-08-05,3.3748750000000003
1943-08-06,2.75
1943-08-07,2.708375
1943-08-08,5.416499999999999
1943-08-09,4.166625
1943-08-10,1.958375
1943-08-11,1.583375
1943-08-12,1.874875
1943-08-13,5.041625
1943-08-14,3.958375
1943-08-15,3.4165
1943-08-16,3.8332499999999996
1943-08-17,3.791875000000001
1943-08-18,4.041625
1943-08-19,4.0
1943-08-20,4.375125
1943-08-21,3.0
1943-08-22,1.166625
1943-08-23,2.083375
1943-08-24,3.375
1943-08-25,3.2915
1943-08-26,3.083375
1943-08-27,1.25
1943-08-28,4.125
1943-08-29,4.375
1943-08-30,6.16675
1943-08-31,6.9582500000000005
1943-09-01,4.333375
1943-09-02,4.291625
1943-09-03,4.9582500000000005
1943-09-04,3.875
1943-09-05,3.6251249999999997
1943-09-06,2.375
1943-09-07,1.874875
1943-09-08,3.458375
1943-09-09,4.416625
1943-09-10,4.16675
1943-09-11,3.708375
1943-09-12,3.1248750000000003
1943-09-13,3.8748749999999994
1943-09-14,3.5832499999999996
1943-09-15,2.8751249999999997
1943-09-16,2.3332499999999996
1943-09-17,2.291875
1943-09-18,1.708375
1943-09-19,2.4583749999999998
1943-09-20,1.750125
1943-09-21,3.66675
1943-09-22,3.416625
1943-09-23,2.625
1943-09-24,1.625
1943-09-25,2.4583749999999998
1943-09-26,4.333375
1943-09-27,4.458375
1943-09-28,4.83325
1943-09-29,5.333500000000001
1943-09-30,5.45825
1943-10-01,4.833375
1943-10-02,4.75025
1943-10-03,4.749875
1943-10-04,3.541625
1943-10-05,2.0
1943-10-06,1.2085
1943-10-07,2.9165
1943-10-08,4.083375
1943-10-09,4.75
1943-10-10,3.1667500000000004
1943-10-11,2.625
1943-10-12,2.541625
1943-10-13,1.583375
1943-10-14,1.0418749999999999
1943-10-15,0.5415000000000001
1943-10-16,1.125125
1943-10-17,2.58325
1943-10-18,1.583375
1943-10-19,2.166625
1943-10-20,2.25
1943-10-21,1.458375
1943-10-22,3.416625
1943-10-23,2.208375
1943-10-24,4.500125000000001
1943-10-25,4.625
1943-10-26,5.04175
1943-10-27,4.08325
1943-10-28,4.708375
1943-10-29,4.666625
1943-10-30,4.29175
1943-10-31,4.41675
1943-11-01,3.916499999999999
1943-11-02,1.624875
1943-11-03,1.041625
1943-11-04,1.083375
1943-11-05,2.708375
1943-11-06,3.708375
1943-11-07,2.7498750000000003
1943-11-08,2.7082500000000005
1943-11-09,2.16675
1943-11-10,2.0415
1943-11-11,0.7915000000000001
1943-11-12,1.08325
1943-11-13,0.833375
1943-11-14,1.208375
1943-11-15,0.9165
1943-11-16,2.7501249999999997
1943-11-17,0.49987500000000007
1943-11-18,1.958375
1943-11-19,4.875
1943-11-20,4.70825
1943-11-21,4.625125
1943-11-22,3.7917500000000004
1943-11-23,4.666625
1943-11-24,4.41675
1943-11-25,4.791625
1943-11-26,4.541625
1943-11-27,4.666499999999999
1943-11-28,3.500125
1943-11-29,3.8332500000000005
1943-11-30,1.833375
1943-12-01,1.66675
1943-12-02,3.0001249999999997
1943-12-03,3.791625
1943-12-04,3.3335
1943-12-05,2.9582499999999996
1943-12-06,0.20825000000000002
1943-12-07,0.875
1943-12-08,1.2915
1943-12-09,2.2085000000000004
1943-12-10,1.8335
1943-12-11,0.8333750000000001
1943-12-12,0.75
1943-12-13,1.041625
1943-12-14,1.5
1943-12-15,1.333375
1943-12-16,4.374999999999999
1943-12-17,4.333375
1943-12-18,3.5832499999999996
1943-12-19,4.499875
1943-12-20,4.083500000000001
1943-12-21,3.3335
1943-12-22,3.5
1943-12-23,2.791625
1943-12-24,2.083375
1943-12-25,2.2915
1943-12-26,2.8748749999999994
1943-12-27,1.666625
1943-12-28,0.7498750000000001
1943-12-29,1.9585
1943-12-30,1.12525
1943-12-31,2.583375
1944-01-01,3.083375
1944-01-02,1.791625
1944-01-03,0.70825
1944-01-04,1.458375
1944-01-05,2.708375
1944-01-06,1.25
1944-01-07,1.25
1944-01-08,1.375125
1944-01-09,1.416625
1944-01-10,2.333375
1944-01-11,3.958500000000001
1944-01-12,3.791625
1944-01-13,4.125
1944-01-14,3.9585
1944-01-15,3.750000000000001
1944-01-16,3.75
1944-01-17,3.625
1944-01-18,3.375
1944-01-19,2.6667500000000004
1944-01-20,2.541625
1944-01-21,1.625125
1944-01-22,1.5
1944-01-23,1.375
1944-01-24,1.291625
1944-01-25,1.16675
1944-01-26,1.91675
1944-01-27,2.7501249999999997
1944-01-28,2.041625
1944-01-29,1.54175
1944-01-30,1.041625
1944-01-31,1.458375
1944-02-01,1.083375
1944-02-02,1.458375
1944-02-03,0.708375
1944-02-04,1.8335
1944-02-05,1.25
1944-02-06,0.8751249999999999
1944-02-07,4.249874999999999
1944-02-08,4.0417499999999995
1944-02-09,3.291625
1944-02-10,3.416625
1944-02-11,3.4582499999999996
1944-02-12,2.9583749999999998
1944-02-13,2.3751249999999997
1944-02-14,4.624874999999999
1944-02-15,3.708375
1944-02-16,2.20825
1944-02-17,1.375
1944-02-18,0.70825
1944-02-19,0.75
1944-02-20,2.6252500000000003
1944-02-21,2.250125
1944-02-22,1.083375
1944-02-23,1.125125
1944-02-24,0.8748750000000001
1944-02-25,0.666625
1944-02-26,0.791625
1944-02-27,0.666625
1944-02-28,1.20825
1944-02-29,1.916625
1944-03-01,1.375
1944-03-02,2.125
1944-03-03,0.9998750000000001
1944-03-04,3.541875
1944-03-05,2.04175
1944-03-06,3.5832499999999996
1944-03-07,4.0
1944-03-08,3.375
1944-03-09,4.0
1944-03-10,4.66675
1944-03-11,2.791875
1944-03-12,3.8332499999999996
1944-03-13,2.9166250000000002
1944-03-14,2.54175
1944-03-15,1.458375
1944-03-16,1.83325
1944-03-17,0.333
1944-03-18,1.95825
1944-03-19,3.8332500000000005
1944-03-20,1.70825
1944-03-21,1.500125
1944-03-22,2.6248750000000003
1944-03-23,1.958375
1944-03-24,0.625
1944-03-25,1.9165
1944-03-26,4.20825
1944-03-27,4.75
1944-03-28,2.2498750000000003
1944-03-29,3.5001250000000006
1944-03-30,2.958375
1944-03-31,2.0416250000000002
1944-04-01,2.16675
1944-04-02,5.58325
1944-04-03,3.208375
1944-04-04,3.6248750000000003
1944-04-05,3.708375
1944-04-06,3.75
1944-04-07,3.5
1944-04-08,2.708375
1944-04-09,1.875
1944-04-10,3.541625
1944-04-11,2.5832500000000005
1944-04-12,1.7081250000000001
1944-04-13,0.24987499999999999
1944-04-14,0.2915
1944-04-15,2.0
1944-04-16,4.249874999999999
1944-04-17,2.083375
1944-04-18,1.250125
1944-04-19,0.875
1944-04-20,1.125
1944-04-21,1.041625
1944-04-22,0.37487500000000007
1944-04-23,0.249875
1944-04-24,2.708375
1944-04-25,1.79175
1944-04-26,2.1248750000000003
1944-04-27,2.583375
1944-04-28,2.4165
1944-04-29,2.2082499999999996
1944-04-30,3.2082499999999996
1944-05-01,4.083375
1944-05-02,3.666625
1944-05-03,2.041625
1944-05-04,2.79175
1944-05-05,3.0415
1944-05-06,3.3332499999999996
1944-05-07,2.9167500000000004
1944-05-08,2.083375
1944-05-09,0.95825
1944-05-10,0.91675
1944-05-11,1.208375
1944-05-12,1.3335000000000001
1944-05-13,0.5415000000000001
1944-05-14,0.83325
1944-05-15,1.124875
1944-05-16,0.45825000000000005
1944-05-17,0.8751249999999999
1944-05-18,0.79175
1944-05-19,0.8748750000000001
1944-05-20,0.208125
1944-05-21,0.7083750000000001
1944-05-22,0.958375
1944-05-23,1.500125
1944-05-24,2.5
1944-05-25,1.583375
1944-05-26,1.708375
1944-05-27,1.95825
1944-05-28,1.41675
1944-05-29,3.5417499999999995
1944-05-30,2.333375
1944-05-31,2.083375
1944-06-01,1.374875
1944-06-02,1.33325
1944-06-03,0.75
1944-06-04,1.291875
1944-06-05,1.75
1944-06-06,1.04175
1944-06-07,0.75
1944-06-08,0.625
1944-06-09,1.41675
1944-06-10,1.125
1944-06-11,1.45825
1944-06-12,0.6251249999999999
1944-06-13,1.208375
1944-06-14,1.750125
1944-06-15,3.166625
1944-06-16,2.4585
1944-06-17,1.583375
1944-06-18,1.375
1944-06-19,1.208375
1944-06-20,2.33325
1944-06-21,2.875
1944-06-22,3.4165
1944-06-23,2.5835
1944-06-24,1.416625
1944-06-25,0.9585
1944-06-26,3.04175
1944-06-27,2.416625
1944-06-28,1.45825
1944-06-29,1.95825
1944-06-30,1.624875
1944-07-01,1.41675
1944-07-02,1.66675
1944-07-03,1.5
1944-07-04,1.083375
1944-07-05,1.29175
1944-07-06,1.20825
1944-07-07,1.70825
1944-07-08,1.0414999999999999
1944-07-09,2.2501249999999997
1944-07-10,1.7085
1944-07-11,1.1252499999999999
1944-07-12,1.000125
1944-07-13,1.33325
1944-07-14,1.541625
1944-07-15,2.1666250000000002
1944-07-16,1.833375
1944-07-17,1.875
1944-07-18,1.333375
1944-07-19,1.958375
1944-07-20,2.1666250000000002
1944-07-21,2.0
1944-07-22,1.70825
1944-07-23,1.125
1944-07-24,0.5415
1944-07-25,0.6248750000000001
1944-07-26,0.708375
1944-07-27,0.70825
1944-07-28,0.99975
1944-07-29,1.125125
1944-07-30,1.3748749999999998
1944-07-31,1.6247500000000001
1944-08-01,1.708375
1944-08-02,2.54175
1944-08-03,4.124875
1944-08-04,1.45825
1944-08-05,1.458375
1944-08-06,1.874875
1944-08-07,1.333375
1944-08-08,1.5835000000000001
1944-08-09,1.416625
1944-08-10,2.1248750000000003
1944-08-11,2.208375
1944-08-12,2.29175
1944-08-13,1.500125
1944-08-14,1.291625
1944-08-15,1.375
1944-08-16,1.3335
1944-08-17,1.2085
1944-08-18,3.083375
1944-08-19,1.666625
1944-08-20,1.291625
1944-08-21,0.91675
1944-08-22,1.25
1944-08-23,2.2501249999999997
1944-08-24,2.5
1944-08-25,0.62475
1944-08-26,1.125
1944-08-27,1.625
1944-08-28,3.2501249999999997
1944-08-29,1.16675
1944-08-30,2.16675
1944-08-31,3.041875
1944-09-01,2.29175
1944-09-02,3.833375
1944-09-03,1.83325
1944-09-04,1.7081250000000001
1944-09-05,1.624875
1944-09-06,1.416375
1944-09-07,1.41675
1944-09-08,1.999875
1944-09-09,1.375
1944-09-10,1.83325
1944-09-11,1.958375
1944-09-12,2.24975
1944-09-13,1.45825
1944-09-14,2.2498750000000003
1944-09-15,1.041625
1944-09-16,1.16675
1944-09-17,1.04175
1944-09-18,2.0835
1944-09-19,0.625
1944-09-20,1.458375
1944-09-21,2.9998750000000003
1944-09-22,2.0
1944-09-23,2.5
1944-09-24,3.6251250000000006
1944-09-25,2.333375
1944-09-26,2.4998750000000003
1944-09-27,2.70825
1944-09-28,1.541625
1944-09-29,1.875
1944-09-30,3.2501249999999997
1944-10-01,3.5832499999999996
1944-10-02,1.5
1944-10-03,3.2917499999999995
1944-10-04,1.708375
1944-10-05,1.249875
1944-10-06,2.25
1944-10-07,1.70825
1944-10-08,0.58325
1944-10-09,0.9581250000000001
1944-10-10,1.25
1944-10-11,3.7498749999999994
1944-10-12,2.2085
1944-10-13,2.125
1944-10-14,3.458375
1944-10-15,3.9998749999999994
1944-10-16,2.333375
1944-10-17,2.29175
1944-10-18,2.125125
1944-10-19,0.916625
1944-10-20,1.166375
1944-10-21,1.29175
1944-10-22,1.4167500000000002
1944-10-23,2.41675
1944-10-24,3.208375
1944-10-25,1.70825
1944-10-26,2.458375
1944-10-27,1.7918749999999999
1944-10-28,2.000125
1944-10-29,1.083375
1944-10-30,1.1665
1944-10-31,2.7498750000000003
1944-11-01,0.79175
1944-11-02,1.041625
1944-11-03,1.458375
1944-11-04,2.666625
1944-11-05,3.916625
1944-11-06,2.5833749999999998
1944-11-07,1.4167500000000002
1944-11-08,1.25
1944-11-09,1.79175
1944-11-10,1.874875
1944-11-11,1.083125
1944-11-12,0.708375
1944-11-13,0.1665
1944-11-14,0.791625
1944-11-15,0.666625
1944-11-16,1.124875
1944-11-17,0.45825000000000005
1944-11-18,1.75
1944-11-19,1.958375
1944-11-20,3.3751249999999997
1944-11-21,0.625
1944-11-22,0.6248750000000001
1944-11-23,1.0
1944-11-24,0.291625
1944-11-25,0.20825000000000002
1944-11-26,1.249875
1944-11-27,0.58325
1944-11-28,0.58325
1944-11-29,0.791625
1944-11-30,1.54175
1944-12-01,1.833375
1944-12-02,2.8747499999999997
1944-12-03,2.291625
1944-12-04,1.45825
1944-12-05,1.624875
1944-12-06,1.54175
1944-12-07,0.33325000000000005
1944-12-08,0.75
1944-12-09,1.41675
1944-12-10,0.958375
1944-12-11,0.75
1944-12-12,0.7915000000000001
1944-12-13,2.8332499999999996
1944-12-14,2.75
1944-12-15,1.5835
1944-12-16,5.291625
1944-12-17,5.374874999999999
1944-12-18,3.2085
1944-12-19,2.041625
1944-12-20,1.95825
1944-12-21,2.25
1944-12-22,1.708375
1944-12-23,1.375
1944-12-24,0.5
1944-12-25,0.7082499999999999
1944-12-26,1.75
1944-12-27,4.375125
1944-12-28,2.541625
1944-12-29,2.33325
1944-12-30,3.208375
1944-12-31,1.874875
1945-01-01,2.3335
1945-01-02,2.2917500000000004
1945-01-03,1.999875
1945-01-04,1.66675
1945-01-05,1.458375
1945-01-06,1.624875
1945-01-07,1.458375
1945-01-08,1.04175
1945-01-09,1.791625
1945-01-10,3.375
1945-01-11,0.45825
1945-01-12,1.25
1945-01-13,1.4165
1945-01-14,0.8751249999999999
1945-01-15,4.166625
1945-01-16,2.791625
1945-01-17,2.8751250000000006
1945-01-18,1.20825
1945-01-19,2.250125
1945-01-20,2.33325
1945-01-21,1.45825
1945-01-22,1.08325
1945-01-23,0.791875
1945-01-24,0.12487500000000001
1945-01-25,0.208125
1945-01-26,1.70825
1945-01-27,1.416625
1945-01-28,2.1665
1945-01-29,4.75
1945-01-30,2.7083749999999993
1945-01-31,1.000125
1945-02-01,1.16675
1945-02-02,2.166625
1945-02-03,1.541625
1945-02-04,1.208375
1945-02-05,2.958375
1945-02-06,2.374875
1945-02-07,1.708375
1945-02-08,2.958125
1945-02-09,3.0
1945-02-10,1.8335
1945-02-11,2.20825
1945-02-12,1.625
1945-02-13,0.6248750000000001
1945-02-14,1.208375
1945-02-15,3.666625
1945-02-16,3.4167499999999995
1945-02-17,2.541625
1945-02-18,1.95825
1945-02-19,1.333375
1945-02-20,1.083375
1945-02-21,0.5417500000000001
1945-02-22,1.66675
1945-02-23,1.5832499999999998
1945-02-24,1.7085
1945-02-25,2.6665
1945-02-26,2.9997499999999997
1945-02-27,3.083375
1945-02-28,1.750125
1945-03-01,1.33325
1945-03-02,1.08325
1945-03-03,2.374875
1945-03-04,1.20825
1945-03-05,2.9582500000000005
1945-03-06,2.916875
1945-03-07,2.166875
1945-03-08,3.0832499999999996
1945-03-09,1.3331250000000001
1945-03-10,1.250125
1945-03-11,4.291625
1945-03-12,4.7915
1945-03-13,2.125
1945-03-14,2.375
1945-03-15,5.04175
1945-03-16,3.625
1945-03-17,2.08325
1945-03-18,2.3751249999999997
1945-03-19,1.208375
1945-03-20,2.583375
1945-03-21,2.0415
1945-03-22,0.7498750000000001
1945-03-23,0.79175
1945-03-24,1.874875
1945-03-25,2.166625
1945-03-26,5.166625
1945-03-27,3.75
1945-03-28,4.458500000000001
1945-03-29,2.6666250000000007
1945-03-30,0.958375
1945-03-31,0.791625
1945-04-01,4.874874999999999
1945-04-02,2.6251250000000006
1945-04-03,0.916625
1945-04-04,1.29175
1945-04-05,2.375
1945-04-06,3.4998749999999994
1945-04-07,2.9585
1945-04-08,2.9167500000000004
1945-04-09,0.66675
1945-04-10,0.916625
1945-04-11,3.666625
1945-04-12,3.9167500000000004
1945-04-13,2.7917500000000004
1945-04-14,3.5832499999999996
1945-04-15,2.666625
1945-04-16,1.416625
1945-04-17,0.916625
1945-04-18,1.125
1945-04-19,2.4582499999999996
1945-04-20,2.7501249999999997
1945-04-21,0.8332499999999999
1945-04-22,1.75
1945-04-23,2.7917500000000004
1945-04-24,3.0417499999999995
1945-04-25,1.874875
1945-04-26,0.5831250000000001
1945-04-27,0.75
1945-04-28,0.6248750000000001
1945-04-29,1.291625
1945-04-30,2.541875
1945-05-01,2.333375
1945-05-02,2.541625
1945-05-03,2.8748750000000003
1945-05-04,1.541625
1945-05-05,1.541625
1945-05-06,1.375
1945-05-07,0.791625
1945-05-08,1.208375
1945-05-09,2.166625
1945-05-10,2.25
1945-05-11,3.541625
1945-05-12,2.625
1945-05-13,2.0835
1945-05-14,1.958375
1945-05-15,1.0
1945-05-16,1.66675
1945-05-17,1.79175
1945-05-18,2.208125
1945-05-19,2.166875
1945-05-20,1.875
1945-05-21,1.791625
1945-05-22,1.166625
1945-05-23,1.95825
1945-05-24,2.166875
1945-05-25,2.875
1945-05-26,1.54175
1945-05-27,1.7917500000000002
1945-05-28,1.416625
1945-05-29,1.958375
1945-05-30,2.8748750000000003
1945-05-31,2.16675
1945-06-01,0.875
1945-06-02,0.708375
1945-06-03,0.9998750000000001
1945-06-04,0.666625
1945-06-05,1.25
1945-06-06,3.5001250000000006
1945-06-07,2.791625
1945-06-08,3.291875
1945-06-09,2.4167500000000004
1945-06-10,2.7082499999999996
1945-06-11,2.0415
1945-06-12,1.20825
1945-06-13,1.3752499999999999
1945-06-14,1.08325
1945-06-15,0.916625
1945-06-16,1.000125
1945-06-17,1.750125
1945-06-18,1.208375
1945-06-19,1.208375
1945-06-20,1.58325
1945-06-21,0.8751249999999999
1945-06-22,0.37487500000000007
1945-06-23,1.0415
1945-06-24,0.916625
1945-06-25,1.416625
1945-06-26,0.83325
1945-06-27,2.4582499999999996
1945-06-28,1.416625
1945-06-29,0.708375
1945-06-30,2.333125
1945-07-01,4.6667499999999995
1945-07-02,2.2498750000000003
1945-07-03,1.54175
1945-07-04,2.7501249999999997
1945-07-05,2.8748750000000003
1945-07-06,3.583375
1945-07-07,1.999875
1945-07-08,2.833375
1945-07-09,1.583375
1945-07-10,0.83325
1945-07-11,0.95825
1945-07-12,1.166625
1945-07-13,0.95825
1945-07-14,1.04175
1945-07-15,0.7085
1945-07-16,1.91675
1945-07-17,2.58325
1945-07-18,1.958375
1945-07-19,1.70825
1945-07-20,0.625
1945-07-21,0.7917500000000001
1945-07-22,0.8751249999999999
1945-07-23,1.9581250000000001
1945-07-24,1.708375
1945-07-25,1.083375
1945-07-26,1.166625
1945-07-27,0.5415
1945-07-28,2.54175
1945-07-29,2.0001249999999997
1945-07-30,2.875
1945-07-31,0.8748750000000001
1945-08-01,1.333375
1945-08-02,2.9167499999999995
1945-08-03,1.541625
1945-08-04,1.125
1945-08-05,1.833375
1945-08-06,2.08325
1945-08-07,1.58325
1945-08-08,1.29175
1945-08-09,0.8751249999999999
1945-08-10,0.541625
1945-08-11,1.333375
1945-08-12,1.416625
1945-08-13,2.333375
1945-08-14,3.0416250000000007
1945-08-15,2.29175
1945-08-16,1.541625
1945-08-17,1.20825
1945-08-18,0.583375
1945-08-19,0.541625
1945-08-20,0.416625
1945-08-21,1.666625
1945-08-22,1.833375
1945-08-23,2.041625
1945-08-24,0.6665000000000001
1945-08-25,0.66675
1945-08-26,0.833375
1945-08-27,1.625125
1945-08-28,3.458375
1945-08-29,1.749875
1945-08-30,0.791625
1945-08-31,0.8748750000000001
1945-09-01,1.125125
1945-09-02,1.79175
1945-09-03,1.0
1945-09-04,3.25
1945-09-05,1.999875
1945-09-06,1.70825
1945-09-07,1.333375
1945-09-08,1.125
1945-09-09,1.375125
1945-09-10,0.958375
1945-09-11,2.20825
1945-09-12,2.541875
1945-09-13,1.9585
1945-09-14,0.791625
1945-09-15,0.75
1945-09-16,1.666625
1945-09-17,4.624874999999999
1945-09-18,4.75
1945-09-19,2.20825
1945-09-20,2.0415
1945-09-21,1.666625
1945-09-22,1.29175
1945-09-23,0.58325
1945-09-24,0.58325
1945-09-25,1.7915
1945-09-26,1.458375
1945-09-27,2.2083749999999998
1945-09-28,1.500125
1945-09-29,1.2917500000000002
1945-09-30,2.9998750000000003
1945-10-01,1.708375
1945-10-02,1.416625
1945-10-03,0.583375
1945-10-04,0.45825
1945-10-05,2.2498750000000003
1945-10-06,1.0
1945-10-07,1.541625
1945-10-08,2.125
1945-10-09,1.416625
1945-10-10,0.25
1945-10-11,0.125
1945-10-12,3.5001249999999997
1945-10-13,2.29175
1945-10-14,2.25
1945-10-15,1.666625
1945-10-16,2.583375
1945-10-17,1.875125
1945-10-18,1.999875
1945-10-19,2.08325
1945-10-20,1.9585
1945-10-21,1.250125
1945-10-22,1.666625
1945-10-23,1.0001250000000002
1945-10-24,5.0
1945-10-25,4.374875
1945-10-26,0.833375
1945-10-27,2.083375
1945-10-28,4.083375
1945-10-29,2.25
1945-10-30,1.45825
1945-10-31,1.125
1945-11-01,0.666625
1945-11-02,0.6248750000000001
1945-11-03,0.708375
1945-11-04,1.3749999999999998
1945-11-05,1.874875
1945-11-06,0.33337500000000003
1945-11-07,0.6248750000000001
1945-11-08,1.75
1945-11-09,4.7082500000000005
1945-11-10,2.375125
1945-11-11,3.083375
1945-11-12,3.0
1945-11-13,2.291625
1945-11-14,1.666625
1945-11-15,2.29175
1945-11-16,2.75
1945-11-17,1.95825
1945-11-18,0.70825
1945-11-19,0.58325
1945-11-20,0.666625
1945-11-21,0.875
1945-11-22,0.83325
1945-11-23,0.75
1945-11-24,0.5415
1945-11-25,1.041625
1945-11-26,0.291625
1945-11-27,0.624875
1945-11-28,0.7915000000000001
1945-11-29,2.3748750000000003
1945-11-30,0.666625
1945-12-01,0.49987499999999996
1945-12-02,0.958375
1945-12-03,0.541625
1945-12-04,0.166625
1945-12-05,1.208375
1945-12-06,2.458375
1945-12-07,1.7913750000000002
1945-12-08,2.8335
1945-12-09,2.541625
1945-12-10,1.33325
1945-12-11,0.7081250000000001
1945-12-12,0.6665000000000001
1945-12-13,2.33325
1945-12-14,4.958375
1945-12-15,2.2085
1945-12-16,1.0831250000000001
1945-12-17,2.875
1945-12-18,1.291625
1945-12-19,2.166625
1945-12-20,3.666625
1945-12-21,2.791625
1945-12-22,0.4165
1945-12-23,1.8331250000000001
1945-12-24,2.75
1945-12-25,2.958375
1945-12-26,3.7083749999999993
1945-12-27,3.8332499999999996
1945-12-28,3.7501249999999997
1945-12-29,2.5835
1945-12-30,1.583375
1945-12-31,1.83325
1946-01-01,2.3748750000000003
1946-01-02,1.83325
1946-01-03,4.749875
1946-01-04,5.0
1946-01-05,2.3751249999999997
1946-01-06,2.416625
1946-01-07,1.5
1946-01-08,1.291625
1946-01-09,0.8748750000000001
1946-01-10,1.416625
1946-01-11,3.3751250000000006
1946-01-12,2.16675
1946-01-13,0.9165000000000001
1946-01-14,0.7501249999999999
1946-01-15,1.0
1946-01-16,1.875
1946-01-17,2.375
1946-01-18,2.375
1946-01-19,2.1251249999999997
1946-01-20,0.7081250000000001
1946-01-21,0.666625
1946-01-22,2.291625
1946-01-23,2.79175
1946-01-24,4.166625
1946-01-25,2.375
1946-01-26,3.083375
1946-01-27,1.375
1946-01-28,1.0
1946-01-29,1.875125
1946-01-30,1.583375
1946-01-31,1.749875
1946-02-01,0.8748750000000001
1946-02-02,2.124875
1946-02-03,1.95825
1946-02-04,2.291625
1946-02-05,2.666625
1946-02-06,2.541625
1946-02-07,6.083375
1946-02-08,6.125125000000001
1946-02-09,2.75
1946-02-10,3.166625
1946-02-11,1.95825
1946-02-12,1.95825
1946-02-13,2.625
1946-02-14,3.66675
1946-02-15,2.875
1946-02-16,1.66675
1946-02-17,1.541625
1946-02-18,1.58325
1946-02-19,3.791625
1946-02-20,3.041625
1946-02-21,4.75
1946-02-22,3.291625
1946-02-23,3.416625
1946-02-24,2.291875
1946-02-25,2.75
1946-02-26,1.874875
1946-02-27,0.541625
1946-02-28,1.000125
1946-03-01,3.45825
1946-03-02,2.6667500000000004
1946-03-03,1.208375
1946-03-04,3.7082499999999996
1946-03-05,3.75
1946-03-06,3.166625
1946-03-07,2.33325
1946-03-08,1.16675
1946-03-09,2.1248750000000003
1946-03-10,5.45825
1946-03-11,4.04175
1946-03-12,1.0
1946-03-13,1.416625
1946-03-14,1.375
1946-03-15,2.083375
1946-03-16,0.95825
1946-03-17,3.7082499999999996
1946-03-18,1.875
1946-03-19,1.37525
1946-03-20,2.5001249999999997
1946-03-21,2.333375
1946-03-22,3.416499999999999
1946-03-23,3.041625
1946-03-24,6.291625
1946-03-25,7.79175
1946-03-26,4.791499999999999
1946-03-27,3.9167500000000004
1946-03-28,7.708375
1946-03-29,4.166625
1946-03-30,1.749875
1946-03-31,2.541625
1946-04-01,3.125
1946-04-02,3.5833749999999993
1946-04-03,1.750125
1946-04-04,1.75
1946-04-05,2.20825
1946-04-06,2.166625
1946-04-07,2.6667500000000004
1946-04-08,2.125
1946-04-09,4.04175
1946-04-10,1.916625
1946-04-11,1.291625
1946-04-12,2.625
1946-04-13,3.625
1946-04-14,3.625
1946-04-15,5.125125000000001
1946-04-16,2.041625
1946-04-17,1.41675
1946-04-18,1.833375
1946-04-19,1.2081250000000001
1946-04-20,1.291625
1946-04-21,0.875
1946-04-22,2.708375
1946-04-23,6.16675
1946-04-24,5.95825
1946-04-25,1.79175
1946-04-26,2.1251249999999997
1946-04-27,1.25
1946-04-28,2.291625
1946-04-29,2.166625
1946-04-30,1.375125
1946-05-01,1.916625
1946-05-02,2.0
1946-05-03,1.70825
1946-05-04,2.125
1946-05-05,1.625
1946-05-06,4.250125000000001
1946-05-07,3.875
1946-05-08,4.04175
1946-05-09,5.000125000000001
1946-05-10,3.0417499999999995
1946-05-11,4.250125
1946-05-12,2.16675
1946-05-13,1.875
1946-05-14,1.16675
1946-05-15,1.41675
1946-05-16,1.916625
1946-05-17,2.708375
1946-05-18,2.833375
1946-05-19,0.833375
1946-05-20,1.791625
1946-05-21,4.166625
1946-05-22,4.875
1946-05-23,4.458375
1946-05-24,3.6251249999999997
1946-05-25,2.9998750000000003
1946-05-26,2.16675
1946-05-27,1.25
1946-05-28,2.1665
1946-05-29,2.041875
1946-05-30,1.583375
1946-05-31,2.833375
1946-06-01,1.70825
1946-06-02,1.5
1946-06-03,0.49987500000000007
1946-06-04,1.5415
1946-06-05,1.5
1946-06-06,2.5001249999999997
1946-06-07,4.083375
1946-06-08,4.291625
1946-06-09,3.375
1946-06-10,1.83325
1946-06-11,2.583375
1946-06-12,3.5417500000000004
1946-06-13,3.0
1946-06-14,2.1251249999999997
1946-06-15,1.791625
1946-06-16,3.0
1946-06-17,3.291625
1946-06-18,3.333375
1946-06-19,4.4167499999999995
1946-06-20,2.666875
1946-06-21,2.958375
1946-06-22,2.4582499999999996
1946-06-23,1.16675
1946-06-24,1.08325
1946-06-25,2.375
1946-06-26,2.5001249999999997
1946-06-27,3.1667499999999995
1946-06-28,2.8332499999999996
1946-06-29,4.5417499999999995
1946-06-30,1.708375
1946-07-01,0.9167500000000001
1946-07-02,2.0
1946-07-03,2.8332499999999996
1946-07-04,1.083375
1946-07-05,0.7501249999999999
1946-07-06,1.4168749999999999
1946-07-07,4.3335
1946-07-08,2.9167500000000004
1946-07-09,3.1667499999999995
1946-07-10,2.458375
1946-07-11,2.8332500000000005
1946-07-12,1.541625
1946-07-13,1.125125
1946-07-14,2.75
1946-07-15,2.1666250000000002
1946-07-16,2.5
1946-07-17,2.708375
1946-07-18,3.833375
1946-07-19,3.6667499999999995
1946-07-20,1.208375
1946-07-21,2.3748750000000003
1946-07-22,2.6251249999999997
1946-07-23,3.2082500000000005
1946-07-24,1.125
1946-07-25,3.1251249999999997
1946-07-26,4.708375
1946-07-27,6.000125
1946-07-28,3.1665
1946-07-29,5.25
1946-07-30,4.000125000000001
1946-07-31,1.9165
1946-08-01,1.791625
1946-08-02,1.375
1946-08-03,1.2085
1946-08-04,0.8335
1946-08-05,1.333375
1946-08-06,1.625
1946-08-07,3.5
1946-08-08,1.499875
1946-08-09,1.333375
1946-08-10,1.3748749999999998
1946-08-11,3.9582500000000005
1946-08-12,2.54175
1946-08-13,1.958375
1946-08-14,4.541625
1946-08-15,3.625
1946-08-16,3.3751249999999997
1946-08-17,3.5832499999999996
1946-08-18,1.375
1946-08-19,1.791625
1946-08-20,1.416625
1946-08-21,0.8748750000000001
1946-08-22,0.625
1946-08-23,0.70825
1946-08-24,1.66675
1946-08-25,1.499875
1946-08-26,0.7915000000000001
1946-08-27,1.6665
1946-08-28,1.166625
1946-08-29,0.666875
1946-08-30,1.041625
1946-08-31,4.416875000000001
1946-09-01,1.125125
1946-09-02,1.958375
1946-09-03,1.833375
1946-09-04,3.1666250000000007
1946-09-05,2.541625
1946-09-06,1.208375
1946-09-07,2.9582500000000005
1946-09-08,2.416625
1946-09-09,2.5832499999999996
1946-09-10,2.9582499999999996
1946-09-11,2.5
1946-09-12,2.54175
1946-09-13,1.95825
1946-09-14,1.83325
1946-09-15,1.6247500000000001
1946-09-16,3.25
1946-09-17,3.7085
1946-09-18,6.95825
1946-09-19,4.9586250000000005
1946-09-20,2.708375
1946-09-21,3.25
1946-09-22,7.333375
1946-09-23,7.125
1946-09-24,3.125
1946-09-25,1.29175
1946-09-26,1.833375
1946-09-27,4.250125
1946-09-28,6.08325
1946-09-29,4.125
1946-09-30,4.333375
1946-10-01,3.458500000000001
1946-10-02,2.4167500000000004
1946-10-03,2.4167500000000004
1946-10-04,2.541625
1946-10-05,2.7498750000000003
1946-10-06,3.0835
1946-10-07,2.7501249999999997
1946-10-08,1.083375
1946-10-09,3.9998749999999994
1946-10-10,2.625
1946-10-11,2.20825
1946-10-12,2.1251249999999997
1946-10-13,1.25
1946-10-14,1.583375
1946-10-15,1.54175
1946-10-16,1.875
1946-10-17,0.833375
1946-10-18,0.70825
1946-10-19,1.625125
1946-10-20,3.666625
1946-10-21,1.625
1946-10-22,1.33325
1946-10-23,2.0
1946-10-24,1.5
1946-10-25,2.166625
1946-10-26,4.0417499999999995
1946-10-27,5.125
1946-10-28,2.4585000000000004
1946-10-29,2.4582500000000005
1946-10-30,1.166625
1946-10-31,2.7498750000000003
1946-11-01,4.0417499999999995
1946-11-02,2.1248750000000003
1946-11-03,1.249875
1946-11-04,1.458375
1946-11-05,2.625
1946-11-06,3.583375
1946-11-07,1.75
1946-11-08,1.333375
1946-11-09,2.4167500000000004
1946-11-10,2.458125
1946-11-11,3.083375
1946-11-12,3.0832499999999996
1946-11-13,1.749875
1946-11-14,1.25
1946-11-15,2.7915
1946-11-16,3.1251250000000006
1946-11-17,1.5835
1946-11-18,1.541625
1946-11-19,3.2501249999999997
1946-11-20,3.0417500000000004
1946-11-21,3.7085
1946-11-22,3.000125
1946-11-23,1.958375
1946-11-24,3.2498749999999994
1946-11-25,3.29175
1946-11-26,1.9168749999999999
1946-11-27,0.49987500000000007
1946-11-28,1.041625
1946-11-29,0.4165
1946-11-30,0.83325
1946-12-01,1.333375
1946-12-02,2.083375
1946-12-03,2.0415
1946-12-04,1.5
1946-12-05,2.5832500000000005
1946-12-06,1.958375
1946-12-07,2.5
1946-12-08,1.79175
1946-12-09,1.375
1946-12-10,2.4998750000000003
1946-12-11,2.541625
1946-12-12,2.833375
1946-12-13,2.0835
1946-12-14,0.45825000000000005
1946-12-15,0.624875
1946-12-16,1.16675
1946-12-17,2.1248750000000003
1946-12-18,1.625125
1946-12-19,3.625
1946-12-20,1.16675
1946-12-21,2.291875
1946-12-22,2.541875
1946-12-23,2.0
1946-12-24,1.29175
1946-12-25,1.91675
1946-12-26,2.583375
1946-12-27,2.6665
1946-12-28,2.041625
1946-12-29,1.708375
1946-12-30,0.45812500000000006
1946-12-31,1.45825
1947-01-01,1.541625
1947-01-02,2.041625
1947-01-03,2.6667499999999995
1947-01-04,3.291625
1947-01-05,3.7501249999999997
1947-01-06,3.541625
1947-01-07,2.4167499999999995
1947-01-08,1.708375
1947-01-09,0.54175
1947-01-10,0.375
1947-01-11,0.33312500000000006
1947-01-12,0.458375
1947-01-13,0.541625
1947-01-14,0.7498750000000001
1947-01-15,1.291625
1947-01-16,4.166625
1947-01-17,2.75
1947-01-18,2.2498750000000003
1947-01-19,2.08325
1947-01-20,1.375125
1947-01-21,1.499875
1947-01-22,1.708125
1947-01-23,1.500125
1947-01-24,3.083375
1947-01-25,5.375000000000001
1947-01-26,3.9167500000000004
1947-01-27,3.0832499999999996
1947-01-28,2.2498750000000003
1947-01-29,2.2082499999999996
1947-01-30,1.54175
1947-01-31,1.4165
1947-02-01,2.0
1947-02-02,0.8332499999999999
1947-02-03,1.79175
1947-02-04,2.666625
1947-02-05,1.208375
1947-02-06,2.416625
1947-02-07,1.916625
1947-02-08,3.7498750000000003
1947-02-09,3.5417500000000004
1947-02-10,2.6248749999999994
1947-02-11,1.416625
1947-02-12,1.333375
1947-02-13,1.291625
1947-02-14,1.0
1947-02-15,1.0835
1947-02-16,4.41675
1947-02-17,4.083375
1947-02-18,2.708375
1947-02-19,3.541625
1947-02-20,1.875
1947-02-21,0.7498750000000001
1947-02-22,0.6667500000000001
1947-02-23,0.4581250000000001
1947-02-24,1.916625
1947-02-25,2.375
1947-02-26,2.541625
1947-02-27,1.374875
1947-02-28,1.708375
1947-03-01,1.541625
1947-03-02,5.583375
1947-03-03,6.75
1947-03-04,5.45825
1947-03-05,2.2497499999999997
1947-03-06,1.70825
1947-03-07,3.1251249999999997
1947-03-08,5.625
1947-03-09,4.583375
1947-03-10,1.624875
1947-03-11,1.29175
1947-03-12,3.125125
1947-03-13,2.9998749999999994
1947-03-14,3.666499999999999
1947-03-15,5.20825
1947-03-16,3.1251249999999997
1947-03-17,3.541625
1947-03-18,2.7501249999999997
1947-03-19,2.291875
1947-03-20,2.583375
1947-03-21,2.0417500000000004
1947-03-22,3.2083749999999998
1947-03-23,4.0417499999999995
1947-03-24,3.583375
1947-03-25,2.6667500000000004
1947-03-26,3.875
1947-03-27,3.833375
1947-03-28,5.791625
1947-03-29,3.0417500000000004
1947-03-30,4.291625
1947-03-31,3.2498750000000003
1947-04-01,2.083375
1947-04-02,2.0415
1947-04-03,2.625
1947-04-04,3.625
1947-04-05,2.250125
1947-04-06,3.333375
1947-04-07,2.1665
1947-04-08,2.45825
1947-04-09,4.041625
1947-04-10,2.333375
1947-04-11,2.95825
1947-04-12,2.625
1947-04-13,2.375
1947-04-14,2.625
1947-04-15,3.125
1947-04-16,2.791625
1947-04-17,5.0835
1947-04-18,4.916625000000001
1947-04-19,3.666625
1947-04-20,3.958375
1947-04-21,1.5415
1947-04-22,0.5833750000000001
1947-04-23,1.04175
1947-04-24,0.500125
1947-04-25,1.833375
1947-04-26,2.7498750000000003
1947-04-27,2.7917499999999995
1947-04-28,2.541625
1947-04-29,2.25
1947-04-30,2.666875
1947-05-01,2.833375
1947-05-02,0.7081250000000001
1947-05-03,1.375
1947-05-04,1.250125
1947-05-05,2.083375
1947-05-06,1.791625
1947-05-07,1.208375
1947-05-08,0.583375
1947-05-09,0.541625
1947-05-10,1.124875
1947-05-11,1.791625
1947-05-12,2.54175
1947-05-13,3.0832500000000005
1947-05-14,3.666625
1947-05-15,4.083375
1947-05-16,4.41675
1947-05-17,2.958375
1947-05-18,3.0415
1947-05-19,2.33325
1947-05-20,1.791625
1947-05-21,1.95825
1947-05-22,1.624875
1947-05-23,3.375125
1947-05-24,4.458375
1947-05-25,2.6665
1947-05-26,3.5417499999999995
1947-05-27,2.916625
1947-05-28,3.0
1947-05-29,3.33325
1947-05-30,1.25
1947-05-31,2.75
1947-06-01,3.25
1947-06-02,1.2498749999999998
1947-06-03,2.00025
1947-06-04,1.625
1947-06-05,3.9582499999999996
1947-06-06,1.8335
1947-06-07,3.125
1947-06-08,3.4582499999999996
1947-06-09,3.166625
1947-06-10,2.458375
1947-06-11,2.083375
1947-06-12,1.83325
1947-06-13,3.25
1947-06-14,5.24975
1947-06-15,2.833375
1947-06-16,1.583375
1947-06-17,4.375125
1947-06-18,2.66675
1947-06-19,2.833375
1947-06-20,2.0416250000000002
1947-06-21,2.041625
1947-06-22,2.8748749999999994
1947-06-23,2.9585
1947-06-24,2.4998750000000003
1947-06-25,3.5417499999999995
1947-06-26,3.3748750000000003
1947-06-27,1.54175
1947-06-28,2.2915
1947-06-29,1.416625
1947-06-30,2.458375
1947-07-01,2.458375
1947-07-02,3.083375
1947-07-03,1.791625
1947-07-04,0.79175
1947-07-05,0.9583750000000001
1947-07-06,2.08325
1947-07-07,2.08325
1947-07-08,2.6248750000000003
1947-07-09,2.208375
1947-07-10,2.625
1947-07-11,2.541625
1947-07-12,2.2085
1947-07-13,2.4582499999999996
1947-07-14,1.5
1947-07-15,1.833375
1947-07-16,1.16675
1947-07-17,3.5417500000000004
1947-07-18,5.916625
1947-07-19,3.916625
1947-07-20,4.08325
1947-07-21,2.583375
1947-07-22,2.958375
1947-07-23,3.625
1947-07-24,2.6248750000000003
1947-07-25,3.25
1947-07-26,3.416625
1947-07-27,3.291625
1947-07-28,1.95825
1947-07-29,2.2082499999999996
1947-07-30,1.208375
1947-07-31,1.91675
1947-08-01,3.208375
1947-08-02,2.791625
1947-08-03,2.20825
1947-08-04,2.291625
1947-08-05,1.625
1947-08-06,2.625
1947-08-07,1.83325
1947-08-08,1.75
1947-08-09,1.541625
1947-08-10,1.916625
1947-08-11,2.458375
1947-08-12,3.9167500000000004
1947-08-13,3.708125
1947-08-14,2.5
1947-08-15,4.25
1947-08-16,4.916499999999999
1947-08-17,5.333375
1947-08-18,5.416499999999999
1947-08-19,5.0
1947-08-20,4.708500000000001
1947-08-21,4.70825
1947-08-22,5.166625
1947-08-23,4.999875
1947-08-24,3.5417500000000004
1947-08-25,3.875
1947-08-26,2.6667499999999995
1947-08-27,2.2916250000000007
1947-08-28,2.125
1947-08-29,2.916625
1947-08-30,1.83325
1947-08-31,2.708375
1947-09-01,2.291625
1947-09-02,2.08325
1947-09-03,5.791625
1947-09-04,4.375
1947-09-05,3.20825
1947-09-06,3.458375
1947-09-07,4.62525
1947-09-08,2.833125
1947-09-09,1.416625
1947-09-10,0.83325
1947-09-11,2.6248750000000003
1947-09-12,3.083375
1947-09-13,4.916625
1947-09-14,5.33325
1947-09-15,5.458375
1947-09-16,3.291625
1947-09-17,5.25
1947-09-18,4.791625
1947-09-19,3.9165
1947-09-20,3.4167500000000004
1947-09-21,3.5832499999999996
1947-09-22,4.166625
1947-09-23,4.125
1947-09-24,5.83325
1947-09-25,6.208375
1947-09-26,2.833375
1947-09-27,2.625
1947-09-28,2.4167500000000004
1947-09-29,2.333375
1947-09-30,2.20825
1947-10-01,4.416625
1947-10-02,5.333500000000001
1947-10-03,4.249999999999999
1947-10-04,2.1666250000000002
1947-10-05,1.66675
1947-10-06,2.291625
1947-10-07,2.7915
1947-10-08,2.7082499999999996
1947-10-09,5.0415
1947-10-10,5.458374999999999
1947-10-11,4.79175
1947-10-12,4.833374999999999
1947-10-13,3.916625
1947-10-14,4.83325
1947-10-15,4.7915
1947-10-16,3.4583749999999998
1947-10-17,3.0417499999999995
1947-10-18,3.083375
1947-10-19,3.791625
1947-10-20,3.5417500000000004
1947-10-21,2.833375
1947-10-22,2.333375
1947-10-23,3.1248749999999994
1947-10-24,2.4997499999999997
1947-10-25,1.625
1947-10-26,0.8751249999999999
1947-10-27,0.66675
1947-10-28,0.6665
1947-10-29,0.83325
1947-10-30,1.166875
1947-10-31,2.2085
1947-11-01,2.291625
1947-11-02,1.583375
1947-11-03,1.416625
1947-11-04,2.083625
1947-11-05,0.8748750000000001
1947-11-06,0.37487500000000007
1947-11-07,1.0
1947-11-08,3.0832499999999996
1947-11-09,5.0415
1947-11-10,4.791625
1947-11-11,4.958375
1947-11-12,3.4582499999999996
1947-11-13,2.791625
1947-11-14,2.5
1947-11-15,2.8332500000000005
1947-11-16,2.833375
1947-11-17,1.7081250000000001
1947-11-18,2.20825
1947-11-19,3.208375
1947-11-20,2.0001249999999997
1947-11-21,2.08325
1947-11-22,1.458375
1947-11-23,2.04175
1947-11-24,1.874875
1947-11-25,1.95825
1947-11-26,1.4165
1947-11-27,1.875
1947-11-28,1.54175
1947-11-29,2.666875
1947-11-30,1.7085
1947-12-01,1.958375
1947-12-02,1.749875
1947-12-03,0.875
1947-12-04,1.999875
1947-12-05,2.83325
1947-12-06,4.125
1947-12-07,2.416625
1947-12-08,1.958375
1947-12-09,3.624999999999999
1947-12-10,2.6667500000000004
1947-12-11,3.125
1947-12-12,3.416625
1947-12-13,3.3332499999999996
1947-12-14,2.7498750000000003
1947-12-15,2.541625
1947-12-16,1.208375
1947-12-17,1.125
1947-12-18,1.75
1947-12-19,1.999875
1947-12-20,1.208375
1947-12-21,0.33325000000000005
1947-12-22,1.541625
1947-12-23,2.625125
1947-12-24,1.416625
1947-12-25,1.2915
1947-12-26,2.458375
1947-12-27,2.708375
1947-12-28,2.166625
1947-12-29,2.541625
1947-12-30,1.083375
1947-12-31,0.5831250000000001
1948-01-01,2.45825
1948-01-02,3.125
1948-01-03,4.41675
1948-01-04,0.7915000000000001
1948-01-05,1.999875
1948-01-06,2.5835
1948-01-07,3.1667500000000004
1948-01-08,3.7082500000000005
1948-01-09,3.0
1948-01-10,2.3748750000000003
1948-01-11,2.2085
1948-01-12,2.1248750000000003
1948-01-13,1.416875
1948-01-14,0.7498750000000001
1948-01-15,1.25
1948-01-16,1.54175
1948-01-17,3.125
1948-01-18,2.5
1948-01-19,2.5417499999999995
1948-01-20,2.7917500000000004
1948-01-21,2.9998749999999994
1948-01-22,2.583375
1948-01-23,1.875
1948-01-24,0.958375
1948-01-25,1.1665
1948-01-26,0.833375
1948-01-27,1.75
1948-01-28,1.25
1948-01-29,2.916625
1948-01-30,2.8751249999999997
1948-01-31,1.791625
1948-02-01,0.6665000000000001
1948-02-02,2.5001249999999997
1948-02-03,4.041875
1948-02-04,2.833375
1948-02-05,3.125
1948-02-06,2.0
1948-02-07,2.333375
1948-02-08,1.95825
1948-02-09,1.000125
1948-02-10,2.0415
1948-02-11,1.95825
1948-02-12,1.666625
1948-02-13,2.291625
1948-02-14,2.25025
1948-02-15,3.8751249999999997
1948-02-16,3.875
1948-02-17,3.1666250000000007
1948-02-18,3.5
1948-02-19,2.791625
1948-02-20,1.375
1948-02-21,0.49987500000000007
1948-02-22,1.1665
1948-02-23,3.6248750000000003
1948-02-24,2.8747499999999997
1948-02-25,1.2915
1948-02-26,0.958375
1948-02-27,2.62475
1948-02-28,3.0
1948-02-29,3.08325
1948-03-01,4.625
1948-03-02,4.083375
1948-03-03,3.5
1948-03-04,2.0833749999999998
1948-03-05,2.25
1948-03-06,2.5832500000000005
1948-03-07,1.83325
1948-03-08,1.45825
1948-03-09,1.9585
1948-03-10,1.9168749999999999
1948-03-11,1.1665
1948-03-12,3.5
1948-03-13,4.625
1948-03-14,4.624874999999999
1948-03-15,6.916625
1948-03-16,1.91675
1948-03-17,2.416625
1948-03-18,1.66675
1948-03-19,1.958375
1948-03-20,2.208375
1948-03-21,2.5832500000000005
1948-03-22,2.25
1948-03-23,1.08325
1948-03-24,1.0415
1948-03-25,0.833125
1948-03-26,2.0
1948-03-27,2.4166250000000002
1948-03-28,1.5835
1948-03-29,1.2085
1948-03-30,2.5
1948-03-31,2.3748750000000003
1948-04-01,3.5001250000000006
1948-04-02,2.9582500000000005
1948-04-03,2.54175
1948-04-04,1.791625
1948-04-05,1.0835
1948-04-06,3.166625
1948-04-07,2.7085
1948-04-08,0.833375
1948-04-09,1.125
1948-04-10,1.875
1948-04-11,1.5836249999999998
1948-04-12,2.5835
1948-04-13,2.45825
1948-04-14,2.6667499999999995
1948-04-15,2.791625
1948-04-16,1.541625
1948-04-17,1.45825
1948-04-18,1.875125
1948-04-19,1.208375
1948-04-20,2.416625
1948-04-21,2.916625
1948-04-22,4.66675
1948-04-23,1.750125
1948-04-24,2.2501249999999997
1948-04-25,2.916625
1948-04-26,2.5835
1948-04-27,2.5835
1948-04-28,2.166625
1948-04-29,3.0832499999999996
1948-04-30,2.2917499999999995
1948-05-01,2.3332499999999996
1948-05-02,3.5001250000000006
1948-05-03,3.416625
1948-05-04,2.70825
1948-05-05,1.91675
1948-05-06,3.29175
1948-05-07,4.25
1948-05-08,2.75
1948-05-09,3.791625
1948-05-10,3.041625
1948-05-11,2.875
1948-05-12,2.6251249999999997
1948-05-13,2.7082499999999996
1948-05-14,1.70825
1948-05-15,4.583375
1948-05-16,5.666625
1948-05-17,2.29175
1948-05-18,2.25
1948-05-19,1.125
1948-05-20,1.41675
1948-05-21,4.583375
1948-05-22,3.9167499999999995
1948-05-23,2.958375
1948-05-24,2.833375
1948-05-25,2.458375
1948-05-26,1.874875
1948-05-27,2.0
1948-05-28,1.375125
1948-05-29,3.708375
1948-05-30,2.58325
1948-05-31,2.083375
1948-06-01,4.16675
1948-06-02,1.958375
1948-06-03,1.6665
1948-06-04,1.291625
1948-06-05,2.125125
1948-06-06,1.583375
1948-06-07,2.0
1948-06-08,2.125
1948-06-09,2.08325
1948-06-10,1.54175
1948-06-11,1.249875
1948-06-12,1.875
1948-06-13,2.5832499999999996
1948-06-14,0.875
1948-06-15,0.5831250000000001
1948-06-16,0.541625
1948-06-17,2.375
1948-06-18,2.7085
1948-06-19,3.041625
1948-06-20,2.666625
1948-06-21,3.6667500000000004
1948-06-22,2.833375
1948-06-23,1.500125
1948-06-24,1.75
1948-06-25,2.166625
1948-06-26,3.5417500000000004
1948-06-27,2.291625
1948-06-28,0.91675
1948-06-29,0.79175
1948-06-30,1.33325
1948-07-01,1.916625
1948-07-02,1.625
1948-07-03,2.29175
1948-07-04,3.3332499999999996
1948-07-05,2.49975
1948-07-06,2.2500000000000004
1948-07-07,2.0
1948-07-08,2.3335
1948-07-09,1.8332499999999998
1948-07-10,2.375
1948-07-11,1.66675
1948-07-12,1.874875
1948-07-13,2.083375
1948-07-14,3.0
1948-07-15,2.04175
1948-07-16,2.7498749999999994
1948-07-17,2.66675
1948-07-18,1.500125
1948-07-19,0.875
1948-07-20,1.41675
1948-07-21,2.1251249999999997
1948-07-22,1.541625
1948-07-23,1.33325
1948-07-24,1.125125
1948-07-25,1.583375
1948-07-26,2.2917499999999995
1948-07-27,1.54175
1948-07-28,1.791625
1948-07-29,3.166625
1948-07-30,3.125
1948-07-31,3.8747499999999997
1948-08-01,2.5832500000000005
1948-08-02,2.7082500000000005
1948-08-03,2.125
1948-08-04,3.1248750000000003
1948-08-05,1.58325
1948-08-06,1.625125
1948-08-07,2.54175
1948-08-08,7.125125000000001
1948-08-09,4.875125
1948-08-10,5.625
1948-08-11,3.8332499999999996
1948-08-12,3.958375
1948-08-13,2.416625
1948-08-14,2.125
1948-08-15,1.83325
1948-08-16,0.70825
1948-08-17,1.166625
1948-08-18,1.458375
1948-08-19,1.5415
1948-08-20,3.833375
1948-08-21,3.2082500000000005
1948-08-22,2.041625
1948-08-23,2.5832499999999996
1948-08-24,2.208375
1948-08-25,1.75
1948-08-26,0.7915
1948-08-27,0.9998750000000001
1948-08-28,2.25025
1948-08-29,3.874999999999999
1948-08-30,3.458125
1948-08-31,2.4585
1948-09-01,4.375
1948-09-02,3.625
1948-09-03,2.583125
1948-09-04,3.5
1948-09-05,1.583375
1948-09-06,1.5835
1948-09-07,2.3748750000000003
1948-09-08,2.1665
1948-09-09,2.16675
1948-09-10,1.875
1948-09-11,2.541625
1948-09-12,3.291625
1948-09-13,1.750125
1948-09-14,1.625
1948-09-15,2.625
1948-09-16,3.3748749999999994
1948-09-17,2.124875
1948-09-18,2.25
1948-09-19,2.1248750000000003
1948-09-20,1.6665
1948-09-21,1.95825
1948-09-22,2.583125
1948-09-23,3.416625
1948-09-24,3.666875
1948-09-25,4.1667499999999995
1948-09-26,3.541625
1948-09-27,1.125125
1948-09-28,0.20825000000000002
1948-09-29,3.875
1948-09-30,3.1666250000000002
1948-10-01,4.708375
1948-10-02,4.499875
1948-10-03,3.666625
1948-10-04,2.8332499999999996
1948-10-05,2.6667500000000004
1948-10-06,0.916625
1948-10-07,1.249875
1948-10-08,1.625
1948-10-09,1.0833750000000002
1948-10-10,3.541625
1948-10-11,3.4582499999999996
1948-10-12,2.6248750000000003
1948-10-13,2.6667499999999995
1948-10-14,3.833125
1948-10-15,5.000125
1948-10-16,1.5835
1948-10-17,2.1663750000000004
1948-10-18,5.541625
1948-10-19,5.791499999999999
1948-10-20,3.1667500000000004
1948-10-21,5.54175
1948-10-22,4.04175
1948-10-23,4.25
1948-10-24,4.083375
1948-10-25,3.0417500000000004
1948-10-26,3.7082499999999996
1948-10-27,3.9166250000000007
1948-10-28,2.41675
1948-10-29,2.333375
1948-10-30,1.708375
1948-10-31,2.5832500000000005
1948-11-01,2.2498750000000003
1948-11-02,5.25
1948-11-03,3.1667500000000004
1948-11-04,0.916625
1948-11-05,1.25
1948-11-06,1.25
1948-11-07,2.4582500000000005
1948-11-08,3.0001249999999997
1948-11-09,2.8748749999999994
1948-11-10,1.75
1948-11-11,1.499875
1948-11-12,0.875
1948-11-13,1.541625
1948-11-14,1.625125
1948-11-15,2.291625
1948-11-16,2.79175
1948-11-17,3.5832500000000005
1948-11-18,3.416625
1948-11-19,3.4582500000000005
1948-11-20,4.875
1948-11-21,3.749749999999999
1948-11-22,3.625
1948-11-23,2.9582499999999996
1948-11-24,3.541625
1948-11-25,3.6667499999999995
1948-11-26,2.333375
1948-11-27,2.291625
1948-11-28,2.416625
1948-11-29,1.333375
1948-11-30,0.66675
1948-12-01,0.666625
1948-12-02,1.749875
1948-12-03,1.75
1948-12-04,1.166375
1948-12-05,1.583375
1948-12-06,3.583375
1948-12-07,3.5832499999999996
1948-12-08,1.958375
1948-12-09,1.91675
1948-12-10,1.750125
1948-12-11,2.833375
1948-12-12,0.7498750000000001
1948-12-13,2.29175
1948-12-14,3.833375
1948-12-15,2.3751249999999997
1948-12-16,3.1665
1948-12-17,1.541625
1948-12-18,1.916625
1948-12-19,1.95825
1948-12-20,1.625
1948-12-21,3.7917500000000004
1948-12-22,2.3748750000000003
1948-12-23,1.708375
1948-12-24,2.875
1948-12-25,3.9585
1948-12-26,2.20825
1948-12-27,2.4165
1948-12-28,1.208375
1948-12-29,2.2085
1948-12-30,2.916625
1948-12-31,3.583375
1949-01-01,2.83325
1949-01-02,4.541625
1949-01-03,1.249875
1949-01-04,0.95825
1949-01-05,0.79175
1949-01-06,1.91675
1949-01-07,2.8751249999999997
1949-01-08,2.291625
1949-01-09,3.0835
1949-01-10,2.9998750000000003
1949-01-11,2.75
1949-01-12,3.041625
1949-01-13,2.7082499999999996
1949-01-14,1.666625
1949-01-15,1.374875
1949-01-16,2.250125
1949-01-17,1.58325
1949-01-18,3.2917500000000004
1949-01-19,3.1667500000000004
1949-01-20,2.0
1949-01-21,2.458375
1949-01-22,2.541625
1949-01-23,2.1248750000000003
1949-01-24,3.58325
1949-01-25,6.916625
1949-01-26,5.958375
1949-01-27,3.125
1949-01-28,2.0
1949-01-29,1.95825
1949-01-30,0.666875
1949-01-31,1.541625
1949-02-01,0.791625
1949-02-02,1.2085
1949-02-03,2.20825
1949-02-04,3.4167500000000004
1949-02-05,1.875
1949-02-06,3.333375
1949-02-07,3.083124999999999
1949-02-08,0.916625
1949-02-09,0.83325
1949-02-10,1.54175
1949-02-11,3.1247499999999997
1949-02-12,3.125000000000001
1949-02-13,3.0417500000000004
1949-02-14,2.458375
1949-02-15,2.625
1949-02-16,2.125
1949-02-17,3.916625
1949-02-18,3.4998750000000003
1949-02-19,1.791625
1949-02-20,1.791625
1949-02-21,3.4167499999999995
1949-02-22,4.666499999999999
1949-02-23,2.333375
1949-02-24,3.6667500000000004
1949-02-25,1.208625
1949-02-26,1.8335
1949-02-27,2.833375
1949-02-28,1.416625
1949-03-01,2.9583749999999993
1949-03-02,3.708375
1949-03-03,3.4998749999999994
1949-03-04,2.16675
1949-03-05,2.208375
1949-03-06,0.875
1949-03-07,1.499875
1949-03-08,2.0001249999999997
1949-03-09,3.291625
1949-03-10,0.875
1949-03-11,0.9165000000000001
1949-03-12,1.999875
1949-03-13,3.7083749999999993
1949-03-14,4.541625
1949-03-15,3.375
1949-03-16,3.25
1949-03-17,4.208375
1949-03-18,4.2085
1949-03-19,2.4165
1949-03-20,2.666625
1949-03-21,3.1665
1949-03-22,5.916875
1949-03-23,4.25
1949-03-24,1.833375
1949-03-25,2.20825
1949-03-26,2.833375
1949-03-27,0.75
1949-03-28,3.0
1949-03-29,2.875
1949-03-30,2.166625
1949-03-31,0.916625
1949-04-01,1.375
1949-04-02,1.33325
1949-04-03,2.0
1949-04-04,1.458375
1949-04-05,1.4585
1949-04-06,1.16675
1949-04-07,2.9998750000000003
1949-04-08,5.791625
1949-04-09,2.1665
1949-04-10,4.124874999999999
1949-04-11,3.916625
1949-04-12,3.5
1949-04-13,3.8748749999999994
1949-04-14,3.2082500000000005
1949-04-15,2.3751249999999997
1949-04-16,2.791625
1949-04-17,2.583375
1949-04-18,1.66675
1949-04-19,1.5415
1949-04-20,1.2085
1949-04-21,1.2085
1949-04-22,1.33325
1949-04-23,1.7081250000000001
1949-04-24,2.0415
1949-04-25,1.583375
1949-04-26,1.83325
1949-04-27,2.4998750000000003
1949-04-28,1.791625
1949-04-29,2.33325
1949-04-30,1.1665
1949-05-01,1.083375
1949-05-02,2.16675
1949-05-03,2.7085
1949-05-04,3.70825
1949-05-05,2.875
1949-05-06,3.0
1949-05-07,2.2501249999999997
1949-05-08,2.33325
1949-05-09,2.9166250000000002
1949-05-10,2.375
1949-05-11,2.7082499999999996
1949-05-12,6.374875
1949-05-13,4.083125
1949-05-14,3.25
1949-05-15,1.8331250000000001
1949-05-16,2.9165
1949-05-17,1.708375
1949-05-18,0.833375
1949-05-19,1.1665
1949-05-20,1.08325
1949-05-21,1.75
1949-05-22,2.08325
1949-05-23,2.1665
1949-05-24,1.70825
1949-05-25,1.791625
1949-05-26,1.583375
1949-05-27,1.54175
1949-05-28,1.375
1949-05-29,0.66675
1949-05-30,3.166625
1949-05-31,4.20825
1949-06-01,2.5
1949-06-02,2.25
1949-06-03,1.916625
1949-06-04,4.9582500000000005
1949-06-05,5.29175
1949-06-06,3.25
1949-06-07,2.4998750000000003
1949-06-08,1.66675
1949-06-09,1.958375
1949-06-10,0.83325
1949-06-11,1.25
1949-06-12,4.25
1949-06-13,3.0
1949-06-14,1.5418749999999999
1949-06-15,2.708375
1949-06-16,2.041625
1949-06-17,1.791625
1949-06-18,2.8751250000000006
1949-06-19,2.083375
1949-06-20,1.7085
1949-06-21,1.291625
1949-06-22,2.125
1949-06-23,1.249875
1949-06-24,1.749875
1949-06-25,2.708375
1949-06-26,2.125
1949-06-27,2.08325
1949-06-28,2.20825
1949-06-29,2.958375
1949-06-30,2.0835
1949-07-01,1.458375
1949-07-02,0.833125
1949-07-03,0.9583750000000001
1949-07-04,0.625125
1949-07-05,0.8748750000000001
1949-07-06,0.8748750000000001
1949-07-07,2.04175
1949-07-08,2.083375
1949-07-09,1.79175
1949-07-10,0.8333750000000001
1949-07-11,1.124875
1949-07-12,1.708375
1949-07-13,2.7498749999999994
1949-07-14,1.45825
1949-07-15,0.45825000000000005
1949-07-16,2.6667500000000004
1949-07-17,2.5417499999999995
1949-07-18,2.5
1949-07-19,2.9582500000000005
1949-07-20,1.5418749999999999
1949-07-21,1.416625
1949-07-22,2.41675
1949-07-23,2.9585
1949-07-24,2.000125
1949-07-25,2.29175
1949-07-26,1.250125
1949-07-27,0.708125
1949-07-28,0.70825
1949-07-29,1.250125
1949-07-30,1.499875
1949-07-31,1.66675
1949-08-01,1.416625
1949-08-02,2.958375
1949-08-03,4.916625
1949-08-04,5.29175
1949-08-05,3.2917499999999995
1949-08-06,2.00025
1949-08-07,2.1665
1949-08-08,3.4583749999999993
1949-08-09,2.20825
1949-08-10,2.416625
1949-08-11,0.958375
1949-08-12,1.0
1949-08-13,1.91675
1949-08-14,4.20825
1949-08-15,3.6251250000000006
1949-08-16,1.749875
1949-08-17,2.708375
1949-08-18,2.541625
1949-08-19,2.45825
1949-08-20,2.2917499999999995
1949-08-21,1.833375
1949-08-22,1.791625
1949-08-23,0.833375
1949-08-24,0.583125
1949-08-25,0.5
1949-08-26,1.166625
1949-08-27,2.5
1949-08-28,1.875
1949-08-29,1.83325
1949-08-30,2.0
1949-08-31,1.79175
1949-09-01,3.1667500000000004
1949-09-02,3.458375
1949-09-03,4.375
1949-09-04,2.7498750000000003
1949-09-05,2.375
1949-09-06,2.041625
1949-09-07,1.708375
1949-09-08,2.541625
1949-09-09,1.625
1949-09-10,1.041625
1949-09-11,2.375
1949-09-12,3.791625
1949-09-13,2.5835
1949-09-14,2.791625
1949-09-15,2.3748750000000003
1949-09-16,2.541625
1949-09-17,1.708375
1949-09-18,1.041625
1949-09-19,0.37487500000000007
1949-09-20,0.4585
1949-09-21,0.6667500000000001
1949-09-22,1.5835
1949-09-23,1.29175
1949-09-24,2.5
1949-09-25,4.166875
1949-09-26,3.2501250000000006
1949-09-27,3.6251250000000006
1949-09-28,2.0
1949-09-29,1.70825
1949-09-30,2.9585
1949-10-01,2.1251249999999997
1949-10-02,1.749875
1949-10-03,1.04175
1949-10-04,3.25
1949-10-05,3.125
1949-10-06,3.333375
1949-10-07,5.291625
1949-10-08,4.20825
1949-10-09,3.125
1949-10-10,1.9165
1949-10-11,3.2501250000000006
1949-10-12,1.9585
1949-10-13,2.5001249999999997
1949-10-14,5.875
1949-10-15,7.249874999999999
1949-10-16,5.124875
1949-10-17,3.0001250000000006
1949-10-18,1.83325
1949-10-19,2.708375
1949-10-20,2.416625
1949-10-21,2.3333749999999993
1949-10-22,2.5001249999999997
1949-10-23,3.041625
1949-10-24,2.9167500000000004
1949-10-25,1.458375
1949-10-26,1.541625
1949-10-27,3.9582500000000005
1949-10-28,3.9585
1949-10-29,2.7917499999999995
1949-10-30,1.916625
1949-10-31,2.125
1949-11-01,3.666625
1949-11-02,4.25
1949-11-03,3.083125
1949-11-04,2.125
1949-11-05,3.375
1949-11-06,2.166625
1949-11-07,1.249875
1949-11-08,0.375
1949-11-09,1.91675
1949-11-10,2.666625
1949-11-11,3.5832500000000005
1949-11-12,3.0
1949-11-13,2.3751250000000006
1949-11-14,2.583375
1949-11-15,2.25025
1949-11-16,2.041875
1949-11-17,0.666625
1949-11-18,2.208375
1949-11-19,3.9997499999999997
1949-11-20,4.333375
1949-11-21,2.875
1949-11-22,1.33325
1949-11-23,1.916625
1949-11-24,1.45825
1949-11-25,1.166625
1949-11-26,1.041625
1949-11-27,2.7501249999999997
1949-11-28,1.291625
1949-11-29,4.166625
1949-11-30,4.499874999999999
1949-12-01,1.916625
1949-12-02,1.08325
1949-12-03,2.25
1949-12-04,2.91675
1949-12-05,2.4582499999999996
1949-12-06,2.5
1949-12-07,1.000125
1949-12-08,1.249875
1949-12-09,3.4998749999999994
1949-12-10,1.45825
1949-12-11,0.7498750000000001
1949-12-12,0.5001249999999999
1949-12-13,0.875
1949-12-14,2.8748749999999994
1949-12-15,1.916625
1949-12-16,1.7915
1949-12-17,1.2915
1949-12-18,0.9584999999999999
1949-12-19,1.374875
1949-12-20,2.333375
1949-12-21,2.20825
1949-12-22,1.75
1949-12-23,1.874875
1949-12-24,2.625
1949-12-25,1.916625
1949-12-26,1.4165
1949-12-27,1.499875
1949-12-28,2.0835
1949-12-29,1.95825
1949-12-30,2.25
1949-12-31,3.0832499999999996
1950-01-01,1.916625
1950-01-02,1.541625
1950-01-03,1.500125
1950-01-04,2.2501249999999997
1950-01-05,1.791625
1950-01-06,2.458375
1950-01-07,2.3335
1950-01-08,0.6665000000000001
1950-01-09,2.25
1950-01-10,2.125
1950-01-11,2.04175
1950-01-12,1.66675
1950-01-13,2.2085
1950-01-14,3.4582499999999996
1950-01-15,2.16675
1950-01-16,2.291625
1950-01-17,1.374875
1950-01-18,1.416625
1950-01-19,2.5
1950-01-20,3.4582499999999996
1950-01-21,3.333125
1950-01-22,2.1248750000000003
1950-01-23,1.5418749999999999
1950-01-24,4.2085
1950-01-25,3.75
1950-01-26,2.583375
1950-01-27,2.875
1950-01-28,2.5
1950-01-29,1.458375
1950-01-30,3.0
1950-01-31,1.3335
1950-02-01,1.875
1950-02-02,3.4583749999999993
1950-02-03,3.29175
1950-02-04,3.125
1950-02-05,1.91675
1950-02-06,2.125
1950-02-07,2.70825
1950-02-08,2.70825
1950-02-09,2.58325
1950-02-10,0.8335
1950-02-11,1.291625
1950-02-12,1.541625
1950-02-13,1.04175
1950-02-14,1.41675
1950-02-15,1.958375
1950-02-16,1.16675
1950-02-17,0.8331250000000001
1950-02-18,1.04175
1950-02-19,1.458375
1950-02-20,4.25
1950-02-21,5.625
1950-02-22,3.916625
1950-02-23,4.458375
1950-02-24,4.166625
1950-02-25,2.874999999999999
1950-02-26,0.5833750000000001
1950-02-27,1.125
1950-02-28,2.458375
1950-03-01,2.16675
1950-03-02,1.9585
1950-03-03,1.791625
1950-03-04,1.5
1950-03-05,1.583375
1950-03-06,2.916625
1950-03-07,3.333375
1950-03-08,1.416625
1950-03-09,1.79175
1950-03-10,1.1665
1950-03-11,0.83325
1950-03-12,1.375
1950-03-13,1.083375
1950-03-14,2.29175
1950-03-15,2.833500000000001
1950-03-16,1.791625
1950-03-17,1.58325
1950-03-18,1.25
1950-03-19,5.375
1950-03-20,1.958375
1950-03-21,3.791625
1950-03-22,3.583375
1950-03-23,1.58325
1950-03-24,3.375
1950-03-25,2.1251249999999997
1950-03-26,1.875125
1950-03-27,4.54175
1950-03-28,2.208375
1950-03-29,2.6667499999999995
1950-03-30,1.874875
1950-03-31,3.0
1950-04-01,4.583374999999999
1950-04-02,4.37475
1950-04-03,4.083125
1950-04-04,4.125
1950-04-05,5.083375
1950-04-06,4.083375
1950-04-07,3.208375
1950-04-08,1.91675
1950-04-09,1.999875
1950-04-10,2.04175
1950-04-11,1.7915
1950-04-12,3.1248749999999994
1950-04-13,2.1248750000000003
1950-04-14,1.416625
1950-04-15,3.041625
1950-04-16,2.16675
1950-04-17,2.45825
1950-04-18,3.0001249999999997
1950-04-19,3.7082499999999996
1950-04-20,3.208375
1950-04-21,0.95825
1950-04-22,1.166625
1950-04-23,3.166875
1950-04-24,4.125125000000001
1950-04-25,1.95825
1950-04-26,1.125
1950-04-27,1.0415
1950-04-28,2.541625
1950-04-29,3.0
1950-04-30,4.291499999999999
1950-05-01,1.708375
1950-05-02,3.0001249999999997
1950-05-03,4.624875
1950-05-04,3.4167499999999995
1950-05-05,3.5
1950-05-06,2.4167499999999995
1950-05-07,2.208125
1950-05-08,1.375125
1950-05-09,0.54175
1950-05-10,1.75
1950-05-11,2.875
1950-05-12,1.416625
1950-05-13,3.125
1950-05-14,3.125
1950-05-15,3.541625
1950-05-16,2.5832499999999996
1950-05-17,1.625
1950-05-18,1.083375
1950-05-19,0.95825
1950-05-20,1.958375
1950-05-21,1.666625
1950-05-22,2.833375
1950-05-23,4.2913749999999995
1950-05-24,2.4167500000000004
1950-05-25,2.291625
1950-05-26,2.9167500000000004
1950-05-27,4.0
1950-05-28,5.125125000000001
1950-05-29,3.5832499999999996
1950-05-30,2.958375
1950-05-31,1.375125
1950-06-01,3.0001250000000006
1950-06-02,2.958375
1950-06-03,3.041875
1950-06-04,1.791625
1950-06-05,2.04175
1950-06-06,4.33325
1950-06-07,1.2085
1950-06-08,1.625
1950-06-09,3.75
1950-06-10,3.416625
1950-06-11,1.875
1950-06-12,1.95825
1950-06-13,0.833375
1950-06-14,1.416625
1950-06-15,0.8748750000000001
1950-06-16,1.333375
1950-06-17,2.8332500000000005
1950-06-18,1.83325
1950-06-19,1.12525
1950-06-20,1.208375
1950-06-21,1.70825
1950-06-22,2.5
1950-06-23,3.125
1950-06-24,4.5
1950-06-25,3.083375
1950-06-26,2.041625
1950-06-27,1.41675
1950-06-28,1.125
1950-06-29,3.5001249999999997
1950-06-30,4.208375
1950-07-01,2.541625
1950-07-02,1.500125
1950-07-03,2.291625
1950-07-04,3.666625
1950-07-05,2.9998749999999994
1950-07-06,2.29175
1950-07-07,2.33325
1950-07-08,1.5
1950-07-09,2.5833749999999993
1950-07-10,2.0415
1950-07-11,3.66675
1950-07-12,4.416499999999999
1950-07-13,3.583500000000001
1950-07-14,2.4582499999999996
1950-07-15,2.458375
1950-07-16,2.0
1950-07-17,1.708375
1950-07-18,1.375
1950-07-19,1.1667500000000002
1950-07-20,1.625
1950-07-21,2.04175
1950-07-22,2.20825
1950-07-23,0.5831250000000001
1950-07-24,4.041625
1950-07-25,4.166625
1950-07-26,1.29175
1950-07-27,1.8752499999999999
1950-07-28,1.916625
1950-07-29,2.291625
1950-07-30,2.375125
1950-07-31,2.6248750000000003
1950-08-01,3.2502500000000003
1950-08-02,3.3751249999999997
1950-08-03,3.5001250000000006
1950-08-04,2.291625
1950-08-05,1.54175
1950-08-06,2.33325
1950-08-07,4.041625
1950-08-08,4.91675
1950-08-09,4.583375
1950-08-10,4.5415
1950-08-11,4.125
1950-08-12,3.9582500000000005
1950-08-13,2.75
1950-08-14,3.5
1950-08-15,2.5417499999999995
1950-08-16,1.3335
1950-08-17,0.791625
1950-08-18,2.58325
1950-08-19,6.75
1950-08-20,5.416625
1950-08-21,2.9998749999999994
1950-08-22,1.75
1950-08-23,1.833375
1950-08-24,1.125125
1950-08-25,1.16675
1950-08-26,0.49987500000000007
1950-08-27,1.458375
1950-08-28,3.25
1950-08-29,3.4998749999999994
1950-08-30,2.7498749999999994
1950-08-31,1.875
1950-09-01,1.33325
1950-09-02,1.333375
1950-09-03,4.91675
1950-09-04,4.66675
1950-09-05,5.499874999999999
1950-09-06,4.833375
1950-09-07,3.416625
1950-09-08,4.541625000000001
1950-09-09,2.875
1950-09-10,3.2498749999999994
1950-09-11,3.166625
1950-09-12,2.208125
1950-09-13,2.5
1950-09-14,1.041625
1950-09-15,0.666625
1950-09-16,3.083375
1950-09-17,3.4582499999999996
1950-09-18,3.8751249999999997
1950-09-19,3.791625
1950-09-20,4.500125
1950-09-21,1.9168749999999999
1950-09-22,0.958375
1950-09-23,3.5
1950-09-24,4.249874999999999
1950-09-25,4.41675
1950-09-26,2.9582500000000005
1950-09-27,2.4167500000000004
1950-09-28,1.75
1950-09-29,0.666625
1950-09-30,2.166625
1950-10-01,5.25
1950-10-02,5.875
1950-10-03,5.000125000000001
1950-10-04,4.958375
1950-10-05,4.54175
1950-10-06,3.625
1950-10-07,4.374874999999999
1950-10-08,2.333375
1950-10-09,2.208125
1950-10-10,1.249875
1950-10-11,1.3331250000000001
1950-10-12,2.7082500000000005
1950-10-13,2.4167500000000004
1950-10-14,4.7917499999999995
1950-10-15,3.3332499999999996
1950-10-16,4.708375
1950-10-17,3.8751249999999997
1950-10-18,2.6667500000000004
1950-10-19,1.166875
1950-10-20,1.45825
1950-10-21,0.916625
1950-10-22,2.083375
1950-10-23,3.0415
1950-10-24,2.125125
1950-10-25,1.291625
1950-10-26,1.708375
1950-10-27,0.999875
1950-10-28,6.0
1950-10-29,5.458375
1950-10-30,5.083375
1950-10-31,5.125
1950-11-01,4.91675
1950-11-02,2.875
1950-11-03,2.208375
1950-11-04,4.45825
1950-11-05,2.75
1950-11-06,1.208375
1950-11-07,0.5
1950-11-08,1.916625
1950-11-09,1.375
1950-11-10,4.374875
1950-11-11,3.1251249999999997
1950-11-12,3.6665
1950-11-13,3.7498750000000003
1950-11-14,2.375
1950-11-15,0.916625
1950-11-16,1.458375
1950-11-17,2.8332499999999996
1950-11-18,2.041625
1950-11-19,1.25
1950-11-20,1.166625
1950-11-21,0.958125
1950-11-22,2.875
1950-11-23,1.708375
1950-11-24,2.083375
1950-11-25,4.791625
1950-11-26,5.5
1950-11-27,4.833375
1950-11-28,4.666625000000001
1950-11-29,3.666625
1950-11-30,2.791625
1950-12-01,1.4997500000000001
1950-12-02,2.375
1950-12-03,2.0
1950-12-04,1.29175
1950-12-05,1.958375
1950-12-06,2.8748750000000003
1950-12-07,2.458375
1950-12-08,2.4165
1950-12-09,2.041625
1950-12-10,2.2085
1950-12-11,1.041625
1950-12-12,3.2498750000000003
1950-12-13,4.5417499999999995
1950-12-14,3.833375
1950-12-15,2.6667500000000004
1950-12-16,2.416625
1950-12-17,1.708375
1950-12-18,2.291625
1950-12-19,2.625125
1950-12-20,2.20825
1950-12-21,1.5415
1950-12-22,3.2501249999999997
1950-12-23,4.29175
1950-12-24,4.333375
1950-12-25,4.291499999999999
1950-12-26,4.04175
1950-12-27,3.458375
1950-12-28,2.583375
1950-12-29,1.916625
1950-12-30,1.875
1950-12-31,1.166625
1951-01-01,2.5835
1951-01-02,3.4167499999999995
1951-01-03,2.8748750000000003
1951-01-04,1.583375
1951-01-05,2.29175
1951-01-06,1.291625
1951-01-07,1.166625
1951-01-08,2.000125
1951-01-09,1.499875
1951-01-10,1.999875
1951-01-11,3.083375
1951-01-12,3.208375
1951-01-13,2.916625
1951-01-14,3.0832499999999996
1951-01-15,3.4165
1951-01-16,3.3751249999999997
1951-01-17,2.166625
1951-01-18,1.625
1951-01-19,2.875
1951-01-20,1.791625
1951-01-21,2.7501249999999997
1951-01-22,5.20825
1951-01-23,3.6251249999999997
1951-01-24,2.458375
1951-01-25,2.083375
1951-01-26,2.41675
1951-01-27,3.291625
1951-01-28,3.5
1951-01-29,2.8751250000000006
1951-01-30,2.95825
1951-01-31,4.874874999999999
1951-02-01,3.5
1951-02-02,1.416625
1951-02-03,1.166625
1951-02-04,2.125
1951-02-05,3.125
1951-02-06,3.4582499999999996
1951-02-07,2.4165
1951-02-08,3.333375
1951-02-09,3.9167500000000004
1951-02-10,3.625
1951-02-11,3.666875
1951-02-12,4.4165
1951-02-13,3.625
1951-02-14,2.625
1951-02-15,1.416625
1951-02-16,0.6665
1951-02-17,1.041625
1951-02-18,2.7082499999999996
1951-02-19,2.45825
1951-02-20,1.499875
1951-02-21,2.5
1951-02-22,4.70825
1951-02-23,5.500125000000001
1951-02-24,4.58325
1951-02-25,3.1667500000000004
1951-02-26,3.125
1951-02-27,4.750125000000001
1951-02-28,4.875
1951-03-01,2.833125
1951-03-02,1.6247500000000001
1951-03-03,2.250125
1951-03-04,1.874875
1951-03-05,1.333375
1951-03-06,3.0416250000000007
1951-03-07,4.249875
1951-03-08,4.4585
1951-03-09,4.125
1951-03-10,4.375
1951-03-11,3.833375
1951-03-12,4.0
1951-03-13,4.75
1951-03-14,4.625125000000001
1951-03-15,2.7500000000000004
1951-03-16,3.0
1951-03-17,3.2917500000000004
1951-03-18,3.4582500000000005
1951-03-19,2.16675
1951-03-20,1.875125
1951-03-21,1.66675
1951-03-22,4.666875
1951-03-23,4.041625
1951-03-24,3.5
1951-03-25,3.083375
1951-03-26,3.1666250000000007
1951-03-27,2.75
1951-03-28,0.9998750000000001
1951-03-29,3.916625
1951-03-30,2.2085
1951-03-31,2.124875
1951-04-01,1.6665
1951-04-02,4.04175
1951-04-03,5.083375
1951-04-04,4.83325
1951-04-05,4.95825
1951-04-06,4.916625
1951-04-07,4.374999999999999
1951-04-08,3.791625
1951-04-09,3.583375
1951-04-10,3.375
1951-04-11,2.7082499999999996
1951-04-12,3.125
1951-04-13,4.625
1951-04-14,3.3335
1951-04-15,2.20825
1951-04-16,1.416625
1951-04-17,2.291875
1951-04-18,4.625
1951-04-19,2.9167500000000004
1951-04-20,4.20825
1951-04-21,4.499874999999999
1951-04-22,4.70825
1951-04-23,2.7085
1951-04-24,4.45825
1951-04-25,4.7085
1951-04-26,2.2085
1951-04-27,2.291625
1951-04-28,2.0416250000000002
1951-04-29,2.7498750000000003
1951-04-30,1.04175
1951-05-01,5.125125
1951-05-02,5.333125
1951-05-03,4.083375
1951-05-04,3.9582500000000005
1951-05-05,1.95825
1951-05-06,2.708125
1951-05-07,2.083375
1951-05-08,1.125
1951-05-09,3.625
1951-05-10,4.624874999999999
1951-05-11,3.583375
1951-05-12,2.999875
1951-05-13,1.208375
1951-05-14,2.916875
1951-05-15,3.2082499999999996
1951-05-16,3.2082500000000005
1951-05-17,4.125
1951-05-18,2.875
1951-05-19,2.16675
1951-05-20,1.583375
1951-05-21,1.0
1951-05-22,1.666625
1951-05-23,3.5832500000000005
1951-05-24,3.083375
1951-05-25,2.375
1951-05-26,4.04175
1951-05-27,2.7083750000000006
1951-05-28,1.54175
1951-05-29,2.458375
1951-05-30,2.541625
1951-05-31,2.166875
1951-06-01,3.291625
1951-06-02,3.4585
1951-06-03,2.20825
1951-06-04,2.16675
1951-06-05,2.291625
1951-06-06,3.416625
1951-06-07,2.5835
1951-06-08,3.2915
1951-06-09,2.4582499999999996
1951-06-10,1.5831250000000001
1951-06-11,2.708375
1951-06-12,2.9167500000000004
1951-06-13,2.583375
1951-06-14,2.5
1951-06-15,3.958375
1951-06-16,3.041625
1951-06-17,3.0
1951-06-18,4.583375
1951-06-19,4.124875
1951-06-20,1.708375
1951-06-21,2.5
1951-06-22,2.291625
1951-06-23,1.583375
1951-06-24,1.916625
1951-06-25,4.416625
1951-06-26,2.750125
1951-06-27,2.833375
1951-06-28,2.708375
1951-06-29,2.4582500000000005
1951-06-30,2.5
1951-07-01,3.375
1951-07-02,5.625125000000001
1951-07-03,4.083375
1951-07-04,3.5
1951-07-05,2.583375
1951-07-06,2.3751249999999997
1951-07-07,2.083375
1951-07-08,2.041875
1951-07-09,3.125
1951-07-10,2.12525
1951-07-11,2.04175
1951-07-12,1.874875
1951-07-13,1.791625
1951-07-14,1.666625
1951-07-15,2.6248750000000003
1951-07-16,3.625
1951-07-17,3.625
1951-07-18,3.75
1951-07-19,2.4167499999999995
1951-07-20,2.375
1951-07-21,2.0416250000000002
1951-07-22,4.0
1951-07-23,3.2498750000000003
1951-07-24,1.958375
1951-07-25,2.625
1951-07-26,4.124874999999999
1951-07-27,3.166625
1951-07-28,4.416875
1951-07-29,2.9582499999999996
1951-07-30,2.7082500000000005
1951-07-31,4.916625
1951-08-01,3.9167500000000004
1951-08-02,3.4167499999999995
1951-08-03,2.125
1951-08-04,2.9998750000000003
1951-08-05,2.5415
1951-08-06,2.29175
1951-08-07,2.416625
1951-08-08,1.8331250000000001
1951-08-09,2.4582499999999996
1951-08-10,2.208375
1951-08-11,3.08325
1951-08-12,3.5
1951-08-13,4.499875
1951-08-14,2.20825
1951-08-15,3.20825
1951-08-16,3.4582499999999996
1951-08-17,2.7917500000000004
1951-08-18,1.4585
1951-08-19,2.541625
1951-08-20,4.666625
1951-08-21,5.166625
1951-08-22,4.25
1951-08-23,3.541625
1951-08-24,3.666625
1951-08-25,4.5417499999999995
1951-08-26,4.41675
1951-08-27,3.8332500000000005
1951-08-28,3.375
1951-08-29,3.0832500000000005
1951-08-30,2.04175
1951-08-31,3.1667500000000004
1951-09-01,1.708375
1951-09-02,1.4165
1951-09-03,2.2501249999999997
1951-09-04,2.041625
1951-09-05,2.583375
1951-09-06,3.25
1951-09-07,2.125
1951-09-08,2.29175
1951-09-09,3.291625
1951-09-10,4.041625
1951-09-11,4.208375
1951-09-12,4.33325
1951-09-13,4.75
1951-09-14,3.7917500000000004
1951-09-15,4.5832500000000005
1951-09-16,6.0
1951-09-17,4.958375
1951-09-18,3.8751249999999997
1951-09-19,4.66675
1951-09-20,6.458124999999999
1951-09-21,6.166625000000001
1951-09-22,6.04175
1951-09-23,5.041499999999999
1951-09-24,4.625
1951-09-25,6.208375
1951-09-26,4.41675
1951-09-27,4.708124999999999
1951-09-28,2.083375
1951-09-29,3.3332499999999996
1951-09-30,2.125
1951-10-01,1.75
1951-10-02,2.8336250000000005
1951-10-03,1.7916250000000002
1951-10-04,0.916625
1951-10-05,1.125
1951-10-06,0.500125
1951-10-07,3.8748750000000003
1951-10-08,5.291625
1951-10-09,4.125
1951-10-10,4.708375
1951-10-11,3.1665
1951-10-12,2.7917499999999995
1951-10-13,3.75
1951-10-14,3.4998749999999994
1951-10-15,2.541625
1951-10-16,3.541625
1951-10-17,6.208375
1951-10-18,4.9163749999999995
1951-10-19,5.041499999999999
1951-10-20,3.5832499999999996
1951-10-21,2.9165
1951-10-22,3.541625
1951-10-23,2.4582499999999996
1951-10-24,1.41675
1951-10-25,0.625
1951-10-26,2.6665
1951-10-27,1.9997500000000001
1951-10-28,5.166625
1951-10-29,2.2917500000000004
1951-10-30,1.7915
1951-10-31,0.7085
1951-11-01,1.375
1951-11-02,2.916875
1951-11-03,4.125125000000001
1951-11-04,4.083375
1951-11-05,3.0415
1951-11-06,3.4165
1951-11-07,3.541875
1951-11-08,2.0001249999999997
1951-11-09,3.1667499999999995
1951-11-10,0.9584999999999999
1951-11-11,1.54175
1951-11-12,3.7501250000000006
1951-11-13,4.58325
1951-11-14,4.833125
1951-11-15,4.0415
1951-11-16,2.6665
1951-11-17,3.166875
1951-11-18,2.0
1951-11-19,1.75
1951-11-20,2.45825
1951-11-21,2.125
1951-11-22,2.833375
1951-11-23,3.2501249999999997
1951-11-24,2.791625
1951-11-25,3.1667500000000004
1951-11-26,2.4585
1951-11-27,1.875125
1951-11-28,3.25
1951-11-29,3.833375
1951-11-30,2.7501249999999997
1951-12-01,2.7917500000000004
1951-12-02,3.0
1951-12-03,2.5832499999999996
1951-12-04,3.9582500000000005
1951-12-05,2.7082499999999996
1951-12-06,1.208375
1951-12-07,2.5
1951-12-08,5.16675
1951-12-09,4.749874999999999
1951-12-10,4.083375
1951-12-11,4.20825
1951-12-12,2.5001249999999997
1951-12-13,1.95825
1951-12-14,1.95825
1951-12-15,3.75
1951-12-16,2.4585
1951-12-17,3.2498749999999994
1951-12-18,3.75
1951-12-19,3.791499999999999
1951-12-20,2.875
1951-12-21,1.70825
1951-12-22,4.33325
1951-12-23,2.8332499999999996
1951-12-24,0.875
1951-12-25,1.125
1951-12-26,0.625
1951-12-27,2.4585
1951-12-28,5.291625
1951-12-29,2.000125
1951-12-30,1.791625
1951-12-31,4.458375
1952-01-01,3.583375
1952-01-02,1.916625
1952-01-03,2.08325
1952-01-04,3.0
1952-01-05,4.625
1952-01-06,3.8333749999999993
1952-01-07,3.416625
1952-01-08,2.70825
1952-01-09,2.458375
1952-01-10,4.083375
1952-01-11,3.791875
1952-01-12,4.5
1952-01-13,4.66675
1952-01-14,4.708375
1952-01-15,4.166625
1952-01-16,2.916625
1952-01-17,1.833375
1952-01-18,1.125125
1952-01-19,1.375125
1952-01-20,1.33325
1952-01-21,1.666625
1952-01-22,2.125
1952-01-23,3.4582500000000005
1952-01-24,2.79175
1952-01-25,2.58325
1952-01-26,1.333375
1952-01-27,3.958375
1952-01-28,3.5417500000000004
1952-01-29,3.7917500000000004
1952-01-30,2.875
1952-01-31,2.208375
1952-02-01,4.166625
1952-02-02,2.7915
1952-02-03,1.66675
1952-02-04,1.16675
1952-02-05,0.666625
1952-02-06,4.5
1952-02-07,4.5832500000000005
1952-02-08,4.749875
1952-02-09,3.9582499999999996
1952-02-10,3.958375
1952-02-11,4.374874999999999
1952-02-12,4.5
1952-02-13,4.125
1952-02-14,3.208375
1952-02-15,2.2501249999999997
1952-02-16,5.083375
1952-02-17,2.583375
1952-02-18,3.0001249999999997
1952-02-19,4.41675
1952-02-20,2.6248749999999994
1952-02-21,1.541625
1952-02-22,1.541625
1952-02-23,1.9165
1952-02-24,5.5417499999999995
1952-02-25,2.9167500000000004
1952-02-26,3.9165
1952-02-27,4.541625
1952-02-28,4.458375
1952-02-29,3.4167500000000004
1952-03-01,2.875
1952-03-02,1.2085
1952-03-03,3.583375
1952-03-04,5.70825
1952-03-05,6.249874999999999
1952-03-06,5.624874999999999
1952-03-07,5.125
1952-03-08,5.16675
1952-03-09,5.041625
1952-03-10,4.666625
1952-03-11,4.25
1952-03-12,3.4582499999999996
1952-03-13,2.6248750000000003
1952-03-14,1.874875
1952-03-15,3.0
1952-03-16,3.5
1952-03-17,3.8751249999999997
1952-03-18,2.58325
1952-03-19,1.79175
1952-03-20,1.08325
1952-03-21,4.417000000000001
1952-03-22,4.041625
1952-03-23,4.70825
1952-03-24,5.0
1952-03-25,3.791625
1952-03-26,2.8751249999999997
1952-03-27,3.25
1952-03-28,1.208375
1952-03-29,1.79175
1952-03-30,4.25
1952-03-31,5.75
1952-04-01,4.416875
1952-04-02,5.7913749999999995
1952-04-03,6.0
1952-04-04,5.20825
1952-04-05,5.16675
1952-04-06,4.875
1952-04-07,4.416625000000001
1952-04-08,4.375
1952-04-09,4.25
1952-04-10,3.708375
1952-04-11,2.375
1952-04-12,2.0835
1952-04-13,2.9167500000000004
1952-04-14,2.4167500000000004
1952-04-15,3.1251250000000006
1952-04-16,3.375
1952-04-17,2.4582499999999996
1952-04-18,2.45825
1952-04-19,3.833500000000001
1952-04-20,1.958375
1952-04-21,5.45825
1952-04-22,4.04175
1952-04-23,3.1251249999999997
1952-04-24,2.208125
1952-04-25,1.958375
1952-04-26,1.75
1952-04-27,1.333375
1952-04-28,4.124875
1952-04-29,5.916499999999999
1952-04-30,5.541499999999999
1952-05-01,5.3332500000000005
1952-05-02,5.333375
1952-05-03,4.99975
1952-05-04,4.7917499999999995
1952-05-05,4.0
1952-05-06,3.791625
1952-05-07,5.66675
1952-05-08,3.9585
1952-05-09,0.791625
1952-05-10,1.416625
1952-05-11,2.291625
1952-05-12,2.5
1952-05-13,2.4165
1952-05-14,1.79175
1952-05-15,1.291625
1952-05-16,0.875125
1952-05-17,1.416625
1952-05-18,4.291625
1952-05-19,4.0835
1952-05-20,3.333375
1952-05-21,2.7917500000000004
1952-05-22,1.083375
1952-05-23,1.7085000000000001
1952-05-24,2.7915
1952-05-25,2.791625
1952-05-26,4.083375
1952-05-27,5.5
1952-05-28,4.41675
1952-05-29,4.541625
1952-05-30,3.458375
1952-05-31,3.4582499999999996
1952-06-01,2.375
1952-06-02,2.083375
1952-06-03,2.2085
1952-06-04,1.58325
1952-06-05,2.16675
1952-06-06,1.375
1952-06-07,1.25
1952-06-08,3.7913749999999995
1952-06-09,4.166625
1952-06-10,3.4167499999999995
1952-06-11,3.2082499999999996
1952-06-12,2.125125
1952-06-13,1.3331250000000001
1952-06-14,4.0417499999999995
1952-06-15,3.4167500000000004
1952-06-16,3.5
1952-06-17,2.9167500000000004
1952-06-18,2.791625
1952-06-19,1.70825
1952-06-20,1.4165
1952-06-21,1.291625
1952-06-22,3.375
1952-06-23,4.208374999999999
1952-06-24,4.41675
1952-06-25,2.8751249999999997
1952-06-26,3.25
1952-06-27,2.9582499999999996
1952-06-28,1.875
1952-06-29,2.416625
1952-06-30,4.75
1952-07-01,2.249875
1952-07-02,1.875
1952-07-03,2.458375
1952-07-04,2.291625
1952-07-05,5.083375
1952-07-06,3.333375
1952-07-07,2.0835000000000004
1952-07-08,2.29175
1952-07-09,3.541625
1952-07-10,3.541625
1952-07-11,2.500125
1952-07-12,2.041625
1952-07-13,2.125
1952-07-14,2.8751249999999997
1952-07-15,3.041625
1952-07-16,2.1667499999999995
1952-07-17,2.0
1952-07-18,2.041875
1952-07-19,1.375
1952-07-20,3.958125
1952-07-21,4.916625
1952-07-22,3.0832500000000005
1952-07-23,2.458375
1952-07-24,2.29175
1952-07-25,2.33325
1952-07-26,2.33325
1952-07-27,1.791625
1952-07-28,1.29175
1952-07-29,0.58325
1952-07-30,0.70825
1952-07-31,3.041625
1952-08-01,2.20825
1952-08-02,2.29175
1952-08-03,3.7917499999999995
1952-08-04,3.08325
1952-08-05,2.6251249999999997
1952-08-06,3.2917500000000004
1952-08-07,2.625
1952-08-08,2.25
1952-08-09,1.70825
1952-08-10,3.125
1952-08-11,2.625
1952-08-12,3.3332499999999996
1952-08-13,1.54175
1952-08-14,1.249875
1952-08-15,1.41675
1952-08-16,1.124875
1952-08-17,4.041625
1952-08-18,4.125
1952-08-19,2.875
1952-08-20,3.2082499999999996
1952-08-21,1.5
1952-08-22,1.3335
1952-08-23,2.0
1952-08-24,1.416625
1952-08-25,1.083375
1952-08-26,1.375125
1952-08-27,2.3333749999999998
1952-08-28,1.16675
1952-08-29,2.5
1952-08-30,3.3336250000000005
1952-08-31,2.1665
1952-09-01,5.04175
1952-09-02,4.54175
1952-09-03,3.7502500000000003
1952-09-04,2.5417499999999995
1952-09-05,3.166875
1952-09-06,2.9167500000000004
1952-09-07,3.5415
1952-09-08,5.375
1952-09-09,5.0
1952-09-10,3.375
1952-09-11,2.791625
1952-09-12,3.541625
1952-09-13,1.45825
1952-09-14,3.8332499999999996
1952-09-15,2.6251249999999997
1952-09-16,2.25
1952-09-17,1.66675
1952-09-18,1.208375
1952-09-19,0.8751249999999999
1952-09-20,1.91675
1952-09-21,2.41675
1952-09-22,1.749875
1952-09-23,1.125
1952-09-24,2.4582499999999996
1952-09-25,2.04175
1952-09-26,2.8335000000000004
1952-09-27,3.3333749999999993
1952-09-28,4.25
1952-09-29,5.58325
1952-09-30,4.45825
1952-10-01,2.6252500000000003
1952-10-02,2.6667500000000004
1952-10-03,3.7498750000000003
1952-10-04,5.500000000000001
1952-10-05,5.416875
1952-10-06,3.791625
1952-10-07,2.5
1952-10-08,3.3748750000000003
1952-10-09,2.583375
1952-10-10,2.75
1952-10-11,3.708375
1952-10-12,3.2502500000000003
1952-10-13,1.708375
1952-10-14,1.958375
1952-10-15,1.083375
1952-10-16,1.83325
1952-10-17,2.6667500000000004
1952-10-18,2.9582499999999996
1952-10-19,1.70825
1952-10-20,1.875
1952-10-21,3.041625
1952-10-22,1.0
1952-10-23,0.625
1952-10-24,0.45825000000000005
1952-10-25,2.291625
1952-10-26,4.5835
1952-10-27,2.375
1952-10-28,2.5416250000000002
1952-10-29,2.833375
1952-10-30,4.33325
1952-10-31,4.916625
1952-11-01,3.7915
1952-11-02,3.0833749999999998
1952-11-03,2.2915
1952-11-04,1.083375
1952-11-05,1.500125
1952-11-06,3.0417500000000004
1952-11-07,3.041625
1952-11-08,3.083375
1952-11-09,2.166625
1952-11-10,0.5
1952-11-11,1.0001250000000002
1952-11-12,0.4997500000000001
1952-11-13,0.45825000000000005
1952-11-14,1.5835
1952-11-15,1.91675
1952-11-16,1.875
1952-11-17,2.458375
1952-11-18,1.79175
1952-11-19,1.333125
1952-11-20,1.4583750000000002
1952-11-21,3.75
1952-11-22,2.8751249999999997
1952-11-23,1.9585
1952-11-24,1.708375
1952-11-25,2.0
1952-11-26,3.1251249999999997
1952-11-27,4.541625
1952-11-28,3.708375
1952-11-29,2.625
1952-11-30,2.5
1952-12-01,3.208375
1952-12-02,4.041625000000001
1952-12-03,3.4167500000000004
1952-12-04,4.33325
1952-12-05,3.374999999999999
1952-12-06,1.874875
1952-12-07,1.7085
1952-12-08,1.16675
1952-12-09,0.4165
1952-12-10,1.95825
1952-12-11,2.208125
1952-12-12,2.2915
1952-12-13,3.9582500000000005
1952-12-14,1.08325
1952-12-15,2.3749999999999996
1952-12-16,2.208375
1952-12-17,1.833375
1952-12-18,2.208375
1952-12-19,0.8334999999999999
1952-12-20,0.875
1952-12-21,0.75
1952-12-22,1.79175
1952-12-23,0.7917500000000001
1952-12-24,3.6248750000000003
1952-12-25,3.3332499999999996
1952-12-26,2.5
1952-12-27,3.0001249999999997
1952-12-28,3.4167499999999995
1952-12-29,4.20825
1952-12-30,4.166875
1952-12-31,3.708125
1953-01-01,3.291625
1953-01-02,3.3748750000000003
1953-01-03,2.083375
1953-01-04,1.4585
1953-01-05,4.708500000000001
1953-01-06,2.7501249999999997
1953-01-07,2.0415
1953-01-08,2.08325
1953-01-09,2.208375
1953-01-10,1.458375
1953-01-11,1.9585
1953-01-12,1.625
1953-01-13,2.166625
1953-01-14,2.083375
1953-01-15,1.0415
1953-01-16,1.0414999999999999
1953-01-17,1.083375
1953-01-18,2.41675
1953-01-19,3.7501250000000006
1953-01-20,2.875
1953-01-21,2.291625
1953-01-22,1.833375
1953-01-23,1.416625
1953-01-24,2.3333749999999998
1953-01-25,3.041625
1953-01-26,4.833375
1953-01-27,4.2082500000000005
1953-01-28,3.916625
1953-01-29,3.791625
1953-01-30,3.2917500000000004
1953-01-31,2.541625
1953-02-01,1.208375
1953-02-02,1.791625
1953-02-03,1.6665
1953-02-04,1.70825
1953-02-05,0.83325
1953-02-06,0.75
1953-02-07,0.33325000000000005
1953-02-08,1.29175
1953-02-09,2.75
1953-02-10,2.2498750000000003
1953-02-11,2.291875
1953-02-12,1.375
1953-02-13,0.541625
1953-02-14,2.499875
1953-02-15,2.3335
1953-02-16,2.875125
1953-02-17,2.125
1953-02-18,1.416625
1953-02-19,2.583375
1953-02-20,1.5
1953-02-21,2.4582499999999996
1953-02-22,3.416625
1953-02-23,4.666625
1953-02-24,5.16675
1953-02-25,4.708375
1953-02-26,4.833125
1953-02-27,3.8332500000000005
1953-02-28,3.166499999999999
1953-03-01,2.708375
1953-03-02,5.624874999999999
1953-03-03,3.875
1953-03-04,2.0
1953-03-05,2.0
1953-03-06,1.66675
1953-03-07,2.916625
1953-03-08,3.4167500000000004
1953-03-09,4.41675
1953-03-10,3.2917500000000004
1953-03-11,1.58325
1953-03-12,1.0835
1953-03-13,0.791625
1953-03-14,2.375
1953-03-15,2.4582500000000005
1953-03-16,2.4582499999999996
1953-03-17,1.33325
1953-03-18,1.041875
1953-03-19,3.4166250000000007
1953-03-20,2.1251249999999997
1953-03-21,4.124875
1953-03-22,3.5832499999999996
1953-03-23,4.625
1953-03-24,5.416625
1953-03-25,4.708375
1953-03-26,3.7501250000000006
1953-03-27,3.708375
1953-03-28,3.541625
1953-03-29,2.416625
1953-03-30,2.833375
1953-03-31,1.875
1953-04-01,2.666625
1953-04-02,2.833125
1953-04-03,2.416625
1953-04-04,4.08325
1953-04-05,1.75
1953-04-06,1.83325
1953-04-07,0.791625
1953-04-08,1.95825
1953-04-09,1.75
1953-04-10,2.9583749999999993
1953-04-11,3.583375
1953-04-12,2.7915
1953-04-13,3.208375
1953-04-14,1.749875
1953-04-15,2.4165
1953-04-16,4.541625
1953-04-17,2.5832499999999996
1953-04-18,2.625
1953-04-19,3.4585
1953-04-20,4.375125000000001
1953-04-21,4.000125
1953-04-22,3.6248750000000003
1953-04-23,3.6251249999999997
1953-04-24,2.083125
1953-04-25,2.5836249999999996
1953-04-26,2.8335
1953-04-27,2.2498750000000003
1953-04-28,1.70825
1953-04-29,1.95825
1953-04-30,2.708375
1953-05-01,1.25
1953-05-02,1.041625
1953-05-03,1.0
1953-05-04,1.374875
1953-05-05,2.4167500000000004
1953-05-06,4.375
1953-05-07,3.583375
1953-05-08,4.000000000000001
1953-05-09,3.583375
1953-05-10,2.3748750000000003
1953-05-11,1.916625
1953-05-12,1.20825
1953-05-13,0.7915000000000001
1953-05-14,0.958375
1953-05-15,4.25
1953-05-16,6.0
1953-05-17,3.3751250000000006
1953-05-18,3.0
1953-05-19,3.75
1953-05-20,2.9582499999999996
1953-05-21,2.3332499999999996
1953-05-22,2.833375
1953-05-23,1.874875
1953-05-24,1.625
1953-05-25,1.291625
1953-05-26,1.58325
1953-05-27,3.4582499999999996
1953-05-28,1.91675
1953-05-29,1.375
1953-05-30,1.208375
1953-05-31,1.791625
1953-06-01,1.291875
1953-06-02,4.875125000000001
1953-06-03,4.125
1953-06-04,3.541625
1953-06-05,2.9582499999999996
1953-06-06,2.666625
1953-06-07,1.958375
1953-06-08,1.3751250000000002
1953-06-09,1.291625
1953-06-10,2.4998750000000003
1953-06-11,2.0415
1953-06-12,2.458125
1953-06-13,2.7082500000000005
1953-06-14,2.0
1953-06-15,1.291625
1953-06-16,1.0
1953-06-17,2.12475
1953-06-18,1.41675
1953-06-19,1.08325
1953-06-20,2.791875
1953-06-21,2.66675
1953-06-22,2.166625
1953-06-23,0.791625
1953-06-24,1.666625
1953-06-25,1.2915
1953-06-26,0.5415
1953-06-27,1.0
1953-06-28,1.0
1953-06-29,4.125125000000001
1953-06-30,4.333375
1953-07-01,3.7917499999999995
1953-07-02,4.083375
1953-07-03,3.1248750000000003
1953-07-04,3.25
1953-07-05,2.458375
1953-07-06,2.1248750000000003
1953-07-07,3.291625
1953-07-08,2.8335
1953-07-09,2.33325
1953-07-10,1.4168749999999999
1953-07-11,1.20825
1953-07-12,1.9167500000000002
1953-07-13,2.5832500000000005
1953-07-14,1.958375
1953-07-15,2.8335
1953-07-16,0.75
1953-07-17,1.08325
1953-07-18,1.291625
1953-07-19,1.41675
1953-07-20,1.791625
1953-07-21,1.41675
1953-07-22,1.375
1953-07-23,4.6665
1953-07-24,2.666625
1953-07-25,1.875
1953-07-26,3.416625
1953-07-27,4.708375
1953-07-28,3.8333749999999993
1953-07-29,4.20825
1953-07-30,3.7498749999999994
1953-07-31,3.083375
1953-08-01,2.875
1953-08-02,2.416625
1953-08-03,1.79175
1953-08-04,2.083375
1953-08-05,1.54175
1953-08-06,1.625125
1953-08-07,2.20825
1953-08-08,1.70825
1953-08-09,3.041625
1953-08-10,3.083125
1953-08-11,3.2498750000000003
1953-08-12,4.583125
1953-08-13,3.5417500000000004
1953-08-14,2.375
1953-08-15,1.958375
1953-08-16,2.375
1953-08-17,1.083375
1953-08-18,1.4585
1953-08-19,1.12525
1953-08-20,0.666625
1953-08-21,0.708375
1953-08-22,1.08325
1953-08-23,4.5415
1953-08-24,5.208375
1953-08-25,3.958375
1953-08-26,3.666625
1953-08-27,4.75
1953-08-28,4.416875
1953-08-29,4.499874999999999
1953-08-30,4.875
1953-08-31,3.9167500000000004
1953-09-01,2.9167500000000004
1953-09-02,3.4583749999999993
1953-09-03,3.791625
1953-09-04,5.083375
1953-09-05,3.208125
1953-09-06,2.41675
1953-09-07,2.7498750000000003
1953-09-08,2.250125
1953-09-09,1.54175
1953-09-10,1.91675
1953-09-11,2.583375
1953-09-12,2.3748750000000003
1953-09-13,2.2498750000000003
1953-09-14,0.583375
1953-09-15,3.04175
1953-09-16,2.916875
1953-09-17,2.7916250000000002
1953-09-18,2.708375
1953-09-19,5.916625000000001
1953-09-20,4.49975
1953-09-21,3.9582499999999996
1953-09-22,3.9585
1953-09-23,4.874875
1953-09-24,4.04175
1953-09-25,2.7501250000000006
1953-09-26,2.0415
1953-09-27,3.125
1953-09-28,1.83325
1953-09-29,1.000125
1953-09-30,1.708375
1953-10-01,2.625
1953-10-02,1.500125
1953-10-03,1.7085
1953-10-04,1.20825
1953-10-05,0.916625
1953-10-06,1.208375
1953-10-07,2.25
1953-10-08,2.29175
1953-10-09,2.12475
1953-10-10,2.166875
1953-10-11,1.708375
1953-10-12,0.9583750000000001
1953-10-13,1.083375
1953-10-14,0.666625
1953-10-15,3.5
1953-10-16,4.500125000000001
1953-10-17,4.291625
1953-10-18,5.041499999999999
1953-10-19,5.166625
1953-10-20,4.625125000000001
1953-10-21,3.4582499999999996
1953-10-22,3.291625
1953-10-23,2.625
1953-10-24,1.874875
1953-10-25,2.1251249999999997
1953-10-26,1.374875
1953-10-27,3.1667500000000004
1953-10-28,1.749875
1953-10-29,2.5
1953-10-30,1.708375
1953-10-31,1.541625
1953-11-01,1.166625
1953-11-02,1.0
1953-11-03,1.375125
1953-11-04,1.1665
1953-11-05,2.625
1953-11-06,1.5835
1953-11-07,1.29175
1953-11-08,1.124875
1953-11-09,0.875
1953-11-10,0.249875
1953-11-11,1.08325
1953-11-12,2.916625
1953-11-13,4.75
1953-11-14,4.20825
1953-11-15,4.20825
1953-11-16,4.125
1953-11-17,3.375
1953-11-18,3.125
1953-11-19,4.29175
1953-11-20,3.8748750000000003
1953-11-21,2.541625
1953-11-22,1.4168749999999999
1953-11-23,3.333375
1953-11-24,2.6667500000000004
1953-11-25,2.7501249999999997
1953-11-26,1.500125
1953-11-27,2.041625
1953-11-28,0.58325
1953-11-29,1.08325
1953-11-30,0.7085
1953-12-01,0.5
1953-12-02,0.875
1953-12-03,1.3333750000000002
1953-12-04,1.79175
1953-12-05,1.166625
1953-12-06,1.5
1953-12-07,1.374875
1953-12-08,1.625125
1953-12-09,1.66675
1953-12-10,1.20825
1953-12-11,3.708375
1953-12-12,3.375000000000001
1953-12-13,2.208375
1953-12-14,1.4165
1953-12-15,1.45825
1953-12-16,1.2918749999999999
1953-12-17,1.583375
1953-12-18,1.500125
1953-12-19,1.29175
1953-12-20,1.4165
1953-12-21,1.125
1953-12-22,2.041625
1953-12-23,1.125
1953-12-24,1.374875
1953-12-25,1.58325
1953-12-26,1.1666249999999998
1953-12-27,1.8335
1953-12-28,1.875
1953-12-29,1.875125
1953-12-30,1.2915
1953-12-31,0.875
1954-01-01,1.291625
1954-01-02,3.416625
1954-01-03,1.666625
1954-01-04,0.2915
1954-01-05,1.5415
1954-01-06,1.9997500000000001
1954-01-07,1.499875
1954-01-08,2.29175
1954-01-09,1.708375
1954-01-10,1.25
1954-01-11,1.75
1954-01-12,2.0835
1954-01-13,2.20825
1954-01-14,1.2501250000000002
1954-01-15,2.333375
1954-01-16,1.66675
1954-01-17,1.416625
1954-01-18,2.5
1954-01-19,3.6251250000000006
1954-01-20,2.9585
1954-01-21,2.958375
1954-01-22,2.7917499999999995
1954-01-23,2.791625
1954-01-24,1.25
1954-01-25,1.333375
1954-01-26,1.041625
1954-01-27,1.2502499999999999
1954-01-28,0.916625
1954-01-29,0.791625
1954-01-30,1.29175
1954-01-31,2.0001249999999997
1954-02-01,3.5417500000000004
1954-02-02,3.1248749999999994
1954-02-03,3.25
1954-02-04,2.20825
1954-02-05,1.666625
1954-02-06,1.0
1954-02-07,1.125
1954-02-08,1.58325
1954-02-09,1.833375
1954-02-10,2.0415
1954-02-11,2.7082499999999996
1954-02-12,1.4168749999999999
1954-02-13,1.750125
1954-02-14,1.95825
1954-02-15,3.958375
1954-02-16,3.6248749999999994
1954-02-17,3.875
1954-02-18,2.9998750000000003
1954-02-19,2.666625
1954-02-20,1.95825
1954-02-21,3.625
1954-02-22,4.333375
1954-02-23,3.916625
1954-02-24,2.833375
1954-02-25,2.29175
1954-02-26,4.166625
1954-02-27,3.9582499999999996
1954-02-28,2.8748750000000003
1954-03-01,1.666625
1954-03-02,2.791625
1954-03-03,2.125
1954-03-04,2.2501249999999997
1954-03-05,2.6667500000000004
1954-03-06,2.166625
1954-03-07,3.041625
1954-03-08,2.416625
1954-03-09,3.0832499999999996
1954-03-10,2.125
1954-03-11,3.5
1954-03-12,2.75
1954-03-13,2.75
1954-03-14,4.1663749999999995
1954-03-15,4.125125
1954-03-16,3.2501250000000006
1954-03-17,3.041625
1954-03-18,3.375
1954-03-19,2.416625
1954-03-20,3.583375
1954-03-21,2.458375
1954-03-22,3.125
1954-03-23,4.541625
1954-03-24,3.9997499999999997
1954-03-25,2.9582499999999996
1954-03-26,3.25
1954-03-27,1.91675
1954-03-28,1.666625
1954-03-29,1.458375
1954-03-30,2.833375
1954-03-31,2.4167500000000004
1954-04-01,1.7085
1954-04-02,2.5415
1954-04-03,2.79175
1954-04-04,2.9582500000000005
1954-04-05,1.9168749999999999
1954-04-06,2.08325
1954-04-07,1.874875
1954-04-08,2.0
1954-04-09,2.208625
1954-04-10,2.4585
1954-04-11,3.208375
1954-04-12,4.833375
1954-04-13,2.916625
1954-04-14,2.2917499999999995
1954-04-15,3.3332499999999996
1954-04-16,2.0
1954-04-17,1.9585
1954-04-18,2.833375
1954-04-19,2.458375
1954-04-20,3.3332500000000005
1954-04-21,2.8750000000000004
1954-04-22,1.833375
1954-04-23,3.208375
1954-04-24,2.583375
1954-04-25,1.875
1954-04-26,2.75
1954-04-27,2.625
1954-04-28,1.624875
1954-04-29,1.749875
1954-04-30,2.2498750000000003
1954-05-01,1.125
1954-05-02,1.791625
1954-05-03,1.5
1954-05-04,2.6665
1954-05-05,1.9165
1954-05-06,1.249875
1954-05-07,0.791625
1954-05-08,2.125
1954-05-09,2.6251249999999997
1954-05-10,1.749875
1954-05-11,2.8748750000000003
1954-05-12,1.749875
1954-05-13,1.999875
1954-05-14,1.666625
1954-05-15,2.125
1954-05-16,1.291625
1954-05-17,0.583125
1954-05-18,2.666625
1954-05-19,2.33325
1954-05-20,2.166625
1954-05-21,2.5415
1954-05-22,1.25
1954-05-23,1.33325
1954-05-24,1.66675
1954-05-25,1.125
1954-05-26,1.4585000000000001
1954-05-27,1.0415
1954-05-28,1.29175
1954-05-29,2.041875
1954-05-30,1.041625
1954-05-31,1.541625
1954-06-01,1.1665
1954-06-02,1.4997500000000001
1954-06-03,1.249875
1954-06-04,1.791625
1954-06-05,0.666625
1954-06-06,1.125
1954-06-07,1.583375
1954-06-08,0.875
1954-06-09,1.416625
1954-06-10,2.541625
1954-06-11,0.9584999999999999
1954-06-12,1.541625
1954-06-13,1.875
1954-06-14,1.79175
1954-06-15,1.0
1954-06-16,0.916625
1954-06-17,0.95825
1954-06-18,1.20825
1954-06-19,1.333375
1954-06-20,1.291625
1954-06-21,1.291625
1954-06-22,1.79175
1954-06-23,1.375125
1954-06-24,1.000125
1954-06-25,1.208375
1954-06-26,1.375
1954-06-27,1.666625
1954-06-28,2.166625
1954-06-29,1.041625
1954-06-30,1.4167500000000002
1954-07-01,2.1667500000000004
1954-07-02,1.0
1954-07-03,0.91675
1954-07-04,0.6667500000000001
1954-07-05,1.249875
1954-07-06,2.25
1954-07-07,1.5831250000000001
1954-07-08,1.29175
1954-07-09,0.833375
1954-07-10,1.125125
1954-07-11,1.125125
1954-07-12,2.0415
1954-07-13,1.333375
1954-07-14,2.5001249999999997
1954-07-15,2.08325
1954-07-16,1.833375
1954-07-17,1.70825
1954-07-18,2.08325
1954-07-19,2.125
1954-07-20,1.708375
1954-07-21,1.791625
1954-07-22,1.125
1954-07-23,1.3331250000000001
1954-07-24,1.916625
1954-07-25,2.5
1954-07-26,2.0
1954-07-27,2.416625
1954-07-28,3.0832499999999996
1954-07-29,2.250125
1954-07-30,1.5418749999999999
1954-07-31,1.958375
1954-08-01,2.124875
1954-08-02,1.791625
1954-08-03,1.2918749999999999
1954-08-04,1.54175
1954-08-05,1.5418749999999999
1954-08-06,3.0
1954-08-07,2.3748750000000003
1954-08-08,1.499875
1954-08-09,2.0835
1954-08-10,1.66675
1954-08-11,1.791625
1954-08-12,1.70825
1954-08-13,1.583375
1954-08-14,1.83325
1954-08-15,1.666625
1954-08-16,2.375
1954-08-17,2.041625
1954-08-18,2.25
1954-08-19,2.125
1954-08-20,1.708375
1954-08-21,2.4165
1954-08-22,2.666625
1954-08-23,1.8335
1954-08-24,3.416625
1954-08-25,1.75
1954-08-26,2.8332500000000005
1954-08-27,2.583375
1954-08-28,2.7917500000000004
1954-08-29,2.9167500000000004
1954-08-30,2.2501249999999997
1954-08-31,2.08325
1954-09-01,3.75
1954-09-02,3.3332499999999996
1954-09-03,3.6248750000000003
1954-09-04,2.95825
1954-09-05,2.5
1954-09-06,3.041625
1954-09-07,3.166625
1954-09-08,1.958375
1954-09-09,2.625
1954-09-10,2.291625
1954-09-11,2.583375
1954-09-12,1.458375
1954-09-13,1.625125
1954-09-14,3.9582499999999996
1954-09-15,2.8332500000000005
1954-09-16,3.4582499999999996
1954-09-17,2.04175
1954-09-18,2.791625
1954-09-19,2.20825
1954-09-20,4.5835
1954-09-21,3.875
1954-09-22,2.4582500000000005
1954-09-23,1.791625
1954-09-24,2.16675
1954-09-25,3.125
1954-09-26,2.333375
1954-09-27,2.4167499999999995
1954-09-28,2.916625
1954-09-29,4.000125
1954-09-30,3.1667500000000004
1954-10-01,4.54175
1954-10-02,2.041625
1954-10-03,3.8751250000000006
1954-10-04,3.208375
1954-10-05,2.04175
1954-10-06,3.3333749999999993
1954-10-07,2.291625
1954-10-08,2.416625
1954-10-09,1.249875
1954-10-10,1.375125
1954-10-11,1.416625
1954-10-12,0.0
1954-10-13,0.708375
1954-10-14,1.5
1954-10-15,1.375
1954-10-16,1.79175
1954-10-17,1.9165
1954-10-18,4.41675
1954-10-19,3.2082499999999996
1954-10-20,2.7917500000000004
1954-10-21,1.500125
1954-10-22,2.333375
1954-10-23,3.791625
1954-10-24,4.8332500000000005
1954-10-25,3.4167500000000004
1954-10-26,2.4165
1954-10-27,2.75
1954-10-28,1.66675
1954-10-29,1.3335
1954-10-30,2.8332499999999996
1954-10-31,3.041625
1954-11-01,3.9585
1954-11-02,3.625
1954-11-03,3.083375
1954-11-04,1.624875
1954-11-05,2.0
1954-11-06,2.125
1954-11-07,1.083375
1954-11-08,1.333375
1954-11-09,1.0835
1954-11-10,0.4583750000000001
1954-11-11,1.333375
1954-11-12,2.04175
1954-11-13,1.250125
1954-11-14,1.500125
1954-11-15,0.45825000000000005
1954-11-16,0.125
1954-11-17,0.624875
1954-11-18,1.5
1954-11-19,2.333375
1954-11-20,2.875
1954-11-21,2.083375
1954-11-22,1.624875
1954-11-23,2.375
1954-11-24,1.749875
1954-11-25,1.66675
1954-11-26,1.66675
1954-11-27,1.999875
1954-11-28,1.291625
1954-11-29,2.16675
1954-11-30,2.541625
1954-12-01,1.541625
1954-12-02,1.666625
1954-12-03,1.25
1954-12-04,1.04175
1954-12-05,1.25
1954-12-06,1.25
1954-12-07,2.25
1954-12-08,1.124875
1954-12-09,1.5
1954-12-10,0.791625
1954-12-11,0.375
1954-12-12,1.874875
1954-12-13,1.54175
1954-12-14,0.6665000000000001
1954-12-15,0.208375
1954-12-16,0.37487500000000007
1954-12-17,2.9165
1954-12-18,2.708375
1954-12-19,2.0001249999999997
1954-12-20,2.5001249999999997
1954-12-21,1.458375
1954-12-22,1.08325
1954-12-23,1.16675
1954-12-24,0.8751249999999999
1954-12-25,1.374875
1954-12-26,1.08325
1954-12-27,2.8332500000000005
1954-12-28,2.08325
1954-12-29,1.58325
1954-12-30,1.41675
1954-12-31,1.29175
1955-01-01,1.583125
1955-01-02,1.625125
1955-01-03,1.16675
1955-01-04,2.33325
1955-01-05,1.374875
1955-01-06,2.0
1955-01-07,2.0
1955-01-08,1.208375
1955-01-09,3.2917499999999995
1955-01-10,1.0
1955-01-11,2.41675
1955-01-12,1.45825
1955-01-13,2.875
1955-01-14,1.70825
1955-01-15,0.208125
1955-01-16,1.7915
1955-01-17,4.25
1955-01-18,4.54175
1955-01-19,5.041625000000001
1955-01-20,2.8748750000000003
1955-01-21,1.91675
1955-01-22,1.3335
1955-01-23,2.666625
1955-01-24,1.0835
1955-01-25,0.916625
1955-01-26,0.500125
1955-01-27,1.999875
1955-01-28,1.83325
1955-01-29,1.583375
1955-01-30,1.91675
1955-01-31,1.166625
1955-02-01,0.70825
1955-02-02,1.25
1955-02-03,2.08325
1955-02-04,3.083375
1955-02-05,3.0
1955-02-06,2.833375
1955-02-07,2.79175
1955-02-08,2.5002500000000003
1955-02-09,2.5
1955-02-10,1.583375
1955-02-11,2.3751249999999997
1955-02-12,2.7082500000000005
1955-02-13,2.375
1955-02-14,2.5
1955-02-15,1.541625
1955-02-16,1.541625
1955-02-17,1.541625
1955-02-18,1.7915
1955-02-19,1.541625
1955-02-20,2.0001249999999997
1955-02-21,2.6667500000000004
1955-02-22,3.0001250000000006
1955-02-23,3.5415
1955-02-24,2.4167500000000004
1955-02-25,2.6667499999999995
1955-02-26,1.916625
1955-02-27,1.249875
1955-02-28,3.708375
1955-03-01,0.875
1955-03-02,1.0
1955-03-03,0.83325
1955-03-04,0.9998750000000001
1955-03-05,2.25
1955-03-06,2.4998750000000003
1955-03-07,3.8332499999999996
1955-03-08,3.125
1955-03-09,3.583375
1955-03-10,3.583375
1955-03-11,3.166625
1955-03-12,3.5417500000000004
1955-03-13,2.7501249999999997
1955-03-14,2.7498750000000003
1955-03-15,3.1666250000000002
1955-03-16,2.2085
1955-03-17,2.624875
1955-03-18,2.7917500000000004
1955-03-19,1.375125
1955-03-20,1.541625
1955-03-21,1.91675
1955-03-22,3.75
1955-03-23,2.9582499999999996
1955-03-24,2.2917500000000004
1955-03-25,1.5
1955-03-26,2.3748750000000003
1955-03-27,2.125125
1955-03-28,1.33325
1955-03-29,0.8748750000000001
1955-03-30,2.541625
1955-03-31,4.999874999999999
1955-04-01,2.70825
1955-04-02,3.16675
1955-04-03,2.583375
1955-04-04,2.8751249999999997
1955-04-05,3.1251250000000006
1955-04-06,2.916875
1955-04-07,3.1666250000000007
1955-04-08,1.95825
1955-04-09,1.374875
1955-04-10,1.999875
1955-04-11,2.083375
1955-04-12,2.5415
1955-04-13,2.916625
1955-04-14,1.708375
1955-04-15,1.4165
1955-04-16,1.125125
1955-04-17,1.375125
1955-04-18,0.583375
1955-04-19,0.958375
1955-04-20,1.9585
1955-04-21,1.875
1955-04-22,1.874875
1955-04-23,0.62475
1955-04-24,3.0001249999999997
1955-04-25,2.5417500000000004
1955-04-26,3.083375
1955-04-27,3.9167499999999995
1955-04-28,4.4167499999999995
1955-04-29,3.9583749999999993
1955-04-30,2.9998750000000003
1955-05-01,1.416625
1955-05-02,1.2498749999999998
1955-05-03,1.541625
1955-05-04,1.4164999999999999
1955-05-05,2.208375
1955-05-06,3.958125
1955-05-07,3.7082500000000005
1955-05-08,4.25
1955-05-09,2.1248750000000003
1955-05-10,2.29175
1955-05-11,1.20825
1955-05-12,1.666625
1955-05-13,2.166625
1955-05-14,2.58325
1955-05-15,1.45825
1955-05-16,2.208375
1955-05-17,0.9166249999999999
1955-05-18,1.04175
1955-05-19,0.7502499999999999
1955-05-20,1.375
1955-05-21,0.8333750000000001
1955-05-22,1.1251250000000002
1955-05-23,0.583125
1955-05-24,0.875
1955-05-25,2.916625
1955-05-26,3.9582499999999996
1955-05-27,2.958375
1955-05-28,3.5832499999999996
1955-05-29,1.875
1955-05-30,1.125
1955-05-31,1.375125
1955-06-01,1.79175
1955-06-02,1.749875
1955-06-03,1.5
1955-06-04,1.875
1955-06-05,1.16675
1955-06-06,1.916625
1955-06-07,2.5
1955-06-08,3.5417500000000004
1955-06-09,1.916625
1955-06-10,1.250125
1955-06-11,1.583375
1955-06-12,2.2498750000000003
1955-06-13,1.999875
1955-06-14,2.666625
1955-06-15,3.375
1955-06-16,2.9167499999999995
1955-06-17,2.625125
1955-06-18,1.833375
1955-06-19,2.0416250000000002
1955-06-20,1.416625
1955-06-21,1.000125
1955-06-22,2.041625
1955-06-23,3.0
1955-06-24,3.25
1955-06-25,2.41675
1955-06-26,0.9584999999999999
1955-06-27,1.541625
1955-06-28,1.6668749999999999
1955-06-29,1.541625
1955-06-30,0.8334999999999999
1955-07-01,1.124875
1955-07-02,2.8748750000000003
1955-07-03,2.166625
1955-07-04,0.75
1955-07-05,0.8333750000000001
1955-07-06,1.3333750000000002
1955-07-07,2.2498750000000003
1955-07-08,2.2917500000000004
1955-07-09,1.416625
1955-07-10,2.4582499999999996
1955-07-11,3.208375
1955-07-12,3.208375
1955-07-13,1.79175
1955-07-14,1.4581250000000001
1955-07-15,2.3335
1955-07-16,2.12475
1955-07-17,1.58325
1955-07-18,1.625
1955-07-19,0.7501249999999999
1955-07-20,1.0
1955-07-21,0.875
1955-07-22,1.0
1955-07-23,1.66675
1955-07-24,1.9165
1955-07-25,1.45825
1955-07-26,2.7917500000000004
1955-07-27,1.4165
1955-07-28,0.875
1955-07-29,1.500125
1955-07-30,1.458375
1955-07-31,1.458375
1955-08-01,1.083375
1955-08-02,1.0415
1955-08-03,2.3751249999999997
1955-08-04,4.041625
1955-08-05,3.2498750000000003
1955-08-06,4.2082500000000005
1955-08-07,3.1667500000000004
1955-08-08,2.083375
1955-08-09,1.70825
1955-08-10,1.5
1955-08-11,0.95825
1955-08-12,1.16675
1955-08-13,1.666625
1955-08-14,2.375
1955-08-15,1.95825
1955-08-16,1.1665
1955-08-17,1.499875
1955-08-18,1.9165
1955-08-19,1.7081250000000001
1955-08-20,1.208375
1955-08-21,1.20825
1955-08-22,0.4165
1955-08-23,0.6248750000000001
1955-08-24,1.25
1955-08-25,1.124875
1955-08-26,1.5831250000000001
1955-08-27,1.2085
1955-08-28,2.666875
1955-08-29,2.3748750000000003
1955-08-30,1.375
1955-08-31,1.541625
1955-09-01,2.333375
1955-09-02,3.0
1955-09-03,2.958125
1955-09-04,3.2917500000000004
1955-09-05,3.458375
1955-09-06,2.62475
1955-09-07,1.83325
1955-09-08,1.875
1955-09-09,1.625
1955-09-10,1.5415
1955-09-11,1.4165
1955-09-12,3.0417499999999995
1955-09-13,3.2916250000000007
1955-09-14,1.54175
1955-09-15,1.499875
1955-09-16,2.25
1955-09-17,2.6251250000000006
1955-09-18,2.083375
1955-09-19,2.041625
1955-09-20,1.9581250000000001
1955-09-21,1.124875
1955-09-22,1.750125
1955-09-23,2.5417499999999995
1955-09-24,1.666625
1955-09-25,0.791625
1955-09-26,0.583375
1955-09-27,3.458375
1955-09-28,2.9582500000000005
1955-09-29,3.208375
1955-09-30,4.95825
1955-10-01,2.583125
1955-10-02,2.916625
1955-10-03,2.75
1955-10-04,2.000125
1955-10-05,3.291625
1955-10-06,3.25
1955-10-07,1.75
1955-10-08,2.4165
1955-10-09,1.33325
1955-10-10,2.8335
1955-10-11,2.125
1955-10-12,0.08325
1955-10-13,0.6665000000000001
1955-10-14,1.25
1955-10-15,0.70825
1955-10-16,1.33325
1955-10-17,0.916625
1955-10-18,0.25
1955-10-19,0.750125
1955-10-20,1.749875
1955-10-21,1.0
1955-10-22,1.499875
1955-10-23,1.374875
1955-10-24,0.500125
1955-10-25,5.208374999999999
1955-10-26,4.499875
1955-10-27,2.541625
1955-10-28,1.75
1955-10-29,2.08325
1955-10-30,1.874875
1955-10-31,3.6665
1955-11-01,2.54175
1955-11-02,2.333375
1955-11-03,1.041625
1955-11-04,3.4167500000000004
1955-11-05,2.125
1955-11-06,0.7501249999999999
1955-11-07,0.666625
1955-11-08,2.6248750000000003
1955-11-09,1.958375
1955-11-10,1.249875
1955-11-11,1.5415
1955-11-12,2.7917500000000004
1955-11-13,1.54175
1955-11-14,1.25
1955-11-15,3.333375
1955-11-16,3.708375
1955-11-17,2.0
1955-11-18,3.7085
1955-11-19,4.833375
1955-11-20,4.875
1955-11-21,1.54175
1955-11-22,0.79175
1955-11-23,1.08325
1955-11-24,1.874875
1955-11-25,2.2085
1955-11-26,1.29175
1955-11-27,1.41675
1955-11-28,1.750125
1955-11-29,1.666625
1955-11-30,1.250125
1955-12-01,3.2082500000000005
1955-12-02,2.2502500000000007
1955-12-03,1.916625
1955-12-04,1.166625
1955-12-05,1.5
1955-12-06,2.79175
1955-12-07,1.45825
1955-12-08,2.083375
1955-12-09,2.5001249999999997
1955-12-10,1.5
1955-12-11,1.124875
1955-12-12,1.125
1955-12-13,0.583375
1955-12-14,0.41650000000000004
1955-12-15,1.04175
1955-12-16,2.20825
1955-12-17,1.0
1955-12-18,0.541625
1955-12-19,1.583375
1955-12-20,2.1248750000000003
1955-12-21,2.083375
1955-12-22,1.333375
1955-12-23,0.583375
1955-12-24,1.33325
1955-12-25,3.25
1955-12-26,2.791625
1955-12-27,2.958125
1955-12-28,1.375
1955-12-29,0.33325000000000005
1955-12-30,0.91675
1955-12-31,2.16675
1956-01-01,3.2917500000000004
1956-01-02,2.9582500000000005
1956-01-03,2.833375
1956-01-04,3.041625
1956-01-05,2.583375
1956-01-06,2.8332500000000005
1956-01-07,2.041625
1956-01-08,1.416625
1956-01-09,2.7917500000000004
1956-01-10,3.5417500000000004
1956-01-11,4.45825
1956-01-12,3.1251249999999997
1956-01-13,1.791625
1956-01-14,2.166875
1956-01-15,0.916625
1956-01-16,1.583375
1956-01-17,1.66675
1956-01-18,4.625
1956-01-19,4.083500000000001
1956-01-20,1.3335
1956-01-21,1.708375
1956-01-22,3.41675
1956-01-23,2.708375
1956-01-24,4.4585
1956-01-25,2.7086250000000005
1956-01-26,0.7085
1956-01-27,3.4582499999999996
1956-01-28,4.291625
1956-01-29,3.1251249999999997
1956-01-30,3.0
1956-01-31,3.208375
1956-02-01,3.041625
1956-02-02,3.291625
1956-02-03,2.75
1956-02-04,2.3748750000000003
1956-02-05,1.58325
1956-02-06,1.708375
1956-02-07,0.91675
1956-02-08,0.583125
1956-02-09,0.58325
1956-02-10,0.916625
1956-02-11,3.2501250000000006
1956-02-12,3.708375
1956-02-13,2.208375
1956-02-14,0.958375
1956-02-15,1.208375
1956-02-16,3.041625
1956-02-17,1.458375
1956-02-18,1.1665
1956-02-19,3.083125
1956-02-20,1.333375
1956-02-21,1.666625
1956-02-22,2.999875
1956-02-23,1.58325
1956-02-24,1.666625
1956-02-25,5.708375
1956-02-26,3.041625
1956-02-27,3.125
1956-02-28,3.541625
1956-02-29,4.666625
1956-03-01,3.2917500000000004
1956-03-02,3.791499999999999
1956-03-03,6.33325
1956-03-04,3.4165
1956-03-05,2.041875
1956-03-06,2.6252500000000003
1956-03-07,0.791625
1956-03-08,0.4583750000000001
1956-03-09,0.333125
1956-03-10,2.833375
1956-03-11,3.333375
1956-03-12,2.1248750000000003
1956-03-13,2.25
1956-03-14,2.791625
1956-03-15,2.0
1956-03-16,1.416625
1956-03-17,0.791625
1956-03-18,1.333375
1956-03-19,2.41675
1956-03-20,2.25
1956-03-21,4.499875
1956-03-22,5.124874999999999
1956-03-23,2.9582499999999996
1956-03-24,3.7082499999999996
1956-03-25,3.3751250000000006
1956-03-26,3.375
1956-03-27,2.541625
1956-03-28,3.791625
1956-03-29,4.375
1956-03-30,2.4998750000000003
1956-03-31,2.9582499999999996
1956-04-01,2.41675
1956-04-02,3.0417499999999995
1956-04-03,3.2082499999999996
1956-04-04,2.833375
1956-04-05,2.791625
1956-04-06,3.0
1956-04-07,3.291625
1956-04-08,2.375
1956-04-09,2.1666250000000002
1956-04-10,2.6667499999999995
1956-04-11,2.708375
1956-04-12,2.58325
1956-04-13,1.95825
1956-04-14,1.833375
1956-04-15,1.8751250000000002
1956-04-16,2.7502500000000003
1956-04-17,3.4167500000000004
1956-04-18,2.958375
1956-04-19,2.54175
1956-04-20,2.04175
1956-04-21,4.9165
1956-04-22,5.500125000000001
1956-04-23,2.2915
1956-04-24,1.2918749999999999
1956-04-25,1.999875
1956-04-26,3.875
1956-04-27,7.3336250000000005
1956-04-28,4.791625
1956-04-29,4.58325
1956-04-30,4.95825
1956-05-01,3.25
1956-05-02,1.20825
1956-05-03,2.25
1956-05-04,2.416625
1956-05-05,3.1248750000000003
1956-05-06,2.2915
1956-05-07,2.125
1956-05-08,1.08325
1956-05-09,0.8751249999999999
1956-05-10,0.833375
1956-05-11,0.9583750000000001
1956-05-12,4.583125
1956-05-13,3.8335
1956-05-14,3.0832499999999996
1956-05-15,4.666499999999999
1956-05-16,7.25
1956-05-17,4.58325
1956-05-18,2.1248750000000003
1956-05-19,2.0835
1956-05-20,4.125125
1956-05-21,2.708375
1956-05-22,3.1248749999999994
1956-05-23,3.2082500000000005
1956-05-24,6.291625
1956-05-25,5.041625
1956-05-26,2.4582499999999996
1956-05-27,1.833375
1956-05-28,2.1250000000000004
1956-05-29,2.5
1956-05-30,2.958375
1956-05-31,1.416625
1956-06-01,3.6251249999999997
1956-06-02,2.666625
1956-06-03,2.0
1956-06-04,2.083375
1956-06-05,2.291625
1956-06-06,2.583375
1956-06-07,1.9165
1956-06-08,3.125
1956-06-09,3.041625
1956-06-10,3.0
1956-06-11,3.4582500000000005
1956-06-12,2.2501249999999997
1956-06-13,2.916625
1956-06-14,3.375
1956-06-15,3.9582499999999996
1956-06-16,2.9582500000000005
1956-06-17,2.125
1956-06-18,1.70825
1956-06-19,1.791625
1956-06-20,1.95825
1956-06-21,2.291625
1956-06-22,2.08325
1956-06-23,2.666625
1956-06-24,4.66675
1956-06-25,4.666625
1956-06-26,3.1665
1956-06-27,3.291875
1956-06-28,2.625
1956-06-29,3.0001249999999997
1956-06-30,3.708375
1956-07-01,2.833375
1956-07-02,2.8333749999999993
1956-07-03,2.5417500000000004
1956-07-04,1.666625
1956-07-05,2.08325
1956-07-06,1.458375
1956-07-07,0.9165000000000001
1956-07-08,2.5832499999999996
1956-07-09,2.250125
1956-07-10,2.12525
1956-07-11,2.7917500000000004
1956-07-12,2.083375
1956-07-13,3.1248750000000003
1956-07-14,2.416625
1956-07-15,1.70825
1956-07-16,1.9581250000000001
1956-07-17,1.333375
1956-07-18,1.125
1956-07-19,2.75
1956-07-20,2.4582499999999996
1956-07-21,0.9165000000000001
1956-07-22,1.250125
1956-07-23,2.75
1956-07-24,3.333375
1956-07-25,3.7082499999999996
1956-07-26,4.666625
1956-07-27,3.291625
1956-07-28,3.583375
1956-07-29,3.0417500000000004
1956-07-30,2.2916250000000002
1956-07-31,2.2916250000000002
1956-08-01,2.208375
1956-08-02,1.7915
1956-08-03,1.541625
1956-08-04,1.041625
1956-08-05,1.04175
1956-08-06,1.333375
1956-08-07,1.00025
1956-08-08,2.4167499999999995
1956-08-09,3.375
1956-08-10,2.166625
1956-08-11,4.291499999999999
1956-08-12,3.4582500000000005
1956-08-13,1.541625
1956-08-14,1.291625
1956-08-15,1.29175
1956-08-16,1.33325
1956-08-17,3.3335
1956-08-18,1.125
1956-08-19,0.583375
1956-08-20,0.791625
1956-08-21,3.2501250000000006
1956-08-22,2.41675
1956-08-23,3.9167500000000004
1956-08-24,5.791875000000001
1956-08-25,4.333375
1956-08-26,3.9997499999999997
1956-08-27,2.9170000000000007
1956-08-28,2.7498750000000003
1956-08-29,2.5417500000000004
1956-08-30,2.1666250000000002
1956-08-31,2.916625
1956-09-01,2.708375
1956-09-02,5.375125000000001
1956-09-03,4.5
1956-09-04,2.125125
1956-09-05,1.750125
1956-09-06,3.7082499999999996
1956-09-07,2.08325
1956-09-08,4.58325
1956-09-09,3.541625
1956-09-10,2.25
1956-09-11,2.041875
1956-09-12,1.833375
1956-09-13,2.75
1956-09-14,0.833375
1956-09-15,1.375
1956-09-16,2.041625
1956-09-17,1.458375
1956-09-18,0.4581250000000001
1956-09-19,0.6250000000000001
1956-09-20,3.958375
1956-09-21,4.16675
1956-09-22,4.25
1956-09-23,2.5
1956-09-24,1.66675
1956-09-25,2.125
1956-09-26,2.3332499999999996
1956-09-27,1.666625
1956-09-28,2.20825
1956-09-29,1.2085
1956-09-30,1.750125
1956-10-01,2.833375
1956-10-02,4.0
1956-10-03,3.666625
1956-10-04,2.4167500000000004
1956-10-05,2.6665
1956-10-06,3.208375
1956-10-07,3.0002500000000003
1956-10-08,2.916625
1956-10-09,2.666625
1956-10-10,1.458375
1956-10-11,1.66675
1956-10-12,1.083375
1956-10-13,0.7083750000000001
1956-10-14,0.58325
1956-10-15,0.45825000000000005
1956-10-16,0.916625
1956-10-17,1.083375
1956-10-18,0.9998750000000001
1956-10-19,1.541625
1956-10-20,4.20825
1956-10-21,4.166625
1956-10-22,2.416625
1956-10-23,3.041625
1956-10-24,1.541625
1956-10-25,0.9165000000000001
1956-10-26,4.125125
1956-10-27,4.0417499999999995
1956-10-28,3.291625
1956-10-29,2.2917500000000004
1956-10-30,2.0416250000000002
1956-10-31,1.75
1956-11-01,2.5832499999999996
1956-11-02,2.375
1956-11-03,3.166625
1956-11-04,2.375
1956-11-05,1.3747500000000001
1956-11-06,2.5417500000000004
1956-11-07,1.83325
1956-11-08,1.541625
1956-11-09,2.4998750000000003
1956-11-10,5.416625
1956-11-11,5.5
1956-11-12,4.875
1956-11-13,2.666625
1956-11-14,5.125
1956-11-15,5.625125000000001
1956-11-16,4.5
1956-11-17,2.95825
1956-11-18,2.8751250000000006
1956-11-19,1.16675
1956-11-20,2.4167500000000004
1956-11-21,3.833375
1956-11-22,3.9167500000000004
1956-11-23,3.7502500000000003
1956-11-24,2.458375
1956-11-25,3.375
1956-11-26,1.2502499999999999
1956-11-27,2.04175
1956-11-28,2.9165
1956-11-29,2.5832500000000005
1956-11-30,2.666625
1956-12-01,2.083375
1956-12-02,2.8748750000000003
1956-12-03,2.666625
1956-12-04,2.458125
1956-12-05,2.0416250000000002
1956-12-06,2.41675
1956-12-07,2.3332500000000005
1956-12-08,2.458375
1956-12-09,1.5835
1956-12-10,3.75
1956-12-11,1.125125
1956-12-12,2.0415
1956-12-13,3.2913749999999995
1956-12-14,2.25
1956-12-15,0.9581250000000001
1956-12-16,0.70825
1956-12-17,0.791625
1956-12-18,1.416625
1956-12-19,1.125
1956-12-20,1.499875
1956-12-21,1.2082499999999998
1956-12-22,1.708375
1956-12-23,1.0
1956-12-24,2.0415
1956-12-25,3.291625
1956-12-26,2.458375
1956-12-27,2.08325
1956-12-28,3.583375
1956-12-29,2.8332499999999996
1956-12-30,2.791625
1956-12-31,1.375125
1957-01-01,1.5835
1957-01-02,3.3332499999999996
1957-01-03,2.2916250000000002
1957-01-04,1.29175
1957-01-05,1.125125
1957-01-06,1.708375
1957-01-07,1.875
1957-01-08,2.9167500000000004
1957-01-09,2.6251249999999997
1957-01-10,4.2082500000000005
1957-01-11,2.7085
1957-01-12,1.4997500000000001
1957-01-13,1.208375
1957-01-14,0.958375
1957-01-15,1.83325
1957-01-16,1.9165
1957-01-17,1.666625
1957-01-18,0.70825
1957-01-19,1.6665
1957-01-20,1.041625
1957-01-21,4.87525
1957-01-22,4.916625
1957-01-23,3.875
1957-01-24,3.6667499999999995
1957-01-25,3.333375
1957-01-26,2.6667500000000004
1957-01-27,2.5417500000000004
1957-01-28,1.791625
1957-01-29,3.3332499999999996
1957-01-30,4.250125000000001
1957-01-31,2.666875
1957-02-01,1.75
1957-02-02,2.16675
1957-02-03,2.25
1957-02-04,4.124874999999999
1957-02-05,4.4167499999999995
1957-02-06,2.20825
1957-02-07,1.29175
1957-02-08,1.8752499999999999
1957-02-09,1.791625
1957-02-10,1.166625
1957-02-11,2.208375
1957-02-12,2.875
1957-02-13,4.58325
1957-02-14,1.79175
1957-02-15,2.333375
1957-02-16,1.916625
1957-02-17,2.333375
1957-02-18,3.208375
1957-02-19,3.625
1957-02-20,3.1248749999999994
1957-02-21,4.375
1957-02-22,3.75
1957-02-23,3.7501249999999997
1957-02-24,4.750125000000001
1957-02-25,1.875
1957-02-26,1.0
1957-02-27,1.416625
1957-02-28,0.83325
1957-03-01,2.583375
1957-03-02,6.83325
1957-03-03,4.0415
1957-03-04,2.666875
1957-03-05,3.166625
1957-03-06,2.7915
1957-03-07,2.24975
1957-03-08,2.833375
1957-03-09,3.083125
1957-03-10,5.583375
1957-03-11,1.916625
1957-03-12,1.75
1957-03-13,2.1248750000000003
1957-03-14,1.041625
1957-03-15,2.291625
1957-03-16,4.249875
1957-03-17,2.9582500000000005
1957-03-18,2.6666250000000007
1957-03-19,2.5001249999999997
1957-03-20,2.583375
1957-03-21,2.8748750000000003
1957-03-22,3.7085
1957-03-23,3.291625
1957-03-24,2.29175
1957-03-25,3.6667500000000004
1957-03-26,2.541625
1957-03-27,4.541625
1957-03-28,4.58325
1957-03-29,5.499875
1957-03-30,3.1251249999999997
1957-03-31,3.4582499999999996
1957-04-01,3.6666250000000007
1957-04-02,2.9165
1957-04-03,3.25
1957-04-04,3.2915
1957-04-05,4.291625
1957-04-06,3.2502500000000003
1957-04-07,0.916625
1957-04-08,2.583375
1957-04-09,3.7917500000000004
1957-04-10,4.958375
1957-04-11,2.958375
1957-04-12,2.458375
1957-04-13,2.250125
1957-04-14,0.8748750000000001
1957-04-15,2.70825
1957-04-16,3.1248750000000003
1957-04-17,4.749875
1957-04-18,4.375
1957-04-19,5.25
1957-04-20,2.833375
1957-04-21,3.1667499999999995
1957-04-22,0.916625
1957-04-23,2.375
1957-04-24,3.8752500000000003
1957-04-25,2.250125
1957-04-26,3.583375
1957-04-27,3.291625
1957-04-28,3.041875
1957-04-29,2.625
1957-04-30,2.625
1957-05-01,2.833125
1957-05-02,2.25
1957-05-03,2.41675
1957-05-04,2.25
1957-05-05,1.958375
1957-05-06,2.583375
1957-05-07,2.3751249999999997
1957-05-08,2.29175
1957-05-09,3.4585
1957-05-10,2.291625
1957-05-11,1.874875
1957-05-12,1.416625
1957-05-13,2.541875
1957-05-14,1.499875
1957-05-15,1.2915
1957-05-16,0.8748750000000001
1957-05-17,1.750125
1957-05-18,1.583375
1957-05-19,2.375
1957-05-20,3.2082499999999996
1957-05-21,2.7082499999999996
1957-05-22,1.54175
1957-05-23,2.041625
1957-05-24,1.333375
1957-05-25,2.5832499999999996
1957-05-26,4.000125000000001
1957-05-27,2.0416250000000002
1957-05-28,1.75
1957-05-29,1.4165
1957-05-30,3.6667500000000004
1957-05-31,2.16675
1957-06-01,1.166625
1957-06-02,1.33325
1957-06-03,4.04175
1957-06-04,4.458500000000001
1957-06-05,3.833375
1957-06-06,4.20825
1957-06-07,1.79175
1957-06-08,1.875
1957-06-09,0.958375
1957-06-10,0.708375
1957-06-11,0.8334999999999999
1957-06-12,1.625125
1957-06-13,1.958375
1957-06-14,1.79175
1957-06-15,3.1667499999999995
1957-06-16,1.416625
1957-06-17,3.0417500000000004
1957-06-18,3.5417499999999995
1957-06-19,3.625
1957-06-20,2.75
1957-06-21,2.7082500000000005
1957-06-22,2.8332499999999996
1957-06-23,1.875
1957-06-24,2.708375
1957-06-25,4.625125000000001
1957-06-26,5.958375
1957-06-27,3.0832499999999996
1957-06-28,3.25
1957-06-29,1.33325
1957-06-30,6.83325
1957-07-01,5.375
1957-07-02,4.0417499999999995
1957-07-03,3.7498749999999994
1957-07-04,1.833375
1957-07-05,4.708375
1957-07-06,3.0
1957-07-07,2.1665
1957-07-08,2.166625
1957-07-09,1.54175
1957-07-10,1.0835
1957-07-11,1.124875
1957-07-12,2.1665
1957-07-13,0.7501249999999999
1957-07-14,1.41675
1957-07-15,1.083375
1957-07-16,2.83325
1957-07-17,1.95825
1957-07-18,2.6667500000000004
1957-07-19,3.791625
1957-07-20,2.416625
1957-07-21,1.541625
1957-07-22,3.6666250000000007
1957-07-23,1.8752499999999999
1957-07-24,2.5417500000000004
1957-07-25,1.666625
1957-07-26,0.916625
1957-07-27,1.458375
1957-07-28,1.5
1957-07-29,2.5
1957-07-30,1.458375
1957-07-31,1.79175
1957-08-01,1.70825
1957-08-02,2.125
1957-08-03,3.2082499999999996
1957-08-04,1.91675
1957-08-05,1.91675
1957-08-06,4.125
1957-08-07,1.833375
1957-08-08,1.875
1957-08-09,2.8748750000000003
1957-08-10,1.791625
1957-08-11,1.125
1957-08-12,3.3332499999999996
1957-08-13,4.125
1957-08-14,1.833375
1957-08-15,2.04175
1957-08-16,1.374875
1957-08-17,0.833375
1957-08-18,1.791625
1957-08-19,2.291625
1957-08-20,2.20825
1957-08-21,2.916625
1957-08-22,0.958375
1957-08-23,0.5415000000000001
1957-08-24,0.583375
1957-08-25,1.625
1957-08-26,1.833375
1957-08-27,3.3335
1957-08-28,2.416625
1957-08-29,2.70825
1957-08-30,3.958375
1957-08-31,3.7501249999999997
1957-09-01,3.541625
1957-09-02,6.083375
1957-09-03,6.75
1957-09-04,5.875
1957-09-05,6.083375
1957-09-06,4.249999999999999
1957-09-07,2.458375
1957-09-08,1.70825
1957-09-09,2.6252500000000003
1957-09-10,1.875
1957-09-11,1.58325
1957-09-12,1.875
1957-09-13,6.79175
1957-09-14,4.208125
1957-09-15,2.791625
1957-09-16,2.2917500000000004
1957-09-17,2.5002500000000003
1957-09-18,2.4585
1957-09-19,1.1248749999999998
1957-09-20,1.58325
1957-09-21,4.875125000000001
1957-09-22,6.125125
1957-09-23,7.250250000000001
1957-09-24,4.08325
1957-09-25,2.91675
1957-09-26,2.000125
1957-09-27,1.08325
1957-09-28,1.999875
1957-09-29,6.45825
1957-09-30,5.208375
1957-10-01,3.416625
1957-10-02,2.541875
1957-10-03,3.125
1957-10-04,2.708375
1957-10-05,2.41675
1957-10-06,0.541625
1957-10-07,1.500125
1957-10-08,0.58325
1957-10-09,1.874875
1957-10-10,3.208375
1957-10-11,3.333125
1957-10-12,2.7501249999999997
1957-10-13,3.6248749999999994
1957-10-14,4.999874999999999
1957-10-15,2.541625
1957-10-16,0.9165
1957-10-17,1.749875
1957-10-18,1.54175
1957-10-19,2.04175
1957-10-20,2.416625
1957-10-21,3.416875
1957-10-22,3.333375
1957-10-23,3.1667500000000004
1957-10-24,2.1251249999999997
1957-10-25,2.041625
1957-10-26,1.95825
1957-10-27,2.541625
1957-10-28,2.666625
1957-10-29,3.2917500000000004
1957-10-30,2.8751249999999997
1957-10-31,1.750125
1957-11-01,2.0416250000000002
1957-11-02,1.833375
1957-11-03,2.583125
1957-11-04,0.95825
1957-11-05,0.9167500000000001
1957-11-06,2.416625
1957-11-07,3.4582499999999996
1957-11-08,3.0835
1957-11-09,4.08325
1957-11-10,3.833375
1957-11-11,3.541875
1957-11-12,3.1252500000000003
1957-11-13,2.5
1957-11-14,3.5835
1957-11-15,3.458375
1957-11-16,2.375
1957-11-17,1.4585
1957-11-18,3.75
1957-11-19,2.2501249999999997
1957-11-20,2.375
1957-11-21,0.958125
1957-11-22,1.499875
1957-11-23,1.708375
1957-11-24,2.666625
1957-11-25,4.083125
1957-11-26,5.333375
1957-11-27,4.6665
1957-11-28,3.958125
1957-11-29,3.0415
1957-11-30,2.33325
1957-12-01,3.8335
1957-12-02,3.0835
1957-12-03,2.7082499999999996
1957-12-04,2.16675
1957-12-05,3.916625
1957-12-06,3.9585
1957-12-07,3.3752500000000003
1957-12-08,2.458375
1957-12-09,3.2917499999999995
1957-12-10,3.625
1957-12-11,4.625
1957-12-12,4.124874999999999
1957-12-13,3.291625
1957-12-14,2.04175
1957-12-15,3.333375
1957-12-16,2.791625
1957-12-17,3.3332499999999996
1957-12-18,2.5
1957-12-19,3.3751249999999997
1957-12-20,3.3751249999999997
1957-12-21,2.708375
1957-12-22,1.083375
1957-12-23,0.9999999999999999
1957-12-24,1.66675
1957-12-25,2.958375
1957-12-26,3.208375
1957-12-27,1.749875
1957-12-28,1.041625
1957-12-29,1.374875
1957-12-30,2.916625
1957-12-31,5.16675
1958-01-01,4.749875
1958-01-02,3.3332499999999996
1958-01-03,1.04175
1958-01-04,0.79175
1958-01-05,1.58325
1958-01-06,1.833375
1958-01-07,1.66675
1958-01-08,1.416625
1958-01-09,2.4998750000000003
1958-01-10,2.16675
1958-01-11,2.6247499999999997
1958-01-12,2.8333749999999993
1958-01-13,2.958375
1958-01-14,2.7501249999999997
1958-01-15,3.0001249999999997
1958-01-16,2.708375
1958-01-17,3.6252500000000003
1958-01-18,4.041625
1958-01-19,2.583375
1958-01-20,3.166625
1958-01-21,3.7085
1958-01-22,3.25
1958-01-23,3.5832499999999996
1958-01-24,2.29175
1958-01-25,3.166625
1958-01-26,2.791875
1958-01-27,1.916625
1958-01-28,1.791625
1958-01-29,2.7085
1958-01-30,2.083375
1958-01-31,2.083375
1958-02-01,2.083375
1958-02-02,2.041625
1958-02-03,1.58325
1958-02-04,2.7917500000000004
1958-02-05,4.125125000000001
1958-02-06,4.1665
1958-02-07,3.875
1958-02-08,3.9585
1958-02-09,3.208375
1958-02-10,3.458375
1958-02-11,7.45825
1958-02-12,5.291625
1958-02-13,3.208375
1958-02-14,3.4998749999999994
1958-02-15,2.0
1958-02-16,2.6248750000000003
1958-02-17,4.2085
1958-02-18,4.2082500000000005
1958-02-19,3.7917500000000004
1958-02-20,3.8751250000000006
1958-02-21,4.125
1958-02-22,3.8335
1958-02-23,3.5
1958-02-24,2.041875
1958-02-25,1.3335
1958-02-26,1.75
1958-02-27,2.04175
1958-02-28,2.8748750000000003
1958-03-01,1.5
1958-03-02,1.541625
1958-03-03,3.166625
1958-03-04,4.0
1958-03-05,4.375125000000001
1958-03-06,4.4165
1958-03-07,3.875
1958-03-08,3.4582500000000005
1958-03-09,3.3335
1958-03-10,3.2501250000000006
1958-03-11,3.3335
1958-03-12,5.083375
1958-03-13,4.833375
1958-03-14,2.7502500000000003
1958-03-15,3.5417500000000004
1958-03-16,2.8748750000000003
1958-03-17,3.7501250000000006
1958-03-18,4.16675
1958-03-19,4.79175
1958-03-20,4.5
1958-03-21,4.25
1958-03-22,3.1251249999999997
1958-03-23,3.416625
1958-03-24,3.916625
1958-03-25,4.166625
1958-03-26,3.7916250000000007
1958-03-27,3.0417499999999995
1958-03-28,2.833375
1958-03-29,2.208375
1958-03-30,3.75
1958-03-31,3.2498750000000003
1958-04-01,3.3751249999999997
1958-04-02,4.2915
1958-04-03,3.2498750000000003
1958-04-04,4.291875
1958-04-05,3.791625
1958-04-06,3.583375
1958-04-07,3.2082499999999996
1958-04-08,2.2085
1958-04-09,2.0
1958-04-10,1.249875
1958-04-11,1.791625
1958-04-12,1.375
1958-04-13,1.5
1958-04-14,3.2082499999999996
1958-04-15,3.6667500000000004
1958-04-16,4.25
1958-04-17,5.125
1958-04-18,4.83325
1958-04-19,3.7498749999999994
1958-04-20,2.9586250000000005
1958-04-21,2.791625
1958-04-22,1.6663750000000002
1958-04-23,1.625
1958-04-24,2.833375
1958-04-25,2.166625
1958-04-26,2.08325
1958-04-27,2.125
1958-04-28,3.7916250000000007
1958-04-29,4.166625
1958-04-30,4.083125
1958-05-01,3.5
1958-05-02,2.250125
1958-05-03,1.708375
1958-05-04,2.0001249999999997
1958-05-05,2.3751249999999997
1958-05-06,1.874875
1958-05-07,1.500125
1958-05-08,2.416875
1958-05-09,2.250125
1958-05-10,3.4167499999999995
1958-05-11,2.04175
1958-05-12,2.333125
1958-05-13,3.916625
1958-05-14,4.500125000000001
1958-05-15,3.8751250000000006
1958-05-16,3.0
1958-05-17,3.166625
1958-05-18,3.208375
1958-05-19,2.333375
1958-05-20,1.208375
1958-05-21,1.458375
1958-05-22,1.25
1958-05-23,1.000125
1958-05-24,0.5415
1958-05-25,1.749875
1958-05-26,4.291625
1958-05-27,3.625
1958-05-28,3.1251249999999997
1958-05-29,5.04175
1958-05-30,2.5415
1958-05-31,4.749875
1958-06-01,4.875
1958-06-02,3.6666250000000007
1958-06-03,1.458375
1958-06-04,1.416625
1958-06-05,1.75
1958-06-06,2.541625
1958-06-07,5.208375
1958-06-08,2.333125
1958-06-09,4.04175
1958-06-10,4.125125000000001
1958-06-11,3.333125
1958-06-12,2.9167500000000004
1958-06-13,2.1248750000000003
1958-06-14,2.2501249999999997
1958-06-15,3.041625
1958-06-16,2.25
1958-06-17,1.1665
1958-06-18,1.625
1958-06-19,2.041625
1958-06-20,1.625125
1958-06-21,5.416499999999999
1958-06-22,4.375125000000001
1958-06-23,2.75
1958-06-24,3.2917500000000004
1958-06-25,3.041625
1958-06-26,2.08325
1958-06-27,1.874875
1958-06-28,4.458375
1958-06-29,6.0
1958-06-30,2.16675
1958-07-01,2.9167500000000004
1958-07-02,1.70825
1958-07-03,2.833375
1958-07-04,3.4585
1958-07-05,2.458375
1958-07-06,1.374875
1958-07-07,2.916625
1958-07-08,6.91675
1958-07-09,5.625
1958-07-10,3.0
1958-07-11,2.916625
1958-07-12,3.4998750000000003
1958-07-13,2.833375
1958-07-14,2.70825
1958-07-15,1.624875
1958-07-16,1.75
1958-07-17,2.583375
1958-07-18,4.25
1958-07-19,3.5001249999999997
1958-07-20,3.5417500000000004
1958-07-21,4.291625
1958-07-22,3.291625
1958-07-23,1.6665
1958-07-24,3.0417499999999995
1958-07-25,3.5832499999999996
1958-07-26,2.3332499999999996
1958-07-27,3.875
1958-07-28,2.125
1958-07-29,1.95825
1958-07-30,2.541625
1958-07-31,2.6665
1958-08-01,2.7082499999999996
1958-08-02,2.5832499999999996
1958-08-03,2.2085000000000004
1958-08-04,1.166625
1958-08-05,1.291625
1958-08-06,1.208375
1958-08-07,2.3332499999999996
1958-08-08,1.125
1958-08-09,1.708375
1958-08-10,3.0
1958-08-11,2.8748750000000003
1958-08-12,2.3335
1958-08-13,2.416625
1958-08-14,1.5415
1958-08-15,2.20825
1958-08-16,2.541875
1958-08-17,5.166625
1958-08-18,3.1667500000000004
1958-08-19,2.541625
1958-08-20,1.500125
1958-08-21,1.624875
1958-08-22,3.916875
1958-08-23,2.70825
1958-08-24,5.541625
1958-08-25,2.9582499999999996
1958-08-26,2.8332500000000005
1958-08-27,5.29175
1958-08-28,2.666875
1958-08-29,2.5
1958-08-30,2.2915
1958-08-31,1.708375
1958-09-01,1.25
1958-09-02,1.20825
1958-09-03,4.875125000000001
1958-09-04,6.124874999999999
1958-09-05,4.958375
1958-09-06,1.75
1958-09-07,3.041625
1958-09-08,3.0832499999999996
1958-09-09,3.791875
1958-09-10,2.5832500000000005
1958-09-11,1.874875
1958-09-12,1.291625
1958-09-13,0.75
1958-09-14,1.08325
1958-09-15,1.5417500000000002
1958-09-16,4.624874999999999
1958-09-17,2.4998750000000003
1958-09-18,1.04175
1958-09-19,1.041625
1958-09-20,1.125125
1958-09-21,1.0
1958-09-22,0.83325
1958-09-23,1.25025
1958-09-24,1.500125
1958-09-25,5.874874999999999
1958-09-26,3.6248749999999994
1958-09-27,2.333375
1958-09-28,1.83325
1958-09-29,1.2081250000000001
1958-09-30,2.916875
1958-10-01,2.7082499999999996
1958-10-02,2.16675
1958-10-03,3.125
1958-10-04,1.208375
1958-10-05,2.75
1958-10-06,2.4582499999999996
1958-10-07,2.833125
1958-10-08,2.00025
1958-10-09,1.208375
1958-10-10,0.958375
1958-10-11,1.45825
1958-10-12,0.791625
1958-10-13,1.70825
1958-10-14,1.75
1958-10-15,2.33325
1958-10-16,1.916625
1958-10-17,2.1248750000000003
1958-10-18,1.91675
1958-10-19,2.083125
1958-10-20,1.5002499999999999
1958-10-21,1.625125
1958-10-22,4.541625
1958-10-23,4.833375
1958-10-24,6.083375
1958-10-25,2.0
1958-10-26,2.3751249999999997
1958-10-27,3.6247499999999997
1958-10-28,4.375
1958-10-29,3.2917500000000004
1958-10-30,3.3748749999999994
1958-10-31,2.583375
1958-11-01,1.874875
1958-11-02,2.4582500000000005
1958-11-03,2.541625
1958-11-04,2.166625
1958-11-05,0.58325
1958-11-06,0.708375
1958-11-07,1.58325
1958-11-08,0.75
1958-11-09,1.041625
1958-11-10,2.5
1958-11-11,2.624875
1958-11-12,2.083375
1958-11-13,1.500125
1958-11-14,0.75
1958-11-15,1.375
1958-11-16,2.083375
1958-11-17,2.0835
1958-11-18,2.0
1958-11-19,1.333375
1958-11-20,0.9998750000000001
1958-11-21,0.916625
1958-11-22,0.7915000000000001
1958-11-23,1.5418749999999999
1958-11-24,1.9165
1958-11-25,2.083375
1958-11-26,2.083375
1958-11-27,2.25
1958-11-28,3.208375
1958-11-29,2.375
1958-11-30,0.416625
1958-12-01,0.541625
1958-12-02,3.25
1958-12-03,1.541625
1958-12-04,4.958375
1958-12-05,3.0832499999999996
1958-12-06,2.375
1958-12-07,1.458375
1958-12-08,1.9165
1958-12-09,2.291875
1958-12-10,0.916625
1958-12-11,1.999875
1958-12-12,1.499875
1958-12-13,4.874875
1958-12-14,3.208375
1958-12-15,2.29175
1958-12-16,2.8748750000000003
1958-12-17,3.125
1958-12-18,3.333375
1958-12-19,3.4167500000000004
1958-12-20,2.9582499999999996
1958-12-21,2.041625
1958-12-22,2.166625
1958-12-23,2.4998750000000003
1958-12-24,1.874875
1958-12-25,1.125
1958-12-26,2.6247499999999997
1958-12-27,2.5832499999999996
1958-12-28,2.833375
1958-12-29,2.2501249999999997
1958-12-30,2.6251249999999997
1958-12-31,1.791625
1959-01-01,0.25
1959-01-02,0.875
1959-01-03,1.70825
1959-01-04,1.708375
1959-01-05,3.2917500000000004
1959-01-06,3.75
1959-01-07,3.208375
1959-01-08,3.2082499999999996
1959-01-09,4.0417499999999995
1959-01-10,4.874999999999999
1959-01-11,2.666625
1959-01-12,2.625
1959-01-13,2.1251249999999997
1959-01-14,1.791625
1959-01-15,1.833375
1959-01-16,2.875
1959-01-17,3.208375
1959-01-18,3.333375
1959-01-19,2.3333749999999998
1959-01-20,1.0
1959-01-21,0.7915000000000001
1959-01-22,1.7502499999999999
1959-01-23,1.916625
1959-01-24,1.04175
1959-01-25,2.75
1959-01-26,2.791625
1959-01-27,2.083375
1959-01-28,2.291625
1959-01-29,2.95825
1959-01-30,2.3747499999999997
1959-01-31,2.6667500000000004
1959-02-01,2.458375
1959-02-02,3.6248749999999994
1959-02-03,3.5417500000000004
1959-02-04,4.416625
1959-02-05,3.791875
1959-02-06,3.25
1959-02-07,2.375
1959-02-08,2.54175
1959-02-09,3.333375
1959-02-10,1.33325
1959-02-11,4.083375
1959-02-12,3.666625
1959-02-13,3.3748750000000003
1959-02-14,3.916625
1959-02-15,4.25
1959-02-16,5.291625
1959-02-17,3.0835
1959-02-18,1.166625
1959-02-19,2.583375
1959-02-20,1.000125
1959-02-21,1.58325
1959-02-22,3.1248750000000003
1959-02-23,2.4585000000000004
1959-02-24,1.000125
1959-02-25,5.416499999999999
1959-02-26,4.9582500000000005
1959-02-27,3.958375
1959-02-28,4.708375
1959-03-01,4.708375
1959-03-02,4.208375
1959-03-03,3.708375
1959-03-04,2.8332499999999996
1959-03-05,2.6667500000000004
1959-03-06,1.41675
1959-03-07,1.583375
1959-03-08,1.958375
1959-03-09,1.083375
1959-03-10,0.5833750000000001
1959-03-11,1.1248749999999998
1959-03-12,3.208125
1959-03-13,2.5832500000000005
1959-03-14,1.833375
1959-03-15,1.583375
1959-03-16,1.041625
1959-03-17,1.5
1959-03-18,1.458375
1959-03-19,1.541625
1959-03-20,1.375
1959-03-21,1.499875
1959-03-22,1.29175
1959-03-23,2.416875
1959-03-24,2.0
1959-03-25,3.9163749999999995
1959-03-26,5.12475
1959-03-27,7.58325
1959-03-28,5.7913749999999995
1959-03-29,5.583375
1959-03-30,3.166625
1959-03-31,3.208375
1959-04-01,1.91675
1959-04-02,1.5831250000000001
1959-04-03,2.5
1959-04-04,1.6668749999999999
1959-04-05,1.5836249999999998
1959-04-06,1.624875
1959-04-07,1.999875
1959-04-08,3.4582499999999996
1959-04-09,4.375
1959-04-10,5.95825
1959-04-11,3.583375
1959-04-12,2.2085
1959-04-13,2.2083749999999998
1959-04-14,2.458375
1959-04-15,2.083375
1959-04-16,1.625
1959-04-17,1.750125
1959-04-18,1.208375
1959-04-19,1.16675
1959-04-20,1.208375
1959-04-21,1.95825
1959-04-22,0.583375
1959-04-23,3.416625
1959-04-24,3.916625
1959-04-25,3.5417500000000004
1959-04-26,3.208375
1959-04-27,2.7917500000000004
1959-04-28,2.5
1959-04-29,3.666625
1959-04-30,3.1667500000000004
1959-05-01,2.166625
1959-05-02,1.750125
1959-05-03,1.5
1959-05-04,2.875
1959-05-05,3.249875
1959-05-06,0.75
1959-05-07,1.291625
1959-05-08,4.166625000000001
1959-05-09,3.1252500000000003
1959-05-10,2.916625
1959-05-11,3.6667500000000004
1959-05-12,6.375125
1959-05-13,2.7917499999999995
1959-05-14,1.25
1959-05-15,4.0
1959-05-16,3.9167499999999995
1959-05-17,2.625
1959-05-18,3.5832500000000005
1959-05-19,2.833375
1959-05-20,2.3748750000000003
1959-05-21,2.708375
1959-05-22,2.95825
1959-05-23,2.5832499999999996
1959-05-24,4.833375
1959-05-25,3.416625
1959-05-26,1.70825
1959-05-27,1.20825
1959-05-28,0.75
1959-05-29,0.625
1959-05-30,1.33325
1959-05-31,3.4165
1959-06-01,1.875
1959-06-02,3.3332499999999996
1959-06-03,3.041625
1959-06-04,3.541875
1959-06-05,2.916625
1959-06-06,2.583375
1959-06-07,2.083375
1959-06-08,2.4167500000000004
1959-06-09,3.3332499999999996
1959-06-10,2.499875
1959-06-11,2.958375
1959-06-12,1.458375
1959-06-13,1.04175
1959-06-14,1.95825
1959-06-15,1.874875
1959-06-16,1.70825
1959-06-17,1.208125
1959-06-18,2.08325
1959-06-19,1.874875
1959-06-20,1.9165
1959-06-21,1.875
1959-06-22,2.5001249999999997
1959-06-23,2.7502500000000003
1959-06-24,3.083500000000001
1959-06-25,1.625
1959-06-26,2.6667500000000004
1959-06-27,3.375
1959-06-28,4.249875
1959-06-29,4.83325
1959-06-30,4.375
1959-07-01,1.25
1959-07-02,2.4582500000000005
1959-07-03,1.291625
1959-07-04,2.458375
1959-07-05,3.041625
1959-07-06,2.4167500000000004
1959-07-07,2.8332499999999996
1959-07-08,2.833375
1959-07-09,3.166625
1959-07-10,2.500125
1959-07-11,4.25
1959-07-12,3.166625
1959-07-13,2.416625
1959-07-14,2.9585
1959-07-15,7.625125000000001
1959-07-16,4.5415
1959-07-17,5.4165
1959-07-18,6.458500000000001
1959-07-19,4.124875
1959-07-20,3.25
1959-07-21,3.083375
1959-07-22,2.708375
1959-07-23,2.625
1959-07-24,3.708375
1959-07-25,4.541625000000001
1959-07-26,4.333375
1959-07-27,3.75
1959-07-28,2.75
1959-07-29,2.208375
1959-07-30,0.9168749999999999
1959-07-31,2.91675
1959-08-01,3.4582499999999996
1959-08-02,2.875125
1959-08-03,3.208375
1959-08-04,3.1252499999999994
1959-08-05,2.166625
1959-08-06,3.375
1959-08-07,2.875
1959-08-08,2.708375
1959-08-09,3.4582500000000005
1959-08-10,2.7082499999999996
1959-08-11,2.000125
1959-08-12,1.41675
1959-08-13,1.583375
1959-08-14,1.583375
1959-08-15,3.5
1959-08-16,6.624875
1959-08-17,6.45825
1959-08-18,3.9166250000000007
1959-08-19,3.416625
1959-08-20,4.2917499999999995
1959-08-21,4.333375
1959-08-22,3.875
1959-08-23,4.0417499999999995
1959-08-24,3.25
1959-08-25,2.8748750000000003
1959-08-26,1.91675
1959-08-27,1.124875
1959-08-28,0.75
1959-08-29,2.5835
1959-08-30,2.2916250000000002
1959-08-31,2.333125
1959-09-01,3.416625
1959-09-02,4.25
1959-09-03,3.8751249999999997
1959-09-04,6.416625
1959-09-05,4.29175
1959-09-06,2.7501249999999997
1959-09-07,1.791625
1959-09-08,2.3332499999999996
1959-09-09,1.5
1959-09-10,1.79175
1959-09-11,2.958375
1959-09-12,2.7083749999999998
1959-09-13,2.2498750000000003
1959-09-14,3.291625
1959-09-15,3.1667500000000004
1959-09-16,2.916625
1959-09-17,3.416625
1959-09-18,3.833375
1959-09-19,4.041625
1959-09-20,5.375
1959-09-21,6.0417499999999995
1959-09-22,5.5
1959-09-23,3.6251249999999997
1959-09-24,3.666625
1959-09-25,4.458375
1959-09-26,3.6667500000000004
1959-09-27,3.541625
1959-09-28,3.2917500000000004
1959-09-29,2.125
1959-09-30,2.5832500000000005
1959-10-01,4.708375
1959-10-02,3.208375
1959-10-03,4.125125000000001
1959-10-04,4.791625
1959-10-05,4.25
1959-10-06,5.166625
1959-10-07,2.916625
1959-10-08,1.8335
1959-10-09,1.500125
1959-10-10,1.125
1959-10-11,0.666625
1959-10-12,1.45825
1959-10-13,1.041625
1959-10-14,2.625
1959-10-15,2.9998749999999994
1959-10-16,0.958375
1959-10-17,2.9585
1959-10-18,4.5
1959-10-19,2.8332499999999996
1959-10-20,1.624875
1959-10-21,1.333375
1959-10-22,3.3332500000000005
1959-10-23,1.833375
1959-10-24,1.54175
1959-10-25,3.5417500000000004
1959-10-26,3.875
1959-10-27,2.3748750000000003
1959-10-28,0.8750000000000001
1959-10-29,1.2498749999999998
1959-10-30,3.75
1959-10-31,4.4582500000000005
1959-11-01,4.583375
1959-11-02,5.66675
1959-11-03,5.00025
1959-11-04,4.208375
1959-11-05,3.7501250000000006
1959-11-06,3.666499999999999
1959-11-07,2.291625
1959-11-08,2.5832499999999996
1959-11-09,1.91675
1959-11-10,2.3748750000000003
1959-11-11,1.375125
1959-11-12,1.75
1959-11-13,2.6251249999999997
1959-11-14,4.000125000000001
1959-11-15,1.1668749999999999
1959-11-16,1.875
1959-11-17,2.1665
1959-11-18,2.625
1959-11-19,2.375
1959-11-20,1.041625
1959-11-21,2.8748750000000003
1959-11-22,3.208125
1959-11-23,4.416499999999999
1959-11-24,1.91675
1959-11-25,2.2498750000000003
1959-11-26,2.6666250000000007
1959-11-27,2.7917500000000004
1959-11-28,5.5
1959-11-29,2.8335
1959-11-30,4.5
1959-12-01,3.8332499999999996
1959-12-02,4.1665
1959-12-03,5.041625
1959-12-04,2.625
1959-12-05,4.458375
1959-12-06,3.0415
1959-12-07,1.500125
1959-12-08,1.708375
1959-12-09,1.958375
1959-12-10,1.45825
1959-12-11,1.5
1959-12-12,3.0
1959-12-13,2.8748750000000003
1959-12-14,4.625
1959-12-15,3.8747499999999997
1959-12-16,3.1248750000000003
1959-12-17,1.91675
1959-12-18,2.29175
1959-12-19,2.708375
1959-12-20,1.75
1959-12-21,0.9582499999999999
1959-12-22,1.374875
1959-12-23,3.666875
1959-12-24,2.70825
1959-12-25,2.0833749999999998
1959-12-26,3.833375
1959-12-27,4.5417499999999995
1959-12-28,4.625
1959-12-29,3.1251249999999997
1959-12-30,2.7085
1959-12-31,1.708375
1960-01-01,0.9165000000000001
1960-01-02,1.25
1960-01-03,1.666625
1960-01-04,2.25
1960-01-05,3.666625
1960-01-06,2.0833749999999998
1960-01-07,1.66675
1960-01-08,1.41675
1960-01-09,1.041625
1960-01-10,4.416625
1960-01-11,3.875
1960-01-12,2.9998750000000003
1960-01-13,2.25
1960-01-14,4.666625
1960-01-15,3.583125
1960-01-16,1.33325
1960-01-17,2.7082500000000005
1960-01-18,3.333375
1960-01-19,2.0
1960-01-20,3.0832499999999996
1960-01-21,5.0
1960-01-22,3.333375
1960-01-23,3.25
1960-01-24,3.2501250000000006
1960-01-25,2.291625
1960-01-26,1.875
1960-01-27,1.95825
1960-01-28,1.583375
1960-01-29,2.499875
1960-01-30,0.3747500000000001
1960-01-31,0.7498750000000001
1960-02-01,1.874875
1960-02-02,2.6667500000000004
1960-02-03,3.2917499999999995
1960-02-04,3.291499999999999
1960-02-05,2.958375
1960-02-06,3.041625
1960-02-07,1.25
1960-02-08,2.04175
1960-02-09,1.333375
1960-02-10,1.375125
1960-02-11,1.70825
1960-02-12,1.458375
1960-02-13,1.875
1960-02-14,4.000125000000001
1960-02-15,1.833375
1960-02-16,3.666625
1960-02-17,3.666625
1960-02-18,3.875
1960-02-19,3.375
1960-02-20,3.1251250000000006
1960-02-21,3.541625
1960-02-22,2.25
1960-02-23,2.249875
1960-02-24,0.8748750000000001
1960-02-25,0.9584999999999999
1960-02-26,1.416625
1960-02-27,3.5417499999999995
1960-02-28,1.625
1960-02-29,3.0832499999999996
1960-03-01,3.3332500000000005
1960-03-02,3.6667500000000004
1960-03-03,3.5417500000000004
1960-03-04,2.9997499999999997
1960-03-05,2.833375
1960-03-06,2.666625
1960-03-07,0.91675
1960-03-08,2.5835
1960-03-09,2.5
1960-03-10,3.2917499999999995
1960-03-11,4.25
1960-03-12,2.08325
1960-03-13,1.4585
1960-03-14,1.833375
1960-03-15,2.791625
1960-03-16,4.833375
1960-03-17,3.5
1960-03-18,2.4167499999999995
1960-03-19,2.1667500000000004
1960-03-20,1.041625
1960-03-21,1.5415
1960-03-22,1.333375
1960-03-23,1.2085
1960-03-24,2.9582500000000005
1960-03-25,1.5835
1960-03-26,1.666625
1960-03-27,1.4165
1960-03-28,2.833375
1960-03-29,2.9166250000000007
1960-03-30,3.291625
1960-03-31,6.54175
1960-04-01,8.16675
1960-04-02,4.95825
1960-04-03,5.083375
1960-04-04,3.666875
1960-04-05,3.875
1960-04-06,2.91675
1960-04-07,3.166625
1960-04-08,3.041625
1960-04-09,2.541499999999999
1960-04-10,3.9585
1960-04-11,3.7082500000000005
1960-04-12,4.125125000000001
1960-04-13,3.7082499999999996
1960-04-14,2.8748750000000003
1960-04-15,3.4167500000000004
1960-04-16,3.916499999999999
1960-04-17,3.9583749999999993
1960-04-18,3.208125
1960-04-19,1.08325
1960-04-20,0.45825000000000005
1960-04-21,0.7498750000000001
1960-04-22,1.333375
1960-04-23,2.3751249999999997
1960-04-24,5.333374999999999
1960-04-25,5.25
1960-04-26,3.208375
1960-04-27,3.16675
1960-04-28,5.875
1960-04-29,5.125
1960-04-30,7.166875
1960-05-01,4.666625
1960-05-02,2.958375
1960-05-03,2.000125
1960-05-04,1.291625
1960-05-05,2.29175
1960-05-06,4.916625
1960-05-07,5.166625
1960-05-08,6.624874999999999
1960-05-09,2.958375
1960-05-10,2.5832500000000005
1960-05-11,4.333375
1960-05-12,3.25
1960-05-13,2.541625
1960-05-14,2.625
1960-05-15,2.04175
1960-05-16,3.8332500000000005
1960-05-17,2.6667499999999995
1960-05-18,1.5
1960-05-19,1.41675
1960-05-20,0.875
1960-05-21,1.41675
1960-05-22,1.208375
1960-05-23,3.125
1960-05-24,4.125125
1960-05-25,3.333375
1960-05-26,3.33325
1960-05-27,2.708375
1960-05-28,2.4998750000000003
1960-05-29,4.83325
1960-05-30,3.083375
1960-05-31,2.7082500000000005
1960-06-01,3.541625
1960-06-02,1.375
1960-06-03,1.666625
1960-06-04,5.0
1960-06-05,4.291625
1960-06-06,3.625
1960-06-07,2.916625
1960-06-08,3.708375
1960-06-09,3.208375
1960-06-10,1.5831250000000001
1960-06-11,1.2085
1960-06-12,1.375125
1960-06-13,1.624875
1960-06-14,2.5835
1960-06-15,2.416625
1960-06-16,1.416625
1960-06-17,1.6665
1960-06-18,2.8332499999999996
1960-06-19,3.1251250000000006
1960-06-20,2.0416250000000002
1960-06-21,3.083375
1960-06-22,2.6251249999999997
1960-06-23,2.458375
1960-06-24,2.708375
1960-06-25,3.625
1960-06-26,3.416625
1960-06-27,5.249999999999999
1960-06-28,4.416625
1960-06-29,4.0
1960-06-30,4.749875
1960-07-01,3.791625
1960-07-02,2.9167500000000004
1960-07-03,2.7915
1960-07-04,3.4582500000000005
1960-07-05,3.0832500000000005
1960-07-06,2.541625
1960-07-07,1.2085000000000001
1960-07-08,0.79175
1960-07-09,0.9584999999999999
1960-07-10,2.125
1960-07-11,2.4167500000000004
1960-07-12,2.375
1960-07-13,2.7082499999999996
1960-07-14,4.166625
1960-07-15,5.583375
1960-07-16,5.5
1960-07-17,3.541625
1960-07-18,2.7917500000000004
1960-07-19,3.958375
1960-07-20,3.75
1960-07-21,2.2916250000000002
1960-07-22,2.416625
1960-07-23,1.79175
1960-07-24,2.375
1960-07-25,0.875
1960-07-26,1.874875
1960-07-27,1.45825
1960-07-28,1.541625
1960-07-29,4.000125000000001
1960-07-30,3.833375
1960-07-31,4.375
1960-08-01,2.7085
1960-08-02,3.166625
1960-08-03,1.833375
1960-08-04,1.666625
1960-08-05,0.7501249999999999
1960-08-06,1.749875
1960-08-07,1.750125
1960-08-08,2.8751249999999997
1960-08-09,3.3333749999999993
1960-08-10,2.7917500000000004
1960-08-11,3.5832500000000005
1960-08-12,3.541625
1960-08-13,2.000125
1960-08-14,2.666625
1960-08-15,1.95825
1960-08-16,3.7917500000000004
1960-08-17,6.333375
1960-08-18,2.791875
1960-08-19,3.1248750000000003
1960-08-20,3.541625
1960-08-21,4.000125000000001
1960-08-22,2.625
1960-08-23,1.874875
1960-08-24,1.458375
1960-08-25,0.791625
1960-08-26,0.916625
1960-08-27,3.0
1960-08-28,2.4167500000000004
1960-08-29,4.666625
1960-08-30,4.75
1960-08-31,2.9167500000000004
1960-09-01,0.625
1960-09-02,2.875
1960-09-03,3.833375
1960-09-04,6.041875
1960-09-05,6.54175
1960-09-06,3.583375
1960-09-07,3.791625
1960-09-08,3.1667500000000004
1960-09-09,3.0001250000000006
1960-09-10,2.7915
1960-09-11,2.791625
1960-09-12,2.3749999999999996
1960-09-13,3.2917500000000004
1960-09-14,2.1247499999999997
1960-09-15,1.08325
1960-09-16,0.874875
1960-09-17,1.791625
1960-09-18,2.666499999999999
1960-09-19,1.041625
1960-09-20,1.166625
1960-09-21,1.95825
1960-09-22,2.25
1960-09-23,2.6665
1960-09-24,3.6667499999999995
1960-09-25,1.166625
1960-09-26,2.0835
1960-09-27,2.7082499999999996
1960-09-28,1.583375
1960-09-29,2.5
1960-09-30,4.04175
1960-10-01,4.958125
1960-10-02,4.916875
1960-10-03,2.750125
1960-10-04,3.541875
1960-10-05,4.08325
1960-10-06,7.83325
1960-10-07,7.375125000000001
1960-10-08,4.20825
1960-10-09,4.500125
1960-10-10,1.958375
1960-10-11,2.9585
1960-10-12,1.41675
1960-10-13,1.04175
1960-10-14,0.6667500000000001
1960-10-15,2.9998749999999994
1960-10-16,1.54175
1960-10-17,1.750125
1960-10-18,3.875
1960-10-19,2.375
1960-10-20,2.29175
1960-10-21,1.79175
1960-10-22,0.4581250000000001
1960-10-23,0.70825
1960-10-24,2.5
1960-10-25,5.2917499999999995
1960-10-26,5.375125000000001
1960-10-27,4.541625
1960-10-28,4.791625
1960-10-29,4.583375
1960-10-30,4.333500000000001
1960-10-31,4.04175
1960-11-01,2.5832500000000005
1960-11-02,2.958375
1960-11-03,3.1667500000000004
1960-11-04,5.0835
1960-11-05,2.041625
1960-11-06,1.499875
1960-11-07,1.375125
1960-11-08,0.833375
1960-11-09,1.375
1960-11-10,1.45825
1960-11-11,3.125
1960-11-12,4.16675
1960-11-13,8.333375
1960-11-14,4.666625
1960-11-15,5.291625
1960-11-16,5.624875
1960-11-17,3.2501249999999997
1960-11-18,1.166625
1960-11-19,1.416625
1960-11-20,2.208375
1960-11-21,4.54175
1960-11-22,3.8751250000000006
1960-11-23,2.250125
1960-11-24,2.791625
1960-11-25,4.624874999999999
1960-11-26,3.083375
1960-11-27,3.458375
1960-11-28,3.083375
1960-11-29,2.16675
1960-11-30,2.5835
1960-12-01,6.125
1960-12-02,3.833375
1960-12-03,1.916625
1960-12-04,1.458375
1960-12-05,2.249875
1960-12-06,3.291625
1960-12-07,3.3751249999999997
1960-12-08,3.083500000000001
1960-12-09,3.4166250000000007
1960-12-10,2.291625
1960-12-11,2.16675
1960-12-12,3.166625
1960-12-13,2.500125
1960-12-14,1.458375
1960-12-15,4.45825
1960-12-16,3.7917499999999995
1960-12-17,1.79175
1960-12-18,3.7917500000000004
1960-12-19,3.208375
1960-12-20,3.6667500000000004
1960-12-21,3.6248750000000003
1960-12-22,3.416875
1960-12-23,2.8332500000000005
1960-12-24,2.875
1960-12-25,2.00025
1960-12-26,2.9167500000000004
1960-12-27,4.791625
1960-12-28,3.5
1960-12-29,3.25
1960-12-30,3.083375
1960-12-31,2.958375
1961-01-01,1.66675
1961-01-02,0.9582499999999999
1961-01-03,1.25
1961-01-04,0.708375
1961-01-05,0.9998750000000001
1961-01-06,1.4585
1961-01-07,1.95825
1961-01-08,3.625
1961-01-09,4.083375
1961-01-10,1.291625
1961-01-11,0.25
1961-01-12,1.333375
1961-01-13,2.16675
1961-01-14,1.124875
1961-01-15,2.8751250000000006
1961-01-16,2.2498750000000003
1961-01-17,2.0415
1961-01-18,3.041875
1961-01-19,3.416625
1961-01-20,4.41675
1961-01-21,2.999999999999999
1961-01-22,3.333125
1961-01-23,1.666625
1961-01-24,3.25
1961-01-25,3.166625
1961-01-26,2.583375
1961-01-27,1.9585
1961-01-28,2.541875
1961-01-29,2.2085
1961-01-30,1.041625
1961-01-31,0.83325
1961-02-01,0.7501249999999999
1961-02-02,0.291625
1961-02-03,2.291625
1961-02-04,3.70825
1961-02-05,3.2501250000000006
1961-02-06,3.458375
1961-02-07,2.45825
1961-02-08,2.208375
1961-02-09,1.79175
1961-02-10,0.8748750000000001
1961-02-11,1.916625
1961-02-12,0.458125
1961-02-13,3.2915
1961-02-14,1.749875
1961-02-15,1.66675
1961-02-16,3.7917499999999995
1961-02-17,3.458375
1961-02-18,4.791625
1961-02-19,3.2082499999999996
1961-02-20,4.083374999999999
1961-02-21,3.6667500000000004
1961-02-22,3.2082499999999996
1961-02-23,2.458375
1961-02-24,1.70825
1961-02-25,0.83325
1961-02-26,0.916625
1961-02-27,1.91675
1961-02-28,2.583375
1961-03-01,1.916625
1961-03-02,1.791625
1961-03-03,1.124875
1961-03-04,0.666625
1961-03-05,2.041625
1961-03-06,3.541625
1961-03-07,0.833375
1961-03-08,1.2501250000000002
1961-03-09,2.6667500000000004
1961-03-10,4.125
1961-03-11,1.54175
1961-03-12,1.54175
1961-03-13,2.250125
1961-03-14,3.8332499999999996
1961-03-15,3.5417500000000004
1961-03-16,2.958375
1961-03-17,2.5
1961-03-18,2.291625
1961-03-19,4.2917499999999995
1961-03-20,3.166875
1961-03-21,2.291625
1961-03-22,2.375
1961-03-23,2.2083749999999998
1961-03-24,2.0415
1961-03-25,1.166625
1961-03-26,2.08325
1961-03-27,3.0001250000000006
1961-03-28,2.958375
1961-03-29,1.499875
1961-03-30,2.0417499999999995
1961-03-31,1.458375
1961-04-01,2.9585
1961-04-02,2.8332499999999996
1961-04-03,3.583375
1961-04-04,1.25
1961-04-05,1.25
1961-04-06,1.79175
1961-04-07,1.66675
1961-04-08,1.458375
1961-04-09,3.208375
1961-04-10,3.333375
1961-04-11,3.6248750000000003
1961-04-12,2.375
1961-04-13,2.583375
1961-04-14,4.5
1961-04-15,4.70825
1961-04-16,2.7917500000000004
1961-04-17,1.166625
1961-04-18,1.33325
1961-04-19,1.916625
1961-04-20,1.625
1961-04-21,0.583125
1961-04-22,1.79175
1961-04-23,2.04175
1961-04-24,2.45825
1961-04-25,1.7915
1961-04-26,2.6667500000000004
1961-04-27,2.5832500000000005
1961-04-28,1.70825
1961-04-29,1.291625
1961-04-30,2.208375
1961-05-01,2.7498750000000003
1961-05-02,2.5002500000000003
1961-05-03,0.8332499999999999
1961-05-04,1.5
1961-05-05,3.25
1961-05-06,3.916875
1961-05-07,3.4167499999999995
1961-05-08,2.541625
1961-05-09,2.7083749999999998
1961-05-10,1.875
1961-05-11,3.3751249999999997
1961-05-12,3.0001249999999997
1961-05-13,3.291625
1961-05-14,2.0835000000000004
1961-05-15,0.9998750000000001
1961-05-16,3.875
1961-05-17,1.83325
1961-05-18,0.666625
1961-05-19,2.083375
1961-05-20,2.5832500000000005
1961-05-21,1.374875
1961-05-22,2.41675
1961-05-23,2.7917499999999995
1961-05-24,1.916625
1961-05-25,4.125125
1961-05-26,1.666625
1961-05-27,1.4581250000000001
1961-05-28,2.125
1961-05-29,1.083375
1961-05-30,2.08325
1961-05-31,3.6667500000000004
1961-06-01,3.875
1961-06-02,3.7085
1961-06-03,2.125
1961-06-04,1.916625
1961-06-05,2.1248750000000003
1961-06-06,2.75
1961-06-07,3.583375
1961-06-08,3.125000000000001
1961-06-09,1.666625
1961-06-10,0.9998750000000001
1961-06-11,0.5
1961-06-12,1.79175
1961-06-13,0.75
1961-06-14,0.916625
1961-06-15,2.4582500000000005
1961-06-16,2.2917500000000004
1961-06-17,1.45825
1961-06-18,2.7082499999999996
1961-06-19,1.79175
1961-06-20,2.20825
1961-06-21,5.208375
1961-06-22,5.208375
1961-06-23,1.9585
1961-06-24,1.499875
1961-06-25,2.125
1961-06-26,1.33325
1961-06-27,1.58325
1961-06-28,1.125
1961-06-29,3.25
1961-06-30,0.9581250000000001
1961-07-01,2.1251249999999997
1961-07-02,2.541625
1961-07-03,2.8748749999999994
1961-07-04,2.7082499999999996
1961-07-05,4.625
1961-07-06,2.958375
1961-07-07,2.6667500000000004
1961-07-08,2.291875
1961-07-09,2.0
1961-07-10,2.8335
1961-07-11,2.08325
1961-07-12,1.166625
1961-07-13,4.83325
1961-07-14,5.875
1961-07-15,3.708375
1961-07-16,3.458375
1961-07-17,3.8748749999999994
1961-07-18,6.125
1961-07-19,2.166625
1961-07-20,3.041625
1961-07-21,4.125125
1961-07-22,2.3752500000000003
1961-07-23,2.79175
1961-07-24,2.6663749999999995
1961-07-25,2.7498750000000003
1961-07-26,3.083375
1961-07-27,6.24975
1961-07-28,3.2082499999999996
1961-07-29,1.999875
1961-07-30,1.916625
1961-07-31,1.625125
1961-08-01,1.875
1961-08-02,4.499874999999999
1961-08-03,3.2917500000000004
1961-08-04,3.166875
1961-08-05,2.125
1961-08-06,1.83325
1961-08-07,1.04175
1961-08-08,2.791625
1961-08-09,0.9998750000000001
1961-08-10,2.5
1961-08-11,3.708375
1961-08-12,1.66675
1961-08-13,0.5415000000000001
1961-08-14,1.583375
1961-08-15,1.833375
1961-08-16,1.125
1961-08-17,1.33325
1961-08-18,1.25
1961-08-19,2.0415
1961-08-20,1.5
1961-08-21,1.291625
1961-08-22,0.45825000000000005
1961-08-23,0.583375
1961-08-24,1.08325
1961-08-25,2.208375
1961-08-26,2.458125
1961-08-27,1.749875
1961-08-28,1.33325
1961-08-29,2.333375
1961-08-30,4.333375
1961-08-31,4.0
1961-09-01,3.9997499999999997
1961-09-02,2.625
1961-09-03,2.416625
1961-09-04,1.33325
1961-09-05,2.5001249999999997
1961-09-06,1.08325
1961-09-07,0.833375
1961-09-08,0.833375
1961-09-09,1.791625
1961-09-10,1.750125
1961-09-11,2.4165
1961-09-12,2.7498750000000003
1961-09-13,1.750125
1961-09-14,3.791625
1961-09-15,1.541625
1961-09-16,1.95825
1961-09-17,2.083125
1961-09-18,1.583375
1961-09-19,0.5830000000000001
1961-09-20,2.208375
1961-09-21,0.5
1961-09-22,1.375125
1961-09-23,0.5835
1961-09-24,4.08325
1961-09-25,4.125
1961-09-26,3.208125
1961-09-27,3.708375
1961-09-28,0.9998750000000001
1961-09-29,1.541625
1961-09-30,2.91675
1961-10-01,5.333375
1961-10-02,1.375
1961-10-03,1.291625
1961-10-04,1.583375
1961-10-05,0.8748750000000001
1961-10-06,1.333375
1961-10-07,1.458375
1961-10-08,1.375125
1961-10-09,0.708375
1961-10-10,0.541375
1961-10-11,2.458375
1961-10-12,3.25
1961-10-13,2.583375
1961-10-14,1.499875
1961-10-15,0.6665000000000001
1961-10-16,0.12487500000000001
1961-10-17,0.25
1961-10-18,0.66675
1961-10-19,1.4165
1961-10-20,2.291625
1961-10-21,1.8750000000000002
1961-10-22,1.3335
1961-10-23,1.291625
1961-10-24,1.250125
1961-10-25,1.79175
1961-10-26,3.9582499999999996
1961-10-27,4.041625
1961-10-28,5.999875
1961-10-29,3.416625
1961-10-30,1.5
1961-10-31,1.0831250000000001
1961-11-01,1.333375
1961-11-02,1.04175
1961-11-03,1.125
1961-11-04,0.916625
1961-11-05,3.291625
1961-11-06,2.6251250000000006
1961-11-07,4.499874999999999
1961-11-08,3.291625
1961-11-09,2.4998750000000003
1961-11-10,1.125
1961-11-11,0.666625
1961-11-12,2.958125
1961-11-13,0.91675
1961-11-14,2.333375
1961-11-15,0.25
1961-11-16,0.541625
1961-11-17,2.625
1961-11-18,4.875
1961-11-19,1.9997500000000001
1961-11-20,2.583375
1961-11-21,1.6665
1961-11-22,0.6251249999999999
1961-11-23,0.3335
1961-11-24,0.625
1961-11-25,1.125
1961-11-26,1.249875
1961-11-27,0.958375
1961-11-28,0.624875
1961-11-29,0.70825
1961-11-30,0.458375
1961-12-01,4.333375
1961-12-02,5.499874999999999
1961-12-03,4.958375
1961-12-04,2.2915
1961-12-05,2.20825
1961-12-06,2.7082499999999996
1961-12-07,1.458375
1961-12-08,0.2915
1961-12-09,0.833375
1961-12-10,1.499875
1961-12-11,2.791625
1961-12-12,1.08325
1961-12-13,0.874875
1961-12-14,1.000125
1961-12-15,1.5835
1961-12-16,0.916625
1961-12-17,0.8748750000000001
1961-12-18,0.45812500000000006
1961-12-19,0.20825
1961-12-20,0.75
1961-12-21,0.708375
1961-12-22,1.375
1961-12-23,2.375
1961-12-24,2.2917500000000004
1961-12-25,0.333375
1961-12-26,0.9582499999999999
1961-12-27,2.08325
1961-12-28,3.083375
1961-12-29,2.5415
1961-12-30,3.041625
1961-12-31,1.70825
1962-01-01,1.250125
1962-01-02,2.083375
1962-01-03,0.41674999999999995
1962-01-04,0.16662500000000002
1962-01-05,0.1665
1962-01-06,0.7498750000000001
1962-01-07,0.666625
1962-01-08,0.8335
1962-01-09,1.541625
1962-01-10,5.041499999999999
1962-01-11,2.583375
1962-01-12,1.083375
1962-01-13,1.20825
1962-01-14,1.916625
1962-01-15,2.29175
1962-01-16,2.5417500000000004
1962-01-17,1.041875
1962-01-18,0.54175
1962-01-19,2.8332500000000005
1962-01-20,1.04175
1962-01-21,1.7915
1962-01-22,0.20825000000000002
1962-01-23,0.1665
1962-01-24,0.208375
1962-01-25,1.16675
1962-01-26,2.0415
1962-01-27,2.333375
1962-01-28,0.75025
1962-01-29,1.625
1962-01-30,1.875
1962-01-31,0.25
1962-02-01,0.249875
1962-02-02,1.0415
1962-02-03,1.0
1962-02-04,3.083375
1962-02-05,1.583375
1962-02-06,1.2085
1962-02-07,3.291625
1962-02-08,0.791875
1962-02-09,1.29175
1962-02-10,0.625
1962-02-11,2.333375
1962-02-12,3.2501249999999997
1962-02-13,2.75
1962-02-14,2.7917499999999995
1962-02-15,2.458375
1962-02-16,4.291625
1962-02-17,2.6247499999999997
1962-02-18,1.375
1962-02-19,0.70825
1962-02-20,0.7915000000000001
1962-02-21,1.624875
1962-02-22,2.583375
1962-02-23,2.166625
1962-02-24,2.12475
1962-02-25,1.79175
1962-02-26,2.9165
1962-02-27,2.8751249999999997
1962-02-28,0.625
1962-03-01,1.6668749999999999
1962-03-02,1.833375
1962-03-03,1.625
1962-03-04,1.583375
1962-03-05,2.7498750000000003
1962-03-06,4.0
1962-03-07,1.875
1962-03-08,0.5
1962-03-09,0.37512500000000004
1962-03-10,2.583375
1962-03-11,2.5
1962-03-12,3.0415
1962-03-13,1.625
1962-03-14,1.124875
1962-03-15,2.12475
1962-03-16,1.04175
1962-03-17,1.041625
1962-03-18,1.83325
1962-03-19,2.7498749999999994
1962-03-20,2.6248750000000003
1962-03-21,2.958375
1962-03-22,0.8750000000000001
1962-03-23,0.958375
1962-03-24,1.624875
1962-03-25,2.08325
1962-03-26,0.9165000000000001
1962-03-27,0.9582499999999999
1962-03-28,0.958375
1962-03-29,1.625
1962-03-30,0.58325
1962-03-31,1.124875
1962-04-01,2.25
1962-04-02,1.791625
1962-04-03,2.666875
1962-04-04,2.5
1962-04-05,1.4585
1962-04-06,3.7085
1962-04-07,5.375
1962-04-08,4.000125
1962-04-09,2.41675
1962-04-10,3.958375
1962-04-11,3.5001250000000006
1962-04-12,2.04175
1962-04-13,1.1665
1962-04-14,0.6248750000000001
1962-04-15,2.0
1962-04-16,1.666625
1962-04-17,1.916625
1962-04-18,2.5
1962-04-19,1.458375
1962-04-20,2.0835
1962-04-21,3.125
1962-04-22,4.125
1962-04-23,2.5
1962-04-24,1.083375
1962-04-25,2.25
1962-04-26,2.375
1962-04-27,1.833375
1962-04-28,2.0415
1962-04-29,1.58325
1962-04-30,1.2085
1962-05-01,1.7918749999999999
1962-05-02,2.25
1962-05-03,1.708375
1962-05-04,0.416625
1962-05-05,0.791625
1962-05-06,3.3332499999999996
1962-05-07,1.749875
1962-05-08,1.375
1962-05-09,0.5415
1962-05-10,1.4165
1962-05-11,1.95825
1962-05-12,0.791625
1962-05-13,2.58325
1962-05-14,2.9582499999999996
1962-05-15,2.7501249999999997
1962-05-16,1.875
1962-05-17,0.79175
1962-05-18,0.541625
1962-05-19,2.1666250000000002
1962-05-20,1.249875
1962-05-21,0.583125
1962-05-22,0.708125
1962-05-23,0.541625
1962-05-24,0.4165000000000001
1962-05-25,0.2915
1962-05-26,0.9583750000000001
1962-05-27,2.6667500000000004
1962-05-28,1.6251250000000002
1962-05-29,1.499875
1962-05-30,0.666625
1962-05-31,3.208375
1962-06-01,2.16675
1962-06-02,1.2085
1962-06-03,1.1251250000000002
1962-06-04,2.75
1962-06-05,2.166625
1962-06-06,2.24975
1962-06-07,2.000125
1962-06-08,0.7501249999999999
1962-06-09,3.5835
1962-06-10,2.9167500000000004
1962-06-11,1.5
1962-06-12,1.916625
1962-06-13,1.208375
1962-06-14,1.91675
1962-06-15,2.458375
1962-06-16,1.33325
1962-06-17,0.375
1962-06-18,0.4998750000000001
1962-06-19,1.16675
1962-06-20,1.0
1962-06-21,2.291625
1962-06-22,2.2501249999999997
1962-06-23,2.916625
1962-06-24,1.75
1962-06-25,1.58325
1962-06-26,1.70825
1962-06-27,3.375
1962-06-28,3.1251249999999997
1962-06-29,2.875
1962-06-30,2.6667500000000004
1962-07-01,2.25
1962-07-02,1.91675
1962-07-03,1.958375
1962-07-04,3.166625
1962-07-05,3.041499999999999
1962-07-06,2.583375
1962-07-07,1.875
1962-07-08,2.45825
1962-07-09,1.5
1962-07-10,1.874875
1962-07-11,2.2917499999999995
1962-07-12,1.874875
1962-07-13,2.333375
1962-07-14,2.1251249999999997
1962-07-15,1.41675
1962-07-16,0.7081250000000001
1962-07-17,0.45812500000000006
1962-07-18,1.04175
1962-07-19,2.2915
1962-07-20,2.958375
1962-07-21,2.66675
1962-07-22,1.791625
1962-07-23,1.95825
1962-07-24,2.5
1962-07-25,2.5416250000000007
1962-07-26,4.666625
1962-07-27,3.833375
1962-07-28,3.2085
1962-07-29,2.125125
1962-07-30,1.29175
1962-07-31,1.916625
1962-08-01,4.333375
1962-08-02,2.333125
1962-08-03,2.4586249999999996
1962-08-04,1.75
1962-08-05,1.91675
1962-08-06,3.291625
1962-08-07,3.416625
1962-08-08,4.166625
1962-08-09,3.291625
1962-08-10,2.291625
1962-08-11,0.5
1962-08-12,0.875
1962-08-13,1.125
1962-08-14,2.1248750000000003
1962-08-15,3.3751250000000006
1962-08-16,3.083375
1962-08-17,3.6666250000000007
1962-08-18,3.4582499999999996
1962-08-19,3.083125
1962-08-20,1.2085
1962-08-21,1.500125
1962-08-22,3.958375000000001
1962-08-23,3.2082500000000005
1962-08-24,3.458125
1962-08-25,2.75
1962-08-26,1.916625
1962-08-27,1.20825
1962-08-28,1.166625
1962-08-29,2.875
1962-08-30,2.7085
1962-08-31,3.458375
1962-09-01,4.0
1962-09-02,4.2917499999999995
1962-09-03,4.791625
1962-09-04,4.375125
1962-09-05,3.0
1962-09-06,3.458375
1962-09-07,2.7083749999999993
1962-09-08,2.583375
1962-09-09,2.375
1962-09-10,2.0835
1962-09-11,1.91675
1962-09-12,4.833500000000001
1962-09-13,3.5
1962-09-14,2.333375
1962-09-15,2.833375
1962-09-16,2.208375
1962-09-17,1.916625
1962-09-18,1.29175
1962-09-19,4.416625
1962-09-20,2.333375
1962-09-21,2.6252500000000003
1962-09-22,3.5001249999999997
1962-09-23,2.4997499999999997
1962-09-24,1.416625
1962-09-25,1.5833750000000002
1962-09-26,3.916499999999999
1962-09-27,2.125
1962-09-28,1.958375
1962-09-29,3.1247499999999997
1962-09-30,2.708375
1962-10-01,4.750000000000001
1962-10-02,3.5417499999999995
1962-10-03,2.4585
1962-10-04,2.291625
1962-10-05,2.125
1962-10-06,2.791625
1962-10-07,2.333125
1962-10-08,4.2082500000000005
1962-10-09,4.16675
1962-10-10,3.5417500000000004
1962-10-11,3.75
1962-10-12,1.958375
1962-10-13,2.291625
1962-10-14,4.125125000000001
1962-10-15,2.250125
1962-10-16,3.1251249999999997
1962-10-17,1.666625
1962-10-18,2.7083749999999998
1962-10-19,3.4167500000000004
1962-10-20,2.3335
1962-10-21,2.791625
1962-10-22,3.5832499999999996
1962-10-23,3.625
1962-10-24,3.8335
1962-10-25,4.375
1962-10-26,4.291625
1962-10-27,3.9167500000000004
1962-10-28,3.2498750000000003
1962-10-29,2.7083749999999993
1962-10-30,2.9165
1962-10-31,2.25
1962-11-01,2.0415
1962-11-02,2.791625
1962-11-03,2.875
1962-11-04,3.2501249999999997
1962-11-05,1.416625
1962-11-06,3.5417500000000004
1962-11-07,2.5417499999999995
1962-11-08,2.04175
1962-11-09,1.04175
1962-11-10,1.083375
1962-11-11,2.458375
1962-11-12,0.8748750000000001
1962-11-13,0.5832499999999999
1962-11-14,1.249875
1962-11-15,3.5833749999999993
1962-11-16,3.8335
1962-11-17,1.7081250000000001
1962-11-18,0.33325
1962-11-19,0.875
1962-11-20,0.916625
1962-11-21,3.291625
1962-11-22,4.5
1962-11-23,3.4165
1962-11-24,3.041875
1962-11-25,3.291625
1962-11-26,1.625
1962-11-27,2.1665
1962-11-28,1.833375
1962-11-29,1.958375
1962-11-30,3.9167500000000004
1962-12-01,1.708375
1962-12-02,0.8333750000000001
1962-12-03,0.833375
1962-12-04,2.95825
1962-12-05,1.66675
1962-12-06,0.7915000000000001
1962-12-07,0.875125
1962-12-08,1.70825
1962-12-09,1.4581250000000001
1962-12-10,1.5
1962-12-11,3.666625
1962-12-12,2.166625
1962-12-13,2.9998750000000003
1962-12-14,2.7501250000000006
1962-12-15,2.166875
1962-12-16,1.20825
1962-12-17,3.7085
1962-12-18,4.625
1962-12-19,4.75
1962-12-20,4.375125000000001
1962-12-21,3.6667499999999995
1962-12-22,2.5001249999999997
1962-12-23,0.8748750000000001
1962-12-24,1.208375
1962-12-25,0.958375
1962-12-26,2.9167500000000004
1962-12-27,1.583375
1962-12-28,1.208375
1962-12-29,1.29175
1962-12-30,0.875
1962-12-31,2.291625
1963-01-01,1.250125
1963-01-02,0.24987499999999999
1963-01-03,0.4165000000000001
1963-01-04,1.708375
1963-01-05,0.83325
1963-01-06,0.041625
1963-01-07,1.58325
1963-01-08,0.58325
1963-01-09,0.08325
1963-01-10,0.666625
1963-01-11,1.375125
1963-01-12,1.125125
1963-01-13,4.000125000000001
1963-01-14,4.125
1963-01-15,3.6248749999999994
1963-01-16,3.7082499999999996
1963-01-17,3.25
1963-01-18,2.8335
1963-01-19,3.375
1963-01-20,1.583375
1963-01-21,0.708375
1963-01-22,1.25
1963-01-23,2.125
1963-01-24,2.125
1963-01-25,1.791625
1963-01-26,0.5
1963-01-27,0.20825
1963-01-28,0.33325
1963-01-29,1.0
1963-01-30,4.083125
1963-01-31,4.583375
1963-02-01,2.5001249999999997
1963-02-02,0.49987500000000007
1963-02-03,0.708125
1963-02-04,0.75
1963-02-05,0.833375
1963-02-06,0.833375
1963-02-07,0.791625
1963-02-08,0.12487500000000001
1963-02-09,1.166625
1963-02-10,4.791625
1963-02-11,3.5416250000000007
1963-02-12,3.3748749999999994
1963-02-13,3.9167500000000004
1963-02-14,3.125
1963-02-15,1.916625
1963-02-16,0.9998750000000001
1963-02-17,0.8751249999999999
1963-02-18,0.625
1963-02-19,0.375
1963-02-20,2.166625
1963-02-21,1.5
1963-02-22,1.70825
1963-02-23,1.4165
1963-02-24,0.4165
1963-02-25,1.0
1963-02-26,1.33325
1963-02-27,0.416625
1963-02-28,1.583375
1963-03-01,2.916625
1963-03-02,1.666625
1963-03-03,1.874875
1963-03-04,0.8334999999999999
1963-03-05,0.791625
1963-03-06,1.29175
1963-03-07,1.33325
1963-03-08,4.166499999999999
1963-03-09,3.2498749999999994
1963-03-10,4.7082500000000005
1963-03-11,3.3333749999999993
1963-03-12,2.5
1963-03-13,1.75
1963-03-14,0.45825000000000005
1963-03-15,0.58325
1963-03-16,0.291625
1963-03-17,0.8748750000000001
1963-03-18,1.500125
1963-03-19,1.7918749999999999
1963-03-20,1.04175
1963-03-21,0.7915000000000001
1963-03-22,0.4585
1963-03-23,2.2501249999999997
1963-03-24,1.208375
1963-03-25,0.75
1963-03-26,0.45837500000000003
1963-03-27,0.20825000000000002
1963-03-28,1.04175
1963-03-29,1.375125
1963-03-30,0.625
1963-03-31,0.875
1963-04-01,2.166625
1963-04-02,1.000125
1963-04-03,1.041625
1963-04-04,3.041625
1963-04-05,4.125
1963-04-06,3.2917499999999995
1963-04-07,2.8335
1963-04-08,1.791625
1963-04-09,1.75
1963-04-10,0.45825000000000005
1963-04-11,0.70825
1963-04-12,2.16675
1963-04-13,2.2501249999999997
1963-04-14,2.9582499999999996
1963-04-15,2.66675
1963-04-16,1.5
1963-04-17,1.58325
1963-04-18,2.458375
1963-04-19,2.3332500000000005
1963-04-20,1.70825
1963-04-21,0.9167500000000001
1963-04-22,1.916625
1963-04-23,1.791625
1963-04-24,0.54175
1963-04-25,0.9998750000000001
1963-04-26,1.333375
1963-04-27,2.2085
1963-04-28,0.791625
1963-04-29,0.958375
1963-04-30,2.6251249999999997
1963-05-01,4.16675
1963-05-02,3.75
1963-05-03,2.9167500000000004
1963-05-04,3.3332499999999996
1963-05-05,2.2083749999999998
1963-05-06,2.0415
1963-05-07,1.458375
1963-05-08,2.3751249999999997
1963-05-09,2.8748749999999994
1963-05-10,2.875
1963-05-11,3.166625
1963-05-12,2.2085
1963-05-13,3.5
1963-05-14,2.416875
1963-05-15,1.375125
1963-05-16,0.7081250000000001
1963-05-17,1.5833750000000002
1963-05-18,0.79175
1963-05-19,1.2085
1963-05-20,1.41675
1963-05-21,1.0
1963-05-22,0.625
1963-05-23,0.625
1963-05-24,0.33325000000000005
1963-05-25,2.0
1963-05-26,1.541625
1963-05-27,1.708375
1963-05-28,2.875125
1963-05-29,2.8751249999999997
1963-05-30,2.2917500000000004
1963-05-31,1.958375
1963-06-01,2.4998750000000003
1963-06-02,2.33325
1963-06-03,1.7085
1963-06-04,1.0835
1963-06-05,0.41650000000000004
1963-06-06,2.0
1963-06-07,4.41675
1963-06-08,2.5417499999999995
1963-06-09,2.291625
1963-06-10,1.375
1963-06-11,1.5831250000000001
1963-06-12,1.208375
1963-06-13,1.416625
1963-06-14,1.375
1963-06-15,1.999875
1963-06-16,0.6248750000000001
1963-06-17,2.2915
1963-06-18,3.291625
1963-06-19,2.29175
1963-06-20,2.625
1963-06-21,1.7915
1963-06-22,1.16675
1963-06-23,0.875
1963-06-24,1.58325
1963-06-25,3.4998749999999994
1963-06-26,3.5
1963-06-27,2.958375
1963-06-28,2.625
1963-06-29,2.083125
1963-06-30,2.541625
1963-07-01,1.083375
1963-07-02,0.6668749999999999
1963-07-03,0.625
1963-07-04,2.45825
1963-07-05,3.083375
1963-07-06,2.999999999999999
1963-07-07,2.5
1963-07-08,2.708375
1963-07-09,2.916625
1963-07-10,2.3335
1963-07-11,1.541625
1963-07-12,1.125125
1963-07-13,1.20825
1963-07-14,1.04175
1963-07-15,1.0
1963-07-16,1.749875
1963-07-17,2.9998749999999994
1963-07-18,2.20825
1963-07-19,1.291625
1963-07-20,1.500125
1963-07-21,3.458125
1963-07-22,2.708125
1963-07-23,3.4582499999999996
1963-07-24,4.041625
1963-07-25,2.666625
1963-07-26,2.833375
1963-07-27,3.041625
1963-07-28,1.45825
1963-07-29,0.916625
1963-07-30,3.833375
1963-07-31,3.208375
1963-08-01,3.166625
1963-08-02,2.7501249999999997
1963-08-03,2.083375
1963-08-04,2.625
1963-08-05,2.6248750000000003
1963-08-06,2.4582499999999996
1963-08-07,2.125125
1963-08-08,1.54175
1963-08-09,2.124875
1963-08-10,1.54175
1963-08-11,0.958375
1963-08-12,1.125
1963-08-13,0.58325
1963-08-14,0.666625
1963-08-15,1.58325
1963-08-16,1.5
1963-08-17,1.95825
1963-08-18,3.4998749999999994
1963-08-19,3.0001249999999997
1963-08-20,4.91675
1963-08-21,3.7917500000000004
1963-08-22,2.0
1963-08-23,3.041625
1963-08-24,2.16675
1963-08-25,2.0
1963-08-26,2.33325
1963-08-27,2.708375
1963-08-28,3.7917500000000004
1963-08-29,2.9165
1963-08-30,2.375
1963-08-31,3.083375
1963-09-01,2.8332499999999996
1963-09-02,1.666625
1963-09-03,2.29175
1963-09-04,1.291625
1963-09-05,2.08325
1963-09-06,2.08325
1963-09-07,1.166625
1963-09-08,2.6248750000000003
1963-09-09,2.666625
1963-09-10,2.125
1963-09-11,3.291625
1963-09-12,2.5833750000000006
1963-09-13,1.5417500000000002
1963-09-14,5.875
1963-09-15,4.45825
1963-09-16,4.333500000000001
1963-09-17,4.583375
1963-09-18,2.8332500000000005
1963-09-19,3.7917500000000004
1963-09-20,2.791625
1963-09-21,4.083375
1963-09-22,6.208375
1963-09-23,4.58325
1963-09-24,2.583375
1963-09-25,5.0
1963-09-26,3.8332499999999996
1963-09-27,3.8748750000000003
1963-09-28,4.875
1963-09-29,3.333375
1963-09-30,2.41675
1963-10-01,0.8334999999999999
1963-10-02,0.624875
1963-10-03,1.04175
1963-10-04,1.5418749999999999
1963-10-05,1.83325
1963-10-06,1.08325
1963-10-07,2.125
1963-10-08,2.8751250000000006
1963-10-09,1.500125
1963-10-10,2.08325
1963-10-11,3.375
1963-10-12,4.541625
1963-10-13,3.6667500000000004
1963-10-14,4.166625
1963-10-15,3.0417500000000004
1963-10-16,3.041625
1963-10-17,1.208375
1963-10-18,1.4165
1963-10-19,1.333375
1963-10-20,2.666625
1963-10-21,1.749875
1963-10-22,0.58325
1963-10-23,0.83325
1963-10-24,5.1665
1963-10-25,2.625
1963-10-26,1.83325
1963-10-27,0.916625
1963-10-28,1.3749999999999998
1963-10-29,4.583375
1963-10-30,3.1249999999999996
1963-10-31,1.541625
1963-11-01,2.166625
1963-11-02,2.916625
1963-11-03,2.8748749999999994
1963-11-04,1.666625
1963-11-05,0.333125
1963-11-06,2.541625
1963-11-07,4.500125000000001
1963-11-08,4.83325
1963-11-09,4.2915
1963-11-10,4.041625000000001
1963-11-11,3.0001250000000006
1963-11-12,2.7917499999999995
1963-11-13,1.249875
1963-11-14,1.08325
1963-11-15,0.9165000000000001
1963-11-16,0.6248750000000001
1963-11-17,2.4582500000000005
1963-11-18,0.666625
1963-11-19,0.416625
1963-11-20,0.9165000000000001
1963-11-21,0.45825000000000005
1963-11-22,1.33325
1963-11-23,1.875
1963-11-24,3.166625
1963-11-25,2.666625
1963-11-26,0.541625
1963-11-27,0.875
1963-11-28,1.1665
1963-11-29,1.875
1963-11-30,2.79175
1963-12-01,1.25
1963-12-02,2.58325
1963-12-03,4.458375
1963-12-04,3.7917500000000004
1963-12-05,4.0
1963-12-06,3.7085
1963-12-07,2.958375
1963-12-08,2.9167500000000004
1963-12-09,1.708375
1963-12-10,0.041625
1963-12-11,0.33325000000000005
1963-12-12,0.75
1963-12-13,1.666625
1963-12-14,2.291625
1963-12-15,1.916625
1963-12-16,1.625125
1963-12-17,0.8748750000000001
1963-12-18,0.41675000000000006
1963-12-19,0.91675
1963-12-20,3.416625
1963-12-21,2.25
1963-12-22,2.6667500000000004
1963-12-23,2.4997499999999997
1963-12-24,2.083375
1963-12-25,0.625
1963-12-26,0.9584999999999999
1963-12-27,1.08325
1963-12-28,2.333375
1963-12-29,3.0
1963-12-30,1.375
1963-12-31,0.625
1964-01-01,1.54175
1964-01-02,4.666625
1964-01-03,3.541625
1964-01-04,3.2915
1964-01-05,1.9581250000000001
1964-01-06,1.416625
1964-01-07,1.625
1964-01-08,1.416625
1964-01-09,3.291875
1964-01-10,3.3335
1964-01-11,2.0835
1964-01-12,1.33325
1964-01-13,1.333375
1964-01-14,0.24987499999999999
1964-01-15,0.333375
1964-01-16,3.791625
1964-01-17,2.9167500000000004
1964-01-18,1.75
1964-01-19,1.499875
1964-01-20,1.54175
1964-01-21,0.4165000000000001
1964-01-22,0.95825
1964-01-23,0.9582499999999999
1964-01-24,2.5
1964-01-25,2.541625
1964-01-26,1.625
1964-01-27,0.916625
1964-01-28,2.12475
1964-01-29,3.5001250000000006
1964-01-30,2.33325
1964-01-31,3.291625
1964-02-01,2.2501249999999997
1964-02-02,1.79175
1964-02-03,0.5415000000000001
1964-02-04,2.416625
1964-02-05,2.083375
1964-02-06,4.0832500000000005
1964-02-07,2.9585
1964-02-08,2.875
1964-02-09,2.9167500000000004
1964-02-10,1.875
1964-02-11,0.75
1964-02-12,2.7915
1964-02-13,4.125125000000001
1964-02-14,2.291625
1964-02-15,1.750125
1964-02-16,1.29175
1964-02-17,1.625125
1964-02-18,1.20825
1964-02-19,0.375
1964-02-20,2.625
1964-02-21,2.7917500000000004
1964-02-22,1.708375
1964-02-23,1.66675
1964-02-24,1.70825
1964-02-25,2.875
1964-02-26,3.0
1964-02-27,2.7501249999999997
1964-02-28,3.083375
1964-02-29,2.04175
1964-03-01,1.000125
1964-03-02,0.208375
1964-03-03,1.625
1964-03-04,5.125125
1964-03-05,4.208500000000001
1964-03-06,3.125
1964-03-07,2.6248750000000003
1964-03-08,3.208375
1964-03-09,1.75
1964-03-10,1.041625
1964-03-11,1.833375
1964-03-12,2.8751249999999997
1964-03-13,1.958375
1964-03-14,2.333375
1964-03-15,2.416625
1964-03-16,2.04175
1964-03-17,2.083375
1964-03-18,0.791625
1964-03-19,0.79175
1964-03-20,1.7918749999999999
1964-03-21,2.3748750000000003
1964-03-22,3.5001250000000006
1964-03-23,3.916625
1964-03-24,3.1667500000000004
1964-03-25,3.0417500000000004
1964-03-26,2.2085000000000004
1964-03-27,0.7498750000000001
1964-03-28,0.08325
1964-03-29,0.8748750000000001
1964-03-30,3.6667499999999995
1964-03-31,0.625
1964-04-01,3.2498750000000003
1964-04-02,3.7915
1964-04-03,3.2498750000000003
1964-04-04,2.3335
1964-04-05,2.33325
1964-04-06,1.458375
1964-04-07,2.3748750000000003
1964-04-08,2.791625
1964-04-09,1.70825
1964-04-10,1.08325
1964-04-11,2.375
1964-04-12,0.916625
1964-04-13,1.25
1964-04-14,1.0001250000000002
1964-04-15,1.95825
1964-04-16,2.1665
1964-04-17,3.0
1964-04-18,2.958375
1964-04-19,3.5416250000000007
1964-04-20,2.791625
1964-04-21,2.041625
1964-04-22,0.5
1964-04-23,0.7915
1964-04-24,0.875
1964-04-25,2.416625
1964-04-26,2.250125
1964-04-27,3.666625
1964-04-28,4.125
1964-04-29,2.7498750000000003
1964-04-30,1.75
1964-05-01,3.333375
1964-05-02,2.291625
1964-05-03,1.16675
1964-05-04,0.833375
1964-05-05,1.916625
1964-05-06,0.95825
1964-05-07,0.666625
1964-05-08,0.1665
1964-05-09,0.33325000000000005
1964-05-10,3.1667500000000004
1964-05-11,2.4998749999999994
1964-05-12,0.58325
1964-05-13,2.416625
1964-05-14,3.5832499999999996
1964-05-15,3.6667500000000004
1964-05-16,3.416625
1964-05-17,2.0415
1964-05-18,1.250125
1964-05-19,1.166625
1964-05-20,0.708375
1964-05-21,1.250125
1964-05-22,0.916625
1964-05-23,1.4168749999999999
1964-05-24,3.5001249999999997
1964-05-25,3.666625
1964-05-26,1.54175
1964-05-27,2.5
1964-05-28,2.0001249999999997
1964-05-29,1.2915
1964-05-30,1.5
1964-05-31,0.916625
1964-06-01,1.25
1964-06-02,1.041625
1964-06-03,0.83325
1964-06-04,1.16675
1964-06-05,0.6667500000000001
1964-06-06,0.875
1964-06-07,1.0415
1964-06-08,2.04175
1964-06-09,1.9585
1964-06-10,4.583375
1964-06-11,3.7501250000000006
1964-06-12,2.708375
1964-06-13,2.250125
1964-06-14,1.791625
1964-06-15,1.541625
1964-06-16,0.958375
1964-06-17,0.916625
1964-06-18,1.625
1964-06-19,1.083375
1964-06-20,2.8752500000000003
1964-06-21,2.2083749999999998
1964-06-22,1.333375
1964-06-23,1.624875
1964-06-24,1.2501250000000002
1964-06-25,2.1665
1964-06-26,1.41675
1964-06-27,1.33325
1964-06-28,2.1665
1964-06-29,1.499875
1964-06-30,0.7917500000000001
1964-07-01,0.8751249999999999
1964-07-02,0.749875
1964-07-03,3.208375
1964-07-04,2.0
1964-07-05,1.25
1964-07-06,1.333375
1964-07-07,3.0417500000000004
1964-07-08,3.458375
1964-07-09,2.9583749999999993
1964-07-10,2.5832499999999996
1964-07-11,1.54175
1964-07-12,1.5
1964-07-13,1.624875
1964-07-14,0.75
1964-07-15,0.33325000000000005
1964-07-16,1.750125
1964-07-17,3.1248749999999994
1964-07-18,3.6248749999999994
1964-07-19,2.708375
1964-07-20,2.125
1964-07-21,1.583375
1964-07-22,2.3332499999999996
1964-07-23,1.375125
1964-07-24,0.833375
1964-07-25,1.375
1964-07-26,1.041625
1964-07-27,0.45825000000000005
1964-07-28,0.5415000000000001
1964-07-29,2.791625
1964-07-30,2.833375
1964-07-31,1.9585
1964-08-01,1.416625
1964-08-02,0.83325
1964-08-03,1.250125
1964-08-04,3.9998749999999994
1964-08-05,3.0
1964-08-06,1.4165
1964-08-07,2.6251250000000006
1964-08-08,1.041625
1964-08-09,1.9585
1964-08-10,0.750125
1964-08-11,3.916625
1964-08-12,2.833375
1964-08-13,1.75
1964-08-14,1.0835
1964-08-15,0.6665000000000001
1964-08-16,1.625
1964-08-17,1.250125
1964-08-18,1.708375
1964-08-19,1.291625
1964-08-20,1.041625
1964-08-21,1.041625
1964-08-22,1.75
1964-08-23,0.9583750000000001
1964-08-24,0.74975
1964-08-25,1.875
1964-08-26,2.20825
1964-08-27,2.0
1964-08-28,0.5832499999999999
1964-08-29,1.208375
1964-08-30,0.791875
1964-08-31,2.5001249999999997
1964-09-01,3.25
1964-09-02,2.2498750000000003
1964-09-03,2.125
1964-09-04,2.083375
1964-09-05,1.374875
1964-09-06,2.083375
1964-09-07,3.916625
1964-09-08,3.6667500000000004
1964-09-09,3.0832499999999996
1964-09-10,1.9585
1964-09-11,1.0413750000000002
1964-09-12,0.625
1964-09-13,0.5
1964-09-14,0.4165
1964-09-15,0.583375
1964-09-16,2.5832499999999996
1964-09-17,2.16675
1964-09-18,1.333375
1964-09-19,0.541625
1964-09-20,0.374875
1964-09-21,1.166625
1964-09-22,3.6248749999999994
1964-09-23,1.833375
1964-09-24,2.08325
1964-09-25,1.125
1964-09-26,0.875
1964-09-27,1.1247500000000001
1964-09-28,4.3335
1964-09-29,1.624875
1964-09-30,3.5001249999999997
1964-10-01,2.0
1964-10-02,0.9584999999999999
1964-10-03,2.083375
1964-10-04,4.000125
1964-10-05,3.416625
1964-10-06,2.583375
1964-10-07,2.5832499999999996
1964-10-08,2.9167500000000004
1964-10-09,2.6665
1964-10-10,0.8748750000000001
1964-10-11,0.74975
1964-10-12,2.708375
1964-10-13,1.916625
1964-10-14,1.541625
1964-10-15,1.666625
1964-10-16,0.875
1964-10-17,1.58325
1964-10-18,2.5
1964-10-19,3.833500000000001
1964-10-20,2.583125
1964-10-21,2.9582499999999996
1964-10-22,0.8750000000000001
1964-10-23,0.12487500000000001
1964-10-24,1.041625
1964-10-25,1.0
1964-10-26,2.8332499999999996
1964-10-27,1.583375
1964-10-28,1.25
1964-10-29,1.58325
1964-10-30,0.75
1964-10-31,0.37487499999999996
1964-11-01,2.54175
1964-11-02,2.375
1964-11-03,0.9998750000000001
1964-11-04,1.7085
1964-11-05,2.04175
1964-11-06,1.125
1964-11-07,0.208375
1964-11-08,2.041625
1964-11-09,3.2085
1964-11-10,2.1251249999999997
1964-11-11,1.3335
1964-11-12,2.041625
1964-11-13,1.125
1964-11-14,0.12487500000000001
1964-11-15,2.166625
1964-11-16,2.291625
1964-11-17,1.333375
1964-11-18,1.25
1964-11-19,0.541625
1964-11-20,0.70825
1964-11-21,0.625
1964-11-22,1.541625
1964-11-23,3.25
1964-11-24,0.58325
1964-11-25,0.41674999999999995
1964-11-26,2.2916250000000002
1964-11-27,0.9998750000000001
1964-11-28,2.374875
1964-11-29,0.75
1964-11-30,2.04175
1964-12-01,2.124875
1964-12-02,0.708375
1964-12-03,1.208375
1964-12-04,0.916875
1964-12-05,0.41675000000000006
1964-12-06,0.6665000000000001
1964-12-07,2.125
1964-12-08,1.4585
1964-12-09,1.2085
1964-12-10,0.6665
1964-12-11,0.625
1964-12-12,0.41674999999999995
1964-12-13,1.833375
1964-12-14,1.83325
1964-12-15,1.666625
1964-12-16,2.6667500000000004
1964-12-17,2.708375
1964-12-18,1.375125
1964-12-19,2.08325
1964-12-20,0.958375
1964-12-21,1.0
1964-12-22,0.7498750000000001
1964-12-23,1.083375
1964-12-24,0.708125
1964-12-25,1.041625
1964-12-26,0.958375
1964-12-27,0.5
1964-12-28,0.75
1964-12-29,1.0
1964-12-30,0.37475
1964-12-31,0.625
1965-01-01,0.708375
1965-01-02,2.4582499999999996
1965-01-03,1.375
1965-01-04,1.083375
1965-01-05,0.625
1965-01-06,0.4585
1965-01-07,1.166625
1965-01-08,2.625
1965-01-09,1.70825
1965-01-10,1.375
1965-01-11,0.4165000000000001
1965-01-12,2.416625
1965-01-13,2.5832499999999996
1965-01-14,1.66675
1965-01-15,1.54175
1965-01-16,0.625125
1965-01-17,2.16675
1965-01-18,1.2085
1965-01-19,1.083375
1965-01-20,1.375
1965-01-21,1.7915
1965-01-22,3.0835
1965-01-23,1.833375
1965-01-24,0.37487499999999996
1965-01-25,0.416625
1965-01-26,0.70825
1965-01-27,1.541625
1965-01-28,1.25
1965-01-29,1.16675
1965-01-30,1.0418749999999999
1965-01-31,0.66675
1965-02-01,0.875
1965-02-02,0.583375
1965-02-03,1.125
1965-02-04,2.375
1965-02-05,1.333375
1965-02-06,2.4582499999999996
1965-02-07,4.0
1965-02-08,2.25
1965-02-09,2.33325
1965-02-10,2.6248750000000003
1965-02-11,2.208375
1965-02-12,0.95825
1965-02-13,1.04175
1965-02-14,2.458375
1965-02-15,2.41675
1965-02-16,1.58325
1965-02-17,0.6251249999999999
1965-02-18,0.83325
1965-02-19,0.91675
1965-02-20,1.375
1965-02-21,3.1248750000000003
1965-02-22,1.2085
1965-02-23,3.0001249999999997
1965-02-24,2.375
1965-02-25,2.416625
1965-02-26,1.91675
1965-02-27,2.083375
1965-02-28,1.666625
1965-03-01,1.5831250000000001
1965-03-02,1.8331250000000001
1965-03-03,3.833375
1965-03-04,2.791625
1965-03-05,1.66675
1965-03-06,1.08325
1965-03-07,1.708375
1965-03-08,0.45825000000000005
1965-03-09,1.000125
1965-03-10,0.374875
1965-03-11,0.875
1965-03-12,1.083125
1965-03-13,2.124875
1965-03-14,1.625
1965-03-15,2.45825
1965-03-16,0.9997500000000001
1965-03-17,1.291625
1965-03-18,0.291625
1965-03-19,0.958375
1965-03-20,1.291625
1965-03-21,1.91675
1965-03-22,1.375
1965-03-23,3.7082499999999996
1965-03-24,2.5
1965-03-25,3.1248750000000003
1965-03-26,2.625
1965-03-27,2.125
1965-03-28,1.166625
1965-03-29,1.54175
1965-03-30,0.541625
1965-03-31,1.0415
1965-04-01,1.041625
1965-04-02,0.5
1965-04-03,0.66675
1965-04-04,1.58325
1965-04-05,0.791625
1965-04-06,1.791625
1965-04-07,1.875
1965-04-08,0.833375
1965-04-09,2.2085
1965-04-10,1.25
1965-04-11,1.66675
1965-04-12,1.666625
1965-04-13,1.250125
1965-04-14,1.208375
1965-04-15,1.04175
1965-04-16,0.8751249999999999
1965-04-17,1.83325
1965-04-18,5.041499999999999
1965-04-19,2.7085
1965-04-20,2.208375
1965-04-21,0.75
1965-04-22,1.16675
1965-04-23,1.16675
1965-04-24,1.25
1965-04-25,1.04175
1965-04-26,1.541625
1965-04-27,1.20825
1965-04-28,0.708375
1965-04-29,1.125
1965-04-30,1.29175
1965-05-01,0.8751249999999999
1965-05-02,0.333375
1965-05-03,0.625
1965-05-04,1.041625
1965-05-05,3.6663749999999995
1965-05-06,1.58325
1965-05-07,1.249875
1965-05-08,2.08325
1965-05-09,2.208375
1965-05-10,1.750125
1965-05-11,0.416625
1965-05-12,1.124875
1965-05-13,0.625125
1965-05-14,0.583375
1965-05-15,1.0415
1965-05-16,2.916499999999999
1965-05-17,1.33325
1965-05-18,0.958375
1965-05-19,0.5417500000000001
1965-05-20,0.875
1965-05-21,1.375
1965-05-22,1.5
1965-05-23,1.249875
1965-05-24,1.541625
1965-05-25,0.66675
1965-05-26,1.04175
1965-05-27,1.541625
1965-05-28,1.333375
1965-05-29,0.75
1965-05-30,0.66675
1965-05-31,1.0001250000000002
1965-06-01,1.208375
1965-06-02,1.5
1965-06-03,1.5415
1965-06-04,2.375125
1965-06-05,1.500125
1965-06-06,1.25
1965-06-07,0.75
1965-06-08,2.000125
1965-06-09,2.6251249999999997
1965-06-10,0.37487500000000007
1965-06-11,1.125125
1965-06-12,0.79175
1965-06-13,0.33312500000000006
1965-06-14,1.583375
1965-06-15,2.9998750000000003
1965-06-16,5.66675
1965-06-17,4.000125000000001
1965-06-18,2.1248750000000003
1965-06-19,0.541625
1965-06-20,0.374875
1965-06-21,0.24975
1965-06-22,0.91675
1965-06-23,0.66675
1965-06-24,0.6248750000000001
1965-06-25,1.999875
1965-06-26,2.208375
1965-06-27,1.5418749999999999
1965-06-28,0.79175
1965-06-29,2.541625
1965-06-30,2.75
1965-07-01,2.70825
1965-07-02,1.458375
1965-07-03,1.375
1965-07-04,0.791625
1965-07-05,0.708375
1965-07-06,3.0835
1965-07-07,1.916625
1965-07-08,3.375
1965-07-09,2.54175
1965-07-10,2.5
1965-07-11,0.5
1965-07-12,1.124875
1965-07-13,1.41675
1965-07-14,1.0
1965-07-15,2.166625
1965-07-16,0.8334999999999999
1965-07-17,0.45825000000000005
1965-07-18,1.166625
1965-07-19,2.708375
1965-07-20,1.333375
1965-07-21,0.7498750000000001
1965-07-22,1.041875
1965-07-23,2.7082499999999996
1965-07-24,1.916625
1965-07-25,1.375
1965-07-26,0.833375
1965-07-27,2.0
1965-07-28,2.8748749999999994
1965-07-29,2.5
1965-07-30,1.041625
1965-07-31,0.666875
1965-08-01,1.083125
1965-08-02,2.416625
1965-08-03,1.708375
1965-08-04,1.66675
1965-08-05,1.041625
1965-08-06,0.7501249999999999
1965-08-07,1.5835
1965-08-08,1.5
1965-08-09,1.6665
1965-08-10,1.125125
1965-08-11,1.541625
1965-08-12,1.583375
1965-08-13,0.583125
1965-08-14,2.0
1965-08-15,1.375125
1965-08-16,1.5835
1965-08-17,2.4166250000000002
1965-08-18,2.375
1965-08-19,3.791625
1965-08-20,3.0
1965-08-21,2.25
1965-08-22,1.33325
1965-08-23,1.70825
1965-08-24,2.4167500000000004
1965-08-25,2.6251249999999997
1965-08-26,1.708375
1965-08-27,1.5
1965-08-28,0.791625
1965-08-29,1.291625
1965-08-30,1.874875
1965-08-31,2.4165
1965-09-01,1.45825
1965-09-02,1.4585
1965-09-03,0.833125
1965-09-04,3.0417499999999995
1965-09-05,2.124875
1965-09-06,2.166625
1965-09-07,1.75
1965-09-08,0.8751249999999999
1965-09-09,0.58325
1965-09-10,0.625
1965-09-11,0.916625
1965-09-12,2.166625
1965-09-13,1.2918749999999999
1965-09-14,0.666625
1965-09-15,2.625
1965-09-16,4.333125
1965-09-17,3.291625
1965-09-18,2.9165
1965-09-19,3.125
1965-09-20,1.416625
1965-09-21,1.33325
1965-09-22,1.25
1965-09-23,2.208375
1965-09-24,2.166625
1965-09-25,2.458375
1965-09-26,2.20825
1965-09-27,2.7501249999999997
1965-09-28,3.75
1965-09-29,1.666625
1965-09-30,0.6665000000000001
1965-10-01,0.333125
1965-10-02,3.041625
1965-10-03,0.708375
1965-10-04,0.166625
1965-10-05,1.750125
1965-10-06,0.33325
1965-10-07,1.5
1965-10-08,2.75
1965-10-09,0.95825
1965-10-10,0.6665000000000001
1965-10-11,0.75
1965-10-12,1.58325
1965-10-13,1.833375
1965-10-14,1.416625
1965-10-15,0.33337500000000003
1965-10-16,0.375
1965-10-17,0.49987500000000007
1965-10-18,1.333375
1965-10-19,0.95825
1965-10-20,0.541625
1965-10-21,0.291625
1965-10-22,2.5415
1965-10-23,3.3332500000000005
1965-10-24,2.875
1965-10-25,2.5417500000000004
1965-10-26,1.41675
1965-10-27,1.666625
1965-10-28,2.666625
1965-10-29,1.125
1965-10-30,2.0
1965-10-31,1.624875
1965-11-01,1.125125
1965-11-02,1.375125
1965-11-03,0.24987499999999999
1965-11-04,1.79175
1965-11-05,2.416625
1965-11-06,3.0
1965-11-07,2.04175
1965-11-08,1.04175
1965-11-09,0.9998750000000001
1965-11-10,0.08325
1965-11-11,0.7498750000000001
1965-11-12,0.75
1965-11-13,1.833375
1965-11-14,0.666375
1965-11-15,0.58325
1965-11-16,0.20825
1965-11-17,1.0
1965-11-18,1.541625
1965-11-19,2.333375
1965-11-20,3.166625
1965-11-21,2.2082499999999996
1965-11-22,1.125125
1965-11-23,0.333375
1965-11-24,1.083375
1965-11-25,1.125
1965-11-26,0.9584999999999999
1965-11-27,1.124875
1965-11-28,0.5
1965-11-29,0.791375
1965-11-30,2.20825
1965-12-01,3.1248750000000003
1965-12-02,2.1665
1965-12-03,0.58325
1965-12-04,2.3748750000000003
1965-12-05,0.6248750000000001
1965-12-06,0.666625
1965-12-07,0.791625
1965-12-08,0.916625
1965-12-09,1.45825
1965-12-10,1.833375
1965-12-11,2.33325
1965-12-12,2.16675
1965-12-13,1.625
1965-12-14,0.541625
1965-12-15,0.20825
1965-12-16,0.166625
1965-12-17,0.333375
1965-12-18,2.291875
1965-12-19,1.375125
1965-12-20,1.08325
1965-12-21,0.541625
1965-12-22,1.625
1965-12-23,0.541625
1965-12-24,1.625
1965-12-25,2.375125
1965-12-26,3.1251249999999997
1965-12-27,2.333375
1965-12-28,3.08325
1965-12-29,1.916625
1965-12-30,1.4585
1965-12-31,0.791625
1966-01-01,0.45824999999999994
1966-01-02,1.999875
1966-01-03,1.333375
1966-01-04,2.0001249999999997
1966-01-05,0.8748750000000001
1966-01-06,0.45825
1966-01-07,1.625
1966-01-08,1.875
1966-01-09,1.541625
1966-01-10,1.79175
1966-01-11,0.541625
1966-01-12,0.45825000000000005
1966-01-13,0.416625
1966-01-14,0.8335
1966-01-15,1.2085
1966-01-16,0.08325
1966-01-17,0.500125
1966-01-18,1.1663750000000002
1966-01-19,0.83325
1966-01-20,2.958375
1966-01-21,3.6248749999999994
1966-01-22,3.8751250000000006
1966-01-23,2.7917500000000004
1966-01-24,2.791625
1966-01-25,2.3751249999999997
1966-01-26,2.7085
1966-01-27,0.666625
1966-01-28,1.33325
1966-01-29,1.5
1966-01-30,0.625
1966-01-31,0.541625
1966-02-01,0.70825
1966-02-02,0.791625
1966-02-03,2.208375
1966-02-04,2.708375
1966-02-05,3.3335
1966-02-06,1.91675
1966-02-07,1.16675
1966-02-08,0.9582499999999999
1966-02-09,0.75
1966-02-10,1.8335
1966-02-11,2.625
1966-02-12,1.0831250000000001
1966-02-13,1.45825
1966-02-14,0.49987500000000007
1966-02-15,0.95825
1966-02-16,1.208375
1966-02-17,1.083375
1966-02-18,0.83325
1966-02-19,2.6248750000000003
1966-02-20,3.0001249999999997
1966-02-21,1.083375
1966-02-22,2.375
1966-02-23,3.874999999999999
1966-02-24,3.3332499999999996
1966-02-25,2.29175
1966-02-26,0.625125
1966-02-27,0.875
1966-02-28,0.291625
1966-03-01,0.6665000000000001
1966-03-02,0.625
1966-03-03,2.083375
1966-03-04,1.83325
1966-03-05,1.1665
1966-03-06,1.041625
1966-03-07,0.5833750000000001
1966-03-08,0.83325
1966-03-09,0.91675
1966-03-10,2.125
1966-03-11,1.33325
1966-03-12,1.416625
1966-03-13,2.08325
1966-03-14,4.91675
1966-03-15,1.875
1966-03-16,1.583375
1966-03-17,1.499875
1966-03-18,0.833375
1966-03-19,3.333375
1966-03-20,2.25
1966-03-21,1.9168749999999999
1966-03-22,1.6668749999999999
1966-03-23,5.125125000000001
1966-03-24,0.58325
1966-03-25,2.791625
1966-03-26,3.1248749999999994
1966-03-27,2.7501250000000006
1966-03-28,4.250125
1966-03-29,2.1251249999999997
1966-03-30,1.541625
1966-03-31,0.7498750000000001
1966-04-01,2.500125
1966-04-02,2.083375
1966-04-03,1.7085
1966-04-04,1.875
1966-04-05,1.4581250000000001
1966-04-06,2.0
1966-04-07,1.833375
1966-04-08,2.291625
1966-04-09,1.333375
1966-04-10,1.29175
1966-04-11,0.3747500000000001
1966-04-12,0.75
1966-04-13,2.916625
1966-04-14,2.04175
1966-04-15,0.9998750000000001
1966-04-16,0.6665
1966-04-17,1.04175
1966-04-18,0.625
1966-04-19,0.333375
1966-04-20,1.333375
1966-04-21,1.333375
1966-04-22,2.625125
1966-04-23,2.0833749999999998
1966-04-24,1.625
1966-04-25,0.583375
1966-04-26,0.708375
1966-04-27,0.25
1966-04-28,1.125
1966-04-29,1.5
1966-04-30,2.375
1966-05-01,1.958375
1966-05-02,2.6248750000000003
1966-05-03,1.208375
1966-05-04,2.58325
1966-05-05,1.45825
1966-05-06,1.625
1966-05-07,0.874875
1966-05-08,1.291625
1966-05-09,1.166625
1966-05-10,0.5
1966-05-11,1.7915
1966-05-12,1.70825
1966-05-13,1.708375
1966-05-14,0.49987500000000007
1966-05-15,0.416625
1966-05-16,1.16675
1966-05-17,1.70825
1966-05-18,1.2085
1966-05-19,0.7915000000000001
1966-05-20,1.79175
1966-05-21,1.04175
1966-05-22,1.04175
1966-05-23,0.5
1966-05-24,0.45825
1966-05-25,1.041875
1966-05-26,5.16675
1966-05-27,1.0415
1966-05-28,1.29175
1966-05-29,0.8335
1966-05-30,1.5001250000000002
1966-05-31,4.83325
1966-06-01,1.75
1966-06-02,2.1248750000000003
1966-06-03,1.58325
1966-06-04,1.125
1966-06-05,1.333375
1966-06-06,1.04175
1966-06-07,2.08325
1966-06-08,0.95825
1966-06-09,0.666625
1966-06-10,0.45825000000000016
1966-06-11,0.708375
1966-06-12,1.749875
1966-06-13,1.20825
1966-06-14,1.125
1966-06-15,1.375125
1966-06-16,1.5
1966-06-17,0.916625
1966-06-18,0.6248750000000001
1966-06-19,1.25
1966-06-20,1.708375
1966-06-21,1.16675
1966-06-22,0.625125
1966-06-23,2.75
1966-06-24,2.45825
1966-06-25,3.0001250000000006
1966-06-26,1.500125
1966-06-27,0.833125
1966-06-28,1.1665
1966-06-29,1.416625
1966-06-30,1.499875
1966-07-01,1.45825
1966-07-02,1.041375
1966-07-03,1.16675
1966-07-04,2.3751249999999997
1966-07-05,1.374875
1966-07-06,1.2498749999999998
1966-07-07,0.8333750000000001
1966-07-08,3.333375
1966-07-09,4.083500000000001
1966-07-10,3.541625
1966-07-11,1.916625
1966-07-12,2.6666250000000002
1966-07-13,0.7084999999999999
1966-07-14,0.958375
1966-07-15,1.4165
1966-07-16,1.458375
1966-07-17,2.375
1966-07-18,1.083125
1966-07-19,1.20825
1966-07-20,1.374875
1966-07-21,2.875
1966-07-22,1.750125
1966-07-23,1.58325
1966-07-24,1.375
1966-07-25,0.8335
1966-07-26,1.624875
1966-07-27,2.16675
1966-07-28,2.25
1966-07-29,1.249875
1966-07-30,1.333375
1966-07-31,1.333375
1966-08-01,1.458375
1966-08-02,0.166625
1966-08-03,1.75
1966-08-04,1.8751250000000002
1966-08-05,2.20825
1966-08-06,1.6668749999999999
1966-08-07,1.16675
1966-08-08,1.25
1966-08-09,2.0415
1966-08-10,2.499875
1966-08-11,2.791625
1966-08-12,2.791625
1966-08-13,1.375
1966-08-14,1.95825
1966-08-15,1.250125
1966-08-16,0.8751249999999999
1966-08-17,0.583375
1966-08-18,2.0415
1966-08-19,3.3335
1966-08-20,1.625125
1966-08-21,1.291625
1966-08-22,1.0
1966-08-23,3.583375
1966-08-24,3.0
1966-08-25,2.12525
1966-08-26,1.41675
1966-08-27,1.375
1966-08-28,1.0835
1966-08-29,2.0
1966-08-30,5.666625
1966-08-31,3.458375
1966-09-01,3.3751249999999997
1966-09-02,2.833375
1966-09-03,5.458375
1966-09-04,5.791625
1966-09-05,2.4582499999999996
1966-09-06,3.583375
1966-09-07,2.916625
1966-09-08,4.708500000000001
1966-09-09,3.3747499999999997
1966-09-10,3.3748749999999994
1966-09-11,1.624875
1966-09-12,1.249875
1966-09-13,1.041875
1966-09-14,1.83325
1966-09-15,3.333375
1966-09-16,2.2085
1966-09-17,1.91675
1966-09-18,0.791625
1966-09-19,3.0
1966-09-20,3.5832499999999996
1966-09-21,2.0415
1966-09-22,1.583375
1966-09-23,2.9998750000000003
1966-09-24,2.541625
1966-09-25,2.25
1966-09-26,3.541499999999999
1966-09-27,3.291625
1966-09-28,3.0835
1966-09-29,3.0001250000000006
1966-09-30,2.875
1966-10-01,1.333375
1966-10-02,0.583375
1966-10-03,0.8751249999999999
1966-10-04,3.416625
1966-10-05,4.333375
1966-10-06,3.4165
1966-10-07,1.75
1966-10-08,1.33325
1966-10-09,2.20825
1966-10-10,0.6665000000000001
1966-10-11,0.29150000000000004
1966-10-12,2.208125
1966-10-13,1.91675
1966-10-14,1.04175
1966-10-15,2.583375
1966-10-16,4.041625000000001
1966-10-17,1.458375
1966-10-18,0.958375
1966-10-19,1.041625
1966-10-20,0.958375
1966-10-21,0.33325000000000005
1966-10-22,0.33325000000000005
1966-10-23,0.625
1966-10-24,2.333375
1966-10-25,3.583375
1966-10-26,2.833375
1966-10-27,1.583375
1966-10-28,1.125
1966-10-29,0.875
1966-10-30,2.3751249999999997
1966-10-31,4.41675
1966-11-01,4.125125
1966-11-02,2.791625
1966-11-03,3.166875
1966-11-04,1.875125
1966-11-05,2.166625
1966-11-06,1.79175
1966-11-07,1.374875
1966-11-08,1.58325
1966-11-09,0.625
1966-11-10,2.083375
1966-11-11,1.41675
1966-11-12,1.875
1966-11-13,1.791625
1966-11-14,0.41675
1966-11-15,1.041625
1966-11-16,1.16675
1966-11-17,2.291625
1966-11-18,2.0
1966-11-19,2.583375
1966-11-20,1.874875
1966-11-21,1.541625
1966-11-22,0.62475
1966-11-23,0.49987499999999996
1966-11-24,1.416625
1966-11-25,0.958375
1966-11-26,2.208125
1966-11-27,1.499875
1966-11-28,3.041625
1966-11-29,2.6666250000000002
1966-11-30,3.791625
1966-12-01,3.0417500000000004
1966-12-02,1.6247500000000001
1966-12-03,0.83325
1966-12-04,3.25
1966-12-05,3.2501250000000006
1966-12-06,1.7081250000000001
1966-12-07,0.83325
1966-12-08,0.750125
1966-12-09,0.625
1966-12-10,0.91675
1966-12-11,0.6248750000000001
1966-12-12,0.333125
1966-12-13,3.2501249999999997
1966-12-14,4.375
1966-12-15,3.083375
1966-12-16,2.125
1966-12-17,1.95825
1966-12-18,1.333375
1966-12-19,0.83325
1966-12-20,1.4581250000000001
1966-12-21,2.541625
1966-12-22,2.8332500000000005
1966-12-23,1.9581250000000001
1966-12-24,2.333125
1966-12-25,2.875
1966-12-26,3.7501249999999997
1966-12-27,4.375
1966-12-28,2.75
1966-12-29,1.83325
1966-12-30,1.33325
1966-12-31,0.708375
1967-01-01,2.958125
1967-01-02,1.7081250000000001
1967-01-03,2.083125
1967-01-04,0.45825000000000005
1967-01-05,0.625
1967-01-06,1.375
1967-01-07,3.416625
1967-01-08,4.999874999999999
1967-01-09,2.5832500000000005
1967-01-10,1.124875
1967-01-11,3.041625
1967-01-12,0.374875
1967-01-13,3.2917500000000004
1967-01-14,3.916625
1967-01-15,2.04175
1967-01-16,2.125
1967-01-17,1.0415
1967-01-18,1.2915
1967-01-19,1.166625
1967-01-20,2.708125
1967-01-21,2.08325
1967-01-22,1.041625
1967-01-23,1.375
1967-01-24,0.458125
1967-01-25,1.250125
1967-01-26,0.95825
1967-01-27,0.875
1967-01-28,2.4167500000000004
1967-01-29,1.125125
1967-01-30,0.6251249999999999
1967-01-31,0.5
1967-02-01,1.083375
1967-02-02,0.5
1967-02-03,0.5
1967-02-04,2.3748750000000003
1967-02-05,2.708375
1967-02-06,1.70825
1967-02-07,3.0
1967-02-08,4.791875000000001
1967-02-09,1.58325
1967-02-10,0.375
1967-02-11,2.333375
1967-02-12,0.541625
1967-02-13,0.91675
1967-02-14,1.124875
1967-02-15,1.0
1967-02-16,4.91675
1967-02-17,2.916625
1967-02-18,1.20825
1967-02-19,1.375
1967-02-20,1.25
1967-02-21,1.45825
1967-02-22,1.833375
1967-02-23,2.7082499999999996
1967-02-24,1.124875
1967-02-25,2.8332500000000005
1967-02-26,2.45825
1967-02-27,1.374875
1967-02-28,1.166625
1967-03-01,1.375
1967-03-02,1.04175
1967-03-03,1.91675
1967-03-04,1.4585
1967-03-05,2.4582499999999996
1967-03-06,2.0
1967-03-07,1.166625
1967-03-08,0.45824999999999994
1967-03-09,2.333375
1967-03-10,1.625
1967-03-11,0.33325000000000005
1967-03-12,0.4583750000000001
1967-03-13,1.375125
1967-03-14,1.250125
1967-03-15,0.45825000000000005
1967-03-16,0.7082499999999999
1967-03-17,1.166625
1967-03-18,3.083375
1967-03-19,3.6667500000000004
1967-03-20,2.666625
1967-03-21,2.1248750000000003
1967-03-22,0.9998750000000001
1967-03-23,1.04175
1967-03-24,0.7081250000000001
1967-03-25,0.875
1967-03-26,1.083375
1967-03-27,3.25
1967-03-28,1.875125
1967-03-29,1.500125
1967-03-30,2.41675
1967-03-31,0.7081250000000001
1967-04-01,2.8751249999999997
1967-04-02,2.333375
1967-04-03,1.083375
1967-04-04,2.583375
1967-04-05,2.4585
1967-04-06,2.4999999999999996
1967-04-07,1.91675
1967-04-08,1.375125
1967-04-09,1.16675
1967-04-10,1.416625
1967-04-11,0.87475
1967-04-12,0.95825
1967-04-13,0.541625
1967-04-14,0.7501249999999999
1967-04-15,0.916625
1967-04-16,2.2916250000000002
1967-04-17,2.041875
1967-04-18,1.75
1967-04-19,3.4167500000000004
1967-04-20,1.791625
1967-04-21,1.9165
1967-04-22,3.1667499999999995
1967-04-23,3.041625
1967-04-24,4.0
1967-04-25,1.708375
1967-04-26,0.6248750000000001
1967-04-27,0.6667500000000001
1967-04-28,0.58325
1967-04-29,1.375
1967-04-30,0.8334999999999999
1967-05-01,2.583375
1967-05-02,3.583375
1967-05-03,5.916625
1967-05-04,2.5002500000000003
1967-05-05,2.25
1967-05-06,1.541625
1967-05-07,2.4167500000000004
1967-05-08,1.416625
1967-05-09,1.20825
1967-05-10,1.791625
1967-05-11,2.16675
1967-05-12,2.5415
1967-05-13,2.6251249999999997
1967-05-14,2.208375
1967-05-15,1.5415
1967-05-16,1.5415
1967-05-17,2.5
1967-05-18,1.7497500000000001
1967-05-19,1.875125
1967-05-20,1.4165
1967-05-21,1.33325
1967-05-22,0.7915000000000001
1967-05-23,1.833375
1967-05-24,2.3332499999999996
1967-05-25,5.291625
1967-05-26,6.333500000000001
1967-05-27,3.2915
1967-05-28,4.875125
1967-05-29,4.2917499999999995
1967-05-30,3.9167500000000004
1967-05-31,3.9582499999999996
1967-06-01,0.875
1967-06-02,2.041625
1967-06-03,1.749875
1967-06-04,2.416875
1967-06-05,3.3748750000000003
1967-06-06,3.791625
1967-06-07,2.333500000000001
1967-06-08,2.666875
1967-06-09,2.7082500000000005
1967-06-10,1.54175
1967-06-11,1.249875
1967-06-12,1.291625
1967-06-13,1.5835
1967-06-14,2.875
1967-06-15,1.83325
1967-06-16,1.541625
1967-06-17,2.125
1967-06-18,0.875
1967-06-19,1.1248749999999998
1967-06-20,0.9584999999999999
1967-06-21,1.08325
1967-06-22,1.2915
1967-06-23,0.95825
1967-06-24,0.8751249999999999
1967-06-25,3.2917499999999995
1967-06-26,3.416625
1967-06-27,3.0832499999999996
1967-06-28,2.083125
1967-06-29,2.0
1967-06-30,2.8748750000000003
1967-07-01,3.0833749999999993
1967-07-02,1.416625
1967-07-03,0.83325
1967-07-04,1.541625
1967-07-05,3.0001250000000006
1967-07-06,1.791625
1967-07-07,2.249875
1967-07-08,0.95825
1967-07-09,0.75
1967-07-10,0.791625
1967-07-11,3.5
1967-07-12,2.0835
1967-07-13,1.54175
1967-07-14,1.791625
1967-07-15,1.625125
1967-07-16,1.000125
1967-07-17,1.125
1967-07-18,1.833375
1967-07-19,1.041625
1967-07-20,1.333375
1967-07-21,1.25
1967-07-22,0.791875
1967-07-23,2.29175
1967-07-24,1.958375
1967-07-25,2.2498750000000003
1967-07-26,1.4585
1967-07-27,1.083375
1967-07-28,2.416625
1967-07-29,2.375
1967-07-30,2.2082499999999996
1967-07-31,0.291375
1967-08-01,0.958375
1967-08-02,0.541375
1967-08-03,0.7498750000000001
1967-08-04,1.875
1967-08-05,1.9165
1967-08-06,1.541625
1967-08-07,2.041625
1967-08-08,2.4167500000000004
1967-08-09,1.583375
1967-08-10,2.7082500000000005
1967-08-11,3.708375
1967-08-12,1.7915
1967-08-13,1.458375
1967-08-14,2.166625
1967-08-15,1.70825
1967-08-16,2.0415
1967-08-17,3.166625
1967-08-18,2.9167500000000004
1967-08-19,2.25
1967-08-20,2.4585
1967-08-21,1.583375
1967-08-22,1.3332499999999998
1967-08-23,1.29175
1967-08-24,1.91675
1967-08-25,2.875
1967-08-26,2.208375
1967-08-27,1.916625
1967-08-28,1.541625
1967-08-29,1.91675
1967-08-30,2.29175
1967-08-31,2.458125
1967-09-01,3.7082500000000005
1967-09-02,3.083375
1967-09-03,1.5
1967-09-04,1.583375
1967-09-05,0.8751249999999999
1967-09-06,1.166625
1967-09-07,1.75
1967-09-08,2.041625
1967-09-09,2.291875
1967-09-10,0.7497500000000001
1967-09-11,0.5415000000000001
1967-09-12,0.958375
1967-09-13,3.875
1967-09-14,2.8332499999999996
1967-09-15,2.5832499999999996
1967-09-16,2.250125
1967-09-17,1.45825
1967-09-18,2.292
1967-09-19,3.166625
1967-09-20,4.7917499999999995
1967-09-21,5.958375
1967-09-22,1.95825
1967-09-23,0.833375
1967-09-24,1.625
1967-09-25,1.416625
1967-09-26,1.041625
1967-09-27,1.208375
1967-09-28,4.291625
1967-09-29,4.875
1967-09-30,4.166625
1967-10-01,2.083125
1967-10-02,1.16675
1967-10-03,1.833375
1967-10-04,1.0
1967-10-05,1.833375
1967-10-06,1.500125
1967-10-07,1.7915
1967-10-08,2.125
1967-10-09,2.8748750000000003
1967-10-10,4.291625
1967-10-11,2.458375
1967-10-12,3.04175
1967-10-13,2.125
1967-10-14,2.583375
1967-10-15,1.625
1967-10-16,1.29175
1967-10-17,2.25
1967-10-18,1.708375
1967-10-19,1.124875
1967-10-20,0.70825
1967-10-21,0.125
1967-10-22,1.375
1967-10-23,1.9165
1967-10-24,1.08325
1967-10-25,0.66675
1967-10-26,0.583375
1967-10-27,2.250125
1967-10-28,3.708375
1967-10-29,3.5832499999999996
1967-10-30,2.3332499999999996
1967-10-31,1.4165
1967-11-01,0.7915
1967-11-02,2.333375
1967-11-03,3.3751250000000006
1967-11-04,2.04175
1967-11-05,2.41675
1967-11-06,1.124875
1967-11-07,0.666625
1967-11-08,3.166625
1967-11-09,2.2917500000000004
1967-11-10,1.0
1967-11-11,2.16675
1967-11-12,3.541625
1967-11-13,3.1667500000000004
1967-11-14,2.33325
1967-11-15,2.08325
1967-11-16,2.1248750000000003
1967-11-17,0.33325000000000005
1967-11-18,0.5833750000000001
1967-11-19,0.7917500000000001
1967-11-20,0.37487500000000007
1967-11-21,0.91675
1967-11-22,2.499875
1967-11-23,1.958375
1967-11-24,3.3332499999999996
1967-11-25,2.416625
1967-11-26,2.041625
1967-11-27,2.083375
1967-11-28,3.041625
1967-11-29,2.6665
1967-11-30,2.5832499999999996
1967-12-01,4.20825
1967-12-02,2.666625
1967-12-03,1.9167500000000002
1967-12-04,1.75
1967-12-05,2.16675
1967-12-06,3.4582499999999996
1967-12-07,3.416625
1967-12-08,3.833375
1967-12-09,2.2501249999999997
1967-12-10,1.54175
1967-12-11,0.6248750000000001
1967-12-12,1.500125
1967-12-13,1.20825
1967-12-14,1.0
1967-12-15,2.291625
1967-12-16,2.041625
1967-12-17,2.416625
1967-12-18,3.2917499999999995
1967-12-19,3.8748750000000003
1967-12-20,4.0835
1967-12-21,3.0001250000000006
1967-12-22,2.6251249999999997
1967-12-23,3.041625
1967-12-24,1.33325
1967-12-25,0.74975
1967-12-26,1.625
1967-12-27,1.958375
1967-12-28,1.16675
1967-12-29,1.25
1967-12-30,2.20825
1967-12-31,5.33325
1968-01-01,3.7502500000000003
1968-01-02,4.083374999999999
1968-01-03,1.91675
1968-01-04,1.5835
1968-01-05,2.333375
1968-01-06,3.0
1968-01-07,2.0
1968-01-08,1.375
1968-01-09,0.58325
1968-01-10,1.333375
1968-01-11,2.041625
1968-01-12,2.791625
1968-01-13,2.208375
1968-01-14,2.4582499999999996
1968-01-15,2.25
1968-01-16,2.5
1968-01-17,2.7082500000000005
1968-01-18,2.1666250000000002
1968-01-19,2.54175
1968-01-20,2.7916250000000007
1968-01-21,2.0835
1968-01-22,2.166625
1968-01-23,2.2498750000000003
1968-01-24,2.291625
1968-01-25,1.166625
1968-01-26,2.5417499999999995
1968-01-27,2.125
1968-01-28,2.458375
1968-01-29,2.7085
1968-01-30,2.333375
1968-01-31,1.875
1968-02-01,2.2501249999999997
1968-02-02,3.3332499999999996
1968-02-03,3.0001249999999997
1968-02-04,2.916499999999999
1968-02-05,1.70825
1968-02-06,0.49987500000000007
1968-02-07,0.95825
1968-02-08,2.9165
1968-02-09,3.166625
1968-02-10,4.08325
1968-02-11,4.916625
1968-02-12,2.6247499999999997
1968-02-13,2.7914999999999996
1968-02-14,1.291625
1968-02-15,3.4998750000000003
1968-02-16,2.9165
1968-02-17,3.166625
1968-02-18,3.666625
1968-02-19,2.083375
1968-02-20,3.9582500000000005
1968-02-21,3.6667500000000004
1968-02-22,2.2083749999999998
1968-02-23,1.458375
1968-02-24,1.54175
1968-02-25,1.041625
1968-02-26,1.0831250000000001
1968-02-27,1.750125
1968-02-28,3.8748750000000003
1968-02-29,3.1252500000000003
1968-03-01,2.1665
1968-03-02,2.2498750000000003
1968-03-03,2.791625
1968-03-04,3.0
1968-03-05,3.1666250000000007
1968-03-06,1.70825
1968-03-07,1.291625
1968-03-08,1.000125
1968-03-09,0.95825
1968-03-10,2.791625
1968-03-11,1.875
1968-03-12,1.833375
1968-03-13,1.29175
1968-03-14,3.625
1968-03-15,4.041624999999999
1968-03-16,3.666625
1968-03-17,2.41675
1968-03-18,2.5002500000000003
1968-03-19,2.4166250000000002
1968-03-20,3.166625
1968-03-21,1.7918749999999999
1968-03-22,1.375
1968-03-23,1.916625
1968-03-24,3.6251250000000006
1968-03-25,3.333375
1968-03-26,2.7085
1968-03-27,3.041625
1968-03-28,2.6251249999999997
1968-03-29,2.9165
1968-03-30,3.833375
1968-03-31,2.916625
1968-04-01,3.8751250000000006
1968-04-02,2.666625
1968-04-03,2.541625
1968-04-04,2.04175
1968-04-05,3.208375
1968-04-06,4.33325
1968-04-07,2.29175
1968-04-08,0.791625
1968-04-09,0.499875
1968-04-10,1.666625
1968-04-11,2.291875
1968-04-12,2.29175
1968-04-13,3.541875
1968-04-14,3.7085
1968-04-15,2.916625
1968-04-16,2.75
1968-04-17,2.4165
1968-04-18,2.1248750000000003
1968-04-19,0.6665000000000001
1968-04-20,0.333125
1968-04-21,0.958375
1968-04-22,2.125
1968-04-23,2.625
1968-04-24,1.833375
1968-04-25,1.208375
1968-04-26,3.708375
1968-04-27,3.2915
1968-04-28,2.9998749999999994
1968-04-29,2.833375
1968-04-30,1.874875
1968-05-01,2.45825
1968-05-02,2.5832499999999996
1968-05-03,2.208125
1968-05-04,1.375
1968-05-05,0.958375
1968-05-06,0.7915000000000001
1968-05-07,4.708375
1968-05-08,1.66675
1968-05-09,3.4998750000000003
1968-05-10,2.2501249999999997
1968-05-11,3.208375
1968-05-12,3.625
1968-05-13,2.8748750000000003
1968-05-14,2.5416250000000002
1968-05-15,2.1251249999999997
1968-05-16,2.4167499999999995
1968-05-17,2.7501249999999997
1968-05-18,3.041625
1968-05-19,2.4997499999999997
1968-05-20,3.291625
1968-05-21,3.66675
1968-05-22,2.916875
1968-05-23,2.45825
1968-05-24,3.125
1968-05-25,1.58325
1968-05-26,0.916625
1968-05-27,1.125
1968-05-28,1.58325
1968-05-29,2.208375
1968-05-30,2.375
1968-05-31,2.291625
1968-06-01,2.9582499999999996
1968-06-02,3.1248749999999994
1968-06-03,2.8335
1968-06-04,2.25
1968-06-05,1.374875
1968-06-06,1.25
1968-06-07,2.291875
1968-06-08,2.458125
1968-06-09,2.04175
1968-06-10,4.25
1968-06-11,6.25
1968-06-12,4.541625
1968-06-13,4.875
1968-06-14,3.7498750000000003
1968-06-15,2.04175
1968-06-16,2.29175
1968-06-17,2.916625
1968-06-18,2.541625
1968-06-19,2.83325
1968-06-20,1.666625
1968-06-21,0.708375
1968-06-22,2.2917499999999995
1968-06-23,1.708375
1968-06-24,0.4165
1968-06-25,0.99975
1968-06-26,2.7498750000000003
1968-06-27,2.541625
1968-06-28,1.5
1968-06-29,2.3335
1968-06-30,2.4585
1968-07-01,2.2501249999999997
1968-07-02,2.20825
1968-07-03,2.958375
1968-07-04,2.375125
1968-07-05,2.04175
1968-07-06,1.75
1968-07-07,1.75
1968-07-08,1.541625
1968-07-09,1.08325
1968-07-10,4.249874999999999
1968-07-11,2.25
1968-07-12,1.624875
1968-07-13,2.7085
1968-07-14,3.2498749999999994
1968-07-15,1.749875
1968-07-16,2.0833749999999998
1968-07-17,1.45825
1968-07-18,2.1248750000000003
1968-07-19,1.9997500000000001
1968-07-20,1.08325
1968-07-21,1.958375
1968-07-22,3.2501250000000006
1968-07-23,2.458375
1968-07-24,0.75025
1968-07-25,1.708375
1968-07-26,2.83325
1968-07-27,2.3748749999999994
1968-07-28,1.8335
1968-07-29,1.333375
1968-07-30,1.749875
1968-07-31,1.45825
1968-08-01,0.8751249999999999
1968-08-02,0.958375
1968-08-03,2.499875
1968-08-04,1.291625
1968-08-05,2.5
1968-08-06,3.0
1968-08-07,2.7082500000000005
1968-08-08,2.6667500000000004
1968-08-09,2.7498750000000003
1968-08-10,1.875
1968-08-11,1.41675
1968-08-12,1.5831250000000001
1968-08-13,1.958375
1968-08-14,3.958375
1968-08-15,3.6248749999999994
1968-08-16,4.4582500000000005
1968-08-17,4.5
1968-08-18,3.333375
1968-08-19,2.333375
1968-08-20,1.666625
1968-08-21,1.083375
1968-08-22,1.20825
1968-08-23,2.416625
1968-08-24,3.166875
1968-08-25,0.958125
1968-08-26,0.958375
1968-08-27,1.333375
1968-08-28,0.91675
1968-08-29,0.458375
1968-08-30,0.5415
1968-08-31,2.7498750000000003
1968-09-01,2.041625
1968-09-02,2.2085
1968-09-03,3.2501249999999997
1968-09-04,2.7917499999999995
1968-09-05,2.54175
1968-09-06,3.208375
1968-09-07,2.9998750000000003
1968-09-08,4.708500000000001
1968-09-09,2.708375
1968-09-10,1.625
1968-09-11,1.0415
1968-09-12,3.1667500000000004
1968-09-13,4.750125000000001
1968-09-14,4.08325
1968-09-15,4.0417499999999995
1968-09-16,2.291625
1968-09-17,1.541625
1968-09-18,0.79175
1968-09-19,2.2501250000000006
1968-09-20,1.4585
1968-09-21,2.4582499999999996
1968-09-22,2.3751249999999997
1968-09-23,3.208375
1968-09-24,0.833375
1968-09-25,0.5835
1968-09-26,1.16675
1968-09-27,0.708375
1968-09-28,2.125
1968-09-29,2.08325
1968-09-30,1.5
1968-10-01,2.8748749999999994
1968-10-02,4.8335
1968-10-03,3.083375
1968-10-04,0.791625
1968-10-05,0.625
1968-10-06,1.583375
1968-10-07,2.7501249999999997
1968-10-08,1.708375
1968-10-09,2.0
1968-10-10,1.2085
1968-10-11,0.583375
1968-10-12,5.041625
1968-10-13,4.124875
1968-10-14,2.875
1968-10-15,1.20825
1968-10-16,1.33325
1968-10-17,2.166625
1968-10-18,1.791625
1968-10-19,2.16675
1968-10-20,1.66675
1968-10-21,0.37487500000000007
1968-10-22,0.20825
1968-10-23,0.666625
1968-10-24,1.541625
1968-10-25,1.708375
1968-10-26,1.250125
1968-10-27,1.54175
1968-10-28,1.166625
1968-10-29,4.20825
1968-10-30,2.8751250000000006
1968-10-31,6.291625
1968-11-01,6.08325
1968-11-02,5.708375
1968-11-03,4.04175
1968-11-04,3.833375
1968-11-05,1.5831250000000001
1968-11-06,1.458375
1968-11-07,2.666625
1968-11-08,2.0835
1968-11-09,3.458375
1968-11-10,2.4998750000000003
1968-11-11,2.4164999999999996
1968-11-12,0.666625
1968-11-13,1.4165
1968-11-14,0.916625
1968-11-15,0.625
1968-11-16,2.7082499999999996
1968-11-17,3.25
1968-11-18,3.4167499999999995
1968-11-19,1.541625
1968-11-20,2.583375
1968-11-21,1.54175
1968-11-22,1.3335000000000001
1968-11-23,1.33325
1968-11-24,1.250125
1968-11-25,1.9168749999999999
1968-11-26,1.791625
1968-11-27,2.208375
1968-11-28,1.83325
1968-11-29,1.0
1968-11-30,0.458125
1968-12-01,2.0833749999999998
1968-12-02,1.500125
1968-12-03,3.166625
1968-12-04,3.333375
1968-12-05,3.583375
1968-12-06,1.916625
1968-12-07,1.08325
1968-12-08,2.41675
1968-12-09,1.41675
1968-12-10,2.625
1968-12-11,1.541625
1968-12-12,1.708375
1968-12-13,1.375
1968-12-14,0.75
1968-12-15,1.625
1968-12-16,1.95825
1968-12-17,0.958375
1968-12-18,1.9165
1968-12-19,2.66675
1968-12-20,0.79175
1968-12-21,2.666625
1968-12-22,2.5417500000000004
1968-12-23,2.75
1968-12-24,2.083375
1968-12-25,3.1251249999999997
1968-12-26,0.8751249999999999
1968-12-27,2.5
1968-12-28,1.41675
1968-12-29,1.999875
1968-12-30,2.0416250000000002
1968-12-31,2.1248750000000003
1969-01-01,1.95825
1969-01-02,0.8331250000000001
1969-01-03,0.24987499999999999
1969-01-04,0.666625
1969-01-05,0.66675
1969-01-06,0.24987499999999999
1969-01-07,1.95825
1969-01-08,1.9585
1969-01-09,1.16675
1969-01-10,0.7085
1969-01-11,1.20825
1969-01-12,1.4581250000000001
1969-01-13,0.29175
1969-01-14,2.1665
1969-01-15,2.6666250000000002
1969-01-16,2.33325
1969-01-17,3.541625
1969-01-18,3.375
1969-01-19,2.4582500000000005
1969-01-20,2.416625
1969-01-21,1.583375
1969-01-22,0.875
1969-01-23,1.16675
1969-01-24,2.041875
1969-01-25,4.124874999999999
1969-01-26,3.291625
1969-01-27,2.5833749999999993
1969-01-28,1.16675
1969-01-29,0.541625
1969-01-30,1.45825
1969-01-31,1.58325
1969-02-01,0.75
1969-02-02,3.1251249999999997
1969-02-03,5.166625
1969-02-04,2.7085
1969-02-05,2.083375
1969-02-06,2.7498750000000003
1969-02-07,1.999875
1969-02-08,2.08325
1969-02-09,1.0
1969-02-10,2.333375
1969-02-11,5.33325
1969-02-12,1.875125
1969-02-13,2.3748750000000003
1969-02-14,1.95825
1969-02-15,3.2082500000000005
1969-02-16,2.375
1969-02-17,1.0
1969-02-18,0.29150000000000004
1969-02-19,1.8336249999999998
1969-02-20,2.04175
1969-02-21,1.666625
1969-02-22,1.08325
1969-02-23,2.125
1969-02-24,1.500125
1969-02-25,1.58325
1969-02-26,2.5835
1969-02-27,3.875
1969-02-28,2.8751249999999997
1969-03-01,2.083375
1969-03-02,1.9168749999999999
1969-03-03,0.54175
1969-03-04,0.9998750000000001
1969-03-05,2.208375
1969-03-06,2.708375
1969-03-07,3.125
1969-03-08,2.41675
1969-03-09,2.25
1969-03-10,1.375
1969-03-11,3.041625
1969-03-12,4.208375
1969-03-13,1.91675
1969-03-14,1.7915
1969-03-15,3.2501249999999997
1969-03-16,2.583375
1969-03-17,4.458374999999999
1969-03-18,2.2498750000000003
1969-03-19,2.458375
1969-03-20,3.375
1969-03-21,2.6667500000000004
1969-03-22,2.4583749999999998
1969-03-23,3.458375
1969-03-24,5.0
1969-03-25,3.416625
1969-03-26,2.291625
1969-03-27,1.4581250000000001
1969-03-28,1.54175
1969-03-29,2.5
1969-03-30,2.7917500000000004
1969-03-31,2.875
1969-04-01,3.291875
1969-04-02,2.8751249999999997
1969-04-03,2.8751249999999997
1969-04-04,2.458375
1969-04-05,2.291625
1969-04-06,2.416625
1969-04-07,3.291625
1969-04-08,1.9165
1969-04-09,2.541625
1969-04-10,1.624875
1969-04-11,1.75
1969-04-12,1.749875
1969-04-13,3.3748750000000003
1969-04-14,2.833375
1969-04-15,2.791625
1969-04-16,3.2082500000000005
1969-04-17,3.5417500000000004
1969-04-18,2.708375
1969-04-19,1.1665
1969-04-20,1.833375
1969-04-21,1.333375
1969-04-22,2.2915
1969-04-23,1.374875
1969-04-24,2.125
1969-04-25,2.0835
1969-04-26,1.500125
1969-04-27,2.416625
1969-04-28,4.79175
1969-04-29,2.5001249999999997
1969-04-30,3.9167500000000004
1969-05-01,2.0
1969-05-02,3.5001249999999997
1969-05-03,2.8751249999999997
1969-05-04,2.0
1969-05-05,2.291625
1969-05-06,1.874875
1969-05-07,1.166625
1969-05-08,1.2915
1969-05-09,2.333375
1969-05-10,2.2916250000000002
1969-05-11,1.208375
1969-05-12,1.41675
1969-05-13,4.58325
1969-05-14,4.666875
1969-05-15,6.91675
1969-05-16,4.208375
1969-05-17,2.5415
1969-05-18,3.29175
1969-05-19,2.25
1969-05-20,1.9581250000000001
1969-05-21,2.750125
1969-05-22,2.3335
1969-05-23,2.3332499999999996
1969-05-24,2.33325
1969-05-25,1.625
1969-05-26,0.958375
1969-05-27,0.75
1969-05-28,2.041625
1969-05-29,1.20825
1969-05-30,2.375
1969-05-31,2.666625
1969-06-01,1.375125
1969-06-02,1.500125
1969-06-03,1.2501250000000002
1969-06-04,1.45825
1969-06-05,1.375
1969-06-06,0.874875
1969-06-07,1.874875
1969-06-08,2.75
1969-06-09,2.7082499999999996
1969-06-10,2.3749999999999996
1969-06-11,1.9585
1969-06-12,3.1248749999999994
1969-06-13,2.9167499999999995
1969-06-14,4.083375
1969-06-15,2.16675
1969-06-16,3.25
1969-06-17,3.0832499999999996
1969-06-18,0.958375
1969-06-19,1.58325
1969-06-20,2.2083749999999998
1969-06-21,1.416625
1969-06-22,0.458375
1969-06-23,1.416625
1969-06-24,2.5832500000000005
1969-06-25,2.20825
1969-06-26,1.75
1969-06-27,1.41675
1969-06-28,0.833375
1969-06-29,0.958375
1969-06-30,1.208375
1969-07-01,2.9998750000000003
1969-07-02,1.25
1969-07-03,0.79175
1969-07-04,0.541625
1969-07-05,0.45825000000000005
1969-07-06,1.0835
1969-07-07,1.458375
1969-07-08,1.25
1969-07-09,1.750125
1969-07-10,1.708375
1969-07-11,1.375125
1969-07-12,2.416625
1969-07-13,2.791625
1969-07-14,2.541625
1969-07-15,1.33325
1969-07-16,2.2917500000000004
1969-07-17,1.0
1969-07-18,0.791625
1969-07-19,0.49975000000000014
1969-07-20,0.7917500000000001
1969-07-21,1.125
1969-07-22,1.875125
1969-07-23,1.291625
1969-07-24,0.95825
1969-07-25,0.9585
1969-07-26,2.8335
1969-07-27,3.8748749999999994
1969-07-28,1.0
1969-07-29,0.458125
1969-07-30,2.1667500000000004
1969-07-31,1.5
1969-08-01,0.7084999999999999
1969-08-02,1.2081250000000001
1969-08-03,2.7085
1969-08-04,2.666625
1969-08-05,1.75
1969-08-06,1.250125
1969-08-07,2.0001249999999997
1969-08-08,2.083375
1969-08-09,2.4998750000000003
1969-08-10,1.583375
1969-08-11,0.875
1969-08-12,3.4998749999999994
1969-08-13,1.625125
1969-08-14,1.499875
1969-08-15,1.124875
1969-08-16,0.91675
1969-08-17,1.41675
1969-08-18,1.625
1969-08-19,2.75
1969-08-20,1.70825
1969-08-21,1.458375
1969-08-22,1.2914999999999999
1969-08-23,2.4998750000000003
1969-08-24,1.75
1969-08-25,0.7498750000000001
1969-08-26,2.416875
1969-08-27,3.0416250000000002
1969-08-28,1.4585
1969-08-29,0.91675
1969-08-30,1.000125
1969-08-31,1.20825
1969-09-01,0.6665000000000001
1969-09-02,0.37487500000000007
1969-09-03,1.0
1969-09-04,1.0835
1969-09-05,2.54175
1969-09-06,3.208375
1969-09-07,2.708375
1969-09-08,2.7917500000000004
1969-09-09,2.25
1969-09-10,1.7915
1969-09-11,2.0415
1969-09-12,1.16675
1969-09-13,0.49987500000000007
1969-09-14,1.916625
1969-09-15,3.166875
1969-09-16,1.625125
1969-09-17,2.166625
1969-09-18,3.2917499999999995
1969-09-19,2.125
1969-09-20,2.04175
1969-09-21,1.208375
1969-09-22,0.6665000000000001
1969-09-23,1.5415
1969-09-24,1.375
1969-09-25,2.20825
1969-09-26,0.8748750000000001
1969-09-27,1.0415
1969-09-28,4.458375
1969-09-29,5.5
1969-09-30,5.75
1969-10-01,3.4585
1969-10-02,4.0417499999999995
1969-10-03,3.0416250000000002
1969-10-04,2.20825
1969-10-05,1.70825
1969-10-06,3.0
1969-10-07,1.45825
1969-10-08,0.833375
1969-10-09,1.583375
1969-10-10,3.4998750000000003
1969-10-11,2.33325
1969-10-12,1.9997500000000001
1969-10-13,1.083375
1969-10-14,0.66675
1969-10-15,0.83325
1969-10-16,1.25
1969-10-17,1.124875
1969-10-18,1.625
1969-10-19,2.333375
1969-10-20,1.2085
1969-10-21,1.95825
1969-10-22,1.875125
1969-10-23,0.9581250000000001
1969-10-24,2.7916250000000002
1969-10-25,1.5
1969-10-26,1.0
1969-10-27,1.91675
1969-10-28,1.6665
1969-10-29,1.0
1969-10-30,0.166625
1969-10-31,1.458375
1969-11-01,0.58325
1969-11-02,2.5001249999999997
1969-11-03,3.0417500000000004
1969-11-04,1.4585
1969-11-05,1.4585000000000001
1969-11-06,0.6250000000000001
1969-11-07,2.6665
1969-11-08,2.708375
1969-11-09,4.416625
1969-11-10,4.333500000000001
1969-11-11,2.41675
1969-11-12,1.625
1969-11-13,1.33325
1969-11-14,0.41650000000000004
1969-11-15,0.24975
1969-11-16,0.58325
1969-11-17,0.7915000000000001
1969-11-18,1.0835
1969-11-19,1.625
1969-11-20,1.0
1969-11-21,0.458375
1969-11-22,2.25
1969-11-23,1.208375
1969-11-24,1.666625
1969-11-25,1.624875
1969-11-26,2.291625
1969-11-27,3.45825
1969-11-28,2.083375
1969-11-29,2.833125
1969-11-30,3.0832499999999996
1969-12-01,1.249875
1969-12-02,0.91675
1969-12-03,0.7915
1969-12-04,1.75
1969-12-05,3.1248750000000003
1969-12-06,3.3748750000000003
1969-12-07,1.25
1969-12-08,1.375125
1969-12-09,2.3335
1969-12-10,1.4165
1969-12-11,2.25
1969-12-12,1.166625
1969-12-13,0.75
1969-12-14,0.875
1969-12-15,1.250125
1969-12-16,2.5
1969-12-17,1.08325
1969-12-18,0.75
1969-12-19,0.91675
1969-12-20,0.541625
1969-12-21,0.7081250000000001
1969-12-22,1.749875
1969-12-23,2.458375
1969-12-24,2.166625
1969-12-25,2.25
1969-12-26,2.083375
1969-12-27,1.916625
1969-12-28,0.8747500000000001
1969-12-29,1.124875
1969-12-30,0.54175
1969-12-31,0.666625
1970-01-01,1.8335
1970-01-02,4.08325
1970-01-03,2.083375
1970-01-04,0.7501249999999999
1970-01-05,1.37525
1970-01-06,1.208375
1970-01-07,1.16675
1970-01-08,1.416625
1970-01-09,1.999875
1970-01-10,1.29175
1970-01-11,0.95825
1970-01-12,1.708375
1970-01-13,1.125
1970-01-14,1.3335
1970-01-15,1.66675
1970-01-16,3.166625
1970-01-17,1.9585
1970-01-18,1.583375
1970-01-19,1.208375
1970-01-20,1.750125
1970-01-21,1.66675
1970-01-22,1.0835
1970-01-23,1.374875
1970-01-24,1.83325
1970-01-25,0.541625
1970-01-26,0.49975000000000014
1970-01-27,1.58325
1970-01-28,1.25
1970-01-29,1.7081250000000001
1970-01-30,2.583125
1970-01-31,1.624875
1970-02-01,1.75
1970-02-02,3.375
1970-02-03,1.70825
1970-02-04,2.5
1970-02-05,2.333375
1970-02-06,0.833375
1970-02-07,0.2915
1970-02-08,0.41674999999999995
1970-02-09,0.625
1970-02-10,1.1666249999999998
1970-02-11,0.62525
1970-02-12,0.708375
1970-02-13,1.416625
1970-02-14,2.1666250000000002
1970-02-15,2.0
1970-02-16,1.333375
1970-02-17,2.083375
1970-02-18,2.2501249999999997
1970-02-19,1.125
1970-02-20,0.708375
1970-02-21,0.45825000000000005
1970-02-22,0.4165
1970-02-23,0.833375
1970-02-24,2.16675
1970-02-25,0.9165000000000001
1970-02-26,1.999875
1970-02-27,1.70825
1970-02-28,2.8335
1970-03-01,3.4165
1970-03-02,3.0
1970-03-03,2.9165
1970-03-04,3.0415
1970-03-05,2.541625
1970-03-06,3.583375
1970-03-07,4.625000000000001
1970-03-08,6.58325
1970-03-09,4.5415
1970-03-10,1.58325
1970-03-11,0.666625
1970-03-12,1.374875
1970-03-13,1.9581250000000001
1970-03-14,0.7915000000000001
1970-03-15,1.79175
1970-03-16,0.6666249999999999
1970-03-17,1.25
1970-03-18,1.583375
1970-03-19,1.33325
1970-03-20,1.125
1970-03-21,0.58325
1970-03-22,0.5
1970-03-23,1.25
1970-03-24,0.49987499999999996
1970-03-25,0.666625
1970-03-26,1.250125
1970-03-27,2.541625
1970-03-28,3.416625
1970-03-29,3.1248750000000003
1970-03-30,3.083375
1970-03-31,4.79175
1970-04-01,1.25
1970-04-02,1.541875
1970-04-03,2.4167499999999995
1970-04-04,2.291625
1970-04-05,1.999875
1970-04-06,3.416625
1970-04-07,1.958375
1970-04-08,2.5
1970-04-09,2.916625
1970-04-10,0.791625
1970-04-11,1.83325
1970-04-12,1.541625
1970-04-13,0.875
1970-04-14,0.7498750000000001
1970-04-15,1.3335
1970-04-16,2.5835
1970-04-17,4.0
1970-04-18,2.791625
1970-04-19,3.166625
1970-04-20,3.333375
1970-04-21,5.7917499999999995
1970-04-22,3.5
1970-04-23,2.8335
1970-04-24,3.041625
1970-04-25,3.1666250000000007
1970-04-26,2.4165
1970-04-27,2.0413750000000004
1970-04-28,1.3335
1970-04-29,1.791625
1970-04-30,3.2085
1970-05-01,2.33325
1970-05-02,2.20825
1970-05-03,2.166875
1970-05-04,1.7085
1970-05-05,2.375
1970-05-06,1.375
1970-05-07,1.583375
1970-05-08,0.91675
1970-05-09,0.8334999999999999
1970-05-10,0.37487500000000007
1970-05-11,0.666375
1970-05-12,2.958375
1970-05-13,1.58325
1970-05-14,2.6251249999999997
1970-05-15,2.08325
1970-05-16,1.5
1970-05-17,2.2917500000000004
1970-05-18,1.333375
1970-05-19,1.58325
1970-05-20,2.7498750000000003
1970-05-21,1.958375
1970-05-22,1.66675
1970-05-23,1.75
1970-05-24,1.708375
1970-05-25,1.66675
1970-05-26,0.49987499999999996
1970-05-27,2.70825
1970-05-28,4.374874999999999
1970-05-29,2.6667499999999995
1970-05-30,2.3751249999999997
1970-05-31,1.458375
1970-06-01,3.7917500000000004
1970-06-02,2.25
1970-06-03,2.5
1970-06-04,2.083375
1970-06-05,1.541625
1970-06-06,0.7498750000000001
1970-06-07,1.6667500000000002
1970-06-08,2.458375
1970-06-09,1.375
1970-06-10,1.499875
1970-06-11,1.16675
1970-06-12,1.25
1970-06-13,2.1251249999999997
1970-06-14,1.791625
1970-06-15,2.7082499999999996
1970-06-16,2.1248750000000003
1970-06-17,2.541625
1970-06-18,3.833125
1970-06-19,1.95825
1970-06-20,3.208375
1970-06-21,2.9582500000000005
1970-06-22,0.9582499999999999
1970-06-23,0.916625
1970-06-24,1.416625
1970-06-25,1.45825
1970-06-26,2.666625
1970-06-27,3.8332499999999996
1970-06-28,1.75
1970-06-29,1.54175
1970-06-30,1.25
1970-07-01,2.3332500000000005
1970-07-02,2.208125
1970-07-03,2.9582499999999996
1970-07-04,2.7498749999999994
1970-07-05,2.958375
1970-07-06,2.5835000000000004
1970-07-07,1.083375
1970-07-08,1.791625
1970-07-09,5.95825
1970-07-10,3.66675
1970-07-11,2.3748750000000003
1970-07-12,2.9165
1970-07-13,2.291625
1970-07-14,2.2501249999999997
1970-07-15,1.41675
1970-07-16,1.3752499999999999
1970-07-17,1.666625
1970-07-18,1.291625
1970-07-19,1.29175
1970-07-20,1.249875
1970-07-21,3.958375
1970-07-22,2.541625
1970-07-23,2.1665
1970-07-24,3.7501250000000006
1970-07-25,5.875
1970-07-26,3.25
1970-07-27,2.8332499999999996
1970-07-28,1.00025
1970-07-29,4.541625
1970-07-30,1.83325
1970-07-31,2.791625
1970-08-01,1.04175
1970-08-02,1.375125
1970-08-03,0.9167500000000001
1970-08-04,0.958625
1970-08-05,0.583375
1970-08-06,1.750125
1970-08-07,2.375
1970-08-08,3.7917500000000004
1970-08-09,3.0417500000000004
1970-08-10,1.916625
1970-08-11,2.208375
1970-08-12,2.08325
1970-08-13,1.625
1970-08-14,1.125
1970-08-15,1.5835000000000001
1970-08-16,1.999875
1970-08-17,6.33325
1970-08-18,4.41675
1970-08-19,2.5832499999999996
1970-08-20,1.0
1970-08-21,1.2085
1970-08-22,1.54175
1970-08-23,1.875125
1970-08-24,0.875
1970-08-25,2.0001249999999997
1970-08-26,3.083375
1970-08-27,2.625
1970-08-28,2.5417500000000004
1970-08-29,2.2083749999999998
1970-08-30,1.208375
1970-08-31,2.500125
1970-09-01,3.25
1970-09-02,3.041625
1970-09-03,2.8332499999999996
1970-09-04,2.5
1970-09-05,1.91675
1970-09-06,1.374875
1970-09-07,1.416625
1970-09-08,1.83325
1970-09-09,1.33325
1970-09-10,1.166625
1970-09-11,0.25
1970-09-12,1.16675
1970-09-13,3.5833749999999993
1970-09-14,3.3332499999999996
1970-09-15,2.3332500000000005
1970-09-16,1.875125
1970-09-17,1.874875
1970-09-18,2.375
1970-09-19,3.0832499999999996
1970-09-20,2.9583749999999993
1970-09-21,3.6251249999999997
1970-09-22,2.5
1970-09-23,1.500125
1970-09-24,1.708375
1970-09-25,1.749875
1970-09-26,1.66675
1970-09-27,3.3332499999999996
1970-09-28,1.45825
1970-09-29,1.125
1970-09-30,2.08325
1970-10-01,2.33325
1970-10-02,2.20825
1970-10-03,2.6667500000000004
1970-10-04,3.625
1970-10-05,2.000125
1970-10-06,1.5
1970-10-07,0.83325
1970-10-08,0.4583750000000001
1970-10-09,0.416625
1970-10-10,1.625
1970-10-11,2.916625
1970-10-12,2.4166250000000007
1970-10-13,2.0001249999999997
1970-10-14,1.749875
1970-10-15,0.916625
1970-10-16,3.458125
1970-10-17,4.125
1970-10-18,4.04175
1970-10-19,2.3333749999999998
1970-10-20,1.54175
1970-10-21,0.20825
1970-10-22,3.083375
1970-10-23,4.000125
1970-10-24,2.6248750000000003
1970-10-25,1.66675
1970-10-26,1.0
1970-10-27,1.125
1970-10-28,2.791875
1970-10-29,2.583375
1970-10-30,1.875125
1970-10-31,1.041625
1970-11-01,0.4163750000000001
1970-11-02,1.041625
1970-11-03,1.958375
1970-11-04,1.66675
1970-11-05,2.20825
1970-11-06,2.5
1970-11-07,5.04175
1970-11-08,1.79175
1970-11-09,2.04175
1970-11-10,3.083375
1970-11-11,3.375
1970-11-12,2.1251249999999997
1970-11-13,2.1251249999999997
1970-11-14,1.83325
1970-11-15,0.958375
1970-11-16,1.375
1970-11-17,1.45825
1970-11-18,2.6248750000000003
1970-11-19,2.291625
1970-11-20,0.583375
1970-11-21,3.708375
1970-11-22,3.291625
1970-11-23,3.5417500000000004
1970-11-24,2.7082499999999996
1970-11-25,2.708375
1970-11-26,2.08325
1970-11-27,2.4582500000000005
1970-11-28,1.9585
1970-11-29,0.5
1970-11-30,0.20825000000000002
1970-12-01,0.1665
1970-12-02,1.04175
1970-12-03,0.958375
1970-12-04,1.125
1970-12-05,1.833375
1970-12-06,1.8331250000000001
1970-12-07,1.874875
1970-12-08,3.1251249999999997
1970-12-09,1.500125
1970-12-10,0.666625
1970-12-11,0.33325000000000005
1970-12-12,0.8332499999999999
1970-12-13,1.1665
1970-12-14,4.999874999999999
1970-12-15,2.708125
1970-12-16,0.8335
1970-12-17,0.75
1970-12-18,0.5832499999999999
1970-12-19,2.083375
1970-12-20,1.8331250000000001
1970-12-21,0.9582499999999999
1970-12-22,1.458375
1970-12-23,1.833375
1970-12-24,2.4167500000000004
1970-12-25,1.083375
1970-12-26,1.041625
1970-12-27,1.833375
1970-12-28,3.0
1970-12-29,2.3751249999999997
1970-12-30,2.3332499999999996
1970-12-31,0.54175
1971-01-01,1.41675
1971-01-02,3.3335
1971-01-03,4.33325
1971-01-04,3.083375
1971-01-05,2.333375
1971-01-06,1.16675
1971-01-07,0.208125
1971-01-08,0.041625
1971-01-09,0.125
1971-01-10,1.33325
1971-01-11,1.833375
1971-01-12,0.70825
1971-01-13,1.58325
1971-01-14,2.04175
1971-01-15,2.041625
1971-01-16,1.750125
1971-01-17,1.583375
1971-01-18,2.7501250000000006
1971-01-19,2.583375
1971-01-20,3.958375
1971-01-21,2.666875
1971-01-22,2.0
1971-01-23,1.625
1971-01-24,2.166625
1971-01-25,2.000125
1971-01-26,0.291625
1971-01-27,4.125
1971-01-28,4.500125
1971-01-29,2.708375
1971-01-30,3.7082499999999996
1971-01-31,3.1252500000000003
1971-02-01,2.875
1971-02-02,2.0835
1971-02-03,1.04175
1971-02-04,0.9998750000000001
1971-02-05,0.958375
1971-02-06,1.666625
1971-02-07,1.6665
1971-02-08,2.375
1971-02-09,2.291625
1971-02-10,2.083125
1971-02-11,1.33325
1971-02-12,1.749875
1971-02-13,0.75
1971-02-14,2.7498750000000003
1971-02-15,3.9582499999999996
1971-02-16,3.833375000000001
1971-02-17,2.7917499999999995
1971-02-18,2.6667500000000004
1971-02-19,1.9585
1971-02-20,2.041625
1971-02-21,1.750125
1971-02-22,0.833375
1971-02-23,2.416625
1971-02-24,2.2498750000000003
1971-02-25,4.583375
1971-02-26,3.791499999999999
1971-02-27,2.2915
1971-02-28,1.333375
1971-03-01,1.16675
1971-03-02,1.0
1971-03-03,2.1665
1971-03-04,2.75
1971-03-05,1.33325
1971-03-06,1.125
1971-03-07,1.0001250000000002
1971-03-08,2.916625
1971-03-09,1.54175
1971-03-10,2.8335000000000004
1971-03-11,1.54175
1971-03-12,2.7498750000000003
1971-03-13,4.541625
1971-03-14,3.9998750000000003
1971-03-15,3.375
1971-03-16,2.8332500000000005
1971-03-17,2.25
1971-03-18,1.625
1971-03-19,2.791875
1971-03-20,2.375
1971-03-21,0.70825
1971-03-22,0.58325
1971-03-23,0.791625
1971-03-24,2.6667500000000004
1971-03-25,2.54175
1971-03-26,2.8332499999999996
1971-03-27,2.208375
1971-03-28,0.49987499999999996
1971-03-29,0.45824999999999994
1971-03-30,1.875
1971-03-31,3.7498750000000003
1971-04-01,2.2916250000000002
1971-04-02,1.625
1971-04-03,2.875
1971-04-04,3.8332500000000005
1971-04-05,2.291625
1971-04-06,2.791625
1971-04-07,1.41675
1971-04-08,1.499875
1971-04-09,4.875125
1971-04-10,4.124875
1971-04-11,3.833375
1971-04-12,2.3335
1971-04-13,2.0
1971-04-14,3.541625
1971-04-15,4.125125
1971-04-16,2.916625
1971-04-17,1.791625
1971-04-18,2.333375
1971-04-19,1.916625
1971-04-20,1.125
1971-04-21,2.66675
1971-04-22,2.75
1971-04-23,2.208375
1971-04-24,0.5831250000000001
1971-04-25,0.20825000000000002
1971-04-26,1.1665
1971-04-27,1.9581250000000001
1971-04-28,3.1251250000000006
1971-04-29,2.083375
1971-04-30,1.833375
1971-05-01,1.666625
1971-05-02,2.7083749999999998
1971-05-03,1.9165
1971-05-04,1.54175
1971-05-05,1.70825
1971-05-06,4.916625
1971-05-07,4.375
1971-05-08,2.7915
1971-05-09,2.583375
1971-05-10,2.3333749999999998
1971-05-11,1.0
1971-05-12,0.8333750000000001
1971-05-13,1.041625
1971-05-14,2.7917499999999995
1971-05-15,2.416625
1971-05-16,1.124875
1971-05-17,5.666625
1971-05-18,4.375125000000001
1971-05-19,2.3748750000000003
1971-05-20,1.249875
1971-05-21,1.25
1971-05-22,1.291625
1971-05-23,2.3332499999999996
1971-05-24,1.7915
1971-05-25,1.75
1971-05-26,2.166875
1971-05-27,0.416625
1971-05-28,0.833125
1971-05-29,1.375
1971-05-30,3.166625
1971-05-31,1.0
1971-06-01,3.291625
1971-06-02,4.166625
1971-06-03,3.583375
1971-06-04,2.166625
1971-06-05,1.7081250000000001
1971-06-06,1.4165
1971-06-07,0.75
1971-06-08,1.791625
1971-06-09,0.7501249999999999
1971-06-10,1.041625
1971-06-11,1.5
1971-06-12,0.791625
1971-06-13,1.6665
1971-06-14,1.375
1971-06-15,1.291625
1971-06-16,1.45825
1971-06-17,2.083375
1971-06-18,1.5835
1971-06-19,0.49987500000000007
1971-06-20,0.833375
1971-06-21,1.166625
1971-06-22,1.416625
1971-06-23,1.791625
1971-06-24,1.16675
1971-06-25,4.125
1971-06-26,2.4164999999999996
1971-06-27,1.083375
1971-06-28,1.91675
1971-06-29,3.5415
1971-06-30,2.333375
1971-07-01,2.4163750000000004
1971-07-02,2.8751249999999997
1971-07-03,1.791625
1971-07-04,1.75
1971-07-05,1.79175
1971-07-06,1.91675
1971-07-07,0.7085
1971-07-08,1.95825
1971-07-09,1.4163750000000002
1971-07-10,0.541625
1971-07-11,1.41675
1971-07-12,1.7915
1971-07-13,2.1251249999999997
1971-07-14,2.0
1971-07-15,1.9165
1971-07-16,1.625125
1971-07-17,0.9998750000000001
1971-07-18,1.6665
1971-07-19,1.666625
1971-07-20,0.8751249999999999
1971-07-21,3.0835
1971-07-22,1.541625
1971-07-23,1.9165
1971-07-24,1.16675
1971-07-25,0.7501249999999999
1971-07-26,2.083375
1971-07-27,2.08325
1971-07-28,1.3331250000000001
1971-07-29,1.416625
1971-07-30,2.0
1971-07-31,2.125
1971-08-01,1.499875
1971-08-02,2.7917500000000004
1971-08-03,0.95825
1971-08-04,1.83325
1971-08-05,2.20825
1971-08-06,0.416625
1971-08-07,1.16675
1971-08-08,2.4582499999999996
1971-08-09,2.20825
1971-08-10,2.458375
1971-08-11,2.7916250000000007
1971-08-12,2.1666250000000002
1971-08-13,1.583375
1971-08-14,1.0
1971-08-15,1.3331250000000001
1971-08-16,1.916625
1971-08-17,1.75025
1971-08-18,2.624875
1971-08-19,0.9165000000000001
1971-08-20,0.874875
1971-08-21,2.083375
1971-08-22,2.166625
1971-08-23,2.45825
1971-08-24,1.875
1971-08-25,1.750125
1971-08-26,2.25
1971-08-27,0.7917500000000001
1971-08-28,1.374875
1971-08-29,1.5
1971-08-30,1.4585
1971-08-31,4.125125000000001
1971-09-01,2.3751249999999997
1971-09-02,0.2915
1971-09-03,1.33325
1971-09-04,1.499875
1971-09-05,2.916625
1971-09-06,2.375
1971-09-07,3.333375
1971-09-08,2.458375
1971-09-09,1.791625
1971-09-10,1.374875
1971-09-11,1.5415
1971-09-12,1.875
1971-09-13,2.9585
1971-09-14,2.125
1971-09-15,2.124875
1971-09-16,2.333375
1971-09-17,2.29175
1971-09-18,4.41675
1971-09-19,2.083375
1971-09-20,3.0832499999999996
1971-09-21,1.2081250000000001
1971-09-22,1.04175
1971-09-23,0.458125
1971-09-24,1.16675
1971-09-25,3.66675
1971-09-26,2.6665
1971-09-27,4.333375
1971-09-28,2.249875
1971-09-29,1.458375
1971-09-30,3.5
1971-10-01,3.4167500000000004
1971-10-02,3.5001249999999997
1971-10-03,3.166625
1971-10-04,2.666625
1971-10-05,2.958375
1971-10-06,2.9998750000000003
1971-10-07,2.25
1971-10-08,3.4582499999999996
1971-10-09,4.416625000000001
1971-10-10,1.958375
1971-10-11,2.3332499999999996
1971-10-12,1.833375
1971-10-13,2.875
1971-10-14,2.08325
1971-10-15,1.875
1971-10-16,1.08325
1971-10-17,0.7915000000000001
1971-10-18,0.5
1971-10-19,0.45825000000000005
1971-10-20,1.083375
1971-10-21,1.2085
1971-10-22,1.875125
1971-10-23,1.375
1971-10-24,2.6251250000000006
1971-10-25,1.7085
1971-10-26,0.41675
1971-10-27,0.8334999999999999
1971-10-28,2.7917500000000004
1971-10-29,3.8332499999999996
1971-10-30,2.416625
1971-10-31,1.25
1971-11-01,1.41675
1971-11-02,0.66675
1971-11-03,0.6667500000000001
1971-11-04,1.458375
1971-11-05,1.20825
1971-11-06,0.625
1971-11-07,1.625
1971-11-08,2.083375
1971-11-09,0.91675
1971-11-10,1.25
1971-11-11,2.958375
1971-11-12,2.1248750000000003
1971-11-13,0.708375
1971-11-14,0.249875
1971-11-15,0.416625
1971-11-16,0.4165000000000001
1971-11-17,0.208375
1971-11-18,1.666625
1971-11-19,1.625125
1971-11-20,1.625
1971-11-21,2.4585
1971-11-22,4.124874999999999
1971-11-23,4.749874999999999
1971-11-24,4.374875
1971-11-25,4.708375
1971-11-26,3.125
1971-11-27,2.0
1971-11-28,2.2915
1971-11-29,1.375
1971-11-30,1.25
1971-12-01,1.666875
1971-12-02,1.2085
1971-12-03,2.5
1971-12-04,1.9168749999999999
1971-12-05,1.208375
1971-12-06,0.625
1971-12-07,0.25012500000000004
1971-12-08,0.75
1971-12-09,1.875
1971-12-10,0.666625
1971-12-11,1.29175
1971-12-12,1.7085
1971-12-13,2.791625
1971-12-14,0.666625
1971-12-15,0.8334999999999999
1971-12-16,1.2915
1971-12-17,5.2913749999999995
1971-12-18,3.4167500000000004
1971-12-19,2.20825
1971-12-20,0.75
1971-12-21,2.041625
1971-12-22,3.3748750000000003
1971-12-23,2.5832500000000005
1971-12-24,1.75
1971-12-25,1.625
1971-12-26,2.41675
1971-12-27,0.95825
1971-12-28,0.875
1971-12-29,2.8751249999999997
1971-12-30,2.916625
1971-12-31,1.7502499999999999
1972-01-01,1.75
1972-01-02,1.833375
1972-01-03,1.5
1972-01-04,2.04175
1972-01-05,1.625
1972-01-06,0.4581250000000001
1972-01-07,0.833375
1972-01-08,1.1247500000000001
1972-01-09,1.375
1972-01-10,1.499875
1972-01-11,2.833375
1972-01-12,1.458375
1972-01-13,0.916625
1972-01-14,0.791625
1972-01-15,2.916625
1972-01-16,3.7917500000000004
1972-01-17,3.3332499999999996
1972-01-18,3.291625
1972-01-19,2.541625
1972-01-20,2.083375
1972-01-21,2.958375
1972-01-22,3.75
1972-01-23,4.125
1972-01-24,2.291625
1972-01-25,3.1251249999999997
1972-01-26,3.4582500000000005
1972-01-27,3.0001249999999997
1972-01-28,3.416625
1972-01-29,2.833375
1972-01-30,1.95825
1972-01-31,1.58325
1972-02-01,1.708375
1972-02-02,2.75
1972-02-03,2.0
1972-02-04,2.12525
1972-02-05,1.54175
1972-02-06,1.41675
1972-02-07,1.83325
1972-02-08,1.54175
1972-02-09,0.875
1972-02-10,2.29175
1972-02-11,1.70825
1972-02-12,0.9165000000000001
1972-02-13,3.1665
1972-02-14,2.83325
1972-02-15,2.583375
1972-02-16,1.958375
1972-02-17,3.2498750000000003
1972-02-18,2.0
1972-02-19,2.375
1972-02-20,2.375125
1972-02-21,2.1667500000000004
1972-02-22,1.125
1972-02-23,1.5831250000000001
1972-02-24,4.125125000000001
1972-02-25,3.0001249999999997
1972-02-26,1.375
1972-02-27,1.08325
1972-02-28,1.41675
1972-02-29,0.37487500000000007
1972-03-01,1.874875
1972-03-02,2.2915
1972-03-03,3.0
1972-03-04,1.875
1972-03-05,1.333375
1972-03-06,2.41675
1972-03-07,4.58325
1972-03-08,2.333375
1972-03-09,2.3333749999999998
1972-03-10,0.666625
1972-03-11,1.416625
1972-03-12,0.75
1972-03-13,1.66675
1972-03-14,0.9998750000000001
1972-03-15,1.249875
1972-03-16,3.125
1972-03-17,3.0416250000000007
1972-03-18,2.166625
1972-03-19,1.20825
1972-03-20,1.291625
1972-03-21,1.291625
1972-03-22,2.1251249999999997
1972-03-23,1.875125
1972-03-24,3.3336250000000005
1972-03-25,1.958375
1972-03-26,2.166625
1972-03-27,3.1667499999999995
1972-03-28,1.9169999999999998
1972-03-29,3.4166250000000007
1972-03-30,3.7916250000000007
1972-03-31,2.791625
1972-04-01,2.91675
1972-04-02,1.875
1972-04-03,0.833375
1972-04-04,3.0832499999999996
1972-04-05,2.8748750000000003
1972-04-06,1.75
1972-04-07,2.04175
1972-04-08,1.416625
1972-04-09,0.58325
1972-04-10,1.416625
1972-04-11,1.41675
1972-04-12,2.333375
1972-04-13,2.5417499999999995
1972-04-14,1.833375
1972-04-15,1.750125
1972-04-16,1.4165
1972-04-17,1.54175
1972-04-18,3.708375
1972-04-19,2.0001249999999997
1972-04-20,1.79175
1972-04-21,3.0832499999999996
1972-04-22,1.666625
1972-04-23,2.08325
1972-04-24,1.208375
1972-04-25,0.66675
1972-04-26,0.583375
1972-04-27,1.458375
1972-04-28,3.3747499999999997
1972-04-29,4.666625
1972-04-30,2.916625
1972-05-01,3.2085
1972-05-02,3.2082499999999996
1972-05-03,1.833375
1972-05-04,1.416625
1972-05-05,1.458375
1972-05-06,2.208375
1972-05-07,0.75
1972-05-08,0.875
1972-05-09,2.75
1972-05-10,2.25
1972-05-11,1.874875
1972-05-12,2.166625
1972-05-13,1.83325
1972-05-14,1.8335
1972-05-15,2.666625
1972-05-16,2.5416249999999994
1972-05-17,2.20825
1972-05-18,2.083375
1972-05-19,0.8333750000000001
1972-05-20,1.04175
1972-05-21,0.958375
1972-05-22,1.375
1972-05-23,1.58325
1972-05-24,1.124875
1972-05-25,1.375
1972-05-26,2.0
1972-05-27,1.791625
1972-05-28,3.291625
1972-05-29,2.3332500000000005
1972-05-30,2.7917500000000004
1972-05-31,2.625
1972-06-01,1.45825
1972-06-02,1.70825
1972-06-03,2.58325
1972-06-04,2.75
1972-06-05,2.5
1972-06-06,1.500125
1972-06-07,1.95825
1972-06-08,1.583375
1972-06-09,0.9998750000000001
1972-06-10,1.083125
1972-06-11,0.8751249999999999
1972-06-12,0.70825
1972-06-13,1.125
1972-06-14,2.16675
1972-06-15,2.375
1972-06-16,2.0
1972-06-17,4.875
1972-06-18,6.6665
1972-06-19,2.9167500000000004
1972-06-20,1.833375
1972-06-21,1.333375
1972-06-22,2.541625
1972-06-23,2.583375
1972-06-24,2.625
1972-06-25,1.58325
1972-06-26,2.16675
1972-06-27,2.9167500000000004
1972-06-28,2.7085
1972-06-29,2.4998750000000003
1972-06-30,0.7915000000000001
1972-07-01,1.208375
1972-07-02,1.66675
1972-07-03,1.791625
1972-07-04,0.9581250000000001
1972-07-05,0.583375
1972-07-06,0.875
1972-07-07,2.375
1972-07-08,2.0416250000000002
1972-07-09,1.625
1972-07-10,1.875125
1972-07-11,1.624875
1972-07-12,1.625
1972-07-13,0.7498750000000001
1972-07-14,0.7083750000000001
1972-07-15,1.33325
1972-07-16,2.083375
1972-07-17,1.9165
1972-07-18,1.375125
1972-07-19,1.95825
1972-07-20,1.375
1972-07-21,0.625
1972-07-22,1.6665
1972-07-23,2.208375
1972-07-24,2.416875
1972-07-25,4.125
1972-07-26,3.1248750000000003
1972-07-27,1.958375
1972-07-28,1.29175
1972-07-29,0.8748750000000001
1972-07-30,1.0
1972-07-31,1.20825
1972-08-01,2.125
1972-08-02,1.29175
1972-08-03,1.208375
1972-08-04,6.25
1972-08-05,7.541625000000001
1972-08-06,5.83325
1972-08-07,3.291625
1972-08-08,1.83325
1972-08-09,5.166624999999999
1972-08-10,3.166625
1972-08-11,3.208125
1972-08-12,1.7915
1972-08-13,1.249875
1972-08-14,2.1248750000000003
1972-08-15,2.208125
1972-08-16,1.499875
1972-08-17,1.708375
1972-08-18,2.66675
1972-08-19,2.791625
1972-08-20,2.833375
1972-08-21,2.9582499999999996
1972-08-22,1.95825
1972-08-23,0.5833750000000001
1972-08-24,0.54175
1972-08-25,1.125125
1972-08-26,3.0420000000000007
1972-08-27,3.416625
1972-08-28,1.91675
1972-08-29,1.91675
1972-08-30,1.625
1972-08-31,1.583375
1972-09-01,1.29175
1972-09-02,1.583375
1972-09-03,1.2913750000000002
1972-09-04,1.416625
1972-09-05,1.20825
1972-09-06,2.416625
1972-09-07,1.2915
1972-09-08,2.2498750000000003
1972-09-09,1.8335
1972-09-10,2.916625
1972-09-11,2.375
1972-09-12,1.29175
1972-09-13,4.000125
1972-09-14,4.125
1972-09-15,3.666625
1972-09-16,3.2917499999999995
1972-09-17,3.791625
1972-09-18,2.666625
1972-09-19,1.2081250000000001
1972-09-20,0.91675
1972-09-21,0.541625
1972-09-22,1.16675
1972-09-23,2.4582499999999996
1972-09-24,3.083375
1972-09-25,1.54175
1972-09-26,1.875125
1972-09-27,1.8336249999999998
1972-09-28,1.9585
1972-09-29,3.7501249999999997
1972-09-30,1.791625
1972-10-01,1.625125
1972-10-02,1.29175
1972-10-03,1.041625
1972-10-04,1.5
1972-10-05,0.37487499999999996
1972-10-06,0.37487499999999996
1972-10-07,1.416625
1972-10-08,0.83325
1972-10-09,1.041625
1972-10-10,1.708375
1972-10-11,3.0
1972-10-12,2.9585
1972-10-13,3.458375
1972-10-14,3.7915
1972-10-15,1.916625
1972-10-16,2.458375
1972-10-17,0.416625
1972-10-18,2.1665
1972-10-19,4.125
1972-10-20,2.9165
1972-10-21,2.958375
1972-10-22,2.75
1972-10-23,3.2917500000000004
1972-10-24,2.4998750000000003
1972-10-25,1.583375
1972-10-26,1.958375
1972-10-27,1.70825
1972-10-28,2.1248750000000003
1972-10-29,3.375
1972-10-30,3.25
1972-10-31,2.9167500000000004
1972-11-01,5.708375
1972-11-02,4.58325
1972-11-03,2.0415
1972-11-04,1.500125
1972-11-05,0.791625
1972-11-06,1.91675
1972-11-07,1.75
1972-11-08,1.791625
1972-11-09,1.833375
1972-11-10,1.083375
1972-11-11,1.75
1972-11-12,1.416625
1972-11-13,0.83325
1972-11-14,0.91675
1972-11-15,3.0417499999999995
1972-11-16,4.166625
1972-11-17,2.6251249999999997
1972-11-18,2.2083749999999998
1972-11-19,2.5417500000000004
1972-11-20,3.875
1972-11-21,2.0
1972-11-22,2.5
1972-11-23,2.3748750000000003
1972-11-24,1.2913750000000002
1972-11-25,2.041625
1972-11-26,2.541625
1972-11-27,2.291625
1972-11-28,2.4998750000000003
1972-11-29,2.125
1972-11-30,1.124875
1972-12-01,1.29175
1972-12-02,1.2915
1972-12-03,1.70825
1972-12-04,1.04175
1972-12-05,0.333125
1972-12-06,0.625
1972-12-07,2.25
1972-12-08,1.624875
1972-12-09,0.8748750000000001
1972-12-10,0.5
1972-12-11,0.750125
1972-12-12,1.54175
1972-12-13,4.083500000000001
1972-12-14,2.0835
1972-12-15,3.458375
1972-12-16,4.29175
1972-12-17,2.708375
1972-12-18,2.0835
1972-12-19,1.79175
1972-12-20,1.08325
1972-12-21,0.37487499999999996
1972-12-22,2.3748750000000003
1972-12-23,3.916625
1972-12-24,2.125125
1972-12-25,0.95825
1972-12-26,1.20825
1972-12-27,0.45825000000000005
1972-12-28,1.166625
1972-12-29,2.8751249999999997
1972-12-30,3.2498749999999994
1972-12-31,2.625
1973-01-01,2.2082500000000005
1973-01-02,0.37475
1973-01-03,0.49975
1973-01-04,2.416625
1973-01-05,3.25
1973-01-06,3.291625
1973-01-07,1.833375
1973-01-08,2.7498749999999994
1973-01-09,3.0832499999999996
1973-01-10,4.000125
1973-01-11,3.75
1973-01-12,3.79175
1973-01-13,3.041625
1973-01-14,2.0
1973-01-15,2.166625
1973-01-16,1.91675
1973-01-17,1.4165
1973-01-18,0.5415000000000001
1973-01-19,1.833375
1973-01-20,3.7498749999999994
1973-01-21,3.2501249999999997
1973-01-22,1.41675
1973-01-23,2.6667500000000004
1973-01-24,3.5417500000000004
1973-01-25,3.2917500000000004
1973-01-26,3.3748750000000003
1973-01-27,4.291625
1973-01-28,4.250125
1973-01-29,3.583375
1973-01-30,2.8332500000000005
1973-01-31,1.666625
1973-02-01,3.125
1973-02-02,2.83325
1973-02-03,2.9998750000000003
1973-02-04,1.79175
1973-02-05,2.0
1973-02-06,2.8748750000000003
1973-02-07,2.8748750000000003
1973-02-08,3.833375
1973-02-09,3.416625
1973-02-10,2.41675
1973-02-11,2.04175
1973-02-12,2.125125
1973-02-13,0.8748750000000001
1973-02-14,1.708375
1973-02-15,1.83325
1973-02-16,1.791625
1973-02-17,2.875
1973-02-18,2.4585
1973-02-19,2.29175
1973-02-20,1.833375
1973-02-21,4.041625
1973-02-22,4.416625
1973-02-23,5.0
1973-02-24,5.20825
1973-02-25,4.125
1973-02-26,4.333500000000001
1973-02-27,4.66675
1973-02-28,3.208375
1973-03-01,3.291625
1973-03-02,4.666625
1973-03-03,2.7498749999999994
1973-03-04,1.04175
1973-03-05,1.3331250000000001
1973-03-06,3.625
1973-03-07,1.958375
1973-03-08,1.666625
1973-03-09,2.458375
1973-03-10,1.958375
1973-03-11,2.041875
1973-03-12,2.666625
1973-03-13,1.374875
1973-03-14,0.91675
1973-03-15,0.6248750000000001
1973-03-16,2.5832499999999996
1973-03-17,1.625
1973-03-18,3.2082499999999996
1973-03-19,5.70825
1973-03-20,5.958500000000001
1973-03-21,5.333125
1973-03-22,5.125
1973-03-23,5.04175
1973-03-24,5.0
1973-03-25,5.08325
1973-03-26,3.791625
1973-03-27,4.0
1973-03-28,3.6248750000000003
1973-03-29,2.9583749999999993
1973-03-30,2.9167500000000004
1973-03-31,3.7498750000000003
1973-04-01,5.333375
1973-04-02,4.875125000000001
1973-04-03,3.7082499999999996
1973-04-04,2.1248750000000003
1973-04-05,1.458375
1973-04-06,1.0418749999999999
1973-04-07,0.9169999999999999
1973-04-08,1.708375
1973-04-09,1.499875
1973-04-10,0.833375
1973-04-11,3.583375
1973-04-12,0.750125
1973-04-13,4.125
1973-04-14,4.75
1973-04-15,2.0835
1973-04-16,5.333500000000001
1973-04-17,5.083375
1973-04-18,4.916625000000001
1973-04-19,4.625125
1973-04-20,4.8335
1973-04-21,4.749875
1973-04-22,4.708124999999999
1973-04-23,3.6667499999999995
1973-04-24,2.7917500000000004
1973-04-25,2.7501249999999997
1973-04-26,3.791875
1973-04-27,3.666875
1973-04-28,3.6247499999999997
1973-04-29,5.29175
1973-04-30,3.1667499999999995
1973-05-01,2.833375
1973-05-02,2.5
1973-05-03,2.16675
1973-05-04,1.875125
1973-05-05,1.33325
1973-05-06,2.2498750000000003
1973-05-07,3.041625
1973-05-08,3.1251249999999997
1973-05-09,2.541625
1973-05-10,1.75
1973-05-11,1.54175
1973-05-12,1.750125
1973-05-13,3.0832499999999996
1973-05-14,5.79175
1973-05-15,4.499874999999999
1973-05-16,4.0
1973-05-17,3.833375
1973-05-18,3.5417500000000004
1973-05-19,3.625
1973-05-20,3.7916250000000007
1973-05-21,4.375125000000001
1973-05-22,3.4167500000000004
1973-05-23,2.7917499999999995
1973-05-24,0.958375
1973-05-25,1.4581250000000001
1973-05-26,1.75
1973-05-27,2.083375
1973-05-28,2.083375
1973-05-29,0.79175
1973-05-30,0.5
1973-05-31,1.083375
1973-06-01,0.75
1973-06-02,3.2501250000000006
1973-06-03,2.833375
1973-06-04,3.333375
1973-06-05,2.41675
1973-06-06,2.041625
1973-06-07,0.8334999999999999
1973-06-08,1.541625
1973-06-09,2.08325
1973-06-10,3.5832499999999996
1973-06-11,4.333375
1973-06-12,4.1665
1973-06-13,3.6667499999999995
1973-06-14,3.1667500000000004
1973-06-15,2.75
1973-06-16,2.58325
1973-06-17,3.2915
1973-06-18,4.0415
1973-06-19,4.458375
1973-06-20,3.25
1973-06-21,1.58325
1973-06-22,0.6248750000000001
1973-06-23,2.124875
1973-06-24,4.249875
1973-06-25,1.666625
1973-06-26,1.166625
1973-06-27,1.16675
1973-06-28,3.25
1973-06-29,4.541625
1973-06-30,4.04175
1973-07-01,3.333375
1973-07-02,2.4998750000000003
1973-07-03,1.916625
1973-07-04,1.166625
1973-07-05,0.916625
1973-07-06,0.750125
1973-07-07,0.666625
1973-07-08,2.5835
1973-07-09,1.958375
1973-07-10,1.33325
1973-07-11,1.54175
1973-07-12,1.66675
1973-07-13,2.083375
1973-07-14,2.08325
1973-07-15,4.1667499999999995
1973-07-16,2.625
1973-07-17,1.4585
1973-07-18,1.5
1973-07-19,2.33325
1973-07-20,2.208375
1973-07-21,1.33325
1973-07-22,1.375
1973-07-23,2.7917500000000004
1973-07-24,1.5835000000000001
1973-07-25,2.1667499999999995
1973-07-26,4.2915
1973-07-27,4.041625
1973-07-28,2.875
1973-07-29,3.2915
1973-07-30,3.333375
1973-07-31,3.583500000000001
1973-08-01,2.5832499999999996
1973-08-02,2.833375
1973-08-03,1.666625
1973-08-04,1.75
1973-08-05,2.0
1973-08-06,2.54175
1973-08-07,2.083375
1973-08-08,2.1248750000000003
1973-08-09,1.291625
1973-08-10,1.16675
1973-08-11,0.916625
1973-08-12,1.083375
1973-08-13,2.333375
1973-08-14,2.0835
1973-08-15,1.0831250000000001
1973-08-16,0.7498750000000001
1973-08-17,0.45825000000000005
1973-08-18,1.125
1973-08-19,1.5835
1973-08-20,1.875
1973-08-21,1.45825
1973-08-22,2.16675
1973-08-23,3.5415
1973-08-24,4.708375
1973-08-25,3.9585
1973-08-26,3.25
1973-08-27,3.8335
1973-08-28,3.916625
1973-08-29,3.4167499999999995
1973-08-30,2.75
1973-08-31,2.2917500000000004
1973-09-01,1.208375
1973-09-02,1.541625
1973-09-03,1.5
1973-09-04,2.708125
1973-09-05,2.9165
1973-09-06,2.125
1973-09-07,1.916625
1973-09-08,1.875125
1973-09-09,3.75
1973-09-10,3.5835
1973-09-11,2.416625
1973-09-12,1.708375
1973-09-13,1.91675
1973-09-14,0.95825
1973-09-15,2.41675
1973-09-16,2.666875
1973-09-17,2.16675
1973-09-18,1.75
1973-09-19,0.791625
1973-09-20,2.458375
1973-09-21,2.9167499999999995
1973-09-22,2.7498750000000003
1973-09-23,5.25
1973-09-24,4.0
1973-09-25,3.666625
1973-09-26,3.5001249999999997
1973-09-27,1.9165
1973-09-28,1.083375
1973-09-29,1.124875
1973-09-30,0.91675
1973-10-01,1.333375
1973-10-02,4.041875
1973-10-03,4.5
1973-10-04,2.2498750000000003
1973-10-05,1.95825
1973-10-06,2.45825
1973-10-07,1.374875
1973-10-08,1.54175
1973-10-09,1.7498749999999998
1973-10-10,3.416625
1973-10-11,2.4998750000000003
1973-10-12,2.833375
1973-10-13,3.0417500000000004
1973-10-14,1.875
1973-10-15,1.20825
1973-10-16,3.8332499999999996
1973-10-17,4.000125000000001
1973-10-18,3.541625
1973-10-19,3.2916250000000002
1973-10-20,3.3748750000000003
1973-10-21,4.45825
1973-10-22,3.333375
1973-10-23,1.541625
1973-10-24,1.8335
1973-10-25,1.375
1973-10-26,0.70825
1973-10-27,0.875
1973-10-28,3.125
1973-10-29,6.083375
1973-10-30,3.8751249999999997
1973-10-31,2.875125
1973-11-01,1.0
1973-11-02,1.875
1973-11-03,1.20825
1973-11-04,2.8751249999999997
1973-11-05,2.7498750000000003
1973-11-06,2.125
1973-11-07,3.7917499999999995
1973-11-08,2.3748750000000003
1973-11-09,2.583375
1973-11-10,1.916625
1973-11-11,1.499875
1973-11-12,0.958375
1973-11-13,2.2498750000000003
1973-11-14,1.875
1973-11-15,2.125
1973-11-16,2.208375
1973-11-17,3.041499999999999
1973-11-18,3.041875
1973-11-19,1.0
1973-11-20,1.5
1973-11-21,3.333375
1973-11-22,1.458375
1973-11-23,1.79175
1973-11-24,3.166625
1973-11-25,4.66675
1973-11-26,3.1665
1973-11-27,2.7917500000000004
1973-11-28,1.625
1973-11-29,1.29175
1973-11-30,1.083375
1973-12-01,0.875
1973-12-02,0.541625
1973-12-03,1.20825
1973-12-04,3.833375
1973-12-05,2.8751250000000006
1973-12-06,2.20825
1973-12-07,1.874875
1973-12-08,1.749875
1973-12-09,3.4998750000000003
1973-12-10,1.625
1973-12-11,1.958375
1973-12-12,1.125125
1973-12-13,1.166625
1973-12-14,1.3747500000000001
1973-12-15,1.875
1973-12-16,0.8752499999999999
1973-12-17,1.458375
1973-12-18,0.6248750000000001
1973-12-19,2.33325
1973-12-20,4.041625
1973-12-21,4.333375
1973-12-22,3.791625
1973-12-23,3.2082499999999996
1973-12-24,1.0415
1973-12-25,0.791625
1973-12-26,1.083375
1973-12-27,1.4997500000000001
1973-12-28,2.4165
1973-12-29,3.3751249999999997
1973-12-30,2.9582499999999996
1973-12-31,3.2083749999999993
1974-01-01,3.1251249999999997
1974-01-02,2.3332499999999996
1974-01-03,2.541625
1974-01-04,2.583375
1974-01-05,2.8332500000000005
1974-01-06,2.4167500000000004
1974-01-07,0.541625
1974-01-08,2.0
1974-01-09,1.833375
1974-01-10,2.7498750000000003
1974-01-11,1.458375
1974-01-12,1.20825
1974-01-13,1.33325
1974-01-14,1.91675
1974-01-15,2.75
1974-01-16,2.958375
1974-01-17,2.875
1974-01-18,3.541625
1974-01-19,2.16675
1974-01-20,2.8332499999999996
1974-01-21,2.9582499999999996
1974-01-22,1.249875
1974-01-23,1.04175
1974-01-24,0.9165000000000001
1974-01-25,4.875125000000001
1974-01-26,4.4582500000000005
1974-01-27,4.2917499999999995
1974-01-28,3.166625
1974-01-29,3.6251249999999997
1974-01-30,3.4165
1974-01-31,3.291625
1974-02-01,2.5832499999999996
1974-02-02,2.541625
1974-02-03,2.08325
1974-02-04,1.625
1974-02-05,1.9165
1974-02-06,1.708375
1974-02-07,2.2916250000000002
1974-02-08,1.29175
1974-02-09,0.9584999999999999
1974-02-10,2.541625
1974-02-11,3.958375
1974-02-12,4.458375
1974-02-13,3.416625
1974-02-14,2.5416250000000002
1974-02-15,0.958375
1974-02-16,1.625
1974-02-17,2.5417499999999995
1974-02-18,0.208125
1974-02-19,0.9166249999999999
1974-02-20,2.29175
1974-02-21,3.6251249999999997
1974-02-22,2.416625
1974-02-23,4.708125
1974-02-24,3.833375
1974-02-25,4.249875
1974-02-26,4.0
1974-02-27,3.8748750000000003
1974-02-28,3.9997499999999997
1974-03-01,3.291625
1974-03-02,3.2498750000000003
1974-03-03,3.2917500000000004
1974-03-04,2.2082499999999996
1974-03-05,3.2498749999999994
1974-03-06,3.333375
1974-03-07,2.54175
1974-03-08,3.041499999999999
1974-03-09,4.166625
1974-03-10,4.08325
1974-03-11,4.166625
1974-03-12,2.9998750000000003
1974-03-13,1.958375
1974-03-14,2.916625
1974-03-15,0.7498750000000001
1974-03-16,4.041625
1974-03-17,1.833375
1974-03-18,0.58325
1974-03-19,0.49987499999999996
1974-03-20,2.750125
1974-03-21,5.499875
1974-03-22,4.499874999999999
1974-03-23,4.5832500000000005
1974-03-24,4.33325
1974-03-25,3.9582500000000005
1974-03-26,3.4585
1974-03-27,3.375
1974-03-28,3.2082499999999996
1974-03-29,4.29175
1974-03-30,3.416875
1974-03-31,3.666625
1974-04-01,2.958375
1974-04-02,2.79175
1974-04-03,4.458375
1974-04-04,4.125125000000001
1974-04-05,3.1667500000000004
1974-04-06,3.708375
1974-04-07,3.0417500000000004
1974-04-08,2.6252500000000003
1974-04-09,2.958375
1974-04-10,4.000125
1974-04-11,2.8332499999999996
1974-04-12,0.75
1974-04-13,1.83325
1974-04-14,1.416625
1974-04-15,0.833375
1974-04-16,0.875
1974-04-17,1.45825
1974-04-18,4.7915
1974-04-19,4.416499999999999
1974-04-20,4.916625
1974-04-21,4.333375
1974-04-22,4.249875
1974-04-23,4.041875
1974-04-24,3.041625
1974-04-25,3.3748750000000003
1974-04-26,3.2917500000000004
1974-04-27,3.1667500000000004
1974-04-28,3.5832500000000005
1974-04-29,3.25
1974-04-30,3.0
1974-05-01,1.875125
1974-05-02,3.208375
1974-05-03,3.291625
1974-05-04,4.3335
1974-05-05,4.375
1974-05-06,1.583375
1974-05-07,2.3333749999999998
1974-05-08,2.375
1974-05-09,2.333375
1974-05-10,0.58325
1974-05-11,1.166375
1974-05-12,0.9997500000000001
1974-05-13,1.08325
1974-05-14,2.166625
1974-05-15,4.041625
1974-05-16,3.9167499999999995
1974-05-17,4.458375
1974-05-18,3.708375
1974-05-19,3.291625
1974-05-20,3.25
1974-05-21,3.333125
1974-05-22,3.541625
1974-05-23,3.708375
1974-05-24,4.54175
1974-05-25,2.791625
1974-05-26,2.5
1974-05-27,2.7082499999999996
1974-05-28,2.16675
1974-05-29,1.9165
1974-05-30,3.0
1974-05-31,3.958375
1974-06-01,3.9167500000000004
1974-06-02,3.2498750000000003
1974-06-03,3.3332499999999996
1974-06-04,2.1665
1974-06-05,1.625
1974-06-06,1.500125
1974-06-07,0.70825
1974-06-08,1.541625
1974-06-09,1.666625
1974-06-10,2.9167500000000004
1974-06-11,4.0
1974-06-12,3.8751250000000006
1974-06-13,3.5
1974-06-14,3.2501249999999997
1974-06-15,4.458375
1974-06-16,3.04175
1974-06-17,3.0
1974-06-18,2.24975
1974-06-19,2.583375
1974-06-20,3.25
1974-06-21,1.70825
1974-06-22,2.041625
1974-06-23,1.83325
1974-06-24,2.1248750000000003
1974-06-25,1.541625
1974-06-26,4.666625
1974-06-27,5.083375
1974-06-28,3.916625
1974-06-29,3.3332499999999996
1974-06-30,2.958125
1974-07-01,2.3332499999999996
1974-07-02,2.583375
1974-07-03,2.166875
1974-07-04,4.041625
1974-07-05,5.791625
1974-07-06,6.416625
1974-07-07,2.9582500000000005
1974-07-08,4.291625
1974-07-09,2.91675
1974-07-10,3.416625
1974-07-11,2.8332499999999996
1974-07-12,3.541875
1974-07-13,2.6667500000000004
1974-07-14,3.375
1974-07-15,2.375
1974-07-16,2.16675
1974-07-17,2.04175
1974-07-18,1.541625
1974-07-19,1.666625
1974-07-20,2.41675
1974-07-21,2.0
1974-07-22,1.79175
1974-07-23,5.91675
1974-07-24,5.083375
1974-07-25,3.541625
1974-07-26,3.3332499999999996
1974-07-27,3.7085
1974-07-28,2.9583749999999993
1974-07-29,2.6667500000000004
1974-07-30,2.0
1974-07-31,1.58325
1974-08-01,1.5002499999999999
1974-08-02,2.916875
1974-08-03,4.2915
1974-08-04,3.333375
1974-08-05,3.4998749999999994
1974-08-06,3.375
1974-08-07,3.5001249999999997
1974-08-08,2.9167500000000004
1974-08-09,2.9582499999999996
1974-08-10,3.0
1974-08-11,2.3751249999999997
1974-08-12,1.333375
1974-08-13,1.5
1974-08-14,1.166625
1974-08-15,1.0835
1974-08-16,1.45825
1974-08-17,1.375
1974-08-18,2.16675
1974-08-19,4.58325
1974-08-20,4.875
1974-08-21,4.583374999999999
1974-08-22,4.5415
1974-08-23,4.45825
1974-08-24,3.708375
1974-08-25,2.7082500000000005
1974-08-26,1.875125
1974-08-27,3.25
1974-08-28,3.3333749999999993
1974-08-29,4.04175
1974-08-30,2.9165
1974-08-31,3.4165
1974-09-01,3.6665
1974-09-02,4.125
1974-09-03,3.1248749999999994
1974-09-04,3.20825
1974-09-05,3.125
1974-09-06,2.7082499999999996
1974-09-07,2.5835
1974-09-08,1.875
1974-09-09,1.3331250000000001
1974-09-10,1.58325
1974-09-11,1.125125
1974-09-12,1.25
1974-09-13,2.916625
1974-09-14,1.91675
1974-09-15,4.375
1974-09-16,5.250125000000001
1974-09-17,0.833375
1974-09-18,2.5001249999999997
1974-09-19,4.208375
1974-09-20,4.3335
1974-09-21,4.333125
1974-09-22,3.7085
1974-09-23,3.0001249999999997
1974-09-24,3.666625
1974-09-25,3.916625
1974-09-26,4.541625
1974-09-27,3.7083749999999993
1974-09-28,2.916625
1974-09-29,3.000125
1974-09-30,3.4997499999999997
1974-10-01,3.916625
1974-10-02,3.833125
1974-10-03,2.5
1974-10-04,2.08325
1974-10-05,2.1251249999999997
1974-10-06,2.208375
1974-10-07,1.4585
1974-10-08,2.125
1974-10-09,4.458374999999999
1974-10-10,2.25
1974-10-11,1.541625
1974-10-12,2.875
1974-10-13,6.0
1974-10-14,3.5415
1974-10-15,4.791625
1974-10-16,5.54175
1974-10-17,4.916625
1974-10-18,4.708374999999999
1974-10-19,4.083375
1974-10-20,4.625
1974-10-21,2.2501249999999997
1974-10-22,2.875
1974-10-23,1.2081250000000001
1974-10-24,4.333375
1974-10-25,3.5832499999999996
1974-10-26,4.04175
1974-10-27,3.708125
1974-10-28,3.875
1974-10-29,3.2501250000000006
1974-10-30,2.5417499999999995
1974-10-31,1.791625
1974-11-01,1.416625
1974-11-02,1.20825
1974-11-03,1.375125
1974-11-04,0.75
1974-11-05,1.29175
1974-11-06,2.16675
1974-11-07,1.874875
1974-11-08,2.875
1974-11-09,4.29175
1974-11-10,2.166625
1974-11-11,4.416625
1974-11-12,5.70825
1974-11-13,4.458500000000001
1974-11-14,4.000125000000001
1974-11-15,2.208375
1974-11-16,3.0832499999999996
1974-11-17,2.75
1974-11-18,2.0001249999999997
1974-11-19,2.7917499999999995
1974-11-20,3.541875
1974-11-21,3.7082499999999996
1974-11-22,3.291625
1974-11-23,3.083375
1974-11-24,3.791625
1974-11-25,3.2917500000000004
1974-11-26,3.0832499999999996
1974-11-27,2.125
1974-11-28,1.416625
1974-11-29,0.70825
1974-11-30,0.4165
1974-12-01,1.375
1974-12-02,2.9167499999999995
1974-12-03,2.9582499999999996
1974-12-04,1.95825
1974-12-05,1.5833750000000002
1974-12-06,1.125125
1974-12-07,2.0001249999999997
1974-12-08,2.708375
1974-12-09,4.70825
1974-12-10,3.375
1974-12-11,3.4582499999999996
1974-12-12,3.25
1974-12-13,3.4167500000000004
1974-12-14,2.4582499999999996
1974-12-15,2.8751249999999997
1974-12-16,1.70825
1974-12-17,3.1667499999999995
1974-12-18,4.0
1974-12-19,3.9582500000000005
1974-12-20,3.4998750000000003
1974-12-21,3.4167500000000004
1974-12-22,2.791625
1974-12-23,3.0832500000000005
1974-12-24,2.8332500000000005
1974-12-25,2.25
1974-12-26,2.5416250000000002
1974-12-27,3.4998749999999994
1974-12-28,2.6248750000000003
1974-12-29,2.4997499999999997
1974-12-30,1.41675
1974-12-31,2.70825
1975-01-01,1.875
1975-01-02,0.83325
1975-01-03,1.874875
1975-01-04,4.250125
1975-01-05,3.9998749999999994
1975-01-06,3.4165
1975-01-07,4.041625
1975-01-08,4.291499999999999
1975-01-09,1.916625
1975-01-10,1.45825
1975-01-11,1.083375
1975-01-12,1.0415
1975-01-13,4.25
1975-01-14,4.29175
1975-01-15,2.958125
1975-01-16,3.4998749999999994
1975-01-17,4.083375
1975-01-18,3.541499999999999
1975-01-19,2.333375
1975-01-20,2.333375
1975-01-21,1.583375
1975-01-22,1.666625
1975-01-23,2.5417499999999995
1975-01-24,2.249875
1975-01-25,1.16675
1975-01-26,1.083375
1975-01-27,2.7085
1975-01-28,2.4167500000000004
1975-01-29,1.6665
1975-01-30,1.75
1975-01-31,2.87475
1975-02-01,4.5
1975-02-02,3.6251250000000006
1975-02-03,2.5
1975-02-04,2.33325
1975-02-05,3.1665
1975-02-06,2.125
1975-02-07,2.9582499999999996
1975-02-08,1.875125
1975-02-09,2.166625
1975-02-10,4.500125000000001
1975-02-11,4.375
1975-02-12,4.458500000000001
1975-02-13,3.958375
1975-02-14,3.875
1975-02-15,3.5417500000000004
1975-02-16,4.125
1975-02-17,2.9167500000000004
1975-02-18,2.916625
1975-02-19,2.4585
1975-02-20,1.958375
1975-02-21,2.16675
1975-02-22,1.875125
1975-02-23,3.916625
1975-02-24,3.041625
1975-02-25,3.333375
1975-02-26,1.9165
1975-02-27,1.2081250000000001
1975-02-28,2.5835
1975-03-01,3.5
1975-03-02,2.3751249999999997
1975-03-03,2.4998750000000003
1975-03-04,2.041625
1975-03-05,4.125
1975-03-06,3.4582499999999996
1975-03-07,0.7501249999999999
1975-03-08,0.29150000000000004
1975-03-09,1.3748749999999998
1975-03-10,5.875
1975-03-11,4.95825
1975-03-12,4.458124999999999
1975-03-13,3.791625
1975-03-14,3.9998750000000003
1975-03-15,3.416625
1975-03-16,3.7082499999999996
1975-03-17,2.7085
1975-03-18,3.0417499999999995
1975-03-19,2.291625
1975-03-20,2.875
1975-03-21,0.70825
1975-03-22,1.4585
1975-03-23,2.416875
1975-03-24,2.6667500000000004
1975-03-25,1.875125
1975-03-26,3.0001250000000006
1975-03-27,3.833375
1975-03-28,4.41675
1975-03-29,3.5413749999999995
1975-03-30,2.333375
1975-03-31,2.7082499999999996
1975-04-01,1.7085
1975-04-02,1.375
1975-04-03,1.625125
1975-04-04,1.91675
1975-04-05,2.20825
1975-04-06,2.75
1975-04-07,3.3751249999999997
1975-04-08,4.0835
1975-04-09,5.04175
1975-04-10,4.374875
1975-04-11,4.25
1975-04-12,3.75
1975-04-13,3.791499999999999
1975-04-14,3.375
1975-04-15,1.833375
1975-04-16,1.5
1975-04-17,1.208375
1975-04-18,1.54175
1975-04-19,1.375
1975-04-20,3.0
1975-04-21,3.2082499999999996
1975-04-22,2.958375
1975-04-23,3.791875
1975-04-24,3.166625
1975-04-25,1.8752499999999999
1975-04-26,2.125
1975-04-27,1.1665
1975-04-28,0.625
1975-04-29,0.49987500000000007
1975-04-30,1.416625
1975-05-01,1.54175
1975-05-02,3.125
1975-05-03,3.3332499999999996
1975-05-04,2.75
1975-05-05,4.20825
1975-05-06,4.083375
1975-05-07,3.5001249999999997
1975-05-08,2.7498750000000003
1975-05-09,2.9998749999999994
1975-05-10,3.0001249999999997
1975-05-11,0.416625
1975-05-12,0.66675
1975-05-13,1.5
1975-05-14,2.6667499999999995
1975-05-15,0.6247500000000001
1975-05-16,3.625
1975-05-17,2.7082499999999996
1975-05-18,2.0
1975-05-19,2.541625
1975-05-20,3.2498749999999994
1975-05-21,2.541875
1975-05-22,2.4582500000000005
1975-05-23,1.9585
1975-05-24,1.375
1975-05-25,2.58325
1975-05-26,2.708375
1975-05-27,2.416625
1975-05-28,1.20825
1975-05-29,2.458375
1975-05-30,1.583375
1975-05-31,0.8748750000000001
1975-06-01,3.125
1975-06-02,3.91675
1975-06-03,2.6251249999999997
1975-06-04,2.5
1975-06-05,2.666625
1975-06-06,2.541625
1975-06-07,1.625
1975-06-08,0.9167500000000001
1975-06-09,1.29175
1975-06-10,0.9167500000000001
1975-06-11,2.7915
1975-06-12,3.916625
1975-06-13,2.9167500000000004
1975-06-14,2.0415
1975-06-15,2.625
1975-06-16,3.208375
1975-06-17,2.54175
1975-06-18,2.5417500000000004
1975-06-19,2.5835
1975-06-20,1.54175
1975-06-21,2.166625
1975-06-22,1.33325
1975-06-23,0.9581250000000001
1975-06-24,0.5416250000000001
1975-06-25,1.166625
1975-06-26,1.333375
1975-06-27,0.916625
1975-06-28,1.1252499999999999
1975-06-29,3.375
1975-06-30,3.4585
1975-07-01,2.45825
1975-07-02,1.58325
1975-07-03,1.875
1975-07-04,1.5835000000000001
1975-07-05,1.20825
1975-07-06,1.4165
1975-07-07,2.541625
1975-07-08,4.166625
1975-07-09,3.8751250000000006
1975-07-10,3.041625
1975-07-11,2.958375
1975-07-12,1.416625
1975-07-13,2.166625
1975-07-14,2.7498750000000003
1975-07-15,2.9582499999999996
1975-07-16,2.6248750000000003
1975-07-17,2.833375
1975-07-18,2.916625
1975-07-19,2.20825
1975-07-20,1.791625
1975-07-21,1.58325
1975-07-22,1.625125
1975-07-23,1.458375
1975-07-24,1.583375
1975-07-25,4.125125
1975-07-26,3.416625
1975-07-27,2.458375
1975-07-28,2.2085000000000004
1975-07-29,1.08325
1975-07-30,1.291625
1975-07-31,1.125
1975-08-01,2.041875
1975-08-02,1.8335
1975-08-03,1.166625
1975-08-04,1.54175
1975-08-05,4.041625
1975-08-06,1.541625
1975-08-07,1.166625
1975-08-08,2.416875
1975-08-09,2.791625
1975-08-10,2.66675
1975-08-11,1.6665
1975-08-12,0.8751249999999999
1975-08-13,1.33325
1975-08-14,2.875
1975-08-15,3.2085
1975-08-16,1.333375
1975-08-17,2.25
1975-08-18,1.45825
1975-08-19,1.0
1975-08-20,2.3751249999999997
1975-08-21,3.0417499999999995
1975-08-22,2.583375
1975-08-23,2.0833749999999998
1975-08-24,1.45825
1975-08-25,2.2085
1975-08-26,1.29175
1975-08-27,1.20825
1975-08-28,1.333375
1975-08-29,3.875
1975-08-30,2.624875
1975-08-31,1.749875
1975-09-01,1.791875
1975-09-02,1.624875
1975-09-03,0.75
1975-09-04,0.583375
1975-09-05,1.0001250000000002
1975-09-06,2.6666250000000002
1975-09-07,1.708375
1975-09-08,1.666625
1975-09-09,3.6251249999999997
1975-09-10,3.791625
1975-09-11,3.9166250000000007
1975-09-12,3.1667499999999995
1975-09-13,2.875
1975-09-14,2.4166250000000002
1975-09-15,1.7915
1975-09-16,1.416625
1975-09-17,2.5417499999999995
1975-09-18,2.875
1975-09-19,2.0
1975-09-20,1.791625
1975-09-21,1.375
1975-09-22,0.958375
1975-09-23,0.95825
1975-09-24,0.416625
1975-09-25,0.625
1975-09-26,2.791625
1975-09-27,2.791625
1975-09-28,1.9585
1975-09-29,1.2085
1975-09-30,0.541625
1975-10-01,1.45825
1975-10-02,0.583375
1975-10-03,2.1251249999999997
1975-10-04,1.833375
1975-10-05,1.5
1975-10-06,3.75
1975-10-07,4.45825
1975-10-08,4.750125000000001
1975-10-09,4.5
1975-10-10,3.6248750000000003
1975-10-11,1.91675
1975-10-12,2.5833749999999998
1975-10-13,1.8335
1975-10-14,2.1248750000000003
1975-10-15,1.16675
1975-10-16,2.250125
1975-10-17,1.95825
1975-10-18,1.16675
1975-10-19,0.791625
1975-10-20,1.2085
1975-10-21,1.374875
1975-10-22,1.54175
1975-10-23,1.499875
1975-10-24,1.08325
1975-10-25,0.83325
1975-10-26,1.333375
1975-10-27,1.124875
1975-10-28,1.9168749999999999
1975-10-29,2.166625
1975-10-30,2.166625
1975-10-31,2.916625
1975-11-01,1.666625
1975-11-02,3.875
1975-11-03,5.583375
1975-11-04,4.5832500000000005
1975-11-05,3.5
1975-11-06,2.2498750000000003
1975-11-07,2.375
1975-11-08,1.79175
1975-11-09,4.16675
1975-11-10,3.0002500000000003
1975-11-11,2.7501249999999997
1975-11-12,2.125125
1975-11-13,0.8748750000000001
1975-11-14,0.749875
1975-11-15,1.0
1975-11-16,1.499875
1975-11-17,2.75
1975-11-18,1.66675
1975-11-19,1.916625
1975-11-20,2.083375
1975-11-21,3.0417500000000004
1975-11-22,4.666625
1975-11-23,1.625
1975-11-24,2.375
1975-11-25,2.916625
1975-11-26,2.3750000000000004
1975-11-27,1.416625
1975-11-28,2.1666250000000002
1975-11-29,3.8751249999999997
1975-11-30,4.458500000000001
1975-12-01,4.33325
1975-12-02,3.958375
1975-12-03,2.6667500000000004
1975-12-04,2.6665
1975-12-05,2.1665
1975-12-06,1.750125
1975-12-07,0.95825
1975-12-08,3.1252500000000003
1975-12-09,2.708375
1975-12-10,1.541625
1975-12-11,1.375
1975-12-12,0.625
1975-12-13,0.625
1975-12-14,1.5
1975-12-15,2.08325
1975-12-16,2.8751249999999997
1975-12-17,2.041875
1975-12-18,1.708375
1975-12-19,1.416625
1975-12-20,0.625
1975-12-21,1.958375
1975-12-22,2.416625
1975-12-23,1.833375
1975-12-24,0.583375
1975-12-25,3.2501249999999997
1975-12-26,4.375
1975-12-27,4.041625
1975-12-28,2.75
1975-12-29,3.0
1975-12-30,2.5
1975-12-31,1.625125
1976-01-01,1.125125
1976-01-02,1.08325
1976-01-03,2.875
1976-01-04,2.416625
1976-01-05,2.20825
1976-01-06,2.5417499999999995
1976-01-07,2.4167500000000004
1976-01-08,1.4165
1976-01-09,0.91675
1976-01-10,3.916625
1976-01-11,3.9165
1976-01-12,2.75
1976-01-13,2.0835
1976-01-14,2.6667499999999995
1976-01-15,1.54175
1976-01-16,2.2915
1976-01-17,2.7501249999999997
1976-01-18,2.1251249999999997
1976-01-19,2.083125
1976-01-20,2.333375
1976-01-21,3.416625
1976-01-22,3.6248750000000003
1976-01-23,3.458375
1976-01-24,3.5417500000000004
1976-01-25,2.541625
1976-01-26,1.375125
1976-01-27,1.416625
1976-01-28,1.249875
1976-01-29,1.41675
1976-01-30,1.75
1976-01-31,3.916625
1976-02-01,3.791625
1976-02-02,3.375
1976-02-03,3.0
1976-02-04,2.6665
1976-02-05,2.04175
1976-02-06,1.999875
1976-02-07,3.166625
1976-02-08,4.08325
1976-02-09,3.833375
1976-02-10,3.7498750000000003
1976-02-11,2.625
1976-02-12,3.1247499999999997
1976-02-13,3.45825
1976-02-14,3.125
1976-02-15,2.04175
1976-02-16,1.5
1976-02-17,2.7082499999999996
1976-02-18,3.5001249999999997
1976-02-19,3.8748750000000003
1976-02-20,3.416625
1976-02-21,2.9998750000000003
1976-02-22,2.791625
1976-02-23,1.16675
1976-02-24,0.708375
1976-02-25,1.0831250000000001
1976-02-26,2.083375
1976-02-27,3.833375
1976-02-28,3.458375
1976-02-29,4.04175
1976-03-01,3.3335
1976-03-02,4.208375
1976-03-03,4.08325
1976-03-04,2.5832500000000005
1976-03-05,2.75
1976-03-06,4.125
1976-03-07,3.9167500000000004
1976-03-08,4.583375
1976-03-09,4.5
1976-03-10,4.25
1976-03-11,3.9582499999999996
1976-03-12,3.875
1976-03-13,2.5
1976-03-14,2.5
1976-03-15,2.9167500000000004
1976-03-16,3.291499999999999
1976-03-17,3.333375
1976-03-18,2.5835
1976-03-19,2.4167499999999995
1976-03-20,2.0
1976-03-21,1.375125
1976-03-22,0.625
1976-03-23,1.250125
1976-03-24,0.8748750000000001
1976-03-25,1.1665
1976-03-26,6.9582500000000005
1976-03-27,4.249874999999999
1976-03-28,2.750125
1976-03-29,2.5000000000000004
1976-03-30,2.4167499999999995
1976-03-31,2.1251249999999997
1976-04-01,5.958125
1976-04-02,2.666625
1976-04-03,4.58325
1976-04-04,4.125
1976-04-05,3.958375
1976-04-06,4.166625
1976-04-07,3.9167500000000004
1976-04-08,2.833375
1976-04-09,2.9167500000000004
1976-04-10,2.4998749999999994
1976-04-11,2.6251249999999997
1976-04-12,2.083375
1976-04-13,2.66675
1976-04-14,3.0417499999999995
1976-04-15,1.1251250000000002
1976-04-16,1.875
1976-04-17,1.29175
1976-04-18,0.4165000000000001
1976-04-19,1.166625
1976-04-20,0.45825000000000005
1976-04-21,1.249875
1976-04-22,3.2917499999999995
1976-04-23,1.791625
1976-04-24,2.95825
1976-04-25,2.08325
1976-04-26,1.45825
1976-04-27,2.333125
1976-04-28,2.2915
1976-04-29,2.9998750000000003
1976-04-30,2.333125
1976-05-01,2.208375
1976-05-02,4.7085
1976-05-03,5.666625
1976-05-04,3.416625
1976-05-05,2.6665
1976-05-06,2.08325
1976-05-07,2.16675
1976-05-08,2.20825
1976-05-09,1.04175
1976-05-10,1.5
1976-05-11,2.541625
1976-05-12,1.833375
1976-05-13,1.625
1976-05-14,0.916625
1976-05-15,1.25
1976-05-16,1.25
1976-05-17,0.83325
1976-05-18,0.54175
1976-05-19,1.9167500000000002
1976-05-20,3.25
1976-05-21,2.4167499999999995
1976-05-22,2.5415
1976-05-23,2.666625
1976-05-24,1.5835
1976-05-25,2.0835
1976-05-26,1.5
1976-05-27,1.291625
1976-05-28,2.7917500000000004
1976-05-29,3.25
1976-05-30,3.0832499999999996
1976-05-31,2.16675
1976-06-01,1.583375
1976-06-02,1.75
1976-06-03,2.166875
1976-06-04,3.1251250000000006
1976-06-05,3.375
1976-06-06,2.041625
1976-06-07,2.7085
1976-06-08,2.1248750000000003
1976-06-09,0.916625
1976-06-10,1.375
1976-06-11,3.75
1976-06-12,1.7916249999999998
1976-06-13,1.0831250000000001
1976-06-14,0.6248750000000001
1976-06-15,0.791625
1976-06-16,1.250125
1976-06-17,2.7501250000000006
1976-06-18,3.416625
1976-06-19,1.041625
1976-06-20,1.375
1976-06-21,0.79175
1976-06-22,0.708375
1976-06-23,1.083375
1976-06-24,2.41675
1976-06-25,3.208375
1976-06-26,1.583375
1976-06-27,1.7081250000000001
1976-06-28,1.41675
1976-06-29,1.249875
1976-06-30,3.5417500000000004
1976-07-01,3.083375
1976-07-02,2.208375
1976-07-03,2.5416250000000002
1976-07-04,2.791625
1976-07-05,1.541625
1976-07-06,1.499875
1976-07-07,2.04175
1976-07-08,2.666875
1976-07-09,2.333375
1976-07-10,1.5415
1976-07-11,1.041625
1976-07-12,1.375
1976-07-13,1.083375
1976-07-14,1.58325
1976-07-15,2.8335
1976-07-16,3.0832499999999996
1976-07-17,1.333375
1976-07-18,1.45825
1976-07-19,1.375
1976-07-20,0.9999999999999999
1976-07-21,0.75
1976-07-22,1.125
1976-07-23,1.25
1976-07-24,1.0415
1976-07-25,2.16675
1976-07-26,0.8751249999999999
1976-07-27,1.79175
1976-07-28,3.125
1976-07-29,3.2085
1976-07-30,3.2917500000000004
1976-07-31,1.916625
1976-08-01,1.91675
1976-08-02,1.791625
1976-08-03,2.16675
1976-08-04,1.2915
1976-08-05,1.375125
1976-08-06,1.375
1976-08-07,1.33325
1976-08-08,1.125
1976-08-09,2.2498750000000003
1976-08-10,2.000125
1976-08-11,1.250125
1976-08-12,0.833375
1976-08-13,0.708375
1976-08-14,1.041625
1976-08-15,0.54175
1976-08-16,1.625125
1976-08-17,1.125125
1976-08-18,1.124875
1976-08-19,1.5831250000000001
1976-08-20,1.416625
1976-08-21,1.875125
1976-08-22,1.291625
1976-08-23,3.833375
1976-08-24,3.6251250000000006
1976-08-25,3.7917500000000004
1976-08-26,3.25
1976-08-27,2.5417500000000004
1976-08-28,2.333125
1976-08-29,1.749875
1976-08-30,1.541625
1976-08-31,1.374875
1976-09-01,2.333375
1976-09-02,3.541625
1976-09-03,2.416625
1976-09-04,2.8748750000000003
1976-09-05,2.125
1976-09-06,1.7918749999999999
1976-09-07,2.2501249999999997
1976-09-08,1.833375
1976-09-09,1.416625
1976-09-10,1.41675
1976-09-11,1.083375
1976-09-12,2.041875
1976-09-13,1.291625
1976-09-14,2.333375
1976-09-15,2.041625
1976-09-16,1.70825
1976-09-17,2.166875
1976-09-18,3.666625
1976-09-19,3.125
1976-09-20,5.08325
1976-09-21,3.708375
1976-09-22,3.208375
1976-09-23,2.5
1976-09-24,1.666625
1976-09-25,3.75
1976-09-26,2.5417499999999995
1976-09-27,2.7085
1976-09-28,1.416625
1976-09-29,2.250125
1976-09-30,2.04175
1976-10-01,2.625
1976-10-02,3.1665
1976-10-03,2.041625
1976-10-04,1.66675
1976-10-05,2.374875
1976-10-06,2.208375
1976-10-07,1.333375
1976-10-08,1.499875
1976-10-09,1.70825
1976-10-10,1.66675
1976-10-11,1.7918749999999999
1976-10-12,2.41675
1976-10-13,1.8752499999999999
1976-10-14,1.5
1976-10-15,4.25
1976-10-16,3.8751249999999997
1976-10-17,4.0415
1976-10-18,3.2917500000000004
1976-10-19,1.541625
1976-10-20,1.875125
1976-10-21,1.91675
1976-10-22,1.458375
1976-10-23,1.6665
1976-10-24,1.25
1976-10-25,1.2085
1976-10-26,0.9168749999999999
1976-10-27,1.75
1976-10-28,1.249875
1976-10-29,0.666625
1976-10-30,2.4998750000000003
1976-10-31,4.2915
1976-11-01,2.2917499999999995
1976-11-02,1.875
1976-11-03,1.58325
1976-11-04,1.124875
1976-11-05,0.666625
1976-11-06,0.374875
1976-11-07,0.7498750000000001
1976-11-08,1.291625
1976-11-09,1.875125
1976-11-10,3.1667500000000004
1976-11-11,3.5417500000000004
1976-11-12,3.6248750000000003
1976-11-13,4.1665
1976-11-14,2.9585
1976-11-15,2.125125
1976-11-16,1.4167500000000002
1976-11-17,1.750125
1976-11-18,1.250125
1976-11-19,2.1248750000000003
1976-11-20,1.874875
1976-11-21,0.95825
1976-11-22,1.33325
1976-11-23,0.958375
1976-11-24,0.6248750000000001
1976-11-25,2.4582500000000005
1976-11-26,2.083375
1976-11-27,1.8335
1976-11-28,0.416625
1976-11-29,1.4165
1976-11-30,2.333375
1976-12-01,1.70825
1976-12-02,0.625
1976-12-03,0.875
1976-12-04,2.708375
1976-12-05,1.5
1976-12-06,0.7082499999999999
1976-12-07,2.333125
1976-12-08,3.2082499999999996
1976-12-09,2.791625
1976-12-10,2.666625
1976-12-11,2.5835
1976-12-12,2.8333749999999993
1976-12-13,1.83325
1976-12-14,0.875
1976-12-15,0.374875
1976-12-16,1.833125
1976-12-17,2.208375
1976-12-18,3.25
1976-12-19,1.708375
1976-12-20,1.249875
1976-12-21,1.041625
1976-12-22,2.041625
1976-12-23,1.20825
1976-12-24,1.66675
1976-12-25,1.958375
1976-12-26,1.541625
1976-12-27,1.4165
1976-12-28,1.500125
1976-12-29,4.499874999999999
1976-12-30,2.5832500000000005
1976-12-31,2.375
1977-01-01,3.1251249999999997
1977-01-02,1.0
1977-01-03,1.7081250000000001
1977-01-04,2.29175
1977-01-05,2.75
1977-01-06,2.291625
1977-01-07,1.66675
1977-01-08,1.666625
1977-01-09,1.5415
1977-01-10,0.74975
1977-01-11,2.2498750000000003
1977-01-12,2.7082499999999996
1977-01-13,1.625125
1977-01-14,3.2498749999999994
1977-01-15,2.6667500000000004
1977-01-16,1.708375
1977-01-17,1.625125
1977-01-18,2.125125
1977-01-19,1.875
1977-01-20,2.5415
1977-01-21,1.25
1977-01-22,1.666625
1977-01-23,1.41675
1977-01-24,2.0415
1977-01-25,2.04175
1977-01-26,0.916625
1977-01-27,0.9583750000000001
1977-01-28,1.875
1977-01-29,2.833375
1977-01-30,4.166625
1977-01-31,2.7082499999999996
1977-02-01,1.541625
1977-02-02,3.3751249999999997
1977-02-03,2.166625
1977-02-04,1.0415
1977-02-05,1.91675
1977-02-06,2.7082499999999996
1977-02-07,3.25
1977-02-08,3.25
1977-02-09,3.8332499999999996
1977-02-10,2.5
1977-02-11,2.75
1977-02-12,1.874875
1977-02-13,2.458375
1977-02-14,2.4167500000000004
1977-02-15,2.0
1977-02-16,1.41675
1977-02-17,2.1248750000000003
1977-02-18,2.8332499999999996
1977-02-19,1.708375
1977-02-20,1.33325
1977-02-21,1.7086249999999998
1977-02-22,1.666625
1977-02-23,3.25
1977-02-24,2.5
1977-02-25,2.416625
1977-02-26,1.75
1977-02-27,0.66675
1977-02-28,1.791625
1977-03-01,2.208375
1977-03-02,1.2083750000000002
1977-03-03,0.958375
1977-03-04,0.6666249999999999
1977-03-05,0.8750000000000001
1977-03-06,1.541625
1977-03-07,1.375
1977-03-08,2.16675
1977-03-09,4.541625
1977-03-10,3.333375
1977-03-11,3.1251250000000006
1977-03-12,3.5
1977-03-13,2.583375
1977-03-14,2.124875
1977-03-15,1.25
1977-03-16,1.625
1977-03-17,2.208375
1977-03-18,2.3335
1977-03-19,1.2497500000000001
1977-03-20,2.45825
1977-03-21,2.08325
1977-03-22,1.66675
1977-03-23,2.666625
1977-03-24,2.5
1977-03-25,2.3751249999999997
1977-03-26,2.625
1977-03-27,1.916625
1977-03-28,2.875
1977-03-29,2.5
1977-03-30,1.416625
1977-03-31,0.8748750000000001
1977-04-01,0.95825
1977-04-02,1.20825
1977-04-03,2.416625
1977-04-04,3.6247499999999997
1977-04-05,2.5417499999999995
1977-04-06,4.4167499999999995
1977-04-07,4.625
1977-04-08,3.9582500000000005
1977-04-09,3.5417500000000004
1977-04-10,2.708375
1977-04-11,2.7915
1977-04-12,1.875
1977-04-13,1.374875
1977-04-14,2.333375
1977-04-15,2.125125
1977-04-16,2.9165
1977-04-17,2.1665
1977-04-18,2.000125
1977-04-19,4.833375
1977-04-20,3.916625
1977-04-21,2.5
1977-04-22,1.4168749999999999
1977-04-23,1.41675
1977-04-24,2.375
1977-04-25,2.8749999999999996
1977-04-26,1.041625
1977-04-27,0.95825
1977-04-28,1.124875
1977-04-29,3.2501250000000006
1977-04-30,1.958375
1977-05-01,2.541625
1977-05-02,5.5
1977-05-03,2.66675
1977-05-04,2.7498750000000003
1977-05-05,2.5001249999999997
1977-05-06,2.3751249999999997
1977-05-07,1.5
1977-05-08,0.75
1977-05-09,1.833375
1977-05-10,2.083375
1977-05-11,3.375
1977-05-12,2.750125
1977-05-13,1.375
1977-05-14,1.916625
1977-05-15,2.8332499999999996
1977-05-16,3.625
1977-05-17,3.1667500000000004
1977-05-18,2.41675
1977-05-19,1.20825
1977-05-20,2.29175
1977-05-21,0.916625
1977-05-22,1.583375
1977-05-23,1.66675
1977-05-24,2.166625
1977-05-25,1.374875
1977-05-26,0.58325
1977-05-27,0.833375
1977-05-28,1.708375
1977-05-29,0.45825000000000005
1977-05-30,1.208375
1977-05-31,1.9165
1977-06-01,2.1248750000000003
1977-06-02,2.7917500000000004
1977-06-03,1.541625
1977-06-04,1.458375
1977-06-05,1.666625
1977-06-06,1.29175
1977-06-07,1.541875
1977-06-08,1.5
1977-06-09,1.458375
1977-06-10,1.91675
1977-06-11,0.9167500000000001
1977-06-12,0.9581250000000001
1977-06-13,1.5
1977-06-14,1.958375
1977-06-15,0.7915000000000001
1977-06-16,2.083375
1977-06-17,2.08325
1977-06-18,2.25
1977-06-19,2.291625
1977-06-20,2.3333749999999998
1977-06-21,1.666625
1977-06-22,2.083375
1977-06-23,2.20825
1977-06-24,1.8335
1977-06-25,1.291625
1977-06-26,1.583625
1977-06-27,1.750125
1977-06-28,2.6667499999999995
1977-06-29,1.708375
1977-06-30,2.083375
1977-07-01,2.916625
1977-07-02,2.5
1977-07-03,2.08325
1977-07-04,1.95825
1977-07-05,1.375
1977-07-06,3.333375
1977-07-07,2.708375
1977-07-08,2.916625
1977-07-09,3.0417500000000004
1977-07-10,2.875
1977-07-11,2.208375
1977-07-12,0.9581250000000001
1977-07-13,2.208375
1977-07-14,2.91675
1977-07-15,2.6667499999999995
1977-07-16,3.833375
1977-07-17,2.8751249999999997
1977-07-18,1.9585
1977-07-19,3.6248750000000003
1977-07-20,4.041625
1977-07-21,2.333375
1977-07-22,2.4582499999999996
1977-07-23,1.4585
1977-07-24,1.833375
1977-07-25,1.25
1977-07-26,0.708375
1977-07-27,0.666625
1977-07-28,0.95825
1977-07-29,4.958375
1977-07-30,2.8333750000000006
1977-07-31,1.91675
1977-08-01,1.5418749999999999
1977-08-02,1.08325
1977-08-03,1.583375
1977-08-04,2.16675
1977-08-05,4.5
1977-08-06,3.541625
1977-08-07,3.0832499999999996
1977-08-08,2.625
1977-08-09,3.3335
1977-08-10,2.58325
1977-08-11,3.9997499999999997
1977-08-12,2.458125
1977-08-13,2.458375
1977-08-14,2.3748750000000003
1977-08-15,2.291625
1977-08-16,1.91675
1977-08-17,3.791625
1977-08-18,2.7501249999999997
1977-08-19,3.541625
1977-08-20,2.041625
1977-08-21,1.20825
1977-08-22,1.125125
1977-08-23,1.66675
1977-08-24,2.2082499999999996
1977-08-25,3.4998750000000003
1977-08-26,2.5
1977-08-27,2.791625
1977-08-28,1.875125
1977-08-29,1.458375
1977-08-30,1.333375
1977-08-31,0.91675
1977-09-01,0.91675
1977-09-02,1.458375
1977-09-03,1.70825
1977-09-04,1.54175
1977-09-05,0.7082499999999999
1977-09-06,0.8748750000000001
1977-09-07,1.333375
1977-09-08,1.95825
1977-09-09,2.5001249999999997
1977-09-10,2.666625
1977-09-11,3.3751250000000006
1977-09-12,1.333375
1977-09-13,3.9167499999999995
1977-09-14,1.958375
1977-09-15,1.91675
1977-09-16,1.875
1977-09-17,1.958375
1977-09-18,1.583375
1977-09-19,3.7501249999999997
1977-09-20,4.7917499999999995
1977-09-21,5.166625
1977-09-22,5.291625
1977-09-23,3.166625
1977-09-24,2.6667500000000004
1977-09-25,2.3748750000000003
1977-09-26,2.958375
1977-09-27,2.708375
1977-09-28,2.041625
1977-09-29,0.833375
1977-09-30,1.00025
1977-10-01,0.916625
1977-10-02,1.291625
1977-10-03,2.083375
1977-10-04,1.875
1977-10-05,2.0415
1977-10-06,2.083375
1977-10-07,0.708375
1977-10-08,1.500125
1977-10-09,0.45825000000000005
1977-10-10,1.0
1977-10-11,2.3751249999999997
1977-10-12,3.7917500000000004
1977-10-13,2.75
1977-10-14,2.29175
1977-10-15,3.083375
1977-10-16,1.875
1977-10-17,2.6665
1977-10-18,3.4582499999999996
1977-10-19,3.4997499999999997
1977-10-20,1.7081250000000001
1977-10-21,1.291625
1977-10-22,3.5417500000000004
1977-10-23,1.4585
1977-10-24,1.5415
1977-10-25,1.041625
1977-10-26,1.333375
1977-10-27,5.125000000000001
1977-10-28,4.291499999999999
1977-10-29,2.083375
1977-10-30,2.0
1977-10-31,1.54175
1977-11-01,1.1665
1977-11-02,1.4165
1977-11-03,0.8748750000000001
1977-11-04,1.70825
1977-11-05,2.04175
1977-11-06,1.7915
1977-11-07,1.416625
1977-11-08,0.8334999999999999
1977-11-09,0.7501249999999999
1977-11-10,1.874875
1977-11-11,1.624875
1977-11-12,3.2916250000000007
1977-11-13,3.8748750000000003
1977-11-14,4.7082500000000005
1977-11-15,3.625
1977-11-16,2.9167500000000004
1977-11-17,1.75
1977-11-18,1.70825
1977-11-19,1.749875
1977-11-20,1.04175
1977-11-21,1.125125
1977-11-22,0.7915000000000001
1977-11-23,0.5417500000000001
1977-11-24,0.45825000000000005
1977-11-25,2.166625
1977-11-26,3.1248750000000003
1977-11-27,2.25
1977-11-28,1.375125
1977-11-29,1.624875
1977-11-30,2.4998750000000003
1977-12-01,1.33325
1977-12-02,5.5
1977-12-03,2.2498750000000003
1977-12-04,2.375
1977-12-05,3.0001249999999997
1977-12-06,1.125
1977-12-07,0.7083750000000001
1977-12-08,0.37475
1977-12-09,0.70825
1977-12-10,0.83325
1977-12-11,4.45825
1977-12-12,3.1667500000000004
1977-12-13,3.083375
1977-12-14,1.875
1977-12-15,1.2918749999999999
1977-12-16,1.833375
1977-12-17,2.041875
1977-12-18,0.5415000000000001
1977-12-19,0.625
1977-12-20,0.8333749999999999
1977-12-21,1.416625
1977-12-22,1.375125
1977-12-23,1.083375
1977-12-24,1.375
1977-12-25,1.2915
1977-12-26,2.458375
1977-12-27,1.541625
1977-12-28,1.916625
1977-12-29,1.8331250000000001
1977-12-30,1.45825
1977-12-31,1.625
1978-01-01,1.7085
1978-01-02,1.666625
1978-01-03,2.0001249999999997
1978-01-04,6.125
1978-01-05,3.7917500000000004
1978-01-06,4.08325
1978-01-07,2.3751249999999997
1978-01-08,3.2082500000000005
1978-01-09,3.5001249999999997
1978-01-10,3.375
1978-01-11,1.833375
1978-01-12,1.083375
1978-01-13,2.00025
1978-01-14,0.791625
1978-01-15,0.41674999999999995
1978-01-16,2.45825
1978-01-17,1.875
1978-01-18,2.083375
1978-01-19,1.75
1978-01-20,0.750125
1978-01-21,0.20825
1978-01-22,0.58325
1978-01-23,0.374875
1978-01-24,1.375
1978-01-25,2.2498750000000003
1978-01-26,2.41675
1978-01-27,1.208375
1978-01-28,1.75
1978-01-29,4.3332500000000005
1978-01-30,4.0
1978-01-31,3.7085
1978-02-01,2.9582500000000005
1978-02-02,2.666625
1978-02-03,2.8748750000000003
1978-02-04,2.3335000000000004
1978-02-05,3.1251250000000006
1978-02-06,2.791875
1978-02-07,1.7915
1978-02-08,2.4167499999999995
1978-02-09,2.916625
1978-02-10,1.999875
1978-02-11,1.3331250000000001
1978-02-12,2.083375
1978-02-13,1.958375
1978-02-14,2.2498750000000003
1978-02-15,3.9582499999999996
1978-02-16,2.458375
1978-02-17,1.958375
1978-02-18,2.4585
1978-02-19,2.458375
1978-02-20,2.6667500000000004
1978-02-21,2.4998750000000003
1978-02-22,3.458375
1978-02-23,1.583375
1978-02-24,1.25
1978-02-25,2.0001249999999997
1978-02-26,4.458375
1978-02-27,4.666499999999999
1978-02-28,4.749875
1978-03-01,4.208375
1978-03-02,3.8747499999999997
1978-03-03,3.0001249999999997
1978-03-04,0.583375
1978-03-05,1.499875
1978-03-06,1.45825
1978-03-07,2.1248750000000003
1978-03-08,2.7498750000000003
1978-03-09,2.8332500000000005
1978-03-10,2.1664999999999996
1978-03-11,1.66675
1978-03-12,0.7084999999999999
1978-03-13,2.666625
1978-03-14,2.3751249999999997
1978-03-15,3.041625
1978-03-16,3.666625
1978-03-17,3.791625
1978-03-18,3.6665
1978-03-19,2.8748750000000003
1978-03-20,2.166625
1978-03-21,1.75
1978-03-22,2.5832499999999996
1978-03-23,2.583375
1978-03-24,1.374875
1978-03-25,0.70825
1978-03-26,4.666875
1978-03-27,5.666625
1978-03-28,3.0833749999999993
1978-03-29,2.8332499999999996
1978-03-30,2.9583749999999998
1978-03-31,1.833375
1978-04-01,2.375
1978-04-02,2.7501249999999997
1978-04-03,4.3332500000000005
1978-04-04,4.70825
1978-04-05,3.041625
1978-04-06,2.2085000000000004
1978-04-07,1.291625
1978-04-08,1.375125
1978-04-09,1.58325
1978-04-10,3.2917499999999995
1978-04-11,5.125
1978-04-12,3.6251250000000006
1978-04-13,3.4166250000000007
1978-04-14,4.999874999999999
1978-04-15,3.25
1978-04-16,1.874875
1978-04-17,1.666625
1978-04-18,3.083375
1978-04-19,4.333375
1978-04-20,3.375
1978-04-21,2.20825
1978-04-22,2.04175
1978-04-23,3.5
1978-04-24,4.875
1978-04-25,3.083375
1978-04-26,3.208375
1978-04-27,3.0415
1978-04-28,2.5832499999999996
1978-04-29,1.6665
1978-04-30,4.500125000000001
1978-05-01,5.625
1978-05-02,6.0
1978-05-03,5.958375
1978-05-04,5.75
1978-05-05,1.666625
1978-05-06,1.333375
1978-05-07,1.875125
1978-05-08,2.75
1978-05-09,5.75
1978-05-10,1.66675
1978-05-11,3.916625
1978-05-12,3.333375
1978-05-13,2.04175
1978-05-14,2.20825
1978-05-15,1.4165
1978-05-16,1.750125
1978-05-17,1.9581250000000001
1978-05-18,1.2915
1978-05-19,1.083375
1978-05-20,1.74975
1978-05-21,3.166625
1978-05-22,3.5835
1978-05-23,3.4998749999999994
1978-05-24,3.7917500000000004
1978-05-25,2.2915
1978-05-26,1.7502499999999999
1978-05-27,1.25
1978-05-28,1.750125
1978-05-29,1.58325
1978-05-30,3.0417499999999995
1978-05-31,2.20825
1978-06-01,1.9585
1978-06-02,5.20825
1978-06-03,3.833375
1978-06-04,3.375
1978-06-05,4.083125
1978-06-06,1.958375
1978-06-07,2.541625
1978-06-08,1.999875
1978-06-09,1.0
1978-06-10,3.2501249999999997
1978-06-11,2.708375
1978-06-12,2.04175
1978-06-13,1.708375
1978-06-14,1.04175
1978-06-15,1.708375
1978-06-16,1.66675
1978-06-17,2.33325
1978-06-18,2.583375
1978-06-19,3.1251249999999997
1978-06-20,2.458375
1978-06-21,4.20825
1978-06-22,2.9998749999999994
1978-06-23,3.25
1978-06-24,3.291875
1978-06-25,3.6251249999999997
1978-06-26,4.875
1978-06-27,2.9582499999999996
1978-06-28,2.6665
1978-06-29,3.041875
1978-06-30,3.874999999999999
1978-07-01,1.416625
1978-07-02,1.458375
1978-07-03,2.0
1978-07-04,5.375125000000001
1978-07-05,4.708500000000001
1978-07-06,2.6667499999999995
1978-07-07,2.875
1978-07-08,2.833375
1978-07-09,1.95825
1978-07-10,2.3332499999999996
1978-07-11,1.41675
1978-07-12,1.124875
1978-07-13,3.208375
1978-07-14,4.916625
1978-07-15,1.4165
1978-07-16,1.333375
1978-07-17,1.458375
1978-07-18,2.83325
1978-07-19,2.291625
1978-07-20,1.374875
1978-07-21,1.5835
1978-07-22,2.041625
1978-07-23,1.958375
1978-07-24,1.45825
1978-07-25,1.958375
1978-07-26,1.4585
1978-07-27,1.083375
1978-07-28,1.5
1978-07-29,0.95825
1978-07-30,0.791625
1978-07-31,0.33325000000000005
1978-08-01,1.0
1978-08-02,0.875
1978-08-03,3.0417500000000004
1978-08-04,3.8332499999999996
1978-08-05,3.5832500000000005
1978-08-06,3.0001249999999997
1978-08-07,1.791625
1978-08-08,1.54175
1978-08-09,1.249875
1978-08-10,1.62475
1978-08-11,2.2917499999999995
1978-08-12,3.333375
1978-08-13,2.7498750000000003
1978-08-14,1.5
1978-08-15,0.8334999999999999
1978-08-16,1.083125
1978-08-17,2.041625
1978-08-18,3.208125
1978-08-19,2.250125
1978-08-20,0.7084999999999999
1978-08-21,1.29175
1978-08-22,1.3335
1978-08-23,1.000125
1978-08-24,1.083375
1978-08-25,2.083375
1978-08-26,0.8751249999999999
1978-08-27,4.08325
1978-08-28,6.4582500000000005
1978-08-29,4.458374999999999
1978-08-30,4.124875
1978-08-31,4.625
1978-09-01,3.416625
1978-09-02,3.2917500000000004
1978-09-03,2.5417499999999995
1978-09-04,2.083375
1978-09-05,1.666625
1978-09-06,2.4998749999999994
1978-09-07,1.500125
1978-09-08,3.0832499999999996
1978-09-09,4.16675
1978-09-10,2.375125
1978-09-11,2.20825
1978-09-12,2.75
1978-09-13,1.70825
1978-09-14,1.04175
1978-09-15,0.666625
1978-09-16,1.583375
1978-09-17,1.79175
1978-09-18,0.5831250000000001
1978-09-19,0.24975
1978-09-20,1.041625
1978-09-21,1.91675
1978-09-22,2.58325
1978-09-23,2.5001249999999997
1978-09-24,2.2085
1978-09-25,4.250125000000001
1978-09-26,4.3335
1978-09-27,4.9167499999999995
1978-09-28,4.958125
1978-09-29,5.833500000000001
1978-09-30,2.375
1978-10-01,2.791625
1978-10-02,2.6251249999999997
1978-10-03,1.91675
1978-10-04,3.1667500000000004
1978-10-05,1.83325
1978-10-06,1.000125
1978-10-07,1.125
1978-10-08,1.374875
1978-10-09,2.3751249999999997
1978-10-10,2.7082499999999996
1978-10-11,1.375
1978-10-12,2.541625
1978-10-13,1.999875
1978-10-14,1.208375
1978-10-15,1.249875
1978-10-16,1.0
1978-10-17,1.25
1978-10-18,4.166499999999999
1978-10-19,3.583375
1978-10-20,2.2501249999999997
1978-10-21,2.6248750000000003
1978-10-22,2.208375
1978-10-23,1.416625
1978-10-24,1.2915
1978-10-25,1.625125
1978-10-26,2.91675
1978-10-27,3.3748750000000003
1978-10-28,2.708375
1978-10-29,3.041625
1978-10-30,3.7085
1978-10-31,3.4167499999999995
1978-11-01,2.6665
1978-11-02,2.291625
1978-11-03,2.6251249999999997
1978-11-04,1.375
1978-11-05,1.416625
1978-11-06,0.54175
1978-11-07,1.208375
1978-11-08,2.708375
1978-11-09,1.79175
1978-11-10,2.33325
1978-11-11,2.125
1978-11-12,5.083375
1978-11-13,3.416499999999999
1978-11-14,1.833375
1978-11-15,1.95825
1978-11-16,1.66675
1978-11-17,1.58325
1978-11-18,1.333375
1978-11-19,2.5835
1978-11-20,3.5832499999999996
1978-11-21,2.958375
1978-11-22,3.875
1978-11-23,2.3751249999999997
1978-11-24,3.0833749999999993
1978-11-25,5.166625
1978-11-26,4.291625
1978-11-27,3.208375
1978-11-28,1.250125
1978-11-29,1.124875
1978-11-30,1.291625
1978-12-01,2.25
1978-12-02,0.70825
1978-12-03,1.250125
1978-12-04,2.625
1978-12-05,2.083375
1978-12-06,1.33325
1978-12-07,0.45825000000000005
1978-12-08,0.8335
1978-12-09,0.58325
1978-12-10,0.166625
1978-12-11,0.166625
1978-12-12,1.04175
1978-12-13,1.45825
1978-12-14,3.666625
1978-12-15,3.7082499999999996
1978-12-16,2.833375
1978-12-17,2.1665
1978-12-18,4.916625
1978-12-19,3.75
1978-12-20,3.916625
1978-12-21,2.583375
1978-12-22,3.25
1978-12-23,1.7081250000000001
1978-12-24,1.375
1978-12-25,3.0833749999999993
1978-12-26,2.125
1978-12-27,2.5832499999999996
1978-12-28,2.416625
1978-12-29,3.083375
1978-12-30,3.8751249999999997
1978-12-31,3.2085
1979-01-01,2.083375
1979-01-02,3.125
1979-01-03,3.3332499999999996
1979-01-04,4.833375
1979-01-05,3.416625
1979-01-06,3.1665
1979-01-07,3.5415
1979-01-08,1.95825
1979-01-09,2.833375
1979-01-10,0.95825
1979-01-11,1.125
1979-01-12,2.291625
1979-01-13,1.04175
1979-01-14,1.791625
1979-01-15,2.833375
1979-01-16,2.4168750000000006
1979-01-17,1.666625
1979-01-18,2.5
1979-01-19,3.166625
1979-01-20,2.541625
1979-01-21,2.500125
1979-01-22,2.20825
1979-01-23,3.7498750000000003
1979-01-24,3.333500000000001
1979-01-25,4.2085
1979-01-26,3.916499999999999
1979-01-27,3.5417499999999995
1979-01-28,2.7498750000000003
1979-01-29,2.791625
1979-01-30,3.1248750000000003
1979-01-31,2.7085
1979-02-01,1.666625
1979-02-02,2.291875
1979-02-03,1.874875
1979-02-04,3.3332499999999996
1979-02-05,2.0
1979-02-06,2.958375
1979-02-07,1.625125
1979-02-08,2.20825
1979-02-09,2.25
1979-02-10,1.66675
1979-02-11,2.4167500000000004
1979-02-12,2.9167499999999995
1979-02-13,0.5415000000000001
1979-02-14,0.54175
1979-02-15,2.333375
1979-02-16,1.624875
1979-02-17,1.20825
1979-02-18,3.416625
1979-02-19,2.916625
1979-02-20,1.5418749999999999
1979-02-21,5.124874999999999
1979-02-22,4.25
1979-02-23,4.125
1979-02-24,3.2082499999999996
1979-02-25,2.7917499999999995
1979-02-26,3.5833749999999993
1979-02-27,3.5
1979-02-28,3.0835
1979-03-01,2.6665
1979-03-02,3.4167500000000004
1979-03-03,2.6667500000000004
1979-03-04,3.8748750000000003
1979-03-05,2.625
1979-03-06,4.125
1979-03-07,1.541625
1979-03-08,1.75
1979-03-09,2.791625
1979-03-10,4.999874999999999
1979-03-11,2.8332500000000005
1979-03-12,1.416625
1979-03-13,1.666625
1979-03-14,0.58325
1979-03-15,1.79175
1979-03-16,2.4582499999999996
1979-03-17,3.2501250000000006
1979-03-18,1.666625
1979-03-19,2.20825
1979-03-20,1.58325
1979-03-21,1.166625
1979-03-22,3.8752500000000003
1979-03-23,2.5832499999999996
1979-03-24,2.9166250000000007
1979-03-25,3.541499999999999
1979-03-26,3.8751250000000006
1979-03-27,3.166625
1979-03-28,4.458375
1979-03-29,5.583375
1979-03-30,2.6666250000000002
1979-03-31,3.0832499999999996
1979-04-01,4.041499999999999
1979-04-02,4.250125000000001
1979-04-03,4.16675
1979-04-04,4.291625
1979-04-05,4.79175
1979-04-06,2.625
1979-04-07,2.5832499999999996
1979-04-08,2.5832499999999996
1979-04-09,1.875
1979-04-10,2.5
1979-04-11,1.499875
1979-04-12,2.95825
1979-04-13,2.5415
1979-04-14,2.8751249999999997
1979-04-15,3.166625
1979-04-16,2.875
1979-04-17,2.458375
1979-04-18,1.58325
1979-04-19,1.45825
1979-04-20,0.458375
1979-04-21,3.125
1979-04-22,4.833375
1979-04-23,3.4998750000000003
1979-04-24,2.7915
1979-04-25,6.708500000000001
1979-04-26,2.375
1979-04-27,3.791625
1979-04-28,4.166625
1979-04-29,4.9165
1979-04-30,3.7915
1979-05-01,3.1665
1979-05-02,2.66675
1979-05-03,1.708375
1979-05-04,1.666625
1979-05-05,1.83325
1979-05-06,1.541625
1979-05-07,2.375
1979-05-08,1.916625
1979-05-09,2.7498750000000003
1979-05-10,1.708375
1979-05-11,3.3332499999999996
1979-05-12,2.291625
1979-05-13,2.041625
1979-05-14,2.4998750000000003
1979-05-15,2.583125
1979-05-16,1.416625
1979-05-17,0.79175
1979-05-18,2.125
1979-05-19,3.7085
1979-05-20,2.7082499999999996
1979-05-21,2.4585
1979-05-22,4.375
1979-05-23,2.083375
1979-05-24,3.916625
1979-05-25,4.3332500000000005
1979-05-26,3.791625
1979-05-27,3.1667500000000004
1979-05-28,2.291625
1979-05-29,2.833375
1979-05-30,2.0835
1979-05-31,1.375
1979-06-01,1.16675
1979-06-02,1.4585
1979-06-03,0.9998750000000001
1979-06-04,1.583375
1979-06-05,1.000125
1979-06-06,3.16675
1979-06-07,3.749999999999999
1979-06-08,2.8335
1979-06-09,3.0
1979-06-10,2.8748749999999994
1979-06-11,2.375
1979-06-12,1.66675
1979-06-13,1.83325
1979-06-14,1.875
1979-06-15,2.25
1979-06-16,3.0417500000000004
1979-06-17,2.83325
1979-06-18,1.541625
1979-06-19,1.624875
1979-06-20,1.958375
1979-06-21,2.916625
1979-06-22,3.5832499999999996
1979-06-23,3.291875
1979-06-24,2.25
1979-06-25,2.125
1979-06-26,2.83325
1979-06-27,2.2083749999999993
1979-06-28,1.04175
1979-06-29,1.62475
1979-06-30,2.2085
1979-07-01,1.833375
1979-07-02,0.9583750000000001
1979-07-03,2.583375
1979-07-04,1.916625
1979-07-05,2.20825
1979-07-06,3.083375
1979-07-07,3.708125
1979-07-08,2.333125
1979-07-09,1.499875
1979-07-10,1.458375
1979-07-11,1.041625
1979-07-12,2.0
1979-07-13,2.875125
1979-07-14,2.5
1979-07-15,2.9585
1979-07-16,2.4998750000000003
1979-07-17,2.8332499999999996
1979-07-18,2.958375
1979-07-19,2.375
1979-07-20,3.041625
1979-07-21,2.29175
1979-07-22,1.5001250000000002
1979-07-23,1.499875
1979-07-24,1.41675
1979-07-25,0.75
1979-07-26,2.2501249999999997
1979-07-27,3.416625
1979-07-28,1.958375
1979-07-29,3.625
1979-07-30,2.208375
1979-07-31,0.5415000000000001
1979-08-01,2.5001249999999997
1979-08-02,2.3332500000000005
1979-08-03,2.291625
1979-08-04,3.041625
1979-08-05,1.875
1979-08-06,3.2082499999999996
1979-08-07,2.416625
1979-08-08,2.0001249999999997
1979-08-09,1.749875
1979-08-10,1.79175
1979-08-11,2.2498750000000003
1979-08-12,2.958375
1979-08-13,5.083375
1979-08-14,1.833375
1979-08-15,1.166625
1979-08-16,1.33325
1979-08-17,1.75
1979-08-18,1.999875
1979-08-19,4.29175
1979-08-20,4.166625
1979-08-21,3.5
1979-08-22,2.6667500000000004
1979-08-23,1.25
1979-08-24,2.2501249999999997
1979-08-25,3.4167499999999995
1979-08-26,2.875
1979-08-27,2.541625
1979-08-28,2.333375
1979-08-29,5.583375
1979-08-30,2.625125
1979-08-31,2.458375
1979-09-01,2.0
1979-09-02,1.416625
1979-09-03,2.208125
1979-09-04,2.375
1979-09-05,3.208375
1979-09-06,2.708375
1979-09-07,1.29175
1979-09-08,1.625
1979-09-09,1.291625
1979-09-10,2.166625
1979-09-11,2.75
1979-09-12,1.79175
1979-09-13,1.874875
1979-09-14,1.9581250000000001
1979-09-15,2.04175
1979-09-16,2.9165
1979-09-17,2.41675
1979-09-18,5.208375
1979-09-19,1.583375
1979-09-20,3.25
1979-09-21,3.375
1979-09-22,1.625
1979-09-23,1.708375
1979-09-24,2.8332499999999996
1979-09-25,3.2082499999999996
1979-09-26,3.416625
1979-09-27,2.833375
1979-09-28,3.041625
1979-09-29,2.916875
1979-09-30,3.1667499999999995
1979-10-01,2.16675
1979-10-02,1.58325
1979-10-03,2.541625
1979-10-04,1.666625
1979-10-05,1.375
1979-10-06,4.125125
1979-10-07,4.25
1979-10-08,4.500125000000001
1979-10-09,3.625
1979-10-10,3.125
1979-10-11,2.125125
1979-10-12,1.91675
1979-10-13,2.66675
1979-10-14,1.54175
1979-10-15,1.749875
1979-10-16,1.875
1979-10-17,1.125125
1979-10-18,0.666625
1979-10-19,1.25
1979-10-20,1.666625
1979-10-21,2.333375
1979-10-22,2.75
1979-10-23,1.75
1979-10-24,2.541625
1979-10-25,2.791625
1979-10-26,1.958375
1979-10-27,1.500125
1979-10-28,2.1251249999999997
1979-10-29,2.3332499999999996
1979-10-30,1.1665
1979-10-31,1.416625
1979-11-01,3.041625
1979-11-02,2.5417500000000004
1979-11-03,2.1248750000000003
1979-11-04,2.25
1979-11-05,0.541625
1979-11-06,0.70825
1979-11-07,2.416625
1979-11-08,2.7085
1979-11-09,3.1248749999999994
1979-11-10,1.666625
1979-11-11,2.333375
1979-11-12,1.9165
1979-11-13,4.416625
1979-11-14,1.875
1979-11-15,0.791625
1979-11-16,2.583375
1979-11-17,1.875
1979-11-18,1.041625
1979-11-19,1.666625
1979-11-20,2.20825
1979-11-21,1.5
1979-11-22,0.541625
1979-11-23,1.0
1979-11-24,3.7501249999999997
1979-11-25,2.416625
1979-11-26,0.999875
1979-11-27,1.083375
1979-11-28,0.374875
1979-11-29,1.0
1979-11-30,2.625
1979-12-01,2.16675
1979-12-02,2.375
1979-12-03,1.9165
1979-12-04,3.041625
1979-12-05,1.874875
1979-12-06,1.416625
1979-12-07,1.04175
1979-12-08,2.291625
1979-12-09,1.875
1979-12-10,1.333375
1979-12-11,1.25
1979-12-12,1.04175
1979-12-13,0.875
1979-12-14,1.166625
1979-12-15,2.125125
1979-12-16,2.375
1979-12-17,2.708375
1979-12-18,1.79175
1979-12-19,1.625
1979-12-20,1.125
1979-12-21,0.95825
1979-12-22,2.8748750000000003
1979-12-23,0.79175
1979-12-24,1.70825
1979-12-25,0.49987499999999996
1979-12-26,2.208375
1979-12-27,2.4166250000000002
1979-12-28,2.833375
1979-12-29,4.208375
1979-12-30,3.416625
1979-12-31,1.999875
1980-01-01,3.49975
1980-01-02,2.4998750000000003
1980-01-03,3.1667500000000004
1980-01-04,3.1248750000000003
1980-01-05,2.6251249999999997
1980-01-06,1.999875
1980-01-07,1.166625
1980-01-08,1.5
1980-01-09,0.66675
1980-01-10,0.70825
1980-01-11,2.3752500000000003
1980-01-12,1.125
1980-01-13,3.375
1980-01-14,2.16675
1980-01-15,1.45825
1980-01-16,1.6247500000000001
1980-01-17,2.499875
1980-01-18,1.041625
1980-01-19,1.000125
1980-01-20,1.54175
1980-01-21,1.375125
1980-01-22,1.25
1980-01-23,1.208375
1980-01-24,1.25
1980-01-25,1.625
1980-01-26,1.541625
1980-01-27,3.5832500000000005
1980-01-28,3.7082499999999996
1980-01-29,3.6667500000000004
1980-01-30,2.2498750000000003
1980-01-31,1.333375
1980-02-01,2.208375
1980-02-02,1.999875
1980-02-03,0.708375
1980-02-04,0.95825
1980-02-05,0.708375
1980-02-06,3.8332499999999996
1980-02-07,2.6248750000000003
1980-02-08,3.125
1980-02-09,2.54175
1980-02-10,0.8751249999999999
1980-02-11,1.0415
1980-02-12,0.6248750000000001
1980-02-13,0.54175
1980-02-14,3.0
1980-02-15,3.41675
1980-02-16,4.291625
1980-02-17,1.5
1980-02-18,2.3751249999999997
1980-02-19,1.70825
1980-02-20,1.541625
1980-02-21,1.125125
1980-02-22,1.04175
1980-02-23,2.0415
1980-02-24,1.6663750000000002
1980-02-25,2.3748750000000003
1980-02-26,2.75
1980-02-27,2.8748750000000003
1980-02-28,2.25025
1980-02-29,1.7915
1980-03-01,0.7915000000000001
1980-03-02,0.541625
1980-03-03,1.083375
1980-03-04,1.249875
1980-03-05,1.5835
1980-03-06,2.20825
1980-03-07,1.791625
1980-03-08,1.7081250000000001
1980-03-09,1.83325
1980-03-10,1.083375
1980-03-11,1.083375
1980-03-12,0.291625
1980-03-13,1.625
1980-03-14,1.25
1980-03-15,0.333125
1980-03-16,1.1668749999999999
1980-03-17,1.3332499999999998
1980-03-18,0.8751249999999999
1980-03-19,2.0
1980-03-20,1.166625
1980-03-21,3.208375
1980-03-22,3.041625
1980-03-23,1.291625
1980-03-24,1.083375
1980-03-25,1.333375
1980-03-26,3.958375
1980-03-27,1.708375
1980-03-28,1.75
1980-03-29,1.95825
1980-03-30,2.29175
1980-03-31,3.458375
1980-04-01,0.916625
1980-04-02,0.7085
1980-04-03,1.833375
1980-04-04,2.20825
1980-04-05,1.625
1980-04-06,3.4165
1980-04-07,3.1251249999999997
1980-04-08,3.083500000000001
1980-04-09,3.25
1980-04-10,3.375
1980-04-11,3.875
1980-04-12,3.916499999999999
1980-04-13,3.1251250000000006
1980-04-14,2.0
1980-04-15,3.416625
1980-04-16,2.541625
1980-04-17,2.375
1980-04-18,1.0835
1980-04-19,1.208375
1980-04-20,1.5
1980-04-21,1.208375
1980-04-22,2.04175
1980-04-23,1.5835
1980-04-24,1.66675
1980-04-25,2.04175
1980-04-26,1.249875
1980-04-27,1.1666249999999998
1980-04-28,1.16675
1980-04-29,1.5
1980-04-30,2.04175
1980-05-01,1.958375
1980-05-02,1.08325
1980-05-03,0.708375
1980-05-04,1.083375
1980-05-05,1.708375
1980-05-06,2.666875
1980-05-07,1.875125
1980-05-08,1.625125
1980-05-09,3.2082500000000005
1980-05-10,1.8747500000000001
1980-05-11,4.25
1980-05-12,3.5001250000000006
1980-05-13,2.5001249999999997
1980-05-14,3.0415
1980-05-15,1.41675
1980-05-16,0.7081250000000001
1980-05-17,0.66675
1980-05-18,0.958375
1980-05-19,1.79175
1980-05-20,1.20825
1980-05-21,0.95825
1980-05-22,1.666625
1980-05-23,2.25
1980-05-24,2.458375
1980-05-25,3.791625
1980-05-26,1.7085
1980-05-27,1.7085
1980-05-28,1.08325
1980-05-29,1.25
1980-05-30,2.375125
1980-05-31,2.9167500000000004
1980-06-01,3.583375
1980-06-02,1.624875
1980-06-03,2.208375
1980-06-04,1.375125
1980-06-05,0.8751249999999999
1980-06-06,2.6248750000000003
1980-06-07,3.958375
1980-06-08,3.458375
1980-06-09,2.58325
1980-06-10,4.291625
1980-06-11,5.166625
1980-06-12,4.2085
1980-06-13,3.9582499999999996
1980-06-14,2.25
1980-06-15,1.2085
1980-06-16,2.041625
1980-06-17,0.6248750000000001
1980-06-18,0.750125
1980-06-19,1.8335
1980-06-20,1.499875
1980-06-21,1.58325
1980-06-22,1.666625
1980-06-23,1.541625
1980-06-24,2.7501249999999997
1980-06-25,2.04175
1980-06-26,2.8332499999999996
1980-06-27,0.58325
1980-06-28,0.7501249999999999
1980-06-29,1.20825
1980-06-30,2.0
1980-07-01,1.25
1980-07-02,0.7498750000000001
1980-07-03,1.041625
1980-07-04,1.708375
1980-07-05,2.958375
1980-07-06,2.291625
1980-07-07,2.708375
1980-07-08,2.708375
1980-07-09,1.958375
1980-07-10,0.95825
1980-07-11,2.208375
1980-07-12,1.291625
1980-07-13,2.08325
1980-07-14,2.1665
1980-07-15,1.625
1980-07-16,1.583375
1980-07-17,1.66675
1980-07-18,3.1667500000000004
1980-07-19,2.58325
1980-07-20,2.0
1980-07-21,2.708375
1980-07-22,1.0833750000000002
1980-07-23,1.1248749999999998
1980-07-24,1.624875
1980-07-25,3.833375
1980-07-26,3.5
1980-07-27,2.958125
1980-07-28,2.8333749999999993
1980-07-29,1.54175
1980-07-30,1.95825
1980-07-31,1.54175
1980-08-01,1.04175
1980-08-02,1.625
1980-08-03,3.2498750000000003
1980-08-04,1.874875
1980-08-05,1.124875
1980-08-06,3.375
1980-08-07,2.41675
1980-08-08,1.04175
1980-08-09,2.041625
1980-08-10,2.20825
1980-08-11,1.916625
1980-08-12,1.749875
1980-08-13,1.5
1980-08-14,1.541625
1980-08-15,1.41675
1980-08-16,2.8748750000000003
1980-08-17,2.25
1980-08-18,3.0416250000000002
1980-08-19,3.75
1980-08-20,2.29175
1980-08-21,1.79175
1980-08-22,2.4163750000000004
1980-08-23,1.166625
1980-08-24,1.125
1980-08-25,1.124875
1980-08-26,2.4998750000000003
1980-08-27,3.416625
1980-08-28,1.08325
1980-08-29,0.958125
1980-08-30,1.70825
1980-08-31,1.833375
1980-09-01,1.666625
1980-09-02,1.125
1980-09-03,2.20825
1980-09-04,2.45825
1980-09-05,2.3751249999999997
1980-09-06,2.16675
1980-09-07,2.166625
1980-09-08,1.999875
1980-09-09,2.541625
1980-09-10,1.125
1980-09-11,1.583375
1980-09-12,3.166625
1980-09-13,2.958375
1980-09-14,1.875
1980-09-15,2.083375
1980-09-16,1.833375
1980-09-17,2.75
1980-09-18,1.124875
1980-09-19,1.375125
1980-09-20,1.666625
1980-09-21,0.37487500000000007
1980-09-22,1.91675
1980-09-23,1.250125
1980-09-24,0.9581250000000001
1980-09-25,1.7085
1980-09-26,1.208375
1980-09-27,1.6668749999999999
1980-09-28,1.708375
1980-09-29,1.916625
1980-09-30,1.20825
1980-10-01,0.583375
1980-10-02,1.20825
1980-10-03,1.16675
1980-10-04,3.8332500000000005
1980-10-05,3.5417500000000004
1980-10-06,2.833375
1980-10-07,2.625
1980-10-08,2.6251249999999997
1980-10-09,3.0417500000000004
1980-10-10,3.208375
1980-10-11,4.20825
1980-10-12,2.416625
1980-10-13,1.45825
1980-10-14,2.29175
1980-10-15,2.916625
1980-10-16,0.75
1980-10-17,1.375125
1980-10-18,3.458125
1980-10-19,2.5
1980-10-20,0.9998750000000001
1980-10-21,1.999875
1980-10-22,3.4167499999999995
1980-10-23,4.625
1980-10-24,2.791625
1980-10-25,3.7082499999999996
1980-10-26,2.3749999999999996
1980-10-27,0.708375
1980-10-28,0.33325000000000005
1980-10-29,0.66675
1980-10-30,2.20825
1980-10-31,4.0415
1980-11-01,3.0001250000000006
1980-11-02,2.4168749999999997
1980-11-03,1.375
1980-11-04,2.333375
1980-11-05,1.33325
1980-11-06,1.625
1980-11-07,1.5
1980-11-08,1.5831250000000001
1980-11-09,2.0
1980-11-10,2.708375
1980-11-11,3.7082500000000005
1980-11-12,2.458375
1980-11-13,1.541625
1980-11-14,2.208375
1980-11-15,3.6251249999999997
1980-11-16,3.083125
1980-11-17,2.416625
1980-11-18,3.1251249999999997
1980-11-19,3.20825
1980-11-20,3.166625
1980-11-21,2.583375
1980-11-22,2.0
1980-11-23,2.0835
1980-11-24,2.5832499999999996
1980-11-25,3.1247499999999997
1980-11-26,3.458375
1980-11-27,3.3751250000000006
1980-11-28,3.583375
1980-11-29,3.0832499999999996
1980-11-30,3.583375
1980-12-01,2.791625
1980-12-02,1.791625
1980-12-03,3.583375
1980-12-04,1.958375
1980-12-05,0.83325
1980-12-06,0.8333750000000001
1980-12-07,1.54175
1980-12-08,2.041625
1980-12-09,2.333375
1980-12-10,2.3332500000000005
1980-12-11,2.8748750000000003
1980-12-12,2.791625
1980-12-13,1.416625
1980-12-14,1.83325
1980-12-15,2.4582499999999996
1980-12-16,2.9998749999999994
1980-12-17,1.25
1980-12-18,2.791625
1980-12-19,5.41675
1980-12-20,3.5
1980-12-21,3.833375
1980-12-22,2.458375
1980-12-23,1.416625
1980-12-24,0.54175
1980-12-25,1.791625
1980-12-26,1.5
1980-12-27,2.16675
1980-12-28,0.958375
1980-12-29,2.041625
1980-12-30,2.416875
1980-12-31,2.875
1981-01-01,2.6666250000000002
1981-01-02,2.08325
1981-01-03,2.2085
1981-01-04,2.791625
1981-01-05,2.25
1981-01-06,2.208375
1981-01-07,1.58325
1981-01-08,2.5001249999999997
1981-01-09,1.375
1981-01-10,1.875
1981-01-11,3.2917500000000004
1981-01-12,0.95825
1981-01-13,1.66675
1981-01-14,1.3335
1981-01-15,1.91675
1981-01-16,2.4583749999999998
1981-01-17,2.0
1981-01-18,0.916625
1981-01-19,0.66675
1981-01-20,1.083375
1981-01-21,0.583375
1981-01-22,2.1251249999999997
1981-01-23,1.95825
1981-01-24,2.1248750000000003
1981-01-25,1.874875
1981-01-26,1.8335
1981-01-27,1.95825
1981-01-28,3.0415
1981-01-29,2.9582499999999996
1981-01-30,1.916625
1981-01-31,3.3748750000000003
1981-02-01,2.8748750000000003
1981-02-02,3.5417500000000004
1981-02-03,2.75
1981-02-04,1.95825
1981-02-05,3.7498750000000003
1981-02-06,4.416625
1981-02-07,2.4582499999999996
1981-02-08,2.08325
1981-02-09,3.0
1981-02-10,0.70825
1981-02-11,2.0
1981-02-12,2.3332500000000005
1981-02-13,1.75
1981-02-14,0.625
1981-02-15,1.875
1981-02-16,2.291625
1981-02-17,1.541625
1981-02-18,1.375125
1981-02-19,1.625125
1981-02-20,1.874875
1981-02-21,1.2918749999999999
1981-02-22,1.125
1981-02-23,2.33325
1981-02-24,3.1667500000000004
1981-02-25,3.7917500000000004
1981-02-26,3.875
1981-02-27,3.541625
1981-02-28,2.5
1981-03-01,3.8751249999999997
1981-03-02,3.583375
1981-03-03,1.791625
1981-03-04,2.2917500000000004
1981-03-05,5.499874999999999
1981-03-06,2.416625
1981-03-07,3.333375
1981-03-08,2.125
1981-03-09,0.958375
1981-03-10,1.91675
1981-03-11,1.70825
1981-03-12,2.2498750000000003
1981-03-13,3.8332499999999996
1981-03-14,4.6667499999999995
1981-03-15,3.291625
1981-03-16,2.7917500000000004
1981-03-17,3.2082499999999996
1981-03-18,3.375
1981-03-19,2.2498750000000003
1981-03-20,1.95825
1981-03-21,1.624875
1981-03-22,1.16675
1981-03-23,0.8748750000000001
1981-03-24,0.958375
1981-03-25,4.33325
1981-03-26,3.8748750000000003
1981-03-27,2.7917499999999995
1981-03-28,2.7085
1981-03-29,3.1667500000000004
1981-03-30,2.916625
1981-03-31,3.7915
1981-04-01,3.666625
1981-04-02,2.3332499999999996
1981-04-03,2.7915
1981-04-04,2.41675
1981-04-05,1.04175
1981-04-06,2.25
1981-04-07,2.16675
1981-04-08,2.333375
1981-04-09,1.66675
1981-04-10,1.875
1981-04-11,3.7501249999999997
1981-04-12,6.25
1981-04-13,6.54175
1981-04-14,3.625
1981-04-15,2.0001249999999997
1981-04-16,2.625
1981-04-17,3.291625
1981-04-18,2.583125
1981-04-19,4.583375
1981-04-20,5.0832500000000005
1981-04-21,4.7082500000000005
1981-04-22,4.25
1981-04-23,4.208375
1981-04-24,3.4585
1981-04-25,3.3751250000000006
1981-04-26,5.166625
1981-04-27,4.625125000000001
1981-04-28,2.583375
1981-04-29,3.25
1981-04-30,1.83325
1981-05-01,2.9167500000000004
1981-05-02,1.791625
1981-05-03,1.375
1981-05-04,1.041625
1981-05-05,0.9585
1981-05-06,1.29175
1981-05-07,1.250125
1981-05-08,2.333375
1981-05-09,4.208125
1981-05-10,3.583375
1981-05-11,5.0
1981-05-12,2.666625
1981-05-13,1.958375
1981-05-14,3.1251249999999997
1981-05-15,5.0
1981-05-16,5.25
1981-05-17,2.333375
1981-05-18,4.958375
1981-05-19,3.208375
1981-05-20,4.58325
1981-05-21,2.5
1981-05-22,1.75
1981-05-23,3.166625
1981-05-24,3.2915
1981-05-25,4.29175
1981-05-26,1.79175
1981-05-27,1.41675
1981-05-28,2.499875
1981-05-29,1.541625
1981-05-30,1.75
1981-05-31,2.083375
1981-06-01,1.875
1981-06-02,1.875125
1981-06-03,2.958375
1981-06-04,1.25
1981-06-05,1.499875
1981-06-06,2.583375
1981-06-07,4.916625000000001
1981-06-08,2.7915
1981-06-09,1.125125
1981-06-10,1.125
1981-06-11,1.625125
1981-06-12,0.95825
1981-06-13,1.2085
1981-06-14,0.9582499999999999
1981-06-15,2.5001249999999997
1981-06-16,3.5
1981-06-17,2.041625
1981-06-18,2.3748750000000003
1981-06-19,2.2915
1981-06-20,2.3751249999999997
1981-06-21,1.8335
1981-06-22,1.08325
1981-06-23,1.208375
1981-06-24,2.416625
1981-06-25,2.75
1981-06-26,2.8332499999999996
1981-06-27,2.45825
1981-06-28,2.2498750000000003
1981-06-29,3.625
1981-06-30,2.7082499999999996
1981-07-01,3.1667500000000004
1981-07-02,3.5001249999999997
1981-07-03,1.91675
1981-07-04,1.95825
1981-07-05,2.708125
1981-07-06,3.333375
1981-07-07,2.875
1981-07-08,1.9168749999999999
1981-07-09,1.750125
1981-07-10,1.083375
1981-07-11,2.5417499999999995
1981-07-12,3.458375
1981-07-13,2.2501249999999997
1981-07-14,1.708375
1981-07-15,0.833375
1981-07-16,2.041625
1981-07-17,3.666875
1981-07-18,2.20825
1981-07-19,2.125
1981-07-20,2.4165000000000005
1981-07-21,1.5835
1981-07-22,3.541875
1981-07-23,4.208375
1981-07-24,2.4585
1981-07-25,6.625
1981-07-26,5.54175
1981-07-27,3.541625
1981-07-28,2.041625
1981-07-29,1.29175
1981-07-30,2.2501249999999997
1981-07-31,2.6248750000000003
1981-08-01,3.208375
1981-08-02,2.7082499999999996
1981-08-03,3.2082499999999996
1981-08-04,2.20825
1981-08-05,2.791875
1981-08-06,2.66675
1981-08-07,2.16675
1981-08-08,0.958375
1981-08-09,1.541625
1981-08-10,2.8335
1981-08-11,2.7917499999999995
1981-08-12,2.20825
1981-08-13,2.291625
1981-08-14,2.0001249999999997
1981-08-15,2.166625
1981-08-16,1.916625
1981-08-17,3.7498749999999994
1981-08-18,3.625
1981-08-19,2.375
1981-08-20,1.95825
1981-08-21,2.833375
1981-08-22,2.666625
1981-08-23,5.166625
1981-08-24,3.8751249999999997
1981-08-25,3.041875
1981-08-26,1.70825
1981-08-27,3.4165
1981-08-28,3.3332499999999996
1981-08-29,3.1248749999999994
1981-08-30,3.083375
1981-08-31,2.33325
1981-09-01,1.2085
1981-09-02,3.2082500000000005
1981-09-03,2.1665
1981-09-04,2.166625
1981-09-05,3.1248750000000003
1981-09-06,1.91675
1981-09-07,1.416625
1981-09-08,1.7915
1981-09-09,2.4998750000000003
1981-09-10,2.2498750000000003
1981-09-11,3.416625
1981-09-12,2.4166250000000002
1981-09-13,2.54175
1981-09-14,2.16675
1981-09-15,2.1668749999999997
1981-09-16,1.8335
1981-09-17,1.125
1981-09-18,2.041625
1981-09-19,4.416499999999999
1981-09-20,2.16675
1981-09-21,1.66675
1981-09-22,2.5
1981-09-23,1.0415
1981-09-24,1.999875
1981-09-25,2.5833749999999993
1981-09-26,4.166625
1981-09-27,3.416625
1981-09-28,1.583375
1981-09-29,2.541625
1981-09-30,2.9582499999999996
1981-10-01,2.25
1981-10-02,3.0832499999999996
1981-10-03,4.250125
1981-10-04,3.1251250000000006
1981-10-05,1.624875
1981-10-06,1.45825
1981-10-07,4.0
1981-10-08,3.75
1981-10-09,3.458375
1981-10-10,3.791625
1981-10-11,4.749999999999999
1981-10-12,2.0
1981-10-13,2.7498750000000003
1981-10-14,5.125125000000001
1981-10-15,3.4167500000000004
1981-10-16,1.666625
1981-10-17,3.0832499999999996
1981-10-18,1.583375
1981-10-19,3.708375
1981-10-20,5.208375
1981-10-21,4.08325
1981-10-22,5.41675
1981-10-23,3.625
1981-10-24,2.70825
1981-10-25,3.041625
1981-10-26,2.208375
1981-10-27,2.2501249999999997
1981-10-28,3.2498749999999994
1981-10-29,2.5001249999999997
1981-10-30,2.625
1981-10-31,1.16675
1981-11-01,1.83325
1981-11-02,1.25
1981-11-03,2.0
1981-11-04,1.500125
1981-11-05,2.458375
1981-11-06,2.125
1981-11-07,3.25
1981-11-08,3.7085
1981-11-09,1.16675
1981-11-10,2.58325
1981-11-11,3.9582500000000005
1981-11-12,3.708375
1981-11-13,1.083125
1981-11-14,3.833375
1981-11-15,3.2917499999999995
1981-11-16,3.1251250000000006
1981-11-17,4.166625
1981-11-18,3.875
1981-11-19,2.9167500000000004
1981-11-20,2.7915
1981-11-21,2.9167499999999995
1981-11-22,2.416625
1981-11-23,3.3748750000000003
1981-11-24,2.16675
1981-11-25,3.833375
1981-11-26,2.25
1981-11-27,0.875
1981-11-28,1.416625
1981-11-29,0.9584999999999999
1981-11-30,0.291625
1981-12-01,1.58325
1981-12-02,2.041625
1981-12-03,2.041625
1981-12-04,2.416625
1981-12-05,2.166625
1981-12-06,1.041625
1981-12-07,0.79175
1981-12-08,2.791625
1981-12-09,2.458375
1981-12-10,1.833375
1981-12-11,1.5
1981-12-12,3.5832499999999996
1981-12-13,2.5
1981-12-14,1.5415
1981-12-15,1.2915
1981-12-16,1.08325
1981-12-17,1.375
1981-12-18,2.8748749999999994
1981-12-19,2.20825
1981-12-20,1.666625
1981-12-21,1.5418749999999999
1981-12-22,0.625125
1981-12-23,1.666625
1981-12-24,2.333375
1981-12-25,2.0
1981-12-26,1.5
1981-12-27,1.499875
1981-12-28,2.5416250000000002
1981-12-29,3.833375
1981-12-30,3.9167500000000004
1981-12-31,3.1248749999999994
1982-01-01,2.0001249999999997
1982-01-02,2.16675
1982-01-03,3.25
1982-01-04,2.5415
1982-01-05,1.16675
1982-01-06,2.4166250000000002
1982-01-07,2.6667500000000004
1982-01-08,2.208375
1982-01-09,1.000125
1982-01-10,0.833125
1982-01-11,1.29175
1982-01-12,0.625
1982-01-13,0.875
1982-01-14,0.66675
1982-01-15,2.5832500000000005
1982-01-16,2.9998750000000003
1982-01-17,2.25
1982-01-18,2.291625
1982-01-19,0.79175
1982-01-20,1.54175
1982-01-21,2.75
1982-01-22,3.958375
1982-01-23,3.625
1982-01-24,3.541625
1982-01-25,2.16675
1982-01-26,1.625125
1982-01-27,2.6666250000000002
1982-01-28,3.0
1982-01-29,2.0835
1982-01-30,3.6248750000000003
1982-01-31,4.208500000000001
1982-02-01,4.25
1982-02-02,5.000125000000001
1982-02-03,4.41675
1982-02-04,5.041625
1982-02-05,4.208375
1982-02-06,4.541625
1982-02-07,3.708375
1982-02-08,3.25
1982-02-09,3.0
1982-02-10,4.1665
1982-02-11,4.70825
1982-02-12,4.374874999999999
1982-02-13,5.1665
1982-02-14,4.666625
1982-02-15,2.958375
1982-02-16,1.66675
1982-02-17,3.7917500000000004
1982-02-18,4.29175
1982-02-19,4.41675
1982-02-20,3.833375
1982-02-21,3.25
1982-02-22,4.75
1982-02-23,3.791625
1982-02-24,3.625
1982-02-25,4.541625000000001
1982-02-26,4.625
1982-02-27,2.625
1982-02-28,2.1251249999999997
1982-03-01,4.8332500000000005
1982-03-02,6.208375
1982-03-03,2.7917500000000004
1982-03-04,2.5
1982-03-05,2.5002500000000003
1982-03-06,0.58325
1982-03-07,0.583375
1982-03-08,2.25
1982-03-09,3.3332499999999996
1982-03-10,2.8748750000000003
1982-03-11,2.2083749999999998
1982-03-12,1.791625
1982-03-13,2.458375
1982-03-14,2.3751249999999997
1982-03-15,1.500125
1982-03-16,1.166625
1982-03-17,2.5001249999999997
1982-03-18,3.458375
1982-03-19,2.208375
1982-03-20,2.5417500000000004
1982-03-21,3.5415
1982-03-22,4.124874999999999
1982-03-23,1.874875
1982-03-24,2.541625
1982-03-25,3.5
1982-03-26,2.458375
1982-03-27,2.0
1982-03-28,1.2915
1982-03-29,2.541625
1982-03-30,2.8751249999999997
1982-03-31,3.458375
1982-04-01,2.9998750000000003
1982-04-02,4.66675
1982-04-03,4.916625
1982-04-04,3.541625
1982-04-05,3.5
1982-04-06,3.2917500000000004
1982-04-07,1.416625
1982-04-08,2.541625
1982-04-09,2.2915
1982-04-10,5.0415
1982-04-11,4.91675
1982-04-12,2.7917500000000004
1982-04-13,2.1251249999999997
1982-04-14,1.5
1982-04-15,2.25
1982-04-16,2.333375
1982-04-17,3.1665
1982-04-18,2.33325
1982-04-19,1.999875
1982-04-20,3.3332499999999996
1982-04-21,4.20825
1982-04-22,2.666875
1982-04-23,2.208375
1982-04-24,2.6248750000000003
1982-04-25,4.666625
1982-04-26,1.83325
1982-04-27,3.2082500000000005
1982-04-28,3.5
1982-04-29,4.125
1982-04-30,4.125125000000001
1982-05-01,3.4998750000000003
1982-05-02,4.124875
1982-05-03,4.875
1982-05-04,3.083500000000001
1982-05-05,2.7498750000000003
1982-05-06,1.75
1982-05-07,1.041625
1982-05-08,1.25
1982-05-09,1.875
1982-05-10,1.333375
1982-05-11,2.291625
1982-05-12,1.66675
1982-05-13,1.6667500000000002
1982-05-14,1.91675
1982-05-15,3.291875
1982-05-16,2.3748750000000003
1982-05-17,2.5832499999999996
1982-05-18,3.2916250000000007
1982-05-19,2.6248750000000003
1982-05-20,2.1248750000000003
1982-05-21,2.0
1982-05-22,0.916625
1982-05-23,0.5417500000000001
1982-05-24,1.04175
1982-05-25,1.916625
1982-05-26,3.5
1982-05-27,5.08325
1982-05-28,5.25
1982-05-29,4.4165
1982-05-30,4.375
1982-05-31,4.25
1982-06-01,3.2915
1982-06-02,2.9165
1982-06-03,2.208375
1982-06-04,1.66675
1982-06-05,1.583375
1982-06-06,2.7917500000000004
1982-06-07,2.7085
1982-06-08,2.1248750000000003
1982-06-09,2.7083749999999998
1982-06-10,4.75
1982-06-11,4.125125000000001
1982-06-12,4.833375
1982-06-13,5.416499999999999
1982-06-14,3.7082499999999996
1982-06-15,3.7501250000000006
1982-06-16,2.416625
1982-06-17,1.58325
1982-06-18,1.666625
1982-06-19,3.458375
1982-06-20,3.2501249999999997
1982-06-21,2.125
1982-06-22,3.083375
1982-06-23,3.20825
1982-06-24,2.958375
1982-06-25,2.7498749999999994
1982-06-26,2.791625
1982-06-27,4.041499999999999
1982-06-28,3.9165
1982-06-29,3.2915
1982-06-30,4.25
1982-07-01,3.2498750000000003
1982-07-02,2.4167499999999995
1982-07-03,1.5
1982-07-04,0.49987500000000007
1982-07-05,0.9165000000000001
1982-07-06,2.75
1982-07-07,3.4167500000000004
1982-07-08,3.0
1982-07-09,2.291875
1982-07-10,2.2501249999999997
1982-07-11,3.9582499999999996
1982-07-12,4.3335
1982-07-13,6.25
1982-07-14,7.000125000000001
1982-07-15,4.499874999999999
1982-07-16,4.5832500000000005
1982-07-17,3.2498749999999994
1982-07-18,3.625
1982-07-19,3.833375
1982-07-20,3.08325
1982-07-21,2.416625
1982-07-22,2.791875
1982-07-23,2.5835
1982-07-24,4.875125000000001
1982-07-25,3.5417500000000004
1982-07-26,3.958375
1982-07-27,3.7501250000000006
1982-07-28,3.5001249999999997
1982-07-29,3.4582499999999996
1982-07-30,3.458375
1982-07-31,3.5832499999999996
1982-08-01,2.5832499999999996
1982-08-02,4.95825
1982-08-03,3.916625
1982-08-04,2.95825
1982-08-05,3.25
1982-08-06,3.6248750000000003
1982-08-07,5.833375
1982-08-08,1.66675
1982-08-09,3.333375
1982-08-10,3.9585
1982-08-11,3.708375
1982-08-12,3.4582500000000005
1982-08-13,2.3751249999999997
1982-08-14,1.7915
1982-08-15,0.791875
1982-08-16,1.5
1982-08-17,2.75
1982-08-18,3.0832499999999996
1982-08-19,2.33325
1982-08-20,2.4998750000000003
1982-08-21,2.875
1982-08-22,3.6247499999999997
1982-08-23,3.166625
1982-08-24,3.2501249999999997
1982-08-25,3.375
1982-08-26,3.375
1982-08-27,2.5832499999999996
1982-08-28,2.2085
1982-08-29,4.4585
1982-08-30,3.958375
1982-08-31,3.0001249999999997
1982-09-01,2.2502500000000003
1982-09-02,2.66675
1982-09-03,3.4585
1982-09-04,4.208375
1982-09-05,4.333375
1982-09-06,7.791499999999999
1982-09-07,5.958375
1982-09-08,2.583375
1982-09-09,4.916499999999999
1982-09-10,2.24975
1982-09-11,2.791625
1982-09-12,2.666625
1982-09-13,2.8332499999999996
1982-09-14,2.625
1982-09-15,2.583375
1982-09-16,2.625
1982-09-17,2.2917499999999995
1982-09-18,4.0832500000000005
1982-09-19,3.9998750000000003
1982-09-20,3.6667500000000004
1982-09-21,5.708500000000001
1982-09-22,6.75
1982-09-23,3.8332499999999996
1982-09-24,3.5001250000000006
1982-09-25,2.58325
1982-09-26,5.499874999999999
1982-09-27,4.54175
1982-09-28,2.5832500000000005
1982-09-29,2.1248750000000003
1982-09-30,2.458375
1982-10-01,3.666625
1982-10-02,3.666625
1982-10-03,2.16675
1982-10-04,2.291875
1982-10-05,2.0
1982-10-06,3.3748750000000003
1982-10-07,4.124874999999999
1982-10-08,3.5
1982-10-09,1.3752499999999999
1982-10-10,2.875
1982-10-11,2.8335
1982-10-12,2.83325
1982-10-13,4.083375
1982-10-14,3.9582499999999996
1982-10-15,2.083375
1982-10-16,2.8751249999999997
1982-10-17,3.541625
1982-10-18,3.7082499999999996
1982-10-19,3.125
1982-10-20,2.7082499999999996
1982-10-21,2.375125
1982-10-22,1.625
1982-10-23,1.375
1982-10-24,1.208375
1982-10-25,2.9167499999999995
1982-10-26,3.833375
1982-10-27,3.1248749999999994
1982-10-28,2.291625
1982-10-29,4.374874999999999
1982-10-30,4.0
1982-10-31,3.9582499999999996
1982-11-01,4.2917499999999995
1982-11-02,4.04175
1982-11-03,2.833375
1982-11-04,1.875
1982-11-05,2.08325
1982-11-06,2.333375
1982-11-07,0.916625
1982-11-08,2.3332499999999996
1982-11-09,1.9585
1982-11-10,2.54175
1982-11-11,3.458375
1982-11-12,3.0417500000000004
1982-11-13,3.083375
1982-11-14,2.666625
1982-11-15,2.625
1982-11-16,2.0
1982-11-17,1.3335
1982-11-18,2.6665
1982-11-19,2.25
1982-11-20,1.416625
1982-11-21,3.8332499999999996
1982-11-22,2.9998749999999994
1982-11-23,3.333125
1982-11-24,5.375
1982-11-25,5.0
1982-11-26,3.791625
1982-11-27,3.166625
1982-11-28,3.7917500000000004
1982-11-29,3.916625
1982-11-30,2.4167500000000004
1982-12-01,0.4165
1982-12-02,0.874875
1982-12-03,2.208375
1982-12-04,2.25
1982-12-05,2.000125
1982-12-06,0.79175
1982-12-07,3.5415
1982-12-08,3.916625
1982-12-09,3.041625
1982-12-10,4.541625
1982-12-11,3.291625
1982-12-12,2.791625
1982-12-13,1.66675
1982-12-14,1.75
1982-12-15,2.208375
1982-12-16,2.5832499999999996
1982-12-17,5.249874999999999
1982-12-18,4.54175
1982-12-19,4.166875000000001
1982-12-20,4.874874999999999
1982-12-21,4.45825
1982-12-22,4.04175
1982-12-23,3.708375
1982-12-24,3.291499999999999
1982-12-25,2.7498749999999994
1982-12-26,2.125
1982-12-27,3.125
1982-12-28,3.541625
1982-12-29,3.458375
1982-12-30,2.9582499999999996
1982-12-31,1.666625
1983-01-01,2.5002500000000003
1983-01-02,1.8752499999999999
1983-01-03,2.3332499999999996
1983-01-04,2.208375
1983-01-05,1.458375
1983-01-06,0.791625
1983-01-07,1.000125
1983-01-08,2.083375
1983-01-09,3.1665
1983-01-10,4.874875
1983-01-11,2.33325
1983-01-12,3.2082499999999996
1983-01-13,2.041625
1983-01-14,2.0415
1983-01-15,3.5415
1983-01-16,3.7498750000000003
1983-01-17,3.749999999999999
1983-01-18,4.208375
1983-01-19,3.0832499999999996
1983-01-20,2.6665
1983-01-21,2.541625
1983-01-22,1.95825
1983-01-23,1.916625
1983-01-24,3.45825
1983-01-25,3.125
1983-01-26,2.6251249999999997
1983-01-27,2.25
1983-01-28,1.91675
1983-01-29,2.791625
1983-01-30,3.2498750000000003
1983-01-31,2.7498750000000003
1983-02-01,2.458375
1983-02-02,1.125125
1983-02-03,1.791625
1983-02-04,3.9167500000000004
1983-02-05,7.124875
1983-02-06,4.499874999999999
1983-02-07,4.624875
1983-02-08,2.958375
1983-02-09,3.1667500000000004
1983-02-10,3.2915
1983-02-11,3.208375
1983-02-12,3.958375
1983-02-13,4.374875
1983-02-14,3.8751250000000006
1983-02-15,3.7917499999999995
1983-02-16,4.083500000000001
1983-02-17,3.125
1983-02-18,2.7917500000000004
1983-02-19,2.2498750000000003
1983-02-20,4.625
1983-02-21,4.5
1983-02-22,3.2917500000000004
1983-02-23,3.0001249999999997
1983-02-24,2.875
1983-02-25,1.45825
1983-02-26,1.20825
1983-02-27,1.70825
1983-02-28,1.791625
1983-03-01,3.4998749999999994
1983-03-02,6.000125000000001
1983-03-03,4.416625
1983-03-04,3.833375
1983-03-05,4.0
1983-03-06,1.875
1983-03-07,1.625
1983-03-08,1.583375
1983-03-09,1.83325
1983-03-10,1.625125
1983-03-11,3.291625
1983-03-12,4.625
1983-03-13,3.416625
1983-03-14,3.75
1983-03-15,3.0
1983-03-16,2.25
1983-03-17,2.25
1983-03-18,2.958375
1983-03-19,3.958375
1983-03-20,4.041875
1983-03-21,2.6248750000000003
1983-03-22,2.08325
1983-03-23,2.125125
1983-03-24,2.333375
1983-03-25,4.95825
1983-03-26,2.29175
1983-03-27,0.791625
1983-03-28,4.333375
1983-03-29,4.625
1983-03-30,3.9166250000000007
1983-03-31,3.9167500000000004
1983-04-01,3.41675
1983-04-02,3.083375
1983-04-03,2.833375
1983-04-04,3.04175
1983-04-05,2.8332500000000005
1983-04-06,4.375125000000001
1983-04-07,4.33325
1983-04-08,3.7082500000000005
1983-04-09,3.333375
1983-04-10,3.6248749999999994
1983-04-11,1.79175
1983-04-12,2.5001249999999997
1983-04-13,4.25
1983-04-14,4.83325
1983-04-15,5.29175
1983-04-16,4.291625
1983-04-17,3.333125
1983-04-18,2.4585
1983-04-19,2.208375
1983-04-20,2.7082499999999996
1983-04-21,2.583375
1983-04-22,2.5831249999999994
1983-04-23,2.958375
1983-04-24,5.41675
1983-04-25,4.208375
1983-04-26,3.958375
1983-04-27,2.7917499999999995
1983-04-28,2.54175
1983-04-29,4.375125000000001
1983-04-30,3.9165
1983-05-01,3.416625
1983-05-02,2.666625
1983-05-03,2.458375
1983-05-04,3.8751249999999997
1983-05-05,3.5417499999999995
1983-05-06,2.7917500000000004
1983-05-07,2.125
1983-05-08,2.4167499999999995
1983-05-09,1.45825
1983-05-10,1.875
1983-05-11,4.83325
1983-05-12,5.083375
1983-05-13,4.458375
1983-05-14,3.54175
1983-05-15,3.4582499999999996
1983-05-16,2.291625
1983-05-17,5.0
1983-05-18,2.5832500000000005
1983-05-19,1.250125
1983-05-20,1.625
1983-05-21,3.6665
1983-05-22,4.9165
1983-05-23,4.541625
1983-05-24,5.0835
1983-05-25,1.7081250000000001
1983-05-26,1.83325
1983-05-27,2.5
1983-05-28,1.16675
1983-05-29,1.16675
1983-05-30,2.08325
1983-05-31,2.5415
1983-06-01,2.54175
1983-06-02,1.833375
1983-06-03,1.70825
1983-06-04,0.7498750000000001
1983-06-05,1.70825
1983-06-06,2.291625
1983-06-07,1.666625
1983-06-08,2.5
1983-06-09,3.208375
1983-06-10,4.0
1983-06-11,2.25
1983-06-12,3.1248750000000003
1983-06-13,5.291875
1983-06-14,2.583375
1983-06-15,3.0416250000000002
1983-06-16,2.083125
1983-06-17,3.0417500000000004
1983-06-18,4.41675
1983-06-19,3.4585
1983-06-20,3.208375
1983-06-21,3.3748749999999994
1983-06-22,3.083375
1983-06-23,3.125
1983-06-24,1.54175
1983-06-25,1.08325
1983-06-26,2.6248750000000003
1983-06-27,1.958375
1983-06-28,2.4167500000000004
1983-06-29,2.6667500000000004
1983-06-30,1.875
1983-07-01,1.624875
1983-07-02,2.041625
1983-07-03,2.125
1983-07-04,1.958375
1983-07-05,1.5
1983-07-06,2.708375
1983-07-07,2.6251249999999997
1983-07-08,2.3748750000000003
1983-07-09,2.625
1983-07-10,1.2085
1983-07-11,1.041875
1983-07-12,2.7085
1983-07-13,2.9582499999999996
1983-07-14,1.708375
1983-07-15,1.250125
1983-07-16,3.4582500000000005
1983-07-17,3.958375
1983-07-18,3.375
1983-07-19,2.291625
1983-07-20,1.83325
1983-07-21,1.79175
1983-07-22,1.750125
1983-07-23,3.625
1983-07-24,4.458375
1983-07-25,2.5417500000000004
1983-07-26,1.91675
1983-07-27,2.291625
1983-07-28,2.4165
1983-07-29,2.916625
1983-07-30,3.25
1983-07-31,1.7915
1983-08-01,1.333375
1983-08-02,4.249875
1983-08-03,3.041625
1983-08-04,1.416625
1983-08-05,0.49987499999999996
1983-08-06,1.5
1983-08-07,2.5
1983-08-08,4.291499999999999
1983-08-09,2.16675
1983-08-10,1.25
1983-08-11,1.625125
1983-08-12,3.833375
1983-08-13,3.7082499999999996
1983-08-14,2.16675
1983-08-15,2.333375
1983-08-16,1.124875
1983-08-17,1.6665
1983-08-18,0.33325
1983-08-19,1.8331250000000001
1983-08-20,2.291875
1983-08-21,3.8332500000000005
1983-08-22,2.666875
1983-08-23,4.04175
1983-08-24,3.708125
1983-08-25,4.291625
1983-08-26,3.708375
1983-08-27,1.20825
1983-08-28,2.0416250000000002
1983-08-29,2.9582500000000005
1983-08-30,3.25
1983-08-31,4.0
1983-09-01,2.958375
1983-09-02,1.70825
1983-09-03,1.4165
1983-09-04,0.666625
1983-09-05,0.875
1983-09-06,1.458375
1983-09-07,3.25
1983-09-08,2.958375
1983-09-09,3.083375
1983-09-10,2.5832499999999996
1983-09-11,2.6667499999999995
1983-09-12,2.5832500000000005
1983-09-13,1.875
1983-09-14,1.70825
1983-09-15,3.333375
1983-09-16,3.833375
1983-09-17,3.583375
1983-09-18,2.541625
1983-09-19,5.083374999999999
1983-09-20,3.5415
1983-09-21,2.4165
1983-09-22,2.5416250000000002
1983-09-23,1.041625
1983-09-24,2.083375
1983-09-25,4.291625
1983-09-26,3.7082499999999996
1983-09-27,2.708375
1983-09-28,2.2498750000000003
1983-09-29,1.75
1983-09-30,0.625
1983-10-01,2.16675
1983-10-02,3.666499999999999
1983-10-03,3.166625
1983-10-04,4.375
1983-10-05,2.0835
1983-10-06,3.5
1983-10-07,2.4167500000000004
1983-10-08,3.0
1983-10-09,1.333375
1983-10-10,1.666625
1983-10-11,1.45825
1983-10-12,1.083375
1983-10-13,4.083375
1983-10-14,3.458375
1983-10-15,3.375
1983-10-16,2.625
1983-10-17,4.74975
1983-10-18,5.0
1983-10-19,1.875125
1983-10-20,1.499875
1983-10-21,2.91675
1983-10-22,3.208375
1983-10-23,3.3332500000000005
1983-10-24,3.5
1983-10-25,1.666625
1983-10-26,0.7081250000000001
1983-10-27,0.45825000000000005
1983-10-28,1.58325
1983-10-29,4.375125
1983-10-30,3.25
1983-10-31,2.2501249999999997
1983-11-01,3.2497499999999997
1983-11-02,4.249874999999999
1983-11-03,3.166625
1983-11-04,1.750125
1983-11-05,0.75
1983-11-06,0.6248750000000001
1983-11-07,2.291625
1983-11-08,3.8748750000000003
1983-11-09,4.5
1983-11-10,3.875
1983-11-11,4.4167499999999995
1983-11-12,4.749874999999999
1983-11-13,3.7082499999999996
1983-11-14,3.666625
1983-11-15,3.625
1983-11-16,4.0
1983-11-17,4.45825
1983-11-18,3.833375
1983-11-19,3.2498750000000003
1983-11-20,3.916499999999999
1983-11-21,2.08325
1983-11-22,1.5415
1983-11-23,0.41675000000000006
1983-11-24,2.5
1983-11-25,2.9585
1983-11-26,3.375
1983-11-27,1.79175
1983-11-28,2.4998750000000003
1983-11-29,3.583375
1983-11-30,3.5416250000000007
1983-12-01,2.7913750000000004
1983-12-02,2.041625
1983-12-03,0.875
1983-12-04,1.124875
1983-12-05,3.041625
1983-12-06,4.0
1983-12-07,4.0
1983-12-08,2.4167500000000004
1983-12-09,0.666625
1983-12-10,3.333375
1983-12-11,4.083375
1983-12-12,3.6667499999999995
1983-12-13,3.75
1983-12-14,3.791625
1983-12-15,3.083375
1983-12-16,1.333375
1983-12-17,1.625
1983-12-18,1.500125
1983-12-19,2.2498750000000003
1983-12-20,1.0415
1983-12-21,0.8750000000000001
1983-12-22,2.7082499999999996
1983-12-23,2.500125
1983-12-24,2.4998750000000003
1983-12-25,2.5002500000000003
1983-12-26,2.833375
1983-12-27,2.791625
1983-12-28,2.708375
1983-12-29,2.041875
1983-12-30,4.20825
1983-12-31,3.8748750000000003
1984-01-01,4.04175
1984-01-02,3.2917500000000004
1984-01-03,3.375
1984-01-04,3.958375
1984-01-05,3.583375
1984-01-06,2.8748749999999994
1984-01-07,1.375
1984-01-08,0.708125
1984-01-09,1.0
1984-01-10,2.5415
1984-01-11,2.333375
1984-01-12,1.41675
1984-01-13,1.95825
1984-01-14,1.583375
1984-01-15,1.375
1984-01-16,1.625
1984-01-17,1.4585
1984-01-18,1.416625
1984-01-19,3.291625
1984-01-20,1.875
1984-01-21,2.5001249999999997
1984-01-22,2.5417500000000004
1984-01-23,1.625
1984-01-24,1.124875
1984-01-25,2.16675
1984-01-26,2.9998750000000003
1984-01-27,1.91675
1984-01-28,3.5832499999999996
1984-01-29,3.333375
1984-01-30,4.250000000000001
1984-01-31,3.583375
1984-02-01,2.916625
1984-02-02,2.708375
1984-02-03,2.8748750000000003
1984-02-04,5.166625000000001
1984-02-05,2.6667500000000004
1984-02-06,1.9165
1984-02-07,2.1251249999999997
1984-02-08,1.95825
1984-02-09,2.166625
1984-02-10,3.125
1984-02-11,3.041625
1984-02-12,2.29175
1984-02-13,4.41675
1984-02-14,4.70825
1984-02-15,2.583375
1984-02-16,1.75
1984-02-17,2.1665
1984-02-18,3.0417499999999995
1984-02-19,1.79175
1984-02-20,2.5001249999999997
1984-02-21,2.791625
1984-02-22,2.04175
1984-02-23,2.8751249999999997
1984-02-24,2.29175
1984-02-25,1.625
1984-02-26,2.70825
1984-02-27,4.08325
1984-02-28,1.958375
1984-02-29,2.125
1984-03-01,3.2915
1984-03-02,4.500125
1984-03-03,4.291625
1984-03-04,1.9165
1984-03-05,0.875
1984-03-06,3.8751250000000006
1984-03-07,3.875
1984-03-08,4.041625
1984-03-09,2.58325
1984-03-10,3.0832500000000005
1984-03-11,2.125
1984-03-12,2.3748750000000003
1984-03-13,2.958375
1984-03-14,1.5831250000000001
1984-03-15,1.83325
1984-03-16,2.7498750000000003
1984-03-17,3.3748750000000003
1984-03-18,3.0417500000000004
1984-03-19,2.208375
1984-03-20,0.8748750000000001
1984-03-21,1.708375
1984-03-22,3.2916250000000007
1984-03-23,3.0417499999999995
1984-03-24,2.3335
1984-03-25,4.375
1984-03-26,2.8748750000000003
1984-03-27,3.708125
1984-03-28,5.083375
1984-03-29,5.04175
1984-03-30,4.124875
1984-03-31,3.7082499999999996
1984-04-01,4.208375
1984-04-02,4.83325
1984-04-03,4.70825
1984-04-04,5.75
1984-04-05,5.1667499999999995
1984-04-06,2.6248749999999994
1984-04-07,3.5417499999999995
1984-04-08,5.249874999999999
1984-04-09,3.833375
1984-04-10,1.958375
1984-04-11,2.624875
1984-04-12,2.75
1984-04-13,2.95825
1984-04-14,2.6665
1984-04-15,2.041625
1984-04-16,1.125
1984-04-17,1.583375
1984-04-18,1.875125
1984-04-19,2.5001249999999997
1984-04-20,3.125
1984-04-21,2.41675
1984-04-22,1.08325
1984-04-23,1.58325
1984-04-24,1.624875
1984-04-25,3.7915
1984-04-26,6.41675
1984-04-27,3.7082499999999996
1984-04-28,3.166625
1984-04-29,3.166625
1984-04-30,1.666625
1984-05-01,3.583375
1984-05-02,2.583375
1984-05-03,2.333375
1984-05-04,2.7082500000000005
1984-05-05,3.708375
1984-05-06,2.166625
1984-05-07,0.9584999999999999
1984-05-08,1.208375
1984-05-09,3.083375
1984-05-10,3.6667500000000004
1984-05-11,2.291625
1984-05-12,2.541625
1984-05-13,1.791625
1984-05-14,2.208375
1984-05-15,2.0416250000000002
1984-05-16,1.66675
1984-05-17,4.04175
1984-05-18,2.541625
1984-05-19,3.3748749999999994
1984-05-20,4.041625000000001
1984-05-21,4.749874999999999
1984-05-22,4.166625
1984-05-23,4.04175
1984-05-24,3.916625
1984-05-25,2.75
1984-05-26,2.708375
1984-05-27,1.75
1984-05-28,1.625125
1984-05-29,2.2498750000000003
1984-05-30,3.125
1984-05-31,1.50025
1984-06-01,1.791625
1984-06-02,2.666625
1984-06-03,3.7082499999999996
1984-06-04,3.875
1984-06-05,3.208375
1984-06-06,2.708375
1984-06-07,2.25
1984-06-08,1.916625
1984-06-09,3.4167500000000004
1984-06-10,3.0001249999999997
1984-06-11,2.500125
1984-06-12,1.625125
1984-06-13,1.4168749999999999
1984-06-14,1.041625
1984-06-15,3.5
1984-06-16,4.3335
1984-06-17,2.416625
1984-06-18,3.7501250000000006
1984-06-19,4.08325
1984-06-20,2.75
1984-06-21,0.83325
1984-06-22,1.54175
1984-06-23,1.958375
1984-06-24,2.9998750000000003
1984-06-25,2.4582499999999996
1984-06-26,2.166625
1984-06-27,2.04175
1984-06-28,3.4998750000000003
1984-06-29,2.583375
1984-06-30,2.625
1984-07-01,2.625
1984-07-02,2.583375
1984-07-03,2.583375
1984-07-04,2.458375
1984-07-05,2.541625
1984-07-06,2.291625
1984-07-07,1.8333750000000002
1984-07-08,2.333375
1984-07-09,2.2083749999999998
1984-07-10,2.791625
1984-07-11,1.916625
1984-07-12,2.5
1984-07-13,5.125
1984-07-14,4.541625
1984-07-15,3.7917500000000004
1984-07-16,3.7501250000000006
1984-07-17,4.70825
1984-07-18,3.29175
1984-07-19,2.9167500000000004
1984-07-20,2.45825
1984-07-21,1.916625
1984-07-22,2.125125
1984-07-23,1.999875
1984-07-24,2.5416250000000002
1984-07-25,2.1248750000000003
1984-07-26,1.291625
1984-07-27,2.75
1984-07-28,3.0832499999999996
1984-07-29,2.333375
1984-07-30,1.958375
1984-07-31,2.666625
1984-08-01,5.75
1984-08-02,3.5832499999999996
1984-08-03,2.8332499999999996
1984-08-04,2.8332499999999996
1984-08-05,1.83325
1984-08-06,1.16675
1984-08-07,0.8335
1984-08-08,2.8748750000000003
1984-08-09,2.916625
1984-08-10,1.958375
1984-08-11,2.3335
1984-08-12,2.91675
1984-08-13,1.833375
1984-08-14,2.875
1984-08-15,3.5417500000000004
1984-08-16,2.916625
1984-08-17,2.458375
1984-08-18,1.666625
1984-08-19,2.41675
1984-08-20,2.125
1984-08-21,0.791625
1984-08-22,0.208125
1984-08-23,1.666625
1984-08-24,3.5832499999999996
1984-08-25,3.083375
1984-08-26,2.166625
1984-08-27,4.08325
1984-08-28,4.291875000000001
1984-08-29,3.5
1984-08-30,3.083375
1984-08-31,2.5417499999999995
1984-09-01,2.333375
1984-09-02,2.5
1984-09-03,2.458375
1984-09-04,4.54175
1984-09-05,5.291625
1984-09-06,2.6248749999999994
1984-09-07,1.6668749999999999
1984-09-08,2.3748750000000003
1984-09-09,2.4585
1984-09-10,3.7082499999999996
1984-09-11,3.0833749999999993
1984-09-12,2.791625
1984-09-13,2.375
1984-09-14,2.9167500000000004
1984-09-15,2.25
1984-09-16,2.124875
1984-09-17,1.3752499999999999
1984-09-18,0.666625
1984-09-19,3.9165
1984-09-20,3.4582499999999996
1984-09-21,2.1665
1984-09-22,3.333375
1984-09-23,6.625125000000001
1984-09-24,5.08325
1984-09-25,4.750125
1984-09-26,4.666625
1984-09-27,3.8332499999999996
1984-09-28,3.041625
1984-09-29,2.5417500000000004
1984-09-30,1.999875
1984-10-01,1.708375
1984-10-02,2.29175
1984-10-03,3.1248749999999994
1984-10-04,1.416625
1984-10-05,1.79175
1984-10-06,3.2917500000000004
1984-10-07,4.625
1984-10-08,3.583125
1984-10-09,3.3748750000000003
1984-10-10,3.9998749999999994
1984-10-11,3.9167500000000004
1984-10-12,4.166625
1984-10-13,2.916625
1984-10-14,2.75
1984-10-15,2.458375
1984-10-16,3.333375
1984-10-17,0.750125
1984-10-18,4.37525
1984-10-19,5.83325
1984-10-20,5.45825
1984-10-21,4.833500000000001
1984-10-22,4.916625000000001
1984-10-23,3.999999999999999
1984-10-24,4.625125000000001
1984-10-25,3.375
1984-10-26,2.3747499999999997
1984-10-27,2.041625
1984-10-28,2.125
1984-10-29,1.958375
1984-10-30,1.54175
1984-10-31,1.166625
1984-11-01,3.5417500000000004
1984-11-02,2.416625
1984-11-03,3.0413749999999995
1984-11-04,3.2501249999999997
1984-11-05,2.666625
1984-11-06,2.7501249999999997
1984-11-07,3.166625
1984-11-08,3.3748750000000003
1984-11-09,2.625
1984-11-10,2.95825
1984-11-11,3.29175
1984-11-12,1.66675
1984-11-13,2.08325
1984-11-14,2.8332500000000005
1984-11-15,4.874875
1984-11-16,6.458375
1984-11-17,4.416625000000001
1984-11-18,3.458375
1984-11-19,3.4585
1984-11-20,3.416625
1984-11-21,3.625
1984-11-22,2.8748750000000003
1984-11-23,2.0833749999999998
1984-11-24,2.2501249999999997
1984-11-25,2.166625
1984-11-26,1.916625
1984-11-27,1.66675
1984-11-28,1.41675
1984-11-29,2.208375
1984-11-30,4.166625
1984-12-01,2.833375
1984-12-02,3.833375
1984-12-03,3.58325
1984-12-04,3.8751249999999997
1984-12-05,3.4167500000000004
1984-12-06,3.666625
1984-12-07,3.2917499999999995
1984-12-08,1.999875
1984-12-09,1.41675
1984-12-10,2.2085000000000004
1984-12-11,2.8748750000000003
1984-12-12,2.833375
1984-12-13,3.666625
1984-12-14,2.0
1984-12-15,3.333375
1984-12-16,4.291625
1984-12-17,4.041625
1984-12-18,3.0
1984-12-19,1.91675
1984-12-20,1.6665
1984-12-21,2.4998750000000003
1984-12-22,2.04175
1984-12-23,3.041625
1984-12-24,1.125125
1984-12-25,1.33325
1984-12-26,3.833375
1984-12-27,2.791625
1984-12-28,4.125
1984-12-29,3.833375
1984-12-30,3.541625
1984-12-31,3.7501249999999997
1985-01-01,4.083500000000001
1985-01-02,3.0832500000000005
1985-01-03,2.6251249999999997
1985-01-04,1.791625
1985-01-05,1.54175
1985-01-06,1.41675
1985-01-07,1.291625
1985-01-08,2.791625
1985-01-09,4.750125000000001
1985-01-10,4.041625
1985-01-11,3.416625
1985-01-12,3.375
1985-01-13,2.875
1985-01-14,2.08325
1985-01-15,2.1665
1985-01-16,1.999875
1985-01-17,1.874875
1985-01-18,1.541625
1985-01-19,1.54175
1985-01-20,1.5
1985-01-21,2.3749999999999996
1985-01-22,2.1665
1985-01-23,4.333375
1985-01-24,1.791625
1985-01-25,1.95825
1985-01-26,1.583375
1985-01-27,2.20825
1985-01-28,5.3335
1985-01-29,3.25
1985-01-30,3.125
1985-01-31,2.95825
1985-02-01,2.9167500000000004
1985-02-02,2.4582499999999996
1985-02-03,1.79175
1985-02-04,0.6248750000000001
1985-02-05,3.416625
1985-02-06,4.875
1985-02-07,3.416625
1985-02-08,3.5832500000000005
1985-02-09,3.3332499999999996
1985-02-10,3.6667499999999995
1985-02-11,2.791625
1985-02-12,2.333375
1985-02-13,1.958375
1985-02-14,3.0001249999999997
1985-02-15,1.875125
1985-02-16,1.6665
1985-02-17,2.5832500000000005
1985-02-18,0.958375
1985-02-19,1.625
1985-02-20,2.1665
1985-02-21,1.79175
1985-02-22,1.91675
1985-02-23,1.958375
1985-02-24,3.1667499999999995
1985-02-25,2.4998750000000003
1985-02-26,1.333375
1985-02-27,2.29175
1985-02-28,4.875
1985-03-01,2.541625
1985-03-02,3.541625
1985-03-03,2.583125
1985-03-04,2.20825
1985-03-05,4.54175
1985-03-06,3.7083749999999993
1985-03-07,3.5832500000000005
1985-03-08,3.8332499999999996
1985-03-09,0.875
1985-03-10,2.16675
1985-03-11,1.416625
1985-03-12,1.58325
1985-03-13,0.958375
1985-03-14,1.54175
1985-03-15,2.5835000000000004
1985-03-16,2.416625
1985-03-17,1.625
1985-03-18,2.08325
1985-03-19,2.125
1985-03-20,1.2083750000000002
1985-03-21,1.2081250000000001
1985-03-22,1.0
1985-03-23,1.25
1985-03-24,1.375
1985-03-25,1.29175
1985-03-26,1.999875
1985-03-27,2.33325
1985-03-28,2.5832499999999996
1985-03-29,1.625
1985-03-30,1.66675
1985-03-31,2.1665
1985-04-01,3.3335
1985-04-02,3.0
1985-04-03,3.3335
1985-04-04,3.125
1985-04-05,1.583375
1985-04-06,1.20825
1985-04-07,1.750125
1985-04-08,2.333375
1985-04-09,4.08325
1985-04-10,2.333375
1985-04-11,2.1666250000000002
1985-04-12,1.2915
1985-04-13,1.5
1985-04-14,2.125
1985-04-15,1.125125
1985-04-16,1.916625
1985-04-17,1.16675
1985-04-18,0.91675
1985-04-19,3.375
1985-04-20,4.708375
1985-04-21,5.958375
1985-04-22,2.541625
1985-04-23,2.6251249999999997
1985-04-24,2.9163749999999995
1985-04-25,3.458124999999999
1985-04-26,4.04175
1985-04-27,4.208375
1985-04-28,4.75025
1985-04-29,2.375
1985-04-30,3.6248750000000003
1985-05-01,2.24975
1985-05-02,3.7501250000000006
1985-05-03,1.66675
1985-05-04,2.2083749999999998
1985-05-05,1.875
1985-05-06,2.25
1985-05-07,1.791625
1985-05-08,2.041625
1985-05-09,1.83325
1985-05-10,0.95825
1985-05-11,1.416625
1985-05-12,2.4998750000000003
1985-05-13,2.375
1985-05-14,1.9165
1985-05-15,3.0
1985-05-16,2.291875
1985-05-17,1.79175
1985-05-18,2.125
1985-05-19,2.20825
1985-05-20,1.29175
1985-05-21,1.7919999999999998
1985-05-22,1.208375
1985-05-23,1.08325
1985-05-24,1.20825
1985-05-25,1.58325
1985-05-26,2.083375
1985-05-27,1.416625
1985-05-28,1.208375
1985-05-29,1.08325
1985-05-30,0.66675
1985-05-31,1.541625
1985-06-01,3.208375
1985-06-02,1.541625
1985-06-03,0.958375
1985-06-04,1.208375
1985-06-05,1.2498749999999998
1985-06-06,3.458375
1985-06-07,4.125
1985-06-08,2.9998750000000003
1985-06-09,2.6248750000000003
1985-06-10,3.8332499999999996
1985-06-11,2.458375
1985-06-12,2.291625
1985-06-13,1.125
1985-06-14,0.958375
1985-06-15,1.16675
1985-06-16,0.666625
1985-06-17,1.791625
1985-06-18,1.083375
1985-06-19,0.7918749999999999
1985-06-20,2.25
1985-06-21,1.79175
1985-06-22,1.500125
1985-06-23,1.6252499999999999
1985-06-24,1.1665
1985-06-25,2.541625
1985-06-26,3.416875
1985-06-27,2.666625
1985-06-28,3.2916250000000007
1985-06-29,2.7501249999999997
1985-06-30,1.95825
1985-07-01,2.5415
1985-07-02,0.791625
1985-07-03,1.499875
1985-07-04,3.9998750000000003
1985-07-05,3.041625
1985-07-06,3.375
1985-07-07,3.291625
1985-07-08,2.958375
1985-07-09,1.75
1985-07-10,1.95825
1985-07-11,2.4582499999999996
1985-07-12,4.75
1985-07-13,3.208375
1985-07-14,2.8332499999999996
1985-07-15,1.708375
1985-07-16,1.208375
1985-07-17,3.16675
1985-07-18,2.708375
1985-07-19,1.75
1985-07-20,1.916625
1985-07-21,1.2918749999999999
1985-07-22,1.125
1985-07-23,2.583375
1985-07-24,2.54175
1985-07-25,2.5415
1985-07-26,2.916625
1985-07-27,2.9167500000000004
1985-07-28,2.6667499999999995
1985-07-29,1.291625
1985-07-30,2.375
1985-07-31,4.166625
1985-08-01,3.166499999999999
1985-08-02,2.5
1985-08-03,1.666625
1985-08-04,1.75
1985-08-05,0.91675
1985-08-06,0.708375
1985-08-07,0.8331250000000001
1985-08-08,1.541625
1985-08-09,1.166625
1985-08-10,1.8331250000000001
1985-08-11,1.0415
1985-08-12,2.7498750000000003
1985-08-13,4.541625
1985-08-14,2.5
1985-08-15,2.583375
1985-08-16,2.2501249999999997
1985-08-17,2.1665
1985-08-18,2.4998750000000003
1985-08-19,2.2498750000000003
1985-08-20,2.5001249999999997
1985-08-21,2.2501249999999997
1985-08-22,3.8751249999999997
1985-08-23,3.125
1985-08-24,1.6665
1985-08-25,3.0001250000000006
1985-08-26,2.7915
1985-08-27,2.8748750000000003
1985-08-28,2.75
1985-08-29,3.2082499999999996
1985-08-30,2.125
1985-08-31,4.208375
1985-09-01,1.416625
1985-09-02,1.083375
1985-09-03,1.041625
1985-09-04,0.541625
1985-09-05,0.5832499999999999
1985-09-06,2.1248750000000003
1985-09-07,2.083125
1985-09-08,2.2498750000000003
1985-09-09,2.7082500000000005
1985-09-10,2.5417499999999995
1985-09-11,2.124875
1985-09-12,1.416625
1985-09-13,1.249875
1985-09-14,3.583375
1985-09-15,2.4585
1985-09-16,4.125125000000001
1985-09-17,2.7082500000000005
1985-09-18,1.4168749999999999
1985-09-19,4.0
1985-09-20,3.9998749999999994
1985-09-21,3.6666250000000007
1985-09-22,2.708375
1985-09-23,1.874875
1985-09-24,2.95825
1985-09-25,3.2085
1985-09-26,3.0001249999999997
1985-09-27,3.0
1985-09-28,1.6665
1985-09-29,1.124875
1985-09-30,1.25
1985-10-01,0.66675
1985-10-02,1.4165
1985-10-03,2.375
1985-10-04,2.583375
1985-10-05,5.291625
1985-10-06,4.624874999999999
1985-10-07,3.875
1985-10-08,3.0832499999999996
1985-10-09,1.58325
1985-10-10,1.625
1985-10-11,3.0001250000000006
1985-10-12,2.375
1985-10-13,3.2917499999999995
1985-10-14,2.0001249999999997
1985-10-15,2.916625
1985-10-16,2.9998750000000003
1985-10-17,2.9582499999999996
1985-10-18,3.5832500000000005
1985-10-19,2.45825
1985-10-20,1.54175
1985-10-21,2.7917499999999995
1985-10-22,3.0417499999999995
1985-10-23,2.75
1985-10-24,1.83325
1985-10-25,2.25
1985-10-26,0.958375
1985-10-27,0.916625
1985-10-28,0.9165000000000001
1985-10-29,2.25
1985-10-30,0.791875
1985-10-31,1.583375
1985-11-01,2.9583749999999993
1985-11-02,3.583375
1985-11-03,3.8333749999999993
1985-11-04,2.916625
1985-11-05,2.166625
1985-11-06,2.541875
1985-11-07,1.70825
1985-11-08,1.458375
1985-11-09,2.66675
1985-11-10,3.2082500000000005
1985-11-11,2.375
1985-11-12,1.0835
1985-11-13,3.3748750000000003
1985-11-14,3.083375
1985-11-15,2.916625
1985-11-16,2.4167500000000004
1985-11-17,2.625
1985-11-18,3.0001249999999997
1985-11-19,2.291625
1985-11-20,0.708375
1985-11-21,1.25
1985-11-22,1.8331250000000001
1985-11-23,0.8751249999999999
1985-11-24,0.95825
1985-11-25,1.45825
1985-11-26,1.4165
1985-11-27,3.166625
1985-11-28,1.791625
1985-11-29,3.4167500000000004
1985-11-30,4.666499999999999
1985-12-01,2.833375
1985-12-02,2.8748749999999994
1985-12-03,2.166625
1985-12-04,2.5417500000000004
1985-12-05,2.0415
1985-12-06,1.7915
1985-12-07,1.25
1985-12-08,0.6667500000000001
1985-12-09,1.374875
1985-12-10,3.0832499999999996
1985-12-11,2.333375
1985-12-12,1.666625
1985-12-13,4.041625
1985-12-14,2.541625
1985-12-15,2.083375
1985-12-16,1.5
1985-12-17,1.750125
1985-12-18,2.333375
1985-12-19,4.625
1985-12-20,2.16675
1985-12-21,1.20825
1985-12-22,1.583375
1985-12-23,1.0835
1985-12-24,1.999875
1985-12-25,1.25
1985-12-26,1.708375
1985-12-27,2.416625
1985-12-28,4.374875
1985-12-29,1.625
1985-12-30,4.791625
1985-12-31,3.625
1986-01-01,3.791625
1986-01-02,3.2501250000000006
1986-01-03,2.125
1986-01-04,1.249875
1986-01-05,1.083375
1986-01-06,2.2501249999999997
1986-01-07,4.000125
1986-01-08,2.2915
1986-01-09,2.4998750000000003
1986-01-10,2.041625
1986-01-11,0.958375
1986-01-12,1.25
1986-01-13,0.79175
1986-01-14,0.91675
1986-01-15,1.249875
1986-01-16,0.583375
1986-01-17,1.416625
1986-01-18,1.75
1986-01-19,1.0418749999999999
1986-01-20,2.8332499999999996
1986-01-21,3.2917499999999995
1986-01-22,2.583375
1986-01-23,3.1251250000000006
1986-01-24,2.625
1986-01-25,3.7501249999999997
1986-01-26,2.458375
1986-01-27,4.374874999999999
1986-01-28,4.16675
1986-01-29,3.3332499999999996
1986-01-30,2.8751249999999997
1986-01-31,1.875
1986-02-01,1.333375
1986-02-02,1.70825
1986-02-03,1.666625
1986-02-04,1.20825
1986-02-05,1.6668749999999999
1986-02-06,1.999875
1986-02-07,5.416875
1986-02-08,7.66675
1986-02-09,5.875
1986-02-10,2.166625
1986-02-11,3.2501249999999997
1986-02-12,3.291875
1986-02-13,2.875
1986-02-14,3.2085
1986-02-15,1.25
1986-02-16,1.16675
1986-02-17,1.95825
1986-02-18,2.6248750000000003
1986-02-19,2.083375
1986-02-20,3.125
1986-02-21,3.833375
1986-02-22,4.16675
1986-02-23,4.375125000000001
1986-02-24,3.375
1986-02-25,3.3335
1986-02-26,3.75
1986-02-27,3.416499999999999
1986-02-28,3.708375
1986-03-01,3.2082499999999996
1986-03-02,2.583375
1986-03-03,2.291625
1986-03-04,2.16675
1986-03-05,2.041625
1986-03-06,3.958375
1986-03-07,4.25
1986-03-08,3.583375
1986-03-09,1.2081250000000001
1986-03-10,0.45825000000000005
1986-03-11,0.49987500000000007
1986-03-12,1.666625
1986-03-13,3.5
1986-03-14,1.833375
1986-03-15,1.95825
1986-03-16,1.666625
1986-03-17,1.5835
1986-03-18,2.04175
1986-03-19,2.1665
1986-03-20,0.70825
1986-03-21,2.958375
1986-03-22,3.375
1986-03-23,2.541625
1986-03-24,3.4583749999999993
1986-03-25,3.875
1986-03-26,2.583375
1986-03-27,3.041625
1986-03-28,2.9167499999999995
1986-03-29,1.91675
1986-03-30,1.333375
1986-03-31,1.708375
1986-04-01,1.791625
1986-04-02,1.41675
1986-04-03,2.6251250000000006
1986-04-04,0.958375
1986-04-05,2.125
1986-04-06,1.0835
1986-04-07,1.33325
1986-04-08,1.374875
1986-04-09,2.708375
1986-04-10,2.9585
1986-04-11,1.333375
1986-04-12,2.291625
1986-04-13,1.375
1986-04-14,1.1665
1986-04-15,1.666625
1986-04-16,2.0
1986-04-17,1.5001250000000002
1986-04-18,1.583375
1986-04-19,2.416875
1986-04-20,1.333375
1986-04-21,1.625125
1986-04-22,2.458375
1986-04-23,2.2501249999999997
1986-04-24,2.583375
1986-04-25,1.750125
1986-04-26,1.75
1986-04-27,1.04175
1986-04-28,2.333375
1986-04-29,1.8752499999999999
1986-04-30,1.250125
1986-05-01,1.33325
1986-05-02,4.250125000000001
1986-05-03,3.3751250000000006
1986-05-04,2.8335
1986-05-05,2.791625
1986-05-06,5.5
1986-05-07,2.5
1986-05-08,1.833375
1986-05-09,1.45825
1986-05-10,1.541625
1986-05-11,1.8335
1986-05-12,1.7081250000000001
1986-05-13,0.9585
1986-05-14,0.791625
1986-05-15,0.958375
1986-05-16,1.75
1986-05-17,2.083375
1986-05-18,1.375
1986-05-19,2.0001249999999997
1986-05-20,1.4585000000000001
1986-05-21,1.58325
1986-05-22,0.7915
1986-05-23,1.999875
1986-05-24,1.750125
1986-05-25,2.25
1986-05-26,1.958375
1986-05-27,1.874875
1986-05-28,0.6248750000000001
1986-05-29,0.916625
1986-05-30,1.958375
1986-05-31,3.208375
1986-06-01,2.833375
1986-06-02,2.083375
1986-06-03,2.25
1986-06-04,1.958375
1986-06-05,1.374875
1986-06-06,1.499875
1986-06-07,2.6665
1986-06-08,1.70825
1986-06-09,1.75
1986-06-10,2.6667500000000004
1986-06-11,1.666625
1986-06-12,1.624875
1986-06-13,1.66675
1986-06-14,1.7085
1986-06-15,1.333375
1986-06-16,1.416875
1986-06-17,1.87525
1986-06-18,2.0416250000000002
1986-06-19,1.3335000000000001
1986-06-20,1.666625
1986-06-21,1.5831250000000001
1986-06-22,1.83325
1986-06-23,1.125
1986-06-24,1.70825
1986-06-25,0.70825
1986-06-26,1.20825
1986-06-27,3.5835
1986-06-28,2.7917500000000004
1986-06-29,2.3751249999999997
1986-06-30,2.04175
1986-07-01,1.583375
1986-07-02,2.666625
1986-07-03,1.95825
1986-07-04,1.875
1986-07-05,1.75
1986-07-06,1.29175
1986-07-07,0.9166249999999999
1986-07-08,1.45825
1986-07-09,1.666625
1986-07-10,1.583375
1986-07-11,0.8332499999999999
1986-07-12,1.4165
1986-07-13,1.66675
1986-07-14,0.958375
1986-07-15,0.91675
1986-07-16,1.416625
1986-07-17,1.91675
1986-07-18,1.500125
1986-07-19,1.0415
1986-07-20,0.79175
1986-07-21,1.7085
1986-07-22,1.625
1986-07-23,1.249875
1986-07-24,1.833125
1986-07-25,2.708375
1986-07-26,3.4582500000000005
1986-07-27,2.833375
1986-07-28,2.2498750000000003
1986-07-29,3.208375
1986-07-30,2.4998750000000003
1986-07-31,2.541625
1986-08-01,1.54175
1986-08-02,1.20825
1986-08-03,3.291625
1986-08-04,3.291875
1986-08-05,2.166625
1986-08-06,1.6665
1986-08-07,0.8748750000000001
1986-08-08,1.91675
1986-08-09,2.16675
1986-08-10,1.5
1986-08-11,1.79175
1986-08-12,2.24975
1986-08-13,2.3332499999999996
1986-08-14,1.416625
1986-08-15,1.625
1986-08-16,1.124875
1986-08-17,1.25
1986-08-18,0.5835
1986-08-19,1.16675
1986-08-20,2.5001249999999997
1986-08-21,3.8332499999999996
1986-08-22,3.9167500000000004
1986-08-23,3.791625
1986-08-24,3.4998750000000003
1986-08-25,2.9167500000000004
1986-08-26,2.458375
1986-08-27,2.791625
1986-08-28,2.4998750000000003
1986-08-29,3.6251249999999997
1986-08-30,3.7917499999999995
1986-08-31,2.791625
1986-09-01,2.083375
1986-09-02,2.833375
1986-09-03,1.666625
1986-09-04,1.791625
1986-09-05,2.125
1986-09-06,1.833375
1986-09-07,1.375125
1986-09-08,1.291625
1986-09-09,1.41675
1986-09-10,1.5
1986-09-11,2.2501249999999997
1986-09-12,5.583375
1986-09-13,3.5001250000000006
1986-09-14,2.3751249999999997
1986-09-15,3.1667499999999995
1986-09-16,1.54175
1986-09-17,2.7498750000000003
1986-09-18,3.375
1986-09-19,3.3332499999999996
1986-09-20,3.0
1986-09-21,2.0835
1986-09-22,0.95825
1986-09-23,4.6667499999999995
1986-09-24,3.583375
1986-09-25,3.583125
1986-09-26,3.7915
1986-09-27,3.416625
1986-09-28,2.5
1986-09-29,2.666625
1986-09-30,1.3331250000000001
1986-10-01,1.75
1986-10-02,3.4165
1986-10-03,2.04175
1986-10-04,1.75
1986-10-05,3.333375
1986-10-06,2.33325
1986-10-07,1.25
1986-10-08,1.41675
1986-10-09,1.499875
1986-10-10,0.708375
1986-10-11,0.9167500000000001
1986-10-12,0.5415000000000001
1986-10-13,2.95825
1986-10-14,4.041625
1986-10-15,2.7915
1986-10-16,1.499875
1986-10-17,1.54175
1986-10-18,2.333375
1986-10-19,3.5
1986-10-20,2.833375
1986-10-21,2.4998750000000003
1986-10-22,1.4165
1986-10-23,1.208375
1986-10-24,0.45825000000000005
1986-10-25,0.87525
1986-10-26,0.833375
1986-10-27,2.9167500000000004
1986-10-28,1.791625
1986-10-29,2.875
1986-10-30,2.8748750000000003
1986-10-31,1.666625
1986-11-01,2.249875
1986-11-02,1.500125
1986-11-03,2.75
1986-11-04,5.583375
1986-11-05,3.041625
1986-11-06,2.625
1986-11-07,1.333375
1986-11-08,1.166625
1986-11-09,0.791625
1986-11-10,1.124875
1986-11-11,2.5835000000000004
1986-11-12,1.75
1986-11-13,1.333375
1986-11-14,1.25
1986-11-15,2.583375
1986-11-16,2.500125
1986-11-17,2.04175
1986-11-18,1.416625
1986-11-19,0.9998750000000001
1986-11-20,1.166625
1986-11-21,0.625
1986-11-22,0.45825
1986-11-23,1.666625
1986-11-24,4.583375
1986-11-25,4.91675
1986-11-26,2.916625
1986-11-27,1.875
1986-11-28,1.25
1986-11-29,2.25
1986-11-30,2.708375
1986-12-01,2.5415
1986-12-02,1.958375
1986-12-03,1.541625
1986-12-04,1.70825
1986-12-05,0.70825
1986-12-06,1.041625
1986-12-07,1.58325
1986-12-08,0.916625
1986-12-09,1.58325
1986-12-10,2.5001249999999997
1986-12-11,1.916625
1986-12-12,1.04175
1986-12-13,2.25
1986-12-14,3.0417500000000004
1986-12-15,0.9165000000000001
1986-12-16,2.500125
1986-12-17,1.25
1986-12-18,1.25
1986-12-19,1.29175
1986-12-20,1.874875
1986-12-21,2.2501249999999997
1986-12-22,2.708375
1986-12-23,3.541625
1986-12-24,2.25
1986-12-25,2.208375
1986-12-26,2.8332499999999996
1986-12-27,2.208375
1986-12-28,0.7915000000000001
1986-12-29,0.791625
1986-12-30,1.0833750000000002
1986-12-31,1.708375
1987-01-01,3.291625
1987-01-02,2.250125
1987-01-03,1.666625
1987-01-04,0.666625
1987-01-05,0.666625
1987-01-06,0.7917500000000001
1987-01-07,1.125
1987-01-08,1.875
1987-01-09,2.166625
1987-01-10,1.458375
1987-01-11,1.2916249999999998
1987-01-12,2.2085
1987-01-13,1.541625
1987-01-14,1.208375
1987-01-15,1.1665
1987-01-16,2.5833749999999998
1987-01-17,2.083375
1987-01-18,1.833375
1987-01-19,1.791625
1987-01-20,3.125
1987-01-21,2.291625
1987-01-22,2.2915
1987-01-23,2.416625
1987-01-24,1.83325
1987-01-25,1.833375
1987-01-26,1.7915
1987-01-27,1.625125
1987-01-28,2.4998750000000003
1987-01-29,1.875
1987-01-30,0.875
1987-01-31,1.791625
1987-02-01,1.75
1987-02-02,1.041625
1987-02-03,0.958375
1987-02-04,1.0
1987-02-05,1.04175
1987-02-06,1.70825
1987-02-07,2.20825
1987-02-08,2.833375
1987-02-09,2.375
1987-02-10,1.999875
1987-02-11,1.458375
1987-02-12,3.166625
1987-02-13,1.08325
1987-02-14,1.208375
1987-02-15,1.5835
1987-02-16,2.5832500000000005
1987-02-17,2.083375
1987-02-18,1.833375
1987-02-19,1.208375
1987-02-20,3.916625
1987-02-21,3.2085
1987-02-22,3.0832499999999996
1987-02-23,2.875
1987-02-24,2.458375
1987-02-25,1.791625
1987-02-26,1.375
1987-02-27,2.4998750000000003
1987-02-28,2.6667500000000004
1987-03-01,2.125
1987-03-02,0.833375
1987-03-03,1.624875
1987-03-04,2.25
1987-03-05,3.3748749999999994
1987-03-06,2.20825
1987-03-07,3.2498749999999994
1987-03-08,2.624875
1987-03-09,1.83325
1987-03-10,2.1666250000000002
1987-03-11,2.08325
1987-03-12,2.7082499999999996
1987-03-13,1.95825
1987-03-14,2.083375
1987-03-15,2.3332499999999996
1987-03-16,2.458375
1987-03-17,2.0833749999999998
1987-03-18,2.416625
1987-03-19,2.416625
1987-03-20,0.916625
1987-03-21,2.9998750000000003
1987-03-22,2.7498750000000003
1987-03-23,1.500125
1987-03-24,1.125
1987-03-25,1.333375
1987-03-26,2.6667500000000004
1987-03-27,3.833375
1987-03-28,2.20825
1987-03-29,1.25
1987-03-30,1.0417500000000002
1987-03-31,1.000125
1987-04-01,2.2501249999999997
1987-04-02,1.08325
1987-04-03,0.29150000000000004
1987-04-04,2.666625
1987-04-05,2.625
1987-04-06,1.7918749999999999
1987-04-07,2.54175
1987-04-08,2.4998750000000003
1987-04-09,1.999875
1987-04-10,1.7085
1987-04-11,1.750125
1987-04-12,1.166625
1987-04-13,2.375
1987-04-14,1.541625
1987-04-15,1.541625
1987-04-16,0.9998750000000001
1987-04-17,1.16675
1987-04-18,0.9167500000000001
1987-04-19,1.95825
1987-04-20,2.0832499999999996
1987-04-21,0.666625
1987-04-22,1.20825
1987-04-23,0.833625
1987-04-24,2.2497500000000006
1987-04-25,1.1665
1987-04-26,1.08325
1987-04-27,2.04175
1987-04-28,0.45825000000000005
1987-04-29,1.08325
1987-04-30,0.9585
1987-05-01,1.75
1987-05-02,1.500125
1987-05-03,1.499875
1987-05-04,1.333375
1987-05-05,1.083375
1987-05-06,1.1666249999999998
1987-05-07,1.83325
1987-05-08,1.0
1987-05-09,1.16675
1987-05-10,2.083375
1987-05-11,1.41675
1987-05-12,0.5
1987-05-13,1.625
1987-05-14,2.208375
1987-05-15,1.041625
1987-05-16,1.0835
1987-05-17,0.916625
1987-05-18,0.5
1987-05-19,0.49975
1987-05-20,1.041875
1987-05-21,0.6248750000000001
1987-05-22,1.666625
1987-05-23,2.0001249999999997
1987-05-24,3.29175
1987-05-25,3.458375
1987-05-26,2.0
1987-05-27,2.8751249999999997
1987-05-28,2.16675
1987-05-29,3.041625
1987-05-30,1.916625
1987-05-31,2.4585
1987-06-01,1.875125
1987-06-02,1.749875
1987-06-03,1.124875
1987-06-04,1.624875
1987-06-05,1.874875
1987-06-06,3.541625
1987-06-07,2.125
1987-06-08,0.875
1987-06-09,0.7917500000000001
1987-06-10,1.083375
1987-06-11,1.875125
1987-06-12,2.708375
1987-06-13,1.708375
1987-06-14,1.4585
1987-06-15,0.9998750000000001
1987-06-16,1.916625
1987-06-17,1.3752499999999999
1987-06-18,1.625125
1987-06-19,3.0
1987-06-20,2.0
1987-06-21,1.5
1987-06-22,0.958375
1987-06-23,0.7501249999999999
1987-06-24,1.583375
1987-06-25,1.5
1987-06-26,2.0001249999999997
1987-06-27,1.249875
1987-06-28,1.04175
1987-06-29,1.291625
1987-06-30,0.666625
1987-07-01,0.54175
1987-07-02,0.791625
1987-07-03,1.708375
1987-07-04,1.83325
1987-07-05,1.625125
1987-07-06,1.33325
1987-07-07,0.87525
1987-07-08,2.333375
1987-07-09,2.16675
1987-07-10,2.375
1987-07-11,1.7915
1987-07-12,1.95825
1987-07-13,1.0
1987-07-14,1.458375
1987-07-15,3.5001249999999997
1987-07-16,3.375
1987-07-17,2.8752500000000003
1987-07-18,2.4582499999999996
1987-07-19,2.04175
1987-07-20,2.1251249999999997
1987-07-21,1.625
1987-07-22,1.95825
1987-07-23,1.375
1987-07-24,2.16675
1987-07-25,3.125
1987-07-26,0.833625
1987-07-27,1.3335
1987-07-28,3.4998749999999994
1987-07-29,4.25
1987-07-30,2.0413750000000004
1987-07-31,2.416625
1987-08-01,2.125
1987-08-02,1.249875
1987-08-03,2.291625
1987-08-04,1.7915
1987-08-05,2.708125
1987-08-06,1.916625
1987-08-07,1.083375
1987-08-08,2.208375
1987-08-09,2.0
1987-08-10,1.124875
1987-08-11,1.666625
1987-08-12,3.041625
1987-08-13,3.4582499999999996
1987-08-14,3.041625
1987-08-15,3.3332499999999996
1987-08-16,2.6248750000000003
1987-08-17,2.4998750000000003
1987-08-18,1.66675
1987-08-19,2.08325
1987-08-20,2.124875
1987-08-21,1.291625
1987-08-22,1.666625
1987-08-23,2.416875
1987-08-24,2.375
1987-08-25,4.250125
1987-08-26,4.500125
1987-08-27,3.4167500000000004
1987-08-28,2.7085
1987-08-29,2.4582500000000005
1987-08-30,2.7501249999999997
1987-08-31,4.083374999999999
1987-09-01,4.33325
1987-09-02,2.541625
1987-09-03,0.9166249999999999
1987-09-04,1.75
1987-09-05,1.75
1987-09-06,2.25
1987-09-07,2.2501249999999997
1987-09-08,2.333125
1987-09-09,2.125125
1987-09-10,3.708375
1987-09-11,4.625000000000001
1987-09-12,3.541625
1987-09-13,3.458375
1987-09-14,3.7917499999999995
1987-09-15,4.08325
1987-09-16,3.29175
1987-09-17,3.208375
1987-09-18,1.999875
1987-09-19,0.833375
1987-09-20,2.20825
1987-09-21,2.291625
1987-09-22,3.6251249999999997
1987-09-23,2.5417500000000004
1987-09-24,2.75
1987-09-25,4.708375
1987-09-26,3.2917500000000004
1987-09-27,2.458375
1987-09-28,3.4582499999999996
1987-09-29,3.958375
1987-09-30,4.583375
1987-10-01,2.7082499999999996
1987-10-02,1.916625
1987-10-03,3.9582500000000005
1987-10-04,2.583375
1987-10-05,1.499875
1987-10-06,1.33325
1987-10-07,1.70825
1987-10-08,2.0
1987-10-09,0.708375
1987-10-10,1.666625
1987-10-11,3.8335
1987-10-12,1.958375
1987-10-13,3.666625
1987-10-14,4.125
1987-10-15,3.833375
1987-10-16,2.7082500000000005
1987-10-17,3.041625
1987-10-18,1.33325
1987-10-19,1.624875
1987-10-20,1.70825
1987-10-21,2.70825
1987-10-22,1.33325
1987-10-23,2.2916250000000002
1987-10-24,3.0415
1987-10-25,3.791625
1987-10-26,2.375
1987-10-27,4.416625
1987-10-28,4.791625
1987-10-29,3.375
1987-10-30,2.6665
1987-10-31,2.458375
1987-11-01,1.79175
1987-11-02,3.3332499999999996
1987-11-03,3.75
1987-11-04,2.125
1987-11-05,2.2085
1987-11-06,2.25
1987-11-07,1.208375
1987-11-08,1.083375
1987-11-09,1.95825
1987-11-10,2.291625
1987-11-11,2.791625
1987-11-12,3.25
1987-11-13,3.916875
1987-11-14,3.5832499999999996
1987-11-15,2.833375
1987-11-16,1.791625
1987-11-17,0.5415000000000001
1987-11-18,1.3331250000000001
1987-11-19,2.5832499999999996
1987-11-20,2.416625
1987-11-21,1.5415
1987-11-22,1.833375
1987-11-23,4.208125
1987-11-24,3.7083749999999993
1987-11-25,2.666625
1987-11-26,3.125
1987-11-27,3.416625
1987-11-28,2.20825
1987-11-29,0.625
1987-11-30,0.791625
1987-12-01,1.208375
1987-12-02,1.083375
1987-12-03,2.541875
1987-12-04,1.83325
1987-12-05,3.041625
1987-12-06,2.0
1987-12-07,1.1665
1987-12-08,0.249875
1987-12-09,1.125
1987-12-10,3.8332499999999996
1987-12-11,2.7915
1987-12-12,2.1665
1987-12-13,0.958375
1987-12-14,1.04175
1987-12-15,1.875
1987-12-16,4.54175
1987-12-17,3.041625
1987-12-18,1.8331250000000001
1987-12-19,1.875
1987-12-20,1.20825
1987-12-21,2.2498750000000003
1987-12-22,3.583375
1987-12-23,2.1664999999999996
1987-12-24,1.708375
1987-12-25,1.708375
1987-12-26,1.16675
1987-12-27,0.249875
1987-12-28,0.583375
1987-12-29,1.1665
1987-12-30,0.58325
1987-12-31,1.166625
1988-01-01,1.250125
1988-01-02,3.8332499999999996
1988-01-03,1.749875
1988-01-04,2.291625
1988-01-05,2.75
1988-01-06,3.916625
1988-01-07,3.375
1988-01-08,3.2917499999999995
1988-01-09,1.6247500000000001
1988-01-10,1.0
1988-01-11,1.95825
1988-01-12,3.125
1988-01-13,1.666625
1988-01-14,4.33325
1988-01-15,4.83325
1988-01-16,1.333375
1988-01-17,1.75
1988-01-18,2.25
1988-01-19,2.333375
1988-01-20,2.7082499999999996
1988-01-21,2.0
1988-01-22,1.708375
1988-01-23,0.541625
1988-01-24,1.20825
1988-01-25,1.54175
1988-01-26,1.83325
1988-01-27,2.625
1988-01-28,1.3335
1988-01-29,1.041625
1988-01-30,0.58325
1988-01-31,0.58325
1988-02-01,0.49987499999999996
1988-02-02,1.125125
1988-02-03,0.70825
1988-02-04,1.70825
1988-02-05,4.041875
1988-02-06,2.45825
1988-02-07,1.41675
1988-02-08,1.125
1988-02-09,2.3748750000000003
1988-02-10,2.6251249999999997
1988-02-11,2.25
1988-02-12,3.0001250000000006
1988-02-13,2.875
1988-02-14,1.625
1988-02-15,3.1667500000000004
1988-02-16,2.5417500000000004
1988-02-17,2.666625
1988-02-18,3.1248750000000003
1988-02-19,1.791625
1988-02-20,1.25
1988-02-21,3.708375
1988-02-22,6.29175
1988-02-23,3.9582499999999996
1988-02-24,2.583375
1988-02-25,2.791625
1988-02-26,2.1251249999999997
1988-02-27,1.624875
1988-02-28,1.333375
1988-02-29,0.708375
1988-03-01,1.166625
1988-03-02,1.416625
1988-03-03,2.291625
1988-03-04,3.25
1988-03-05,1.916625
1988-03-06,3.2082499999999996
1988-03-07,2.33325
1988-03-08,3.6248749999999994
1988-03-09,2.6251249999999997
1988-03-10,2.4998750000000003
1988-03-11,2.7916250000000002
1988-03-12,2.166625
1988-03-13,1.20825
1988-03-14,2.583375
1988-03-15,3.3332499999999996
1988-03-16,2.7083749999999993
1988-03-17,2.1666250000000002
1988-03-18,1.83325
1988-03-19,1.166625
1988-03-20,1.333375
1988-03-21,0.375
1988-03-22,0.7501249999999999
1988-03-23,1.291625
1988-03-24,1.166625
1988-03-25,2.20825
1988-03-26,4.5835
1988-03-27,4.083375
1988-03-28,3.7498750000000003
1988-03-29,4.208375
1988-03-30,4.041625
1988-03-31,2.5415
1988-04-01,2.791625
1988-04-02,3.333500000000001
1988-04-03,4.1667499999999995
1988-04-04,5.70825
1988-04-05,3.375
1988-04-06,4.666625
1988-04-07,2.9167500000000004
1988-04-08,1.750125
1988-04-09,2.2498750000000003
1988-04-10,2.916625
1988-04-11,2.16675
1988-04-12,2.8751249999999997
1988-04-13,2.29175
1988-04-14,2.2498750000000003
1988-04-15,1.41675
1988-04-16,1.250125
1988-04-17,1.2085
1988-04-18,1.70825
1988-04-19,2.2082499999999996
1988-04-20,1.541625
1988-04-21,1.875
1988-04-22,4.83325
1988-04-23,3.2085
1988-04-24,1.749875
1988-04-25,1.375
1988-04-26,1.208375
1988-04-27,1.5
1988-04-28,2.5001249999999997
1988-04-29,1.375
1988-04-30,1.875
1988-05-01,1.45825
1988-05-02,1.79175
1988-05-03,1.750125
1988-05-04,2.666875
1988-05-05,2.75
1988-05-06,6.374874999999999
1988-05-07,2.583375
1988-05-08,2.7915
1988-05-09,2.33325
1988-05-10,2.45825
1988-05-11,1.75
1988-05-12,1.291625
1988-05-13,1.2501250000000002
1988-05-14,0.8333750000000001
1988-05-15,1.41675
1988-05-16,2.375125
1988-05-17,3.6667500000000004
1988-05-18,2.9998750000000003
1988-05-19,1.625125
1988-05-20,1.583375
1988-05-21,2.333375
1988-05-22,1.83325
1988-05-23,1.41675
1988-05-24,1.958375
1988-05-25,1.499875
1988-05-26,1.625125
1988-05-27,0.625
1988-05-28,0.75
1988-05-29,1.79175
1988-05-30,2.4582499999999996
1988-05-31,2.25
1988-06-01,1.666625
1988-06-02,1.25025
1988-06-03,0.541625
1988-06-04,0.624875
1988-06-05,2.083375
1988-06-06,1.541625
1988-06-07,1.625125
1988-06-08,1.58325
1988-06-09,1.708375
1988-06-10,1.999875
1988-06-11,1.83325
1988-06-12,0.8748750000000001
1988-06-13,1.29175
1988-06-14,3.375
1988-06-15,2.0
1988-06-16,1.583375
1988-06-17,2.375125
1988-06-18,2.583375
1988-06-19,3.4165
1988-06-20,2.2917500000000004
1988-06-21,1.375
1988-06-22,2.583375
1988-06-23,2.08325
1988-06-24,3.125
1988-06-25,3.875
1988-06-26,3.0
1988-06-27,2.125
1988-06-28,2.2916250000000002
1988-06-29,3.75
1988-06-30,3.541625
1988-07-01,2.9167499999999995
1988-07-02,2.375125
1988-07-03,1.79175
1988-07-04,0.916625
1988-07-05,1.125
1988-07-06,2.541625
1988-07-07,2.0
1988-07-08,2.3748750000000003
1988-07-09,0.6665000000000001
1988-07-10,1.75
1988-07-11,3.5
1988-07-12,2.9998750000000003
1988-07-13,1.25
1988-07-14,1.875
1988-07-15,2.45825
1988-07-16,3.458375
1988-07-17,1.7085
1988-07-18,2.208375
1988-07-19,2.04175
1988-07-20,0.750125
1988-07-21,3.4165
1988-07-22,3.9167499999999995
1988-07-23,2.2917500000000004
1988-07-24,1.833375
1988-07-25,1.58325
1988-07-26,3.083375
1988-07-27,2.4582499999999996
1988-07-28,2.37525
1988-07-29,1.583375
1988-07-30,1.58325
1988-07-31,2.04175
1988-08-01,1.874875
1988-08-02,1.41675
1988-08-03,1.583375
1988-08-04,0.49987500000000007
1988-08-05,1.54175
1988-08-06,1.3336249999999998
1988-08-07,1.249875
1988-08-08,0.70825
1988-08-09,2.7082499999999996
1988-08-10,1.95825
1988-08-11,2.125
1988-08-12,3.0416250000000007
1988-08-13,3.208375
1988-08-14,3.333125
1988-08-15,3.0
1988-08-16,2.0
1988-08-17,1.2085
1988-08-18,2.0833749999999998
1988-08-19,2.04175
1988-08-20,2.958375
1988-08-21,1.5418749999999999
1988-08-22,2.916625
1988-08-23,2.416625
1988-08-24,2.416625
1988-08-25,2.875
1988-08-26,2.125
1988-08-27,2.8751249999999997
1988-08-28,2.166625
1988-08-29,2.6667499999999995
1988-08-30,2.583125
1988-08-31,2.458375
1988-09-01,3.458375
1988-09-02,2.666625
1988-09-03,2.041875
1988-09-04,1.874875
1988-09-05,1.0
1988-09-06,0.83325
1988-09-07,1.166625
1988-09-08,1.500125
1988-09-09,1.04175
1988-09-10,1.66675
1988-09-11,4.916625
1988-09-12,3.083500000000001
1988-09-13,2.4166250000000002
1988-09-14,2.458375
1988-09-15,2.4999999999999996
1988-09-16,1.5
1988-09-17,3.458375
1988-09-18,4.041625
1988-09-19,3.6248749999999994
1988-09-20,2.4582499999999996
1988-09-21,2.416625
1988-09-22,3.2917500000000004
1988-09-23,2.416625
1988-09-24,1.999875
1988-09-25,2.4165
1988-09-26,1.91675
1988-09-27,1.33325
1988-09-28,1.41675
1988-09-29,0.9581250000000001
1988-09-30,1.95825
1988-10-01,2.4998750000000003
1988-10-02,1.2085
1988-10-03,0.6665
1988-10-04,1.541625
1988-10-05,3.25
1988-10-06,4.458375
1988-10-07,1.749875
1988-10-08,1.70825
1988-10-09,3.2082499999999996
1988-10-10,5.791625
1988-10-11,2.5
1988-10-12,1.4997500000000001
1988-10-13,1.500125
1988-10-14,1.458375
1988-10-15,1.416625
1988-10-16,2.29175
1988-10-17,2.9585
1988-10-18,4.08325
1988-10-19,2.6248750000000003
1988-10-20,3.29175
1988-10-21,1.75
1988-10-22,0.6247500000000001
1988-10-23,1.5831250000000001
1988-10-24,1.5835
1988-10-25,0.9584999999999999
1988-10-26,1.708375
1988-10-27,2.041625
1988-10-28,2.0001249999999997
1988-10-29,0.70825
1988-10-30,1.0
1988-10-31,2.416625
1988-11-01,1.75
1988-11-02,4.04175
1988-11-03,3.833375
1988-11-04,2.124875
1988-11-05,2.333375
1988-11-06,2.666625
1988-11-07,3.2082499999999996
1988-11-08,3.1667500000000004
1988-11-09,2.541625
1988-11-10,2.583375
1988-11-11,2.166875
1988-11-12,3.208125
1988-11-13,2.1248750000000003
1988-11-14,2.5
1988-11-15,2.75
1988-11-16,3.1667500000000004
1988-11-17,2.374875
1988-11-18,2.0001249999999997
1988-11-19,1.04175
1988-11-20,0.45825000000000005
1988-11-21,1.458375
1988-11-22,1.0
1988-11-23,0.583375
1988-11-24,0.91675
1988-11-25,1.625
1988-11-26,3.3333749999999993
1988-11-27,2.6251250000000006
1988-11-28,2.0415
1988-11-29,2.00025
1988-11-30,3.9998749999999994
1988-12-01,1.20825
1988-12-02,2.7085
1988-12-03,3.166875
1988-12-04,2.2917499999999995
1988-12-05,0.91675
1988-12-06,0.79175
1988-12-07,0.625
1988-12-08,1.25
1988-12-09,0.875
1988-12-10,1.916625
1988-12-11,3.041625
1988-12-12,2.6666250000000007
1988-12-13,3.416499999999999
1988-12-14,2.45825
1988-12-15,1.9165
1988-12-16,3.7082499999999996
1988-12-17,3.916875
1988-12-18,3.7917500000000004
1988-12-19,3.4167500000000004
1988-12-20,1.791625
1988-12-21,2.4583749999999998
1988-12-22,2.6666250000000002
1988-12-23,1.04175
1988-12-24,1.166625
1988-12-25,3.4165
1988-12-26,3.75
1988-12-27,3.333500000000001
1988-12-28,2.75
1988-12-29,3.333375
1988-12-30,2.375
1988-12-31,2.541625
1989-01-01,3.0
1989-01-02,1.583375
1989-01-03,1.041625
1989-01-04,2.04175
1989-01-05,4.125125000000001
1989-01-06,2.2501249999999997
1989-01-07,2.375
1989-01-08,2.9998750000000003
1989-01-09,3.125
1989-01-10,2.583375
1989-01-11,3.4998750000000003
1989-01-12,2.916625
1989-01-13,2.208375
1989-01-14,2.5001249999999997
1989-01-15,4.54175
1989-01-16,4.750125000000001
1989-01-17,3.958375
1989-01-18,2.875
1989-01-19,1.833375
1989-01-20,4.125125
1989-01-21,4.083375
1989-01-22,4.0
1989-01-23,3.5832499999999996
1989-01-24,2.458375
1989-01-25,2.6667500000000004
1989-01-26,2.416625
1989-01-27,2.5
1989-01-28,2.708375
1989-01-29,2.2916250000000002
1989-01-30,2.6665
1989-01-31,3.958125
1989-02-01,3.9167499999999995
1989-02-02,3.166625
1989-02-03,4.75025
1989-02-04,3.7501249999999997
1989-02-05,3.583375
1989-02-06,3.6667500000000004
1989-02-07,3.8751249999999997
1989-02-08,2.7916250000000002
1989-02-09,3.3332499999999996
1989-02-10,2.2500000000000004
1989-02-11,2.2085
1989-02-12,2.8335
1989-02-13,3.5417500000000004
1989-02-14,2.625
1989-02-15,2.541625
1989-02-16,2.9582499999999996
1989-02-17,1.33325
1989-02-18,2.0001249999999997
1989-02-19,2.1248750000000003
1989-02-20,3.4998750000000003
1989-02-21,2.375
1989-02-22,2.7082499999999996
1989-02-23,1.2915
1989-02-24,2.0833749999999998
1989-02-25,1.625
1989-02-26,0.833375
1989-02-27,1.625125
1989-02-28,2.625
1989-03-01,2.666625
1989-03-02,3.7082499999999996
1989-03-03,4.375125
1989-03-04,2.4998750000000003
1989-03-05,4.0
1989-03-06,3.75
1989-03-07,3.166625
1989-03-08,2.9582500000000005
1989-03-09,4.125000000000001
1989-03-10,3.333375
1989-03-11,3.1251249999999997
1989-03-12,3.5417500000000004
1989-03-13,8.125
1989-03-14,6.91675
1989-03-15,4.79175
1989-03-16,4.75
1989-03-17,4.2915
1989-03-18,2.4582499999999996
1989-03-19,4.541625
1989-03-20,2.7498750000000003
1989-03-21,3.6251250000000006
1989-03-22,4.41675
1989-03-23,4.333375
1989-03-24,2.5416250000000002
1989-03-25,2.1248750000000003
1989-03-26,2.79175
1989-03-27,4.541625
1989-03-28,4.5
1989-03-29,5.624875
1989-03-30,4.666625000000001
1989-03-31,5.124875
1989-04-01,4.708375
1989-04-02,3.833375
1989-04-03,3.3751250000000006
1989-04-04,4.875
1989-04-05,4.6665
1989-04-06,2.791625
1989-04-07,3.8335
1989-04-08,3.416625
1989-04-09,2.916625
1989-04-10,1.95825
1989-04-11,2.708125
1989-04-12,1.750125
1989-04-13,3.1665
1989-04-14,3.5002500000000003
1989-04-15,3.7498750000000003
1989-04-16,2.7498750000000003
1989-04-17,2.08325
1989-04-18,1.875
1989-04-19,1.583375
1989-04-20,2.33325
1989-04-21,1.70825
1989-04-22,1.666625
1989-04-23,2.4998750000000003
1989-04-24,1.9585
1989-04-25,3.958375
1989-04-26,5.75
1989-04-27,5.0
1989-04-28,4.625
1989-04-29,3.9583749999999993
1989-04-30,3.1248749999999994
1989-05-01,2.166625
1989-05-02,3.291625
1989-05-03,2.58325
1989-05-04,3.2498750000000003
1989-05-05,4.458375
1989-05-06,2.833375
1989-05-07,4.583125
1989-05-08,1.33325
1989-05-09,1.29175
1989-05-10,1.0835
1989-05-11,1.541625
1989-05-12,2.3333749999999998
1989-05-13,2.04175
1989-05-14,2.291625
1989-05-15,2.708375
1989-05-16,1.875
1989-05-17,1.91675
1989-05-18,1.6665
1989-05-19,1.458375
1989-05-20,2.458375
1989-05-21,2.00025
1989-05-22,2.5
1989-05-23,4.0
1989-05-24,5.625
1989-05-25,3.749999999999999
1989-05-26,3.083125
1989-05-27,3.0417500000000004
1989-05-28,2.7498750000000003
1989-05-29,2.8751249999999997
1989-05-30,2.20825
1989-05-31,2.708375
1989-06-01,2.5
1989-06-02,3.291499999999999
1989-06-03,2.791625
1989-06-04,2.2498750000000003
1989-06-05,1.750125
1989-06-06,2.083375
1989-06-07,3.9167500000000004
1989-06-08,2.958375
1989-06-09,3.916499999999999
1989-06-10,5.833375
1989-06-11,3.5415
1989-06-12,2.541625
1989-06-13,2.833375
1989-06-14,4.95825
1989-06-15,4.416625
1989-06-16,1.8335
1989-06-17,1.20825
1989-06-18,1.25
1989-06-19,2.041625
1989-06-20,3.8332499999999996
1989-06-21,1.16675
1989-06-22,1.25
1989-06-23,1.41675
1989-06-24,2.041625
1989-06-25,1.9165
1989-06-26,1.958375
1989-06-27,1.45825
1989-06-28,1.749875
1989-06-29,2.7915
1989-06-30,2.1251249999999997
1989-07-01,2.9165
1989-07-02,1.124875
1989-07-03,0.58325
1989-07-04,0.583125
1989-07-05,2.583375
1989-07-06,2.45825
1989-07-07,2.0416250000000002
1989-07-08,0.833375
1989-07-09,1.458375
1989-07-10,2.5001249999999997
1989-07-11,1.0
1989-07-12,0.791625
1989-07-13,1.70825
1989-07-14,1.125
1989-07-15,1.625125
1989-07-16,0.37475
1989-07-17,2.7498750000000003
1989-07-18,2.583125
1989-07-19,0.9584999999999999
1989-07-20,1.166875
1989-07-21,1.333375
1989-07-22,1.7085
1989-07-23,2.416875
1989-07-24,2.1665
1989-07-25,1.708375
1989-07-26,2.75
1989-07-27,2.083375
1989-07-28,2.16675
1989-07-29,2.375
1989-07-30,1.874875
1989-07-31,1.16675
1989-08-01,1.458375
1989-08-02,1.4585
1989-08-03,1.375
1989-08-04,2.0
1989-08-05,0.49987500000000007
1989-08-06,1.791625
1989-08-07,2.291625
1989-08-08,1.875
1989-08-09,1.958375
1989-08-10,4.583374999999999
1989-08-11,3.6248749999999994
1989-08-12,1.95825
1989-08-13,2.25
1989-08-14,4.875
1989-08-15,5.708375
1989-08-16,3.625
1989-08-17,4.083375
1989-08-18,3.958375
1989-08-19,2.333375
1989-08-20,3.4167500000000004
1989-08-21,2.8748750000000003
1989-08-22,2.3747499999999997
1989-08-23,3.833375
1989-08-24,1.41675
1989-08-25,1.20825
1989-08-26,1.5835
1989-08-27,3.666625
1989-08-28,2.66675
1989-08-29,4.708375
1989-08-30,3.041625
1989-08-31,1.541625
1989-09-01,1.916625
1989-09-02,1.916625
1989-09-03,1.79175
1989-09-04,3.5832499999999996
1989-09-05,3.166625
1989-09-06,2.666625
1989-09-07,3.29175
1989-09-08,2.9583749999999993
1989-09-09,2.3751249999999997
1989-09-10,2.3332500000000005
1989-09-11,0.7498750000000001
1989-09-12,2.5416250000000002
1989-09-13,2.208375
1989-09-14,1.2915
1989-09-15,4.375125
1989-09-16,3.291499999999999
1989-09-17,1.625
1989-09-18,4.54175
1989-09-19,4.708375
1989-09-20,1.541625
1989-09-21,2.0
1989-09-22,3.5417500000000004
1989-09-23,1.125125
1989-09-24,1.708375
1989-09-25,1.20825
1989-09-26,4.416625
1989-09-27,1.666625
1989-09-28,1.875
1989-09-29,2.0415
1989-09-30,2.4582499999999996
1989-10-01,2.7498750000000003
1989-10-02,2.083375
1989-10-03,2.4167499999999995
1989-10-04,1.625
1989-10-05,1.25
1989-10-06,2.333375
1989-10-07,2.6248750000000003
1989-10-08,2.083375
1989-10-09,2.416625
1989-10-10,2.583375
1989-10-11,1.8335
1989-10-12,2.041625
1989-10-13,0.25
1989-10-14,0.16662500000000002
1989-10-15,1.000125
1989-10-16,2.3335
1989-10-17,2.625
1989-10-18,3.0415
1989-10-19,3.416625
1989-10-20,5.875
1989-10-21,7.125
1989-10-22,5.041625
1989-10-23,3.208375
1989-10-24,3.166625
1989-10-25,3.125
1989-10-26,3.5
1989-10-27,3.1248750000000003
1989-10-28,2.125
1989-10-29,2.6667500000000004
1989-10-30,3.5833749999999993
1989-10-31,2.666625
1989-11-01,2.0
1989-11-02,3.25
1989-11-03,3.875
1989-11-04,3.8332499999999996
1989-11-05,3.3332500000000005
1989-11-06,2.5417499999999995
1989-11-07,3.2915
1989-11-08,2.833375
1989-11-09,3.625
1989-11-10,2.3748750000000003
1989-11-11,3.2917500000000004
1989-11-12,2.20825
1989-11-13,4.749875
1989-11-14,2.583125
1989-11-15,1.375
1989-11-16,1.41675
1989-11-17,5.958500000000001
1989-11-18,4.0
1989-11-19,2.04175
1989-11-20,2.20825
1989-11-21,2.20825
1989-11-22,1.541625
1989-11-23,1.41675
1989-11-24,2.0415
1989-11-25,0.416625
1989-11-26,2.16675
1989-11-27,2.875
1989-11-28,4.0
1989-11-29,3.3748750000000003
1989-11-30,3.4582500000000005
1989-12-01,4.333375
1989-12-02,3.416625
1989-12-03,3.875
1989-12-04,3.9998750000000003
1989-12-05,2.2915
1989-12-06,1.333375
1989-12-07,2.29175
1989-12-08,1.624875
1989-12-09,1.083625
1989-12-10,0.5833750000000001
1989-12-11,1.499875
1989-12-12,1.874875
1989-12-13,1.6665
1989-12-14,2.166625
1989-12-15,2.333375
1989-12-16,2.916875
1989-12-17,2.4998750000000003
1989-12-18,1.958375
1989-12-19,1.58325
1989-12-20,1.624875
1989-12-21,1.95825
1989-12-22,3.7082500000000005
1989-12-23,2.8748750000000003
1989-12-24,3.3748750000000003
1989-12-25,3.0417500000000004
1989-12-26,3.3748750000000003
1989-12-27,3.833125
1989-12-28,2.166625
1989-12-29,4.54175
1989-12-30,4.125
1989-12-31,4.208375
1990-01-01,3.083375
1990-01-02,2.9998749999999994
1990-01-03,2.6248750000000003
1990-01-04,2.458375
1990-01-05,3.1251249999999997
1990-01-06,1.83325
1990-01-07,1.416625
1990-01-08,2.166625
1990-01-09,2.625
1990-01-10,3.041625
1990-01-11,3.333375
1990-01-12,3.0
1990-01-13,2.20825
1990-01-14,1.833375
1990-01-15,2.125125
1990-01-16,2.083375
1990-01-17,2.1251249999999997
1990-01-18,2.08325
1990-01-19,0.8748750000000001
1990-01-20,2.8335
1990-01-21,3.125
1990-01-22,3.333375
1990-01-23,3.458375
1990-01-24,4.208375
1990-01-25,3.166625
1990-01-26,2.208375
1990-01-27,0.8748750000000001
1990-01-28,1.666625
1990-01-29,3.7501249999999997
1990-01-30,3.625
1990-01-31,3.208125
1990-02-01,3.375
1990-02-02,3.8752500000000003
1990-02-03,2.041625
1990-02-04,3.791625
1990-02-05,3.6667499999999995
1990-02-06,1.95825
1990-02-07,3.5832499999999996
1990-02-08,1.58325
1990-02-09,1.583375
1990-02-10,1.958375
1990-02-11,2.291625
1990-02-12,1.45825
1990-02-13,1.583125
1990-02-14,3.5
1990-02-15,3.875
1990-02-16,4.7085
1990-02-17,4.166625
1990-02-18,3.666875
1990-02-19,4.250125
1990-02-20,4.54175
1990-02-21,3.0833749999999993
1990-02-22,3.4167500000000004
1990-02-23,4.375125
1990-02-24,4.041625
1990-02-25,4.083375
1990-02-26,3.33325
1990-02-27,3.75
1990-02-28,3.958375
1990-03-01,3.458375
1990-03-02,2.9167500000000004
1990-03-03,2.3748750000000003
1990-03-04,1.583375
1990-03-05,2.333375
1990-03-06,3.2498749999999994
1990-03-07,2.04175
1990-03-08,2.3335
1990-03-09,2.0
1990-03-10,1.9168749999999999
1990-03-11,2.75
1990-03-12,3.9998750000000003
1990-03-13,3.791625
1990-03-14,3.666625
1990-03-15,2.416625
1990-03-16,1.83325
1990-03-17,0.666625
1990-03-18,3.875
1990-03-19,2.4585
1990-03-20,3.708375
1990-03-21,5.75
1990-03-22,4.041625
1990-03-23,4.083375
1990-03-24,3.2917500000000004
1990-03-25,4.458375
1990-03-26,4.58325
1990-03-27,4.25
1990-03-28,3.75
1990-03-29,3.7498750000000003
1990-03-30,5.041499999999999
1990-03-31,1.999875
1990-04-01,1.5831250000000001
1990-04-02,2.45825
1990-04-03,3.125
1990-04-04,2.2917500000000004
1990-04-05,2.1667500000000004
1990-04-06,1.874875
1990-04-07,2.08325
1990-04-08,1.66675
1990-04-09,4.000125
1990-04-10,6.58325
1990-04-11,5.29175
1990-04-12,6.20825
1990-04-13,4.541499999999999
1990-04-14,4.83325
1990-04-15,3.5
1990-04-16,2.375
1990-04-17,4.45825
1990-04-18,3.5
1990-04-19,2.08325
1990-04-20,3.0832500000000005
1990-04-21,2.2083749999999998
1990-04-22,2.8751249999999997
1990-04-23,4.333374999999999
1990-04-24,3.833375
1990-04-25,3.375
1990-04-26,2.5415
1990-04-27,2.9582500000000005
1990-04-28,3.416625
1990-04-29,4.000125000000001
1990-04-30,3.0417500000000004
1990-05-01,2.083375
1990-05-02,2.208375
1990-05-03,3.1667499999999995
1990-05-04,2.6665
1990-05-05,2.25
1990-05-06,1.45825
1990-05-07,1.7083750000000002
1990-05-08,2.416875
1990-05-09,3.041625
1990-05-10,4.166625
1990-05-11,3.6248749999999994
1990-05-12,1.583375
1990-05-13,2.1665
1990-05-14,0.79175
1990-05-15,1.416625
1990-05-16,0.5835
1990-05-17,1.08325
1990-05-18,3.75
1990-05-19,3.2082499999999996
1990-05-20,3.3335
1990-05-21,3.291625
1990-05-22,4.20825
1990-05-23,2.416625
1990-05-24,1.666625
1990-05-25,3.416499999999999
1990-05-26,4.5
1990-05-27,4.375
1990-05-28,1.8335
1990-05-29,2.33325
1990-05-30,3.6248749999999994
1990-05-31,2.5417500000000004
1990-06-01,2.3335
1990-06-02,1.58325
1990-06-03,1.624875
1990-06-04,1.374875
1990-06-05,1.375125
1990-06-06,2.4997499999999997
1990-06-07,3.4998750000000003
1990-06-08,3.125
1990-06-09,4.041875
1990-06-10,3.04175
1990-06-11,2.583375
1990-06-12,5.499875
1990-06-13,5.416875
1990-06-14,5.416625
1990-06-15,2.2498750000000003
1990-06-16,1.166625
1990-06-17,0.583375
1990-06-18,2.333375
1990-06-19,1.541625
1990-06-20,0.5
1990-06-21,1.291625
1990-06-22,1.45825
1990-06-23,1.666625
1990-06-24,2.041625
1990-06-25,1.916625
1990-06-26,1.8335
1990-06-27,2.166625
1990-06-28,1.833375
1990-06-29,1.91675
1990-06-30,0.875
1990-07-01,1.3747500000000001
1990-07-02,1.66675
1990-07-03,1.70825
1990-07-04,1.875125
1990-07-05,2.29175
1990-07-06,1.7085
1990-07-07,1.5
1990-07-08,2.3751249999999997
1990-07-09,1.375
1990-07-10,2.5417500000000004
1990-07-11,1.70825
1990-07-12,1.95825
1990-07-13,2.666625
1990-07-14,2.458375
1990-07-15,2.125
1990-07-16,1.625125
1990-07-17,1.375
1990-07-18,1.874875
1990-07-19,3.0
1990-07-20,3.083125
1990-07-21,1.79175
1990-07-22,1.625
1990-07-23,1.041625
1990-07-24,1.041625
1990-07-25,0.95825
1990-07-26,2.0
1990-07-27,2.166625
1990-07-28,6.04175
1990-07-29,5.625
1990-07-30,2.54175
1990-07-31,1.500125
1990-08-01,3.416625
1990-08-02,2.1251249999999997
1990-08-03,2.4582499999999996
1990-08-04,1.625
1990-08-05,1.291625
1990-08-06,2.125
1990-08-07,1.875
1990-08-08,1.41675
1990-08-09,1.41675
1990-08-10,1.54175
1990-08-11,2.1248750000000003
1990-08-12,1.749875
1990-08-13,2.583375
1990-08-14,3.166625
1990-08-15,3.6251250000000006
1990-08-16,3.7498749999999994
1990-08-17,2.8748750000000003
1990-08-18,2.5835
1990-08-19,2.8751250000000006
1990-08-20,3.249999999999999
1990-08-21,4.125125
1990-08-22,4.999874999999999
1990-08-23,5.74975
1990-08-24,3.3332499999999996
1990-08-25,1.624875
1990-08-26,5.04175
1990-08-27,2.916625
1990-08-28,1.624875
1990-08-29,2.3751249999999997
1990-08-30,3.708375
1990-08-31,2.8335000000000004
1990-09-01,3.083375
1990-09-02,0.41674999999999995
1990-09-03,0.916875
1990-09-04,1.833375
1990-09-05,2.4998750000000003
1990-09-06,2.6248749999999994
1990-09-07,2.791625
1990-09-08,2.125
1990-09-09,2.333375
1990-09-10,2.1248750000000003
1990-09-11,3.7917500000000004
1990-09-12,3.333375
1990-09-13,3.25
1990-09-14,3.3747499999999997
1990-09-15,3.541625
1990-09-16,3.541625
1990-09-17,2.708375
1990-09-18,3.25
1990-09-19,2.9585
1990-09-20,2.4998750000000003
1990-09-21,2.9582499999999996
1990-09-22,3.4167500000000004
1990-09-23,2.541625
1990-09-24,2.666625
1990-09-25,2.416625
1990-09-26,2.58325
1990-09-27,1.958375
1990-09-28,2.0
1990-09-29,1.749875
1990-09-30,1.1668749999999999
1990-10-01,0.541625
1990-10-02,1.33325
1990-10-03,2.208375
1990-10-04,3.0001250000000006
1990-10-05,2.2915
1990-10-06,2.625
1990-10-07,2.0001249999999997
1990-10-08,1.041625
1990-10-09,2.3748750000000003
1990-10-10,4.66675
1990-10-11,4.6665
1990-10-12,4.16675
1990-10-13,3.083125
1990-10-14,3.1248750000000003
1990-10-15,3.7917500000000004
1990-10-16,2.3751249999999997
1990-10-17,1.20825
1990-10-18,1.33325
1990-10-19,2.1248750000000003
1990-10-20,3.3748750000000003
1990-10-21,2.29175
1990-10-22,2.166625
1990-10-23,1.999875
1990-10-24,3.666625
1990-10-25,2.04175
1990-10-26,2.125
1990-10-27,1.91675
1990-10-28,0.95825
1990-10-29,2.0
1990-10-30,3.0417500000000004
1990-10-31,3.791625
1990-11-01,2.125
1990-11-02,2.25
1990-11-03,1.624875
1990-11-04,0.6250000000000001
1990-11-05,0.333125
1990-11-06,0.4165
1990-11-07,1.45825
1990-11-08,2.041625
1990-11-09,2.625
1990-11-10,2.625
1990-11-11,2.5001250000000006
1990-11-12,1.250125
1990-11-13,0.7498750000000001
1990-11-14,0.291625
1990-11-15,0.7501249999999999
1990-11-16,3.2082499999999996
1990-11-17,3.083375
1990-11-18,2.958375
1990-11-19,2.291625
1990-11-20,1.6665
1990-11-21,2.250125
1990-11-22,0.66675
1990-11-23,1.041625
1990-11-24,0.5
1990-11-25,1.16675
1990-11-26,2.041625
1990-11-27,4.5
1990-11-28,3.041625
1990-11-29,1.25
1990-11-30,2.083375
1990-12-01,1.208375
1990-12-02,1.20825
1990-12-03,1.541625
1990-12-04,3.1665
1990-12-05,2.666875
1990-12-06,1.833375
1990-12-07,1.166625
1990-12-08,1.91675
1990-12-09,1.41675
1990-12-10,0.416625
1990-12-11,0.458125
1990-12-12,1.541625
1990-12-13,2.666625
1990-12-14,1.7915
1990-12-15,1.58325
1990-12-16,2.08325
1990-12-17,1.54175
1990-12-18,1.208375
1990-12-19,0.45812500000000006
1990-12-20,1.875
1990-12-21,0.833375
1990-12-22,0.75
1990-12-23,1.58325
1990-12-24,2.7917500000000004
1990-12-25,2.3748750000000003
1990-12-26,0.8751249999999999
1990-12-27,1.458375
1990-12-28,1.041625
1990-12-29,0.8751249999999999
1990-12-30,2.54175
1990-12-31,2.0
1991-01-01,1.45825
1991-01-02,2.416625
1991-01-03,2.33325
1991-01-04,1.9163750000000002
1991-01-05,1.95825
1991-01-06,0.8334999999999999
1991-01-07,0.624875
1991-01-08,2.1248750000000003
1991-01-09,1.916625
1991-01-10,2.1251249999999997
1991-01-11,1.875
1991-01-12,3.1667499999999995
1991-01-13,2.4583749999999998
1991-01-14,0.875
1991-01-15,2.541625
1991-01-16,1.7918749999999999
1991-01-17,2.4167500000000004
1991-01-18,2.375
1991-01-19,0.83325
1991-01-20,1.208375
1991-01-21,0.9998750000000001
1991-01-22,0.91675
1991-01-23,1.416625
1991-01-24,3.5417500000000004
1991-01-25,2.583375
1991-01-26,2.333375
1991-01-27,1.624875
1991-01-28,1.333375
1991-01-29,1.083375
1991-01-30,0.9998750000000001
1991-01-31,2.791625
1991-02-01,3.666625
1991-02-02,2.04175
1991-02-03,1.2918749999999999
1991-02-04,1.333375
1991-02-05,2.1251249999999997
1991-02-06,1.499875
1991-02-07,2.375
1991-02-08,2.8332500000000005
1991-02-09,3.0001249999999997
1991-02-10,1.95825
1991-02-11,3.0417499999999995
1991-02-12,2.6667500000000004
1991-02-13,2.4585
1991-02-14,2.041625
1991-02-15,2.083375
1991-02-16,1.25
1991-02-17,0.916625
1991-02-18,0.87525
1991-02-19,1.833375
1991-02-20,1.625
1991-02-21,2.000125
1991-02-22,2.75
1991-02-23,3.5001249999999997
1991-02-24,1.54175
1991-02-25,2.2917500000000004
1991-02-26,2.0
1991-02-27,2.1251249999999997
1991-02-28,3.2917500000000004
1991-03-01,2.75
1991-03-02,2.249875
1991-03-03,1.625
1991-03-04,2.083375
1991-03-05,3.583375
1991-03-06,3.66675
1991-03-07,3.791625
1991-03-08,3.1667500000000004
1991-03-09,3.75
1991-03-10,2.875
1991-03-11,1.1665
1991-03-12,3.125
1991-03-13,3.166499999999999
1991-03-14,1.66675
1991-03-15,1.375
1991-03-16,1.5835
1991-03-17,2.791625
1991-03-18,1.708375
1991-03-19,2.5
1991-03-20,2.458375
1991-03-21,3.25
1991-03-22,3.2917500000000004
1991-03-23,2.4585
1991-03-24,6.75
1991-03-25,6.625125
1991-03-26,6.5
1991-03-27,4.25
1991-03-28,3.2917500000000004
1991-03-29,1.08325
1991-03-30,3.7498750000000003
1991-03-31,2.0001249999999997
1991-04-01,4.041625
1991-04-02,3.583375
1991-04-03,4.416625
1991-04-04,4.625125000000001
1991-04-05,3.0
1991-04-06,2.7917500000000004
1991-04-07,2.4166250000000002
1991-04-08,1.58325
1991-04-09,2.33325
1991-04-10,1.958375
1991-04-11,1.25
1991-04-12,2.541625
1991-04-13,1.374875
1991-04-14,1.625
1991-04-15,1.5833750000000002
1991-04-16,1.291625
1991-04-17,2.666625
1991-04-18,2.625
1991-04-19,2.666625
1991-04-20,0.958375
1991-04-21,1.625
1991-04-22,2.0001249999999997
1991-04-23,1.83325
1991-04-24,2.33325
1991-04-25,2.916625
1991-04-26,2.416625
1991-04-27,3.5832499999999996
1991-04-28,4.208375
1991-04-29,5.29175
1991-04-30,4.25
1991-05-01,3.958375
1991-05-02,4.791625
1991-05-03,3.0001249999999997
1991-05-04,2.166625
1991-05-05,1.41675
1991-05-06,1.25
1991-05-07,1.5
1991-05-08,2.25
1991-05-09,2.458375
1991-05-10,2.25
1991-05-11,0.79175
1991-05-12,1.041625
1991-05-13,3.6666250000000007
1991-05-14,4.000125000000001
1991-05-15,1.875125
1991-05-16,2.2915
1991-05-17,3.7082499999999996
1991-05-18,0.833375
1991-05-19,0.9998750000000001
1991-05-20,0.9165000000000001
1991-05-21,1.7085
1991-05-22,3.125
1991-05-23,3.4585
1991-05-24,3.7501250000000006
1991-05-25,4.29175
1991-05-26,3.625
1991-05-27,3.541875
1991-05-28,4.04175
1991-05-29,3.458375
1991-05-30,2.6665
1991-05-31,4.708375
1991-06-01,5.20825
1991-06-02,5.208375
1991-06-03,2.8748750000000003
1991-06-04,4.416625
1991-06-05,7.79175
1991-06-06,4.50025
1991-06-07,3.875
1991-06-08,3.666625
1991-06-09,5.083375
1991-06-10,6.416625
1991-06-11,6.041625
1991-06-12,5.416625
1991-06-13,6.5832500000000005
1991-06-14,1.875
1991-06-15,2.625
1991-06-16,1.25
1991-06-17,4.958375
1991-06-18,3.833375
1991-06-19,4.0832500000000005
1991-06-20,2.791625
1991-06-21,3.7916250000000007
1991-06-22,3.291625
1991-06-23,4.750125000000001
1991-06-24,4.166625
1991-06-25,3.791625
1991-06-26,3.6248749999999994
1991-06-27,2.3751249999999997
1991-06-28,2.2501249999999997
1991-06-29,1.333375
1991-06-30,3.541625
1991-07-01,2.4167500000000004
1991-07-02,3.4167499999999995
1991-07-03,4.0835
1991-07-04,2.500125
1991-07-05,1.08325
1991-07-06,1.91675
1991-07-07,1.708375
1991-07-08,4.833375
1991-07-09,6.333375
1991-07-10,3.0832500000000005
1991-07-11,3.374999999999999
1991-07-12,3.833375
1991-07-13,6.6667499999999995
1991-07-14,5.666625
1991-07-15,2.4165
1991-07-16,3.0415
1991-07-17,4.541499999999999
1991-07-18,3.291625
1991-07-19,4.5
1991-07-20,4.0
1991-07-21,4.208375
1991-07-22,3.625
1991-07-23,2.791875
1991-07-24,1.79175
1991-07-25,2.5
1991-07-26,1.208375
1991-07-27,1.66675
1991-07-28,1.41675
1991-07-29,1.624875
1991-07-30,1.999875
1991-07-31,1.541625
1991-08-01,3.791875
1991-08-02,4.916625
1991-08-03,4.58325
1991-08-04,4.708375
1991-08-05,4.166625
1991-08-06,3.9582499999999996
1991-08-07,2.583375
1991-08-08,2.4166250000000007
1991-08-09,2.9582500000000005
1991-08-10,2.083125
1991-08-11,3.6667500000000004
1991-08-12,4.958375
1991-08-13,2.0
1991-08-14,2.6251249999999997
1991-08-15,4.499874999999999
1991-08-16,3.3332499999999996
1991-08-17,3.4998750000000003
1991-08-18,3.4582500000000005
1991-08-19,5.250125
1991-08-20,5.000125000000001
1991-08-21,4.416875
1991-08-22,4.5
1991-08-23,2.5
1991-08-24,2.458375
1991-08-25,2.291625
1991-08-26,2.16675
1991-08-27,3.875
1991-08-28,3.0
1991-08-29,2.541625
1991-08-30,4.625
1991-08-31,4.874874999999999
1991-09-01,4.9165
1991-09-02,3.666499999999999
1991-09-03,2.9585
1991-09-04,2.583375
1991-09-05,3.458375
1991-09-06,2.8332499999999996
1991-09-07,2.791625
1991-09-08,3.45825
1991-09-09,4.791625
1991-09-10,4.2082500000000005
1991-09-11,3.4997499999999997
1991-09-12,2.16675
1991-09-13,2.708125
1991-09-14,3.8748750000000003
1991-09-15,2.0
1991-09-16,1.791625
1991-09-17,1.374875
1991-09-18,1.333375
1991-09-19,2.3335
1991-09-20,1.91675
1991-09-21,1.16675
1991-09-22,1.874875
1991-09-23,1.083375
1991-09-24,1.7085
1991-09-25,4.875125
1991-09-26,4.54175
1991-09-27,4.916625
1991-09-28,4.625125000000001
1991-09-29,3.20825
1991-09-30,3.791625
1991-10-01,4.58325
1991-10-02,5.5
1991-10-03,3.3332499999999996
1991-10-04,4.20825
1991-10-05,2.8335
1991-10-06,3.2915
1991-10-07,4.124874999999999
1991-10-08,4.500125
1991-10-09,2.75
1991-10-10,4.0
1991-10-11,2.7082500000000005
1991-10-12,1.5835
1991-10-13,1.958375
1991-10-14,1.875125
1991-10-15,1.375125
1991-10-16,1.166625
1991-10-17,1.6248749999999998
1991-10-18,2.5
1991-10-19,2.6247499999999997
1991-10-20,3.5
1991-10-21,3.875
1991-10-22,3.5832500000000005
1991-10-23,3.25
1991-10-24,3.6667500000000004
1991-10-25,4.5417499999999995
1991-10-26,4.249874999999999
1991-10-27,4.999874999999999
1991-10-28,6.08325
1991-10-29,6.666625
1991-10-30,4.0835
1991-10-31,5.20825
1991-11-01,6.1665
1991-11-02,4.08325
1991-11-03,3.125
1991-11-04,4.29175
1991-11-05,3.7498749999999994
1991-11-06,3.166625
1991-11-07,2.625
1991-11-08,5.416875
1991-11-09,6.4165
1991-11-10,3.5835
1991-11-11,3.25
1991-11-12,2.208375
1991-11-13,2.6251249999999997
1991-11-14,3.2082499999999996
1991-11-15,4.041625
1991-11-16,3.8332499999999996
1991-11-17,3.583375
1991-11-18,4.124874999999999
1991-11-19,5.25
1991-11-20,3.2085
1991-11-21,5.25025
1991-11-22,4.916625000000001
1991-11-23,4.29175
1991-11-24,2.9165
1991-11-25,2.4998750000000003
1991-11-26,1.791625
1991-11-27,1.875
1991-11-28,2.166625
1991-11-29,2.8748750000000003
1991-11-30,2.666625
1991-12-01,2.375
1991-12-02,3.25
1991-12-03,2.7082499999999996
1991-12-04,2.958375
1991-12-05,2.125125
1991-12-06,1.291625
1991-12-07,1.583375
1991-12-08,1.8331250000000001
1991-12-09,2.16675
1991-12-10,2.958125
1991-12-11,2.7501249999999997
1991-12-12,2.7085
1991-12-13,3.0
1991-12-14,3.125
1991-12-15,1.625
1991-12-16,3.041625
1991-12-17,4.4163749999999995
1991-12-18,2.500125
1991-12-19,2.5416250000000002
1991-12-20,2.166625
1991-12-21,3.9167500000000004
1991-12-22,1.541625
1991-12-23,2.916625
1991-12-24,2.2498750000000003
1991-12-25,1.708375
1991-12-26,2.08325
1991-12-27,4.208375
1991-12-28,3.5835
1991-12-29,3.9582499999999996
1991-12-30,2.9167500000000004
1991-12-31,2.16675
1992-01-01,2.583375
1992-01-02,3.333375
1992-01-03,3.083375
1992-01-04,3.041625
1992-01-05,2.708125
1992-01-06,2.7498750000000003
1992-01-07,2.1248750000000003
1992-01-08,3.125
1992-01-09,1.5
1992-01-10,2.833375
1992-01-11,3.791625
1992-01-12,3.6248749999999994
1992-01-13,3.8335
1992-01-14,3.4998749999999994
1992-01-15,3.083375
1992-01-16,3.666625
1992-01-17,2.416625
1992-01-18,1.625
1992-01-19,1.583375
1992-01-20,2.875
1992-01-21,1.625
1992-01-22,1.708375
1992-01-23,1.04175
1992-01-24,0.958375
1992-01-25,1.083375
1992-01-26,1.5
1992-01-27,3.333375
1992-01-28,2.791625
1992-01-29,2.916625
1992-01-30,3.583375
1992-01-31,2.9167499999999995
1992-02-01,3.7082499999999996
1992-02-02,5.125
1992-02-03,6.041875000000001
1992-02-04,3.6666250000000007
1992-02-05,1.666625
1992-02-06,1.75
1992-02-07,2.875
1992-02-08,4.5417499999999995
1992-02-09,5.8332500000000005
1992-02-10,3.666625
1992-02-11,1.875
1992-02-12,2.3751249999999997
1992-02-13,2.0833749999999998
1992-02-14,2.291625
1992-02-15,1.041625
1992-02-16,1.0831250000000001
1992-02-17,2.833375
1992-02-18,2.7917500000000004
1992-02-19,2.75
1992-02-20,5.416625
1992-02-21,5.04175
1992-02-22,3.8332500000000005
1992-02-23,2.875
1992-02-24,3.75
1992-02-25,5.083375
1992-02-26,4.875
1992-02-27,5.25
1992-02-28,1.875125
1992-02-29,4.25
1992-03-01,2.916625
1992-03-02,2.6666250000000002
1992-03-03,2.4582500000000005
1992-03-04,2.708375
1992-03-05,2.666625
1992-03-06,1.708375
1992-03-07,2.208375
1992-03-08,2.541625
1992-03-09,3.666625
1992-03-10,3.1667500000000004
1992-03-11,3.3751250000000006
1992-03-12,2.5414999999999996
1992-03-13,1.41675
1992-03-14,1.04175
1992-03-15,2.125
1992-03-16,2.6665
1992-03-17,3.5835
1992-03-18,2.958375
1992-03-19,0.916625
1992-03-20,1.041875
1992-03-21,3.458375
1992-03-22,3.0835
1992-03-23,3.833375
1992-03-24,3.583375
1992-03-25,3.0001250000000006
1992-03-26,2.6251249999999997
1992-03-27,2.41675
1992-03-28,2.4165
1992-03-29,3.2501249999999997
1992-03-30,2.5835
1992-03-31,2.75
1992-04-01,2.6665
1992-04-02,1.624875
1992-04-03,3.75
1992-04-04,2.625
1992-04-05,2.958375
1992-04-06,3.333375
1992-04-07,3.250125
1992-04-08,3.333375
1992-04-09,1.58325
1992-04-10,1.208375
1992-04-11,0.7501249999999999
1992-04-12,1.0
1992-04-13,1.7081250000000001
1992-04-14,1.625125
1992-04-15,2.29175
1992-04-16,1.208375
1992-04-17,0.95825
1992-04-18,3.1248750000000003
1992-04-19,3.1667500000000004
1992-04-20,3.2917500000000004
1992-04-21,1.95825
1992-04-22,2.708375
1992-04-23,1.9165
1992-04-24,2.75
1992-04-25,2.3751249999999997
1992-04-26,1.8335
1992-04-27,1.416625
1992-04-28,2.208375
1992-04-29,1.75
1992-04-30,2.208375
1992-05-01,2.6248750000000003
1992-05-02,2.3332500000000005
1992-05-03,2.166625
1992-05-04,2.5001249999999997
1992-05-05,1.374875
1992-05-06,1.25
1992-05-07,2.6667500000000004
1992-05-08,4.0415
1992-05-09,3.9167500000000004
1992-05-10,7.45825
1992-05-11,5.458375
1992-05-12,2.5
1992-05-13,3.416625
1992-05-14,1.083375
1992-05-15,1.291625
1992-05-16,1.083375
1992-05-17,0.7917500000000001
1992-05-18,2.5
1992-05-19,2.58325
1992-05-20,1.95825
1992-05-21,1.916625
1992-05-22,4.75
1992-05-23,2.6248750000000003
1992-05-24,1.9581250000000001
1992-05-25,2.375
1992-05-26,1.791625
1992-05-27,2.416875
1992-05-28,2.7082500000000005
1992-05-29,3.291875
1992-05-30,2.9167499999999995
1992-05-31,1.91675
1992-06-01,1.79175
1992-06-02,1.249875
1992-06-03,1.416625
1992-06-04,0.958375
1992-06-05,1.541625
1992-06-06,1.20825
1992-06-07,2.1251249999999997
1992-06-08,4.833375
1992-06-09,3.0417500000000004
1992-06-10,3.2085
1992-06-11,3.5417500000000004
1992-06-12,4.124875
1992-06-13,2.625
1992-06-14,1.70825
1992-06-15,2.2085
1992-06-16,1.08325
1992-06-17,1.33325
1992-06-18,3.0413750000000004
1992-06-19,2.41675
1992-06-20,1.7915
1992-06-21,1.874875
1992-06-22,2.08325
1992-06-23,2.708125
1992-06-24,3.583375
1992-06-25,2.916625
1992-06-26,1.95825
1992-06-27,2.3748750000000003
1992-06-28,2.875125
1992-06-29,4.416625
1992-06-30,3.833375
1992-07-01,3.2915
1992-07-02,2.7917500000000004
1992-07-03,1.458375
1992-07-04,1.124875
1992-07-05,2.1248750000000003
1992-07-06,1.416625
1992-07-07,0.916625
1992-07-08,1.33325
1992-07-09,1.041625
1992-07-10,1.416625
1992-07-11,0.8751249999999999
1992-07-12,3.0001249999999997
1992-07-13,3.666625
1992-07-14,2.6667500000000004
1992-07-15,1.541625
1992-07-16,2.4582500000000005
1992-07-17,1.291625
1992-07-18,1.208375
1992-07-19,0.9583750000000001
1992-07-20,1.91675
1992-07-21,2.250125
1992-07-22,4.125
1992-07-23,3.0417500000000004
1992-07-24,1.833375
1992-07-25,2.25
1992-07-26,1.0
1992-07-27,1.583375
1992-07-28,3.0
1992-07-29,1.2081250000000001
1992-07-30,2.208375
1992-07-31,2.291625
1992-08-01,2.083375
1992-08-02,1.208375
1992-08-03,1.04175
1992-08-04,2.5832499999999996
1992-08-05,4.083375
1992-08-06,2.9585
1992-08-07,3.6248750000000003
1992-08-08,3.125
1992-08-09,2.541625
1992-08-10,1.8331250000000001
1992-08-11,2.7915
1992-08-12,1.5415
1992-08-13,1.999875
1992-08-14,2.5417500000000004
1992-08-15,1.875
1992-08-16,2.04175
1992-08-17,1.0
1992-08-18,1.66675
1992-08-19,1.958375
1992-08-20,3.3751249999999997
1992-08-21,2.875
1992-08-22,4.0415
1992-08-23,4.916625
1992-08-24,2.2915
1992-08-25,1.33325
1992-08-26,2.45825
1992-08-27,2.75
1992-08-28,1.375
1992-08-29,2.75
1992-08-30,1.45825
1992-08-31,1.125125
1992-09-01,0.5
1992-09-02,3.29175
1992-09-03,4.916625
1992-09-04,4.125
1992-09-05,3.875
1992-09-06,3.0832499999999996
1992-09-07,3.5832500000000005
1992-09-08,3.208375
1992-09-09,5.958375
1992-09-10,6.125
1992-09-11,3.9998750000000003
1992-09-12,1.25
1992-09-13,1.208375
1992-09-14,1.95825
1992-09-15,2.3333749999999998
1992-09-16,2.5835
1992-09-17,6.16675
1992-09-18,4.166625
1992-09-19,2.7082499999999996
1992-09-20,2.125
1992-09-21,1.54175
1992-09-22,2.75
1992-09-23,2.083375
1992-09-24,0.7915000000000001
1992-09-25,2.4167500000000004
1992-09-26,1.749875
1992-09-27,0.9584999999999999
1992-09-28,2.54175
1992-09-29,5.2917499999999995
1992-09-30,4.29175
1992-10-01,3.7497499999999997
1992-10-02,2.16675
1992-10-03,1.45825
1992-10-04,1.54175
1992-10-05,1.33325
1992-10-06,2.083375
1992-10-07,2.041625
1992-10-08,1.70825
1992-10-09,3.6248750000000003
1992-10-10,2.166625
1992-10-11,3.4167500000000004
1992-10-12,4.041499999999999
1992-10-13,3.3332500000000005
1992-10-14,3.625
1992-10-15,4.416625
1992-10-16,3.5
1992-10-17,3.083375
1992-10-18,2.33325
1992-10-19,3.0417500000000004
1992-10-20,2.2082499999999996
1992-10-21,1.5835
1992-10-22,2.0
1992-10-23,1.33325
1992-10-24,0.666625
1992-10-25,1.750125
1992-10-26,2.75
1992-10-27,4.083375
1992-10-28,3.2915
1992-10-29,3.958375
1992-10-30,3.0417499999999995
1992-10-31,2.291625
1992-11-01,2.375
1992-11-02,3.416625
1992-11-03,2.958375
1992-11-04,3.666625
1992-11-05,2.8747499999999997
1992-11-06,2.833375
1992-11-07,2.625
1992-11-08,2.416625
1992-11-09,4.45825
1992-11-10,2.7082499999999996
1992-11-11,3.333375
1992-11-12,3.125
1992-11-13,3.0832500000000005
1992-11-14,2.666625
1992-11-15,3.125
1992-11-16,2.291625
1992-11-17,1.999875
1992-11-18,1.583375
1992-11-19,1.66675
1992-11-20,0.958375
1992-11-21,1.416625
1992-11-22,3.0001249999999997
1992-11-23,4.041625
1992-11-24,2.5001249999999997
1992-11-25,2.6251249999999997
1992-11-26,2.208375
1992-11-27,1.374875
1992-11-28,1.624875
1992-11-29,1.33325
1992-11-30,2.291625
1992-12-01,3.166625
1992-12-02,2.125
1992-12-03,2.958375
1992-12-04,2.9167499999999995
1992-12-05,1.541625
1992-12-06,1.125125
1992-12-07,2.458125
1992-12-08,3.916875
1992-12-09,3.291625
1992-12-10,3.041625
1992-12-11,2.291625
1992-12-12,1.958375
1992-12-13,2.04175
1992-12-14,2.20825
1992-12-15,2.833375
1992-12-16,1.583375
1992-12-17,3.166625
1992-12-18,2.0415
1992-12-19,2.2085
1992-12-20,2.7501249999999997
1992-12-21,2.7498750000000003
1992-12-22,1.9581250000000001
1992-12-23,2.0
1992-12-24,2.0415
1992-12-25,1.20825
1992-12-26,1.1665
1992-12-27,1.25
1992-12-28,4.041625
1992-12-29,4.583375
1992-12-30,2.291625
1992-12-31,2.374875
1993-01-01,2.416625
1993-01-02,3.791625
1993-01-03,4.249875
1993-01-04,4.166625
1993-01-05,3.166625
1993-01-06,3.125
1993-01-07,3.5835
1993-01-08,2.9167500000000004
1993-01-09,3.0416250000000007
1993-01-10,3.291625
1993-01-11,3.2498750000000003
1993-01-12,2.5832499999999996
1993-01-13,2.416625
1993-01-14,3.5833749999999993
1993-01-15,2.833375
1993-01-16,2.41675
1993-01-17,2.583375
1993-01-18,2.41675
1993-01-19,3.5001250000000006
1993-01-20,2.5417500000000004
1993-01-21,1.625
1993-01-22,1.583375
1993-01-23,0.916625
1993-01-24,2.2497499999999997
1993-01-25,3.125
1993-01-26,3.4998749999999994
1993-01-27,2.541625
1993-01-28,1.625
1993-01-29,1.249875
1993-01-30,2.6665
1993-01-31,5.333375
1993-02-01,4.125
1993-02-02,3.3751249999999997
1993-02-03,2.041625
1993-02-04,1.83325
1993-02-05,1.541625
1993-02-06,1.33325
1993-02-07,3.7082500000000005
1993-02-08,4.624875
1993-02-09,4.0
1993-02-10,2.958125
1993-02-11,3.416625
1993-02-12,2.4583749999999998
1993-02-13,2.5001249999999997
1993-02-14,1.583375
1993-02-15,1.125125
1993-02-16,1.41675
1993-02-17,3.7917499999999995
1993-02-18,2.5417500000000004
1993-02-19,1.708375
1993-02-20,3.7917500000000004
1993-02-21,3.833375
1993-02-22,4.0
1993-02-23,2.04175
1993-02-24,1.625
1993-02-25,1.583375
1993-02-26,1.333375
1993-02-27,0.9585
1993-02-28,3.2083749999999993
1993-03-01,3.1667499999999995
1993-03-02,3.625
1993-03-03,4.375
1993-03-04,3.1667499999999995
1993-03-05,1.708375
1993-03-06,1.958375
1993-03-07,3.333375
1993-03-08,3.7498750000000003
1993-03-09,5.29175
1993-03-10,2.5832500000000005
1993-03-11,4.4585
1993-03-12,3.7917500000000004
1993-03-13,4.0417499999999995
1993-03-14,3.625
1993-03-15,4.83325
1993-03-16,4.375
1993-03-17,3.583375
1993-03-18,3.083375
1993-03-19,2.333375
1993-03-20,3.4167500000000004
1993-03-21,3.9998749999999994
1993-03-22,3.8748750000000003
1993-03-23,2.41675
1993-03-24,4.999874999999999
1993-03-25,3.0
1993-03-26,1.874875
1993-03-27,2.5832500000000005
1993-03-28,3.0417500000000004
1993-03-29,2.583375
1993-03-30,3.2498750000000003
1993-03-31,2.16675
1993-04-01,2.083375
1993-04-02,1.125
1993-04-03,0.958375
1993-04-04,3.9167500000000004
1993-04-05,5.916625
1993-04-06,2.75
1993-04-07,2.541625
1993-04-08,3.7498750000000003
1993-04-09,3.583375
1993-04-10,3.25
1993-04-11,2.041875
1993-04-12,2.4167500000000004
1993-04-13,3.958375
1993-04-14,3.375
1993-04-15,3.75
1993-04-16,2.958375
1993-04-17,2.3335
1993-04-18,3.3332499999999996
1993-04-19,2.208375
1993-04-20,3.583375
1993-04-21,4.25
1993-04-22,3.333375
1993-04-23,2.4165
1993-04-24,2.2083749999999998
1993-04-25,2.33325
1993-04-26,1.25
1993-04-27,1.0001250000000002
1993-04-28,1.250125
1993-04-29,2.2501249999999997
1993-04-30,2.666625
1993-05-01,1.5831250000000001
1993-05-02,1.4165
1993-05-03,1.874875
1993-05-04,1.166625
1993-05-05,1.375
1993-05-06,2.291625
1993-05-07,2.916625
1993-05-08,4.62525
1993-05-09,4.916499999999999
1993-05-10,4.708375
1993-05-11,1.16675
1993-05-12,3.04175
1993-05-13,1.958375
1993-05-14,2.66675
1993-05-15,2.7082500000000005
1993-05-16,2.41675
1993-05-17,3.041625
1993-05-18,1.66675
1993-05-19,2.4167500000000004
1993-05-20,1.749875
1993-05-21,0.625
1993-05-22,0.9998750000000001
1993-05-23,0.458125
1993-05-24,0.6248750000000001
1993-05-25,0.33325000000000005
1993-05-26,0.9167500000000001
1993-05-27,3.208125
1993-05-28,3.666625
1993-05-29,2.16675
1993-05-30,1.0
1993-05-31,1.208375
1993-06-01,0.9584999999999999
1993-06-02,1.458375
1993-06-03,2.875
1993-06-04,5.125125000000001
1993-06-05,4.375
1993-06-06,3.291625
1993-06-07,3.4997499999999997
1993-06-08,2.7501250000000006
1993-06-09,1.5413750000000002
1993-06-10,2.583375
1993-06-11,2.125125
1993-06-12,2.5832499999999996
1993-06-13,2.6667500000000004
1993-06-14,1.958375
1993-06-15,1.375
1993-06-16,0.70825
1993-06-17,1.16675
1993-06-18,0.66675
1993-06-19,1.375125
1993-06-20,1.25
1993-06-21,0.29150000000000004
1993-06-22,1.29175
1993-06-23,2.875
1993-06-24,3.833125
1993-06-25,3.1666250000000007
1993-06-26,1.875
1993-06-27,1.5415
1993-06-28,1.04175
1993-06-29,2.291625
1993-06-30,2.33325
1993-07-01,3.5832499999999996
1993-07-02,3.833375
1993-07-03,3.25
1993-07-04,1.958375
1993-07-05,1.125125
1993-07-06,1.125125
1993-07-07,1.874875
1993-07-08,2.916625
1993-07-09,2.83325
1993-07-10,2.58325
1993-07-11,3.1248749999999994
1993-07-12,2.041625
1993-07-13,2.2917500000000004
1993-07-14,0.62525
1993-07-15,1.375125
1993-07-16,0.833375
1993-07-17,0.7085
1993-07-18,1.25
1993-07-19,1.416625
1993-07-20,2.875
1993-07-21,2.8335
1993-07-22,2.3751249999999997
1993-07-23,1.45825
1993-07-24,1.041625
1993-07-25,1.1668749999999999
1993-07-26,0.875
1993-07-27,2.083375
1993-07-28,1.624875
1993-07-29,2.833375
1993-07-30,1.5415
1993-07-31,1.541625
1993-08-01,0.6665
1993-08-02,0.7498750000000001
1993-08-03,1.541625
1993-08-04,3.3748749999999994
1993-08-05,2.9167499999999995
1993-08-06,2.6667500000000004
1993-08-07,2.916875
1993-08-08,1.79175
1993-08-09,2.4582500000000005
1993-08-10,1.66675
1993-08-11,1.000125
1993-08-12,1.58325
1993-08-13,1.166625
1993-08-14,0.33325000000000005
1993-08-15,2.125
1993-08-16,5.874874999999999
1993-08-17,3.041625
1993-08-18,3.25
1993-08-19,2.58325
1993-08-20,1.66675
1993-08-21,1.16675
1993-08-22,1.499875
1993-08-23,0.75
1993-08-24,1.125125
1993-08-25,0.833375
1993-08-26,1.541625
1993-08-27,3.2917499999999995
1993-08-28,2.45825
1993-08-29,2.2501249999999997
1993-08-30,0.9999999999999999
1993-08-31,1.291625
1993-09-01,0.5415
1993-09-02,1.4167500000000002
1993-09-03,4.166625000000001
1993-09-04,3.7082500000000005
1993-09-05,2.625
1993-09-06,2.5835
1993-09-07,1.875
1993-09-08,1.83325
1993-09-09,1.2081250000000001
1993-09-10,1.125
1993-09-11,1.583375
1993-09-12,2.458125
1993-09-13,6.041625
1993-09-14,3.9582499999999996
1993-09-15,3.0001249999999997
1993-09-16,1.541625
1993-09-17,1.16675
1993-09-18,1.0002499999999999
1993-09-19,1.083375
1993-09-20,3.04175
1993-09-21,2.29175
1993-09-22,1.5418749999999999
1993-09-23,1.83325
1993-09-24,3.16675
1993-09-25,2.4585
1993-09-26,2.24975
1993-09-27,2.2085
1993-09-28,1.79175
1993-09-29,3.458375
1993-09-30,2.83325
1993-10-01,3.7082499999999996
1993-10-02,1.708375
1993-10-03,1.16675
1993-10-04,1.4165
1993-10-05,1.291625
1993-10-06,2.29175
1993-10-07,0.791625
1993-10-08,2.8748750000000003
1993-10-09,4.70825
1993-10-10,4.166625
1993-10-11,3.9165
1993-10-12,3.208375
1993-10-13,2.41675
1993-10-14,1.875
1993-10-15,0.791625
1993-10-16,1.3748749999999998
1993-10-17,1.875
1993-10-18,1.625
1993-10-19,2.04175
1993-10-20,1.125
1993-10-21,1.41675
1993-10-22,2.958375
1993-10-23,2.5832499999999996
1993-10-24,2.208375
1993-10-25,3.9167500000000004
1993-10-26,2.7917500000000004
1993-10-27,4.583375
1993-10-28,3.3751249999999997
1993-10-29,2.375
1993-10-30,0.7918749999999999
1993-10-31,1.791625
1993-11-01,2.541625
1993-11-02,1.04175
1993-11-03,1.83325
1993-11-04,5.875
1993-11-05,4.333124999999999
1993-11-06,3.875
1993-11-07,3.6667499999999995
1993-11-08,3.166625
1993-11-09,2.541625
1993-11-10,2.5001249999999997
1993-11-11,1.500125
1993-11-12,0.8334999999999999
1993-11-13,1.875125
1993-11-14,2.791625
1993-11-15,2.45825
1993-11-16,2.4582500000000005
1993-11-17,1.249875
1993-11-18,3.3332499999999996
1993-11-19,3.9585
1993-11-20,2.1248750000000003
1993-11-21,1.9165
1993-11-22,1.3335
1993-11-23,1.83325
1993-11-24,1.250125
1993-11-25,1.625
1993-11-26,3.041625
1993-11-27,1.5835
1993-11-28,1.125
1993-11-29,2.4998750000000003
1993-11-30,0.91675
1993-12-01,3.66675
1993-12-02,4.875125000000001
1993-12-03,4.166625
1993-12-04,1.875
1993-12-05,2.2498750000000003
1993-12-06,1.75
1993-12-07,2.958375
1993-12-08,4.5415
1993-12-09,0.625
1993-12-10,2.083375
1993-12-11,1.791625
1993-12-12,1.54175
1993-12-13,0.7915000000000001
1993-12-14,0.9584999999999999
1993-12-15,2.375125
1993-12-16,3.6667499999999995
1993-12-17,3.541625
1993-12-18,3.375
1993-12-19,2.583375
1993-12-20,2.75
1993-12-21,3.4165
1993-12-22,2.416625
1993-12-23,2.4165
1993-12-24,2.6251249999999997
1993-12-25,2.45825
1993-12-26,2.1248750000000003
1993-12-27,1.708375
1993-12-28,0.7498750000000001
1993-12-29,0.58325
1993-12-30,1.08325
1993-12-31,3.2082500000000005
1994-01-01,3.8748750000000003
1994-01-02,3.5
1994-01-03,2.9167500000000004
1994-01-04,1.541625
1994-01-05,1.0
1994-01-06,2.6248750000000003
1994-01-07,1.20825
1994-01-08,1.6665
1994-01-09,0.7083750000000001
1994-01-10,0.416625
1994-01-11,3.291625
1994-01-12,4.0835
1994-01-13,3.8748750000000003
1994-01-14,3.833375
1994-01-15,3.3335
1994-01-16,3.4167500000000004
1994-01-17,3.9166250000000007
1994-01-18,3.7082500000000005
1994-01-19,3.7501249999999997
1994-01-20,2.916625
1994-01-21,2.1248750000000003
1994-01-22,1.95825
1994-01-23,1.791625
1994-01-24,0.8748750000000001
1994-01-25,1.2915
1994-01-26,3.583375
1994-01-27,3.458500000000001
1994-01-28,2.916625
1994-01-29,2.416625
1994-01-30,2.375
1994-01-31,2.125
1994-02-01,1.333375
1994-02-02,2.4997499999999997
1994-02-03,2.3748750000000003
1994-02-04,2.625
1994-02-05,4.0835
1994-02-06,5.416625
1994-02-07,5.416625
1994-02-08,5.541625
1994-02-09,4.45825
1994-02-10,4.666625000000001
1994-02-11,5.041625
1994-02-12,4.375125000000001
1994-02-13,4.458375
1994-02-14,4.45825
1994-02-15,3.8748750000000003
1994-02-16,3.625
1994-02-17,2.541875
1994-02-18,1.541625
1994-02-19,3.8332499999999996
1994-02-20,3.0
1994-02-21,5.5
1994-02-22,4.75
1994-02-23,2.583375
1994-02-24,1.25
1994-02-25,2.8335
1994-02-26,1.666625
1994-02-27,1.7085
1994-02-28,1.95825
1994-03-01,2.5832499999999996
1994-03-02,3.125
1994-03-03,3.333375
1994-03-04,0.958625
1994-03-05,1.5835000000000001
1994-03-06,2.333375
1994-03-07,5.375
1994-03-08,5.1667499999999995
1994-03-09,5.458375
1994-03-10,4.875
1994-03-11,4.6667499999999995
1994-03-12,4.5
1994-03-13,3.7501249999999997
1994-03-14,4.375
1994-03-15,4.833375
1994-03-16,3.7085
1994-03-17,4.416625
1994-03-18,3.2917500000000004
1994-03-19,2.9165
1994-03-20,2.66675
1994-03-21,3.916625
1994-03-22,3.25
1994-03-23,3.4585
1994-03-24,3.125
1994-03-25,3.0832500000000005
1994-03-26,2.083375
1994-03-27,2.041625
1994-03-28,2.6251249999999997
1994-03-29,1.5
1994-03-30,2.666625
1994-03-31,1.458375
1994-04-01,1.749875
1994-04-02,4.791625
1994-04-03,6.208375
1994-04-04,5.208375
1994-04-05,4.625
1994-04-06,4.999875
1994-04-07,4.708375
1994-04-08,4.666625000000001
1994-04-09,5.083375
1994-04-10,4.583375
1994-04-11,4.83325
1994-04-12,4.083375
1994-04-13,4.1665
1994-04-14,3.833375
1994-04-15,3.3336250000000005
1994-04-16,3.8748750000000003
1994-04-17,5.541625
1994-04-18,3.4997499999999997
1994-04-19,2.833375
1994-04-20,1.91675
1994-04-21,2.08325
1994-04-22,1.83325
1994-04-23,2.16675
1994-04-24,1.833375
1994-04-25,2.0001249999999997
1994-04-26,1.29175
1994-04-27,1.166625
1994-04-28,0.91675
1994-04-29,1.20825
1994-04-30,0.45825000000000005
1994-05-01,4.041625
1994-05-02,4.666625
1994-05-03,4.666625
1994-05-04,3.833375
1994-05-05,4.62525
1994-05-06,4.3335
1994-05-07,4.5
1994-05-08,4.54175
1994-05-09,3.9167499999999995
1994-05-10,4.25
1994-05-11,3.8748750000000003
1994-05-12,2.2085
1994-05-13,1.66675
1994-05-14,3.458375
1994-05-15,4.375
1994-05-16,4.04175
1994-05-17,2.9582499999999996
1994-05-18,3.2501249999999997
1994-05-19,2.250125
1994-05-20,1.54175
1994-05-21,1.250125
1994-05-22,1.583375
1994-05-23,1.875
1994-05-24,3.375
1994-05-25,3.16675
1994-05-26,2.24975
1994-05-27,1.166625
1994-05-28,3.375
1994-05-29,4.625
1994-05-30,5.08325
1994-05-31,4.000125
1994-06-01,3.7082500000000005
1994-06-02,3.7498749999999994
1994-06-03,3.6251249999999997
1994-06-04,3.3332499999999996
1994-06-05,3.5
1994-06-06,3.291625
1994-06-07,2.9582499999999996
1994-06-08,2.125
1994-06-09,2.0415
1994-06-10,3.041625
1994-06-11,2.833375
1994-06-12,3.7498750000000003
1994-06-13,2.708375
1994-06-14,2.9582499999999996
1994-06-15,1.625
1994-06-16,1.16675
1994-06-17,1.83325
1994-06-18,2.5
1994-06-19,3.1251249999999997
1994-06-20,2.875
1994-06-21,2.208375
1994-06-22,1.70825
1994-06-23,0.625
1994-06-24,0.83325
1994-06-25,0.7499999999999999
1994-06-26,3.8332499999999996
1994-06-27,2.750125
1994-06-28,2.791625
1994-06-29,3.8751249999999997
1994-06-30,3.4165
1994-07-01,3.7501250000000006
1994-07-02,3.8748750000000003
1994-07-03,2.5
1994-07-04,2.333375
1994-07-05,1.16675
1994-07-06,2.25
1994-07-07,3.125
1994-07-08,1.083375
1994-07-09,1.25
1994-07-10,0.9581250000000001
1994-07-11,1.041625
1994-07-12,0.541625
1994-07-13,0.95825
1994-07-14,3.583375
1994-07-15,3.2085
1994-07-16,4.125125000000001
1994-07-17,2.791625
1994-07-18,2.3332499999999996
1994-07-19,2.416625
1994-07-20,1.208375
1994-07-21,2.208375
1994-07-22,1.2915
1994-07-23,1.625
1994-07-24,1.70825
1994-07-25,2.3332500000000005
1994-07-26,1.041625
1994-07-27,2.2915
1994-07-28,3.166625
1994-07-29,2.54175
1994-07-30,2.2501249999999997
1994-07-31,2.083125
1994-08-01,1.583375
1994-08-02,0.833375
1994-08-03,1.08325
1994-08-04,0.5832499999999999
1994-08-05,1.20825
1994-08-06,1.04175
1994-08-07,0.875
1994-08-08,0.416625
1994-08-09,1.083375
1994-08-10,2.458375
1994-08-11,2.916625
1994-08-12,3.2501249999999997
1994-08-13,3.916625
1994-08-14,3.791625
1994-08-15,2.7082499999999996
1994-08-16,2.08325
1994-08-17,1.750125
1994-08-18,1.583375
1994-08-19,1.250125
1994-08-20,1.791625
1994-08-21,1.583375
1994-08-22,2.1248750000000003
1994-08-23,1.375
1994-08-24,1.5000000000000002
1994-08-25,2.3332500000000005
1994-08-26,1.500125
1994-08-27,2.20825
1994-08-28,1.583375
1994-08-29,1.20825
1994-08-30,1.0
1994-08-31,1.416625
1994-09-01,2.29175
1994-09-02,1.16675
1994-09-03,1.54175
1994-09-04,1.041625
1994-09-05,2.1251249999999997
1994-09-06,2.7082499999999996
1994-09-07,4.375
1994-09-08,3.9167500000000004
1994-09-09,4.41675
1994-09-10,3.125
1994-09-11,2.958375
1994-09-12,2.45825
1994-09-13,2.333375
1994-09-14,1.708375
1994-09-15,1.750125
1994-09-16,2.3751249999999997
1994-09-17,2.208375
1994-09-18,1.541625
1994-09-19,1.458375
1994-09-20,1.41675
1994-09-21,1.66675
1994-09-22,1.29175
1994-09-23,1.041625
1994-09-24,1.5
1994-09-25,2.4163750000000004
1994-09-26,3.2501249999999997
1994-09-27,3.2082499999999996
1994-09-28,2.625
1994-09-29,1.666625
1994-09-30,1.083375
1994-10-01,0.958375
1994-10-02,2.291625
1994-10-03,6.000125000000001
1994-10-04,4.250125000000001
1994-10-05,4.666625
1994-10-06,4.375125000000001
1994-10-07,4.6667499999999995
1994-10-08,3.2501249999999997
1994-10-09,2.541625
1994-10-10,3.208375
1994-10-11,3.416625
1994-10-12,2.9167500000000004
1994-10-13,2.7501249999999997
1994-10-14,2.25
1994-10-15,2.541625
1994-10-16,1.416625
1994-10-17,1.2081250000000001
1994-10-18,1.1665
1994-10-19,1.708375
1994-10-20,1.958375
1994-10-21,0.750125
1994-10-22,3.0835
1994-10-23,5.0832500000000005
1994-10-24,4.250125
1994-10-25,2.166875
1994-10-26,2.0
1994-10-27,1.1668749999999999
1994-10-28,1.166625
1994-10-29,4.625
1994-10-30,5.08325
1994-10-31,4.458500000000001
1994-11-01,3.208375
1994-11-02,3.3332499999999996
1994-11-03,2.75
1994-11-04,3.4998750000000003
1994-11-05,3.166875
1994-11-06,4.5417499999999995
1994-11-07,2.083375
1994-11-08,1.250125
1994-11-09,3.0
1994-11-10,3.0832499999999996
1994-11-11,1.958375
1994-11-12,1.291625
1994-11-13,1.625
1994-11-14,2.20825
1994-11-15,2.375
1994-11-16,1.333375
1994-11-17,1.54175
1994-11-18,1.54175
1994-11-19,3.541625
1994-11-20,3.541625
1994-11-21,1.708375
1994-11-22,1.583375
1994-11-23,0.958375
1994-11-24,1.1668749999999999
1994-11-25,0.70825
1994-11-26,3.8332499999999996
1994-11-27,3.958375
1994-11-28,2.708375
1994-11-29,2.16675
1994-11-30,3.458375
1994-12-01,3.208375
1994-12-02,3.7501249999999997
1994-12-03,2.791499999999999
1994-12-04,1.5835
1994-12-05,1.916625
1994-12-06,3.8332499999999996
1994-12-07,3.1666250000000007
1994-12-08,2.91675
1994-12-09,2.4165
1994-12-10,2.2501249999999997
1994-12-11,2.333375
1994-12-12,3.0001250000000006
1994-12-13,3.0001250000000006
1994-12-14,1.833375
1994-12-15,3.458375
1994-12-16,3.0417500000000004
1994-12-17,1.958375
1994-12-18,1.7085
1994-12-19,1.541625
1994-12-20,2.45825
1994-12-21,1.58325
1994-12-22,0.8748750000000001
1994-12-23,2.166625
1994-12-24,4.41675
1994-12-25,3.2498749999999994
1994-12-26,3.2085
1994-12-27,2.583375
1994-12-28,2.083375
1994-12-29,2.708375
1994-12-30,1.749875
1994-12-31,1.25
1995-01-01,0.958375
1995-01-02,3.041625
1995-01-03,4.166625
1995-01-04,3.2917500000000004
1995-01-05,3.666625
1995-01-06,3.083375
1995-01-07,2.625
1995-01-08,1.9165
1995-01-09,1.666625
1995-01-10,1.79175
1995-01-11,3.083125
1995-01-12,1.2918749999999999
1995-01-13,1.9165
1995-01-14,1.125
1995-01-15,0.8752499999999999
1995-01-16,3.041625
1995-01-17,4.25
1995-01-18,3.875
1995-01-19,1.208375
1995-01-20,1.375
1995-01-21,1.91675
1995-01-22,1.9165
1995-01-23,1.5415
1995-01-24,0.95825
1995-01-25,1.416625
1995-01-26,0.7915
1995-01-27,0.875
1995-01-28,0.791625
1995-01-29,3.999999999999999
1995-01-30,4.583375
1995-01-31,3.916625
1995-02-01,2.9582499999999996
1995-02-02,3.9167500000000004
1995-02-03,3.791625
1995-02-04,3.5417500000000004
1995-02-05,1.29175
1995-02-06,2.333375
1995-02-07,2.375
1995-02-08,3.6248750000000003
1995-02-09,0.7915000000000001
1995-02-10,0.541625
1995-02-11,3.833375
1995-02-12,4.041625
1995-02-13,4.625
1995-02-14,3.875
1995-02-15,3.125
1995-02-16,1.916625
1995-02-17,1.6665
1995-02-18,2.374875
1995-02-19,1.79175
1995-02-20,1.374875
1995-02-21,1.208375
1995-02-22,0.49987500000000007
1995-02-23,1.250125
1995-02-24,0.666625
1995-02-25,0.24987499999999999
1995-02-26,2.875
1995-02-27,3.75
1995-02-28,4.208375
1995-03-01,4.333375
1995-03-02,3.8336250000000005
1995-03-03,1.45825
1995-03-04,3.291625
1995-03-05,3.166625
1995-03-06,0.916625
1995-03-07,0.750125
1995-03-08,0.833125
1995-03-09,2.75
1995-03-10,3.125
1995-03-11,3.7917500000000004
1995-03-12,4.541625
1995-03-13,4.54175
1995-03-14,3.583375
1995-03-15,2.6665
1995-03-16,2.8332499999999996
1995-03-17,2.1251249999999997
1995-03-18,1.166625
1995-03-19,1.041625
1995-03-20,1.08325
1995-03-21,0.4165000000000001
1995-03-22,0.66675
1995-03-23,1.45825
1995-03-24,1.375
1995-03-25,1.41675
1995-03-26,3.7915
1995-03-27,3.3748750000000003
1995-03-28,3.166625
1995-03-29,3.25
1995-03-30,1.875125
1995-03-31,1.875
1995-04-01,1.9166249999999998
1995-04-02,3.041625
1995-04-03,0.291375
1995-04-04,0.7915000000000001
1995-04-05,2.291625
1995-04-06,1.291625
1995-04-07,6.166625
1995-04-08,4.291625
1995-04-09,3.7917500000000004
1995-04-10,3.79175
1995-04-11,3.458375
1995-04-12,2.95825
1995-04-13,1.875
1995-04-14,1.29175
1995-04-15,0.8331250000000001
1995-04-16,0.916625
1995-04-17,1.208375
1995-04-18,1.7915
1995-04-19,1.625
1995-04-20,1.958375
1995-04-21,0.416625
1995-04-22,2.3748750000000003
1995-04-23,3.583375
1995-04-24,3.7498749999999994
1995-04-25,2.9586250000000005
1995-04-26,3.25
1995-04-27,3.708125
1995-04-28,2.5
1995-04-29,1.958375
1995-04-30,0.958375
1995-05-01,0.6251249999999999
1995-05-02,4.70825
1995-05-03,4.95825
1995-05-04,4.25
1995-05-05,4.791625
1995-05-06,3.666625
1995-05-07,3.666625
1995-05-08,3.3332499999999996
1995-05-09,2.2915
1995-05-10,1.5
1995-05-11,1.625
1995-05-12,1.75
1995-05-13,2.1665
1995-05-14,1.499875
1995-05-15,1.166625
1995-05-16,4.70825
1995-05-17,3.9585
1995-05-18,2.29175
1995-05-19,2.541625
1995-05-20,2.79175
1995-05-21,1.1252499999999999
1995-05-22,1.541625
1995-05-23,2.70825
1995-05-24,3.708375
1995-05-25,2.458375
1995-05-26,2.62525
1995-05-27,1.45825
1995-05-28,1.75
1995-05-29,1.708375
1995-05-30,4.41675
1995-05-31,4.08325
1995-06-01,3.833375
1995-06-02,3.25
1995-06-03,3.6251249999999997
1995-06-04,1.750125
1995-06-05,1.625125
1995-06-06,1.791625
1995-06-07,1.541625
1995-06-08,0.79175
1995-06-09,1.250125
1995-06-10,1.916625
1995-06-11,1.2085
1995-06-12,0.750125
1995-06-13,0.5
1995-06-14,1.333375
1995-06-15,1.5
1995-06-16,2.583375
1995-06-17,1.33325
1995-06-18,2.5417500000000004
1995-06-19,3.9582499999999996
1995-06-20,3.291625
1995-06-21,2.4165
1995-06-22,1.833375
1995-06-23,1.833375
1995-06-24,1.166625
1995-06-25,2.541625
1995-06-26,3.0832499999999996
1995-06-27,1.541625
1995-06-28,2.25025
1995-06-29,1.58325
1995-06-30,3.625
1995-07-01,2.41675
1995-07-02,1.33325
1995-07-03,2.041625
1995-07-04,1.70825
1995-07-05,0.7918749999999999
1995-07-06,0.583375
1995-07-07,1.08325
1995-07-08,1.1665
1995-07-09,1.29175
1995-07-10,0.5
1995-07-11,0.458125
1995-07-12,0.8332499999999999
1995-07-13,1.33325
1995-07-14,1.416625
1995-07-15,1.62525
1995-07-16,3.291625
1995-07-17,3.6248749999999994
1995-07-18,2.375
1995-07-19,2.125
1995-07-20,2.04175
1995-07-21,1.250125
1995-07-22,1.458375
1995-07-23,1.708375
1995-07-24,3.75
1995-07-25,1.583375
1995-07-26,1.458375
1995-07-27,1.375
1995-07-28,1.41675
1995-07-29,1.375
1995-07-30,1.458375
1995-07-31,1.41675
1995-08-01,1.083375
1995-08-02,1.250125
1995-08-03,1.91675
1995-08-04,1.16675
1995-08-05,1.500125
1995-08-06,0.9585
1995-08-07,1.8751250000000002
1995-08-08,3.2915
1995-08-09,3.5832499999999996
1995-08-10,2.8332499999999996
1995-08-11,1.875
1995-08-12,1.833375
1995-08-13,2.5
1995-08-14,3.6252500000000003
1995-08-15,2.7917500000000004
1995-08-16,1.833375
1995-08-17,2.5
1995-08-18,1.541625
1995-08-19,2.20825
1995-08-20,1.416625
1995-08-21,0.70825
1995-08-22,2.1663750000000004
1995-08-23,2.29175
1995-08-24,1.666625
1995-08-25,2.875
1995-08-26,1.666625
1995-08-27,1.916625
1995-08-28,1.2085
1995-08-29,2.45825
1995-08-30,1.125125
1995-08-31,0.666625
1995-09-01,0.8333750000000001
1995-09-02,0.875
1995-09-03,1.04175
1995-09-04,1.16675
1995-09-05,4.125
1995-09-06,3.4582499999999996
1995-09-07,3.333375
1995-09-08,4.208375000000001
1995-09-09,2.7915
1995-09-10,2.16675
1995-09-11,3.75
1995-09-12,2.58325
1995-09-13,3.2085
1995-09-14,1.83325
1995-09-15,3.6667499999999995
1995-09-16,2.4582499999999996
1995-09-17,1.499875
1995-09-18,0.624875
1995-09-19,0.875
1995-09-20,2.2085
1995-09-21,1.5
1995-09-22,0.83325
1995-09-23,2.5
1995-09-24,1.70825
1995-09-25,1.124875
1995-09-26,1.083375
1995-09-27,4.08325
1995-09-28,2.2916250000000002
1995-09-29,0.6665000000000001
1995-09-30,1.125125
1995-10-01,0.666625
1995-10-02,2.8752500000000003
1995-10-03,3.5
1995-10-04,5.083500000000001
1995-10-05,3.5835
1995-10-06,3.6666250000000007
1995-10-07,3.791625
1995-10-08,3.9165
1995-10-09,3.541625
1995-10-10,1.79175
1995-10-11,2.625
1995-10-12,3.291625
1995-10-13,2.25
1995-10-14,1.58325
1995-10-15,1.333375
1995-10-16,1.750125
1995-10-17,1.916625
1995-10-18,3.458375
1995-10-19,3.416625
1995-10-20,4.08325
1995-10-21,2.6665
1995-10-22,2.5001249999999997
1995-10-23,3.2498749999999994
1995-10-24,1.999875
1995-10-25,0.9584999999999999
1995-10-26,0.749875
1995-10-27,1.3335000000000001
1995-10-28,0.37512500000000004
1995-10-29,0.708375
1995-10-30,2.04175
1995-10-31,3.125
1995-11-01,3.7082499999999996
1995-11-02,3.1251249999999997
1995-11-03,1.208375
1995-11-04,1.916625
1995-11-05,3.083375
1995-11-06,3.541625
1995-11-07,2.25
1995-11-08,1.749875
1995-11-09,0.8751249999999999
1995-11-10,1.33325
1995-11-11,1.2915
1995-11-12,2.249875
1995-11-13,1.083375
1995-11-14,1.000125
1995-11-15,0.70825
1995-11-16,0.875
1995-11-17,1.625125
1995-11-18,1.249875
1995-11-19,1.833375
1995-11-20,1.041625
1995-11-21,0.75
1995-11-22,1.458375
1995-11-23,1.041625
1995-11-24,0.33325000000000005
1995-11-25,0.4165
1995-11-26,0.5
1995-11-27,3.1667499999999995
1995-11-28,2.33325
1995-11-29,2.7917500000000004
1995-11-30,1.833375
1995-12-01,3.0417500000000004
1995-12-02,2.45825
1995-12-03,1.833375
1995-12-04,2.749875
1995-12-05,1.04175
1995-12-06,1.0835
1995-12-07,0.91675
1995-12-08,0.45825000000000005
1995-12-09,1.95825
1995-12-10,1.08325
1995-12-11,0.91675
1995-12-12,1.25
1995-12-13,0.416625
1995-12-14,1.249875
1995-12-15,2.3751249999999997
1995-12-16,2.916499999999999
1995-12-17,2.1251249999999997
1995-12-18,0.7498750000000001
1995-12-19,1.458375
1995-12-20,0.916625
1995-12-21,1.5
1995-12-22,3.25
1995-12-23,1.708375
1995-12-24,3.5832499999999996
1995-12-25,2.833375
1995-12-26,2.9165
1995-12-27,1.91675
1995-12-28,0.958375
1995-12-29,0.875
1995-12-30,0.7501249999999999
1995-12-31,1.83325
1996-01-01,1.20825
1996-01-02,1.625125
1996-01-03,1.875125
1996-01-04,1.29175
1996-01-05,2.166625
1996-01-06,1.583375
1996-01-07,1.083375
1996-01-08,0.8333750000000001
1996-01-09,0.66675
1996-01-10,0.958375
1996-01-11,1.04175
1996-01-12,1.66675
1996-01-13,3.916625
1996-01-14,3.4998750000000003
1996-01-15,2.916625
1996-01-16,2.08325
1996-01-17,2.45825
1996-01-18,2.2082499999999996
1996-01-19,2.1251249999999997
1996-01-20,2.375125
1996-01-21,1.875
1996-01-22,1.625
1996-01-23,1.16675
1996-01-24,1.416625
1996-01-25,1.41675
1996-01-26,1.95825
1996-01-27,1.91675
1996-01-28,1.874875
1996-01-29,3.375
1996-01-30,1.833375
1996-01-31,2.333125
1996-02-01,1.75
1996-02-02,2.208375
1996-02-03,0.958375
1996-02-04,1.375125
1996-02-05,1.25
1996-02-06,0.7501249999999999
1996-02-07,1.75
1996-02-08,1.95825
1996-02-09,1.91675
1996-02-10,2.208375
1996-02-11,3.4167500000000004
1996-02-12,2.8332499999999996
1996-02-13,2.7917500000000004
1996-02-14,2.8332499999999996
1996-02-15,1.9581250000000001
1996-02-16,2.166625
1996-02-17,1.833375
1996-02-18,2.416625
1996-02-19,1.83325
1996-02-20,1.999875
1996-02-21,1.291625
1996-02-22,1.95825
1996-02-23,2.8748750000000003
1996-02-24,3.208375
1996-02-25,3.166875
1996-02-26,2.9585
1996-02-27,2.7082500000000005
1996-02-28,1.833375
1996-02-29,1.79175
1996-03-01,1.375
1996-03-02,0.8334999999999999
1996-03-03,1.79175
1996-03-04,2.208375
1996-03-05,1.66675
1996-03-06,1.083375
1996-03-07,0.541625
1996-03-08,1.70825
1996-03-09,1.916625
1996-03-10,2.3335
1996-03-11,3.75
1996-03-12,2.875
1996-03-13,3.416625
1996-03-14,2.04175
1996-03-15,1.54175
1996-03-16,1.666625
1996-03-17,2.6665
1996-03-18,2.166625
1996-03-19,2.916625
1996-03-20,3.5417500000000004
1996-03-21,4.500125
1996-03-22,3.041625
1996-03-23,1.79175
1996-03-24,3.25
1996-03-25,3.166625
1996-03-26,2.3748750000000003
1996-03-27,2.29175
1996-03-28,2.16675
1996-03-29,1.625
1996-03-30,1.41675
1996-03-31,1.416625
1996-04-01,2.125
1996-04-02,1.0833750000000002
1996-04-03,1.5
1996-04-04,2.458375
1996-04-05,1.458375
1996-04-06,0.70825
1996-04-07,0.291625
1996-04-08,1.20825
1996-04-09,2.583375
1996-04-10,1.54175
1996-04-11,1.9581250000000001
1996-04-12,3.875
1996-04-13,1.875125
1996-04-14,3.7085
1996-04-15,3.000000000000001
1996-04-16,2.208375
1996-04-17,4.041625
1996-04-18,3.6665
1996-04-19,3.875
1996-04-20,3.083375
1996-04-21,2.708375
1996-04-22,1.958375
1996-04-23,2.3748750000000003
1996-04-24,1.374875
1996-04-25,1.25
1996-04-26,0.875
1996-04-27,1.33325
1996-04-28,1.0835
1996-04-29,1.1665
1996-04-30,1.416625
1996-05-01,1.54175
1996-05-02,1.458375
1996-05-03,1.625
1996-05-04,2.208375
1996-05-05,1.541625
1996-05-06,1.1665
1996-05-07,1.08325
1996-05-08,1.375
1996-05-09,1.166625
1996-05-10,1.29175
1996-05-11,1.16675
1996-05-12,1.04175
1996-05-13,2.8332499999999996
1996-05-14,2.41675
1996-05-15,1.875
1996-05-16,2.125
1996-05-17,1.75
1996-05-18,0.4165000000000001
1996-05-19,1.708375
1996-05-20,2.16675
1996-05-21,2.08325
1996-05-22,1.291875
1996-05-23,1.125
1996-05-24,1.833375
1996-05-25,1.58325
1996-05-26,1.375
1996-05-27,1.91675
1996-05-28,1.000125
1996-05-29,2.0415
1996-05-30,1.875
1996-05-31,1.875125
1996-06-01,0.9165000000000001
1996-06-02,0.95825
1996-06-03,0.91675
1996-06-04,1.125
1996-06-05,1.458375
1996-06-06,2.7498749999999994
1996-06-07,1.041625
1996-06-08,1.125
1996-06-09,0.9167500000000001
1996-06-10,1.1668749999999999
1996-06-11,1.0
1996-06-12,0.95825
1996-06-13,0.5
1996-06-14,0.79175
1996-06-15,1.4168749999999999
1996-06-16,1.25
1996-06-17,1.79175
1996-06-18,1.54175
1996-06-19,2.5415
1996-06-20,1.583375
1996-06-21,1.0414999999999999
1996-06-22,0.8748750000000001
1996-06-23,0.958375
1996-06-24,1.499875
1996-06-25,0.7082499999999999
1996-06-26,1.000125
1996-06-27,1.58325
1996-06-28,1.5
1996-06-29,2.04175
1996-06-30,1.208375
1996-07-01,1.416625
1996-07-02,1.5418749999999999
1996-07-03,2.2500000000000004
1996-07-04,1.874875
1996-07-05,2.0833749999999998
1996-07-06,1.208375
1996-07-07,1.875
1996-07-08,2.333375
1996-07-09,0.791625
1996-07-10,0.500125
1996-07-11,0.875
1996-07-12,2.041625
1996-07-13,1.666625
1996-07-14,1.500125
1996-07-15,1.95825
1996-07-16,1.3335
1996-07-17,2.04175
1996-07-18,1.416625
1996-07-19,1.208375
1996-07-20,2.125
1996-07-21,1.7918749999999999
1996-07-22,1.583375
1996-07-23,1.29175
1996-07-24,0.958375
1996-07-25,1.541625
1996-07-26,1.375125
1996-07-27,0.83325
1996-07-28,1.958375
1996-07-29,1.166625
1996-07-30,1.7915
1996-07-31,2.8751249999999997
1996-08-01,2.583375
1996-08-02,2.041625
1996-08-03,1.708375
1996-08-04,1.375
1996-08-05,1.583375
1996-08-06,1.70825
1996-08-07,1.29175
1996-08-08,0.958375
1996-08-09,1.749875
1996-08-10,1.0418749999999999
1996-08-11,1.08325
1996-08-12,1.125
1996-08-13,1.2918749999999999
1996-08-14,2.458375
1996-08-15,1.58325
1996-08-16,2.375
1996-08-17,2.25
1996-08-18,1.25
1996-08-19,1.12475
1996-08-20,1.91675
1996-08-21,1.291625
1996-08-22,1.1665
1996-08-23,2.375
1996-08-24,2.04175
1996-08-25,3.00025
1996-08-26,2.291625
1996-08-27,2.7917500000000004
1996-08-28,2.7915
1996-08-29,4.4167499999999995
1996-08-30,2.7082500000000005
1996-08-31,2.3751250000000006
1996-09-01,1.41675
1996-09-02,1.20825
1996-09-03,0.5835
1996-09-04,1.833375
1996-09-05,1.58325
1996-09-06,1.4165
1996-09-07,1.8335
1996-09-08,1.4585
1996-09-09,1.5
1996-09-10,4.0417499999999995
1996-09-11,3.3332500000000005
1996-09-12,4.0
1996-09-13,3.08325
1996-09-14,2.2083749999999998
1996-09-15,3.041625
1996-09-16,3.1248750000000003
1996-09-17,2.041625
1996-09-18,3.166875
1996-09-19,2.5001249999999997
1996-09-20,4.25
1996-09-21,4.041499999999999
1996-09-22,3.708375
1996-09-23,3.8335
1996-09-24,2.0416250000000002
1996-09-25,2.20825
1996-09-26,3.7915
1996-09-27,2.833375
1996-09-28,2.7917500000000004
1996-09-29,1.791625
1996-09-30,0.9998750000000001
1996-10-01,1.20825
1996-10-02,2.166625
1996-10-03,2.958375
1996-10-04,1.500125
1996-10-05,0.666625
1996-10-06,0.541625
1996-10-07,0.916625
1996-10-08,2.2085
1996-10-09,3.333375
1996-10-10,2.249875
1996-10-11,1.875125
1996-10-12,2.958375
1996-10-13,3.0832500000000005
1996-10-14,2.58325
1996-10-15,1.208375
1996-10-16,2.29175
1996-10-17,1.41675
1996-10-18,3.6665
1996-10-19,4.499874999999999
1996-10-20,3.0
1996-10-21,1.95825
1996-10-22,4.333375
1996-10-23,3.625
1996-10-24,2.3333749999999998
1996-10-25,1.625
1996-10-26,1.041625
1996-10-27,1.1251250000000002
1996-10-28,2.9167500000000004
1996-10-29,2.8748750000000003
1996-10-30,2.666625
1996-10-31,1.791625
1996-11-01,0.625125
1996-11-02,0.4166250000000001
1996-11-03,0.45825000000000005
1996-11-04,2.3332499999999996
1996-11-05,1.708375
1996-11-06,1.95825
1996-11-07,1.08325
1996-11-08,0.958375
1996-11-09,2.3751249999999997
1996-11-10,2.041875
1996-11-11,0.9585
1996-11-12,1.916625
1996-11-13,2.6248750000000003
1996-11-14,3.2915
1996-11-15,2.791625
1996-11-16,1.2081250000000001
1996-11-17,2.5
1996-11-18,2.7917499999999995
1996-11-19,2.2501249999999997
1996-11-20,1.9585
1996-11-21,1.33325
1996-11-22,1.0831250000000001
1996-11-23,0.9582499999999999
1996-11-24,2.12525
1996-11-25,1.708375
1996-11-26,1.70825
1996-11-27,2.0
1996-11-28,1.79175
1996-11-29,1.29175
1996-11-30,0.333375
1996-12-01,0.6667500000000001
1996-12-02,2.0001249999999997
1996-12-03,1.958375
1996-12-04,2.333375
1996-12-05,0.41675000000000006
1996-12-06,0.25
1996-12-07,1.124875
1996-12-08,0.75
1996-12-09,1.416625
1996-12-10,3.7501250000000006
1996-12-11,2.8332500000000005
1996-12-12,2.083375
1996-12-13,1.416625
1996-12-14,1.583375
1996-12-15,2.7501249999999997
1996-12-16,2.58325
1996-12-17,2.33325
1996-12-18,1.499875
1996-12-19,0.16675
1996-12-20,0.33325000000000005
1996-12-21,1.5
1996-12-22,1.875125
1996-12-23,1.79175
1996-12-24,0.9584999999999999
1996-12-25,1.5
1996-12-26,0.7501249999999999
1996-12-27,0.791625
1996-12-28,0.708375
1996-12-29,0.916625
1996-12-30,2.208375
1996-12-31,1.41675
1997-01-01,1.16675
1997-01-02,1.41675
1997-01-03,0.8748750000000001
1997-01-04,0.8331250000000001
1997-01-05,0.916625
1997-01-06,0.625
1997-01-07,2.5
1997-01-08,1.83325
1997-01-09,1.374875
1997-01-10,4.000125
1997-01-11,2.875
1997-01-12,2.5001249999999997
1997-01-13,1.750125
1997-01-14,1.125125
1997-01-15,1.0417500000000002
1997-01-16,0.625
1997-01-17,0.5
1997-01-18,1.25
1997-01-19,1.291625
1997-01-20,1.583375
1997-01-21,2.208375
1997-01-22,1.500125
1997-01-23,0.833375
1997-01-24,1.0
1997-01-25,1.499875
1997-01-26,2.8751249999999997
1997-01-27,2.916625
1997-01-28,3.6667500000000004
1997-01-29,2.16675
1997-01-30,2.916625
1997-01-31,1.79175
1997-02-01,1.250125
1997-02-02,2.33325
1997-02-03,1.41675
1997-02-04,0.958375
1997-02-05,1.33325
1997-02-06,2.1666250000000002
1997-02-07,0.9998750000000001
1997-02-08,3.0001249999999997
1997-02-09,3.208125
1997-02-10,3.625
1997-02-11,3.4998749999999994
1997-02-12,1.33325
1997-02-13,1.083375
1997-02-14,1.333375
1997-02-15,1.000125
1997-02-16,1.83325
1997-02-17,2.6248750000000003
1997-02-18,1.54175
1997-02-19,0.6666250000000001
1997-02-20,1.000125
1997-02-21,2.125
1997-02-22,1.958375
1997-02-23,2.20825
1997-02-24,1.91675
1997-02-25,1.375
1997-02-26,2.833375
1997-02-27,3.3748750000000003
1997-02-28,4.249874999999999
1997-03-01,2.7082500000000005
1997-03-02,2.374875
1997-03-03,1.749875
1997-03-04,0.8751249999999999
1997-03-05,1.75
1997-03-06,1.875
1997-03-07,1.749875
1997-03-08,1.333375
1997-03-09,0.208375
1997-03-10,0.500125
1997-03-11,0.791625
1997-03-12,2.7082500000000005
1997-03-13,1.916625
1997-03-14,1.4168749999999999
1997-03-15,1.58325
1997-03-16,1.750125
1997-03-17,1.4581250000000001
1997-03-18,1.45825
1997-03-19,0.625125
1997-03-20,0.6247500000000001
1997-03-21,0.95825
1997-03-22,2.04175
1997-03-23,0.70825
1997-03-24,1.8335
1997-03-25,2.6667500000000004
1997-03-26,3.208375
1997-03-27,1.291625
1997-03-28,2.66675
1997-03-29,3.333375
1997-03-30,2.333125
1997-03-31,1.333375
1997-04-01,2.083375
1997-04-02,2.125
1997-04-03,1.41675
1997-04-04,2.625
1997-04-05,2.20825
1997-04-06,2.208375
1997-04-07,2.1248750000000003
1997-04-08,1.04175
1997-04-09,1.4168749999999999
1997-04-10,2.08325
1997-04-11,4.083500000000001
1997-04-12,1.91675
1997-04-13,1.875
1997-04-14,1.125
1997-04-15,0.458375
1997-04-16,2.16675
1997-04-17,3.5417500000000004
1997-04-18,2.75
1997-04-19,2.666625
1997-04-20,0.9165000000000001
1997-04-21,2.791625
1997-04-22,2.375
1997-04-23,1.91675
1997-04-24,2.4585000000000004
1997-04-25,1.624875
1997-04-26,0.791875
1997-04-27,0.666625
1997-04-28,0.54175
1997-04-29,0.708375
1997-04-30,2.166625
1997-05-01,3.3332499999999996
1997-05-02,2.6251249999999997
1997-05-03,2.0835
1997-05-04,1.916625
1997-05-05,1.58325
1997-05-06,0.958375
1997-05-07,0.75
1997-05-08,0.91675
1997-05-09,0.7915
1997-05-10,1.0832499999999998
1997-05-11,1.125
1997-05-12,0.166625
1997-05-13,0.374875
1997-05-14,1.2918749999999999
1997-05-15,4.791625
1997-05-16,2.291625
1997-05-17,2.08325
1997-05-18,1.249875
1997-05-19,0.5835
1997-05-20,0.916625
1997-05-21,0.875
1997-05-22,0.708125
1997-05-23,0.541875
1997-05-24,1.7915
1997-05-25,1.166625
1997-05-26,1.70825
1997-05-27,2.8748749999999994
1997-05-28,1.25
1997-05-29,0.49975
1997-05-30,1.500125
1997-05-31,1.91675
1997-06-01,1.6247500000000001
1997-06-02,1.416625
1997-06-03,2.125
1997-06-04,1.291625
1997-06-05,0.7501249999999999
1997-06-06,1.916625
1997-06-07,2.33325
1997-06-08,2.375
1997-06-09,4.000125000000001
1997-06-10,1.333625
1997-06-11,0.7500000000000001
1997-06-12,1.25
1997-06-13,0.541625
1997-06-14,0.45825000000000005
1997-06-15,1.374875
1997-06-16,1.41675
1997-06-17,0.874875
1997-06-18,0.666625
1997-06-19,2.0835
1997-06-20,0.95825
1997-06-21,0.333375
1997-06-22,1.95825
1997-06-23,1.416625
1997-06-24,0.91675
1997-06-25,1.875125
1997-06-26,1.0415
1997-06-27,2.7917499999999995
1997-06-28,1.875
1997-06-29,1.833375
1997-06-30,1.0
1997-07-01,0.9165000000000001
1997-07-02,1.0
1997-07-03,1.499875
1997-07-04,1.500125
1997-07-05,0.95825
1997-07-06,1.000125
1997-07-07,2.791625
1997-07-08,0.958375
1997-07-09,2.291875
1997-07-10,1.5
1997-07-11,1.04175
1997-07-12,0.5834999999999999
1997-07-13,0.7501249999999999
1997-07-14,0.49987500000000007
1997-07-15,2.5
1997-07-16,1.208375
1997-07-17,1.541625
1997-07-18,2.0416250000000002
1997-07-19,2.1251249999999997
1997-07-20,1.375
1997-07-21,1.250125
1997-07-22,1.16675
1997-07-23,1.125
1997-07-24,2.458375
1997-07-25,1.25
1997-07-26,0.9167500000000001
1997-07-27,1.333375
1997-07-28,1.208375
1997-07-29,0.8751249999999999
1997-07-30,1.45825
1997-07-31,2.7915
1997-08-01,1.58325
1997-08-02,1.125
1997-08-03,3.041625
1997-08-04,1.583375
1997-08-05,0.75
1997-08-06,0.625
1997-08-07,1.291625
1997-08-08,1.25
1997-08-09,1.79175
1997-08-10,1.41675
1997-08-11,1.75
1997-08-12,1.291625
1997-08-13,2.5
1997-08-14,2.6666250000000002
1997-08-15,1.500125
1997-08-16,1.250125
1997-08-17,2.041625
1997-08-18,1.5
1997-08-19,0.666625
1997-08-20,1.2915
1997-08-21,1.75
1997-08-22,1.625
1997-08-23,0.666625
1997-08-24,1.45825
1997-08-25,0.833375
1997-08-26,0.29150000000000004
1997-08-27,0.75
1997-08-28,2.8747499999999997
1997-08-29,2.7082499999999996
1997-08-30,2.3332499999999996
1997-08-31,0.875
1997-09-01,1.041625
1997-09-02,0.95825
1997-09-03,3.375
1997-09-04,2.6249999999999996
1997-09-05,1.20825
1997-09-06,1.875125
1997-09-07,0.833375
1997-09-08,2.125
1997-09-09,2.9165
1997-09-10,3.2498750000000003
1997-09-11,2.083375
1997-09-12,2.7498750000000003
1997-09-13,2.04175
1997-09-14,2.6665
1997-09-15,2.41675
1997-09-16,1.58325
1997-09-17,1.91675
1997-09-18,3.125
1997-09-19,0.708375
1997-09-20,1.458375
1997-09-21,2.4998750000000003
1997-09-22,1.624875
1997-09-23,1.125
1997-09-24,1.04175
1997-09-25,0.708125
1997-09-26,0.958375
1997-09-27,2.7085
1997-09-28,2.5
1997-09-29,1.666625
1997-09-30,2.1665
1997-10-01,4.458375
1997-10-02,1.2085
1997-10-03,1.958375
1997-10-04,0.9998750000000001
1997-10-05,0.416625
1997-10-06,0.6665
1997-10-07,2.08325
1997-10-08,2.625
1997-10-09,3.1248749999999994
1997-10-10,3.791625
1997-10-11,2.3749999999999996
1997-10-12,1.375125
1997-10-13,1.458375
1997-10-14,0.791625
1997-10-15,0.58325
1997-10-16,0.708375
1997-10-17,1.499875
1997-10-18,0.91675
1997-10-19,0.625
1997-10-20,1.33325
1997-10-21,0.708375
1997-10-22,1.083375
1997-10-23,1.708375
1997-10-24,3.1665
1997-10-25,3.2498749999999994
1997-10-26,2.83325
1997-10-27,3.1667500000000004
1997-10-28,2.958375
1997-10-29,1.8335
1997-10-30,1.666625
1997-10-31,1.16675
1997-11-01,2.0
1997-11-02,0.416625
1997-11-03,0.875
1997-11-04,2.1665
1997-11-05,1.6665
1997-11-06,2.8751249999999997
1997-11-07,4.125125000000001
1997-11-08,1.250125
1997-11-09,2.291625
1997-11-10,2.3748749999999994
1997-11-11,1.54175
1997-11-12,0.5
1997-11-13,0.791625
1997-11-14,2.375
1997-11-15,2.041625
1997-11-16,2.16675
1997-11-17,2.08325
1997-11-18,2.5
1997-11-19,0.708375
1997-11-20,0.4165000000000001
1997-11-21,0.33325000000000005
1997-11-22,4.624874999999999
1997-11-23,4.75
1997-11-24,2.2917500000000004
1997-11-25,0.49987500000000007
1997-11-26,0.79175
1997-11-27,0.375
1997-11-28,0.33325
1997-11-29,0.16662500000000002
1997-11-30,1.458375
1997-12-01,0.958375
1997-12-02,0.875
1997-12-03,1.5831250000000001
1997-12-04,1.41675
1997-12-05,2.04175
1997-12-06,0.9581250000000001
1997-12-07,0.54175
1997-12-08,0.12487500000000001
1997-12-09,0.25
1997-12-10,2.958375
1997-12-11,2.3750000000000004
1997-12-12,0.45825000000000005
1997-12-13,0.166625
1997-12-14,0.5
1997-12-15,0.666625
1997-12-16,1.0
1997-12-17,1.0
1997-12-18,1.45825
1997-12-19,0.708375
1997-12-20,0.708375
1997-12-21,0.8751249999999999
1997-12-22,0.4583750000000001
1997-12-23,0.8751249999999999
1997-12-24,1.0
1997-12-25,0.25
1997-12-26,0.375
1997-12-27,0.08325
1997-12-28,0.1665
1997-12-29,0.416625
1997-12-30,3.291625
1997-12-31,0.70825
1998-01-01,0.9584999999999999
1998-01-02,1.416625
1998-01-03,0.7915
1998-01-04,0.6251249999999999
1998-01-05,0.70825
1998-01-06,2.916625
1998-01-07,3.0417500000000004
1998-01-08,1.833375
1998-01-09,2.0415
1998-01-10,1.7085
1998-01-11,1.54175
1998-01-12,1.0835
1998-01-13,0.916625
1998-01-14,0.7498750000000001
1998-01-15,0.458125
1998-01-16,1.875
1998-01-17,1.750125
1998-01-18,1.750125
1998-01-19,0.916625
1998-01-20,2.625
1998-01-21,1.625125
1998-01-22,0.958375
1998-01-23,0.83325
1998-01-24,1.58325
1998-01-25,2.125125
1998-01-26,0.708375
1998-01-27,1.79175
1998-01-28,0.49987499999999996
1998-01-29,1.9165
1998-01-30,3.25
1998-01-31,2.2501249999999997
1998-02-01,2.0001249999999997
1998-02-02,0.666625
1998-02-03,0.75
1998-02-04,1.875
1998-02-05,0.75
1998-02-06,0.583375
1998-02-07,0.58325
1998-02-08,1.624875
1998-02-09,2.5
1998-02-10,2.08325
1998-02-11,3.0415
1998-02-12,2.333375
1998-02-13,1.666875
1998-02-14,1.375
1998-02-15,0.708375
1998-02-16,0.625
1998-02-17,2.375
1998-02-18,4.083375
1998-02-19,1.45825
1998-02-20,1.9585
1998-02-21,1.083375
1998-02-22,1.75
1998-02-23,2.25
1998-02-24,0.708375
1998-02-25,0.708375
1998-02-26,0.4165
1998-02-27,1.2081250000000001
1998-02-28,2.6665
1998-03-01,2.958375
1998-03-02,3.1251249999999997
1998-03-03,0.958375
1998-03-04,2.166625
1998-03-05,1.9168749999999999
1998-03-06,1.791625
1998-03-07,0.833375
1998-03-08,0.291625
1998-03-09,0.45825000000000005
1998-03-10,4.375
1998-03-11,3.8332500000000005
1998-03-12,2.8748750000000003
1998-03-13,2.666625
1998-03-14,2.25
1998-03-15,3.0
1998-03-16,2.54175
1998-03-17,1.875
1998-03-18,0.875125
1998-03-19,0.875
1998-03-20,2.0
1998-03-21,3.791499999999999
1998-03-22,2.583375
1998-03-23,1.2502499999999999
1998-03-24,1.666625
1998-03-25,2.75
1998-03-26,2.25
1998-03-27,3.0
1998-03-28,2.4167500000000004
1998-03-29,3.208375
1998-03-30,2.0
1998-03-31,1.749875
1998-04-01,0.708125
1998-04-02,0.6248750000000001
1998-04-03,1.45825
1998-04-04,1.95825
1998-04-05,0.75025
1998-04-06,1.041625
1998-04-07,1.833375
1998-04-08,1.541625
1998-04-09,1.7918749999999999
1998-04-10,2.791625
1998-04-11,2.541625
1998-04-12,1.83325
1998-04-13,0.95825
1998-04-14,1.5835
1998-04-15,0.83325
1998-04-16,1.5835
1998-04-17,2.75
1998-04-18,1.333375
1998-04-19,1.041625
1998-04-20,2.0001249999999997
1998-04-21,1.750125
1998-04-22,1.5002499999999999
1998-04-23,2.29175
1998-04-24,4.125125
1998-04-25,3.75
1998-04-26,4.125125
1998-04-27,2.4582499999999996
1998-04-28,2.04175
1998-04-29,1.125125
1998-04-30,2.375125
1998-05-01,1.875
1998-05-02,5.333375
1998-05-03,5.416625
1998-05-04,5.458375
1998-05-05,4.29175
1998-05-06,1.374875
1998-05-07,2.333375
1998-05-08,3.6247499999999997
1998-05-09,2.583125
1998-05-10,2.291625
1998-05-11,2.4998750000000003
1998-05-12,2.7082499999999996
1998-05-13,1.208375
1998-05-14,0.875
1998-05-15,1.5831250000000001
1998-05-16,2.375
1998-05-17,2.166625
1998-05-18,2.1248750000000003
1998-05-19,1.33325
1998-05-20,2.25
1998-05-21,2.7498750000000003
1998-05-22,1.708375
1998-05-23,2.4582499999999996
1998-05-24,2.6251249999999997
1998-05-25,2.25
1998-05-26,1.79175
1998-05-27,1.541625
1998-05-28,1.16675
1998-05-29,3.25
1998-05-30,3.083375
1998-05-31,1.04175
1998-06-01,1.0
1998-06-02,1.75
1998-06-03,2.666625
1998-06-04,1.75
1998-06-05,2.54175
1998-06-06,2.8335
1998-06-07,2.8332500000000005
1998-06-08,2.2917500000000004
1998-06-09,1.91675
1998-06-10,2.708375
1998-06-11,1.291625
1998-06-12,1.416625
1998-06-13,1.083375
1998-06-14,2.5
1998-06-15,1.624875
1998-06-16,1.45825
1998-06-17,0.5
1998-06-18,1.125125
1998-06-19,2.33325
1998-06-20,2.54175
1998-06-21,2.8332500000000005
1998-06-22,2.208375
1998-06-23,1.958375
1998-06-24,3.0417500000000004
1998-06-25,2.166875
1998-06-26,4.291625000000001
1998-06-27,1.16675
1998-06-28,0.6251249999999999
1998-06-29,0.666625
1998-06-30,0.666625
1998-07-01,1.25
1998-07-02,1.83325
1998-07-03,1.916625
1998-07-04,2.291625
1998-07-05,3.0
1998-07-06,3.0417500000000004
1998-07-07,1.208375
1998-07-08,0.708375
1998-07-09,2.333125
1998-07-10,1.125
1998-07-11,2.3748750000000003
1998-07-12,1.41675
1998-07-13,1.041625
1998-07-14,0.37487500000000007
1998-07-15,0.6248750000000001
1998-07-16,4.416625
1998-07-17,1.750125
1998-07-18,1.375
1998-07-19,1.124875
1998-07-20,0.791625
1998-07-21,2.125
1998-07-22,2.08325
1998-07-23,4.58325
1998-07-24,3.958375
1998-07-25,2.3748750000000003
1998-07-26,1.166625
1998-07-27,0.833375
1998-07-28,1.25
1998-07-29,1.708375
1998-07-30,1.916625
1998-07-31,4.0417499999999995
1998-08-01,2.9998750000000003
1998-08-02,1.5
1998-08-03,1.33325
1998-08-04,1.833375
1998-08-05,1.666625
1998-08-06,4.875
1998-08-07,3.375
1998-08-08,1.75
1998-08-09,0.5415
1998-08-10,2.8748750000000003
1998-08-11,1.5415
1998-08-12,1.6668749999999999
1998-08-13,1.333375
1998-08-14,1.499875
1998-08-15,1.125
1998-08-16,0.58325
1998-08-17,0.58325
1998-08-18,1.125
1998-08-19,1.833375
1998-08-20,3.166625
1998-08-21,0.95825
1998-08-22,2.9998750000000003
1998-08-23,3.1667499999999995
1998-08-24,2.0
1998-08-25,2.1248750000000003
1998-08-26,4.625125
1998-08-27,7.125125000000001
1998-08-28,4.0832500000000005
1998-08-29,3.2085
1998-08-30,3.0
1998-08-31,3.1251249999999997
1998-09-01,3.25
1998-09-02,2.041875
1998-09-03,1.7085
1998-09-04,1.2918749999999999
1998-09-05,1.166875
1998-09-06,1.33325
1998-09-07,1.3335
1998-09-08,1.91675
1998-09-09,1.791625
1998-09-10,1.3335
1998-09-11,1.33325
1998-09-12,2.625
1998-09-13,1.416625
1998-09-14,0.83325
1998-09-15,1.333375
1998-09-16,1.000125
1998-09-17,1.416625
1998-09-18,3.4582500000000005
1998-09-19,1.95825
1998-09-20,1.083375
1998-09-21,2.1667499999999995
1998-09-22,1.58325
1998-09-23,2.5
1998-09-24,3.625
1998-09-25,6.0
1998-09-26,2.9582499999999996
1998-09-27,2.33325
1998-09-28,1.166625
1998-09-29,1.75
1998-09-30,1.958375
1998-10-01,3.6248749999999994
1998-10-02,4.166625
1998-10-03,2.375
1998-10-04,0.791625
1998-10-05,0.6665000000000001
1998-10-06,0.6665000000000001
1998-10-07,3.6667499999999995
1998-10-08,2.9582500000000005
1998-10-09,3.041625
1998-10-10,1.7915
1998-10-11,1.54175
1998-10-12,1.083375
1998-10-13,1.2085
1998-10-14,0.4581250000000001
1998-10-15,0.8748750000000001
1998-10-16,0.66675
1998-10-17,2.083375
1998-10-18,2.20825
1998-10-19,5.33325
1998-10-20,3.375
1998-10-21,3.5
1998-10-22,3.375
1998-10-23,2.8748749999999994
1998-10-24,2.5
1998-10-25,2.4165
1998-10-26,0.9998750000000001
1998-10-27,2.0001249999999997
1998-10-28,2.166625
1998-10-29,2.458375
1998-10-30,1.124875
1998-10-31,1.0
1998-11-01,0.8751249999999999
1998-11-02,1.0831250000000001
1998-11-03,1.583375
1998-11-04,1.41675
1998-11-05,1.958375
1998-11-06,3.416625
1998-11-07,3.708375
1998-11-08,4.875
1998-11-09,5.750125
1998-11-10,1.333375
1998-11-11,0.625
1998-11-12,0.833375
1998-11-13,5.500125000000001
1998-11-14,4.5
1998-11-15,2.20825
1998-11-16,1.875
1998-11-17,1.291625
1998-11-18,1.999875
1998-11-19,1.875
1998-11-20,2.166625
1998-11-21,1.624875
1998-11-22,1.5415
1998-11-23,2.5
1998-11-24,3.0
1998-11-25,2.66675
1998-11-26,2.374875
1998-11-27,2.04175
1998-11-28,1.541625
1998-11-29,1.874875
1998-11-30,3.0832499999999996
1998-12-01,2.4165
1998-12-02,1.125
1998-12-03,1.7500000000000002
1998-12-04,2.3332499999999996
1998-12-05,2.75
1998-12-06,1.874875
1998-12-07,1.833375
1998-12-08,0.9584999999999999
1998-12-09,1.5
1998-12-10,1.541625
1998-12-11,4.25
1998-12-12,1.70825
1998-12-13,0.708125
1998-12-14,1.375
1998-12-15,1.2502499999999999
1998-12-16,2.3332499999999996
1998-12-17,0.041625
1998-12-18,0.58325
1998-12-19,1.833375
1998-12-20,2.6252500000000003
1998-12-21,0.833375
1998-12-22,1.0
1998-12-23,1.583375
1998-12-24,0.95825
1998-12-25,2.58325
1998-12-26,2.8332500000000005
1998-12-27,0.45825000000000005
1998-12-28,1.5
1998-12-29,3.375
1998-12-30,1.541625
1998-12-31,0.8751249999999999
1999-01-01,1.58325
1999-01-02,1.7915
1999-01-03,1.04175
1999-01-04,1.750125
1999-01-05,1.9165
1999-01-06,2.2915
1999-01-07,2.083375
1999-01-08,3.166625
1999-01-09,2.333375
1999-01-10,1.45825
1999-01-11,1.5
1999-01-12,1.33325
1999-01-13,3.8748750000000003
1999-01-14,3.916625
1999-01-15,3.333375
1999-01-16,1.9163750000000002
1999-01-17,1.458375
1999-01-18,1.08325
1999-01-19,0.95825
1999-01-20,1.666625
1999-01-21,1.375
1999-01-22,2.45825
1999-01-23,3.3748750000000003
1999-01-24,3.083375
1999-01-25,2.08325
1999-01-26,1.208375
1999-01-27,2.2083749999999998
1999-01-28,1.79175
1999-01-29,1.95825
1999-01-30,0.9998750000000001
1999-01-31,0.7917500000000001
1999-02-01,0.041625
1999-02-02,0.20825
1999-02-03,1.416625
1999-02-04,2.083375
1999-02-05,2.2501249999999997
1999-02-06,2.6251249999999997
1999-02-07,2.708375
1999-02-08,1.54175
1999-02-09,0.7501249999999999
1999-02-10,1.416625
1999-02-11,3.41675
1999-02-12,3.7082499999999996
1999-02-13,1.91675
1999-02-14,1.79175
1999-02-15,2.9167500000000004
1999-02-16,0.958375
1999-02-17,2.7501249999999997
1999-02-18,5.875125
1999-02-19,4.5
1999-02-20,0.7498750000000001
1999-02-21,0.8332499999999999
1999-02-22,1.5415
1999-02-23,1.999875
1999-02-24,2.083375
1999-02-25,1.375125
1999-02-26,0.25
1999-02-27,1.04175
1999-02-28,2.458375
1999-03-01,4.583375
1999-03-02,3.2501250000000006
1999-03-03,2.9167499999999995
1999-03-04,4.0835
1999-03-05,2.7501250000000006
1999-03-06,2.541625
1999-03-07,3.5001249999999997
1999-03-08,2.458375
1999-03-09,3.4582499999999996
1999-03-10,3.875
1999-03-11,2.9166250000000002
1999-03-12,2.4998750000000003
1999-03-13,1.4165
1999-03-14,2.9167500000000004
1999-03-15,2.6251250000000006
1999-03-16,0.7915
1999-03-17,1.16675
1999-03-18,1.625
1999-03-19,1.583375
1999-03-20,1.249875
1999-03-21,1.125
1999-03-22,0.6248750000000001
1999-03-23,1.4585000000000001
1999-03-24,0.83325
1999-03-25,1.58325
1999-03-26,1.45825
1999-03-27,1.0
1999-03-28,1.583375
1999-03-29,3.9167500000000004
1999-03-30,3.583375
1999-03-31,2.9167499999999995
1999-04-01,1.999875
1999-04-02,2.2915
1999-04-03,2.333375
1999-04-04,2.7498750000000003
1999-04-05,2.4166250000000002
1999-04-06,2.0835
1999-04-07,2.4167499999999995
1999-04-08,1.791625
1999-04-09,1.458375
1999-04-10,3.0001249999999997
1999-04-11,2.20825
1999-04-12,1.625
1999-04-13,0.83325
1999-04-14,1.66675
1999-04-15,0.874875
1999-04-16,2.8335
1999-04-17,4.0832500000000005
1999-04-18,1.66675
1999-04-19,2.375
1999-04-20,3.7082499999999996
1999-04-21,2.416625
1999-04-22,1.04175
1999-04-23,1.2085
1999-04-24,1.4165
1999-04-25,1.124875
1999-04-26,1.5415
1999-04-27,2.5417500000000004
1999-04-28,3.25
1999-04-29,3.666625
1999-04-30,3.666625
1999-05-01,3.5
1999-05-02,2.541625
1999-05-03,1.95825
1999-05-04,1.041625
1999-05-05,1.583375
1999-05-06,2.2085
1999-05-07,1.875125
1999-05-08,1.041625
1999-05-09,1.208375
1999-05-10,1.083375
1999-05-11,0.24975
1999-05-12,2.0416250000000002
1999-05-13,3.6251249999999997
1999-05-14,1.874875
1999-05-15,1.58325
1999-05-16,0.791625
1999-05-17,0.5415
1999-05-18,3.875
1999-05-19,2.291625
1999-05-20,1.875125
1999-05-21,1.291625
1999-05-22,0.750125
1999-05-23,1.875
1999-05-24,2.41675
1999-05-25,2.833375
1999-05-26,1.66675
1999-05-27,1.708375
1999-05-28,1.8331250000000001
1999-05-29,0.83325
1999-05-30,1.08325
1999-05-31,0.541625
1999-06-01,1.5415
1999-06-02,1.9165
1999-06-03,1.66675
1999-06-04,2.041625
1999-06-05,1.0
1999-06-06,0.708375
1999-06-07,1.208375
1999-06-08,2.7498750000000003
1999-06-09,2.6667499999999995
1999-06-10,1.0418749999999999
1999-06-11,1.04175
1999-06-12,1.2081250000000001
1999-06-13,1.16675
1999-06-14,0.49987500000000007
1999-06-15,1.2081250000000001
1999-06-16,1.75
1999-06-17,1.5415
1999-06-18,1.66675
1999-06-19,1.04175
1999-06-20,0.58325
1999-06-21,0.416625
1999-06-22,0.45825000000000005
1999-06-23,1.125
1999-06-24,1.16675
1999-06-25,0.79175
1999-06-26,3.208375
1999-06-27,3.583375
1999-06-28,3.291499999999999
1999-06-29,1.791625
1999-06-30,0.666625
1999-07-01,1.5
1999-07-02,3.8332499999999996
1999-07-03,1.875
1999-07-04,0.33325000000000005
1999-07-05,0.625
1999-07-06,1.875125
1999-07-07,1.08325
1999-07-08,1.66675
1999-07-09,0.8751249999999999
1999-07-10,0.958375
1999-07-11,0.958375
1999-07-12,2.3332500000000005
1999-07-13,1.04175
1999-07-14,1.04175
1999-07-15,2.1666250000000002
1999-07-16,0.958375
1999-07-17,0.791625
1999-07-18,1.0
1999-07-19,0.8751249999999999
1999-07-20,1.16675
1999-07-21,2.3335
1999-07-22,3.75
1999-07-23,2.4166250000000002
1999-07-24,2.458375
1999-07-25,2.0
1999-07-26,1.58325
1999-07-27,1.29175
1999-07-28,1.91675
1999-07-29,1.458375
1999-07-30,4.375
1999-07-31,3.625
1999-08-01,1.45825
1999-08-02,1.583375
1999-08-03,1.16675
1999-08-04,2.08325
1999-08-05,1.749875
1999-08-06,2.708375
1999-08-07,2.16675
1999-08-08,1.5418749999999999
1999-08-09,2.4582499999999996
1999-08-10,1.1247500000000001
1999-08-11,1.54175
1999-08-12,1.9168749999999999
1999-08-13,1.958375
1999-08-14,1.083375
1999-08-15,2.9165
1999-08-16,3.833375
1999-08-17,3.9582499999999996
1999-08-18,3.95825
1999-08-19,3.7916250000000007
1999-08-20,4.29175
1999-08-21,1.291625
1999-08-22,2.125
1999-08-23,4.083375
1999-08-24,4.0
1999-08-25,1.916625
1999-08-26,2.75
1999-08-27,2.7498749999999994
1999-08-28,2.7085
1999-08-29,2.25
1999-08-30,3.5001250000000006
1999-08-31,3.4998750000000003
1999-09-01,3.416625
1999-09-02,2.1251249999999997
1999-09-03,2.7498750000000003
1999-09-04,2.541625
1999-09-05,1.458375
1999-09-06,1.41675
1999-09-07,3.0417499999999995
1999-09-08,1.916625
1999-09-09,2.041875
1999-09-10,3.0415
1999-09-11,2.0001249999999997
1999-09-12,3.833375
1999-09-13,4.833375
1999-09-14,3.4167500000000004
1999-09-15,3.6252500000000003
1999-09-16,3.9166250000000007
1999-09-17,2.9582499999999996
1999-09-18,2.4585
1999-09-19,2.2085
1999-09-20,2.041625
1999-09-21,2.333375
1999-09-22,4.04175
1999-09-23,2.999875
1999-09-24,1.249875
1999-09-25,0.833375
1999-09-26,2.333375
1999-09-27,4.791625
1999-09-28,3.875
1999-09-29,3.7498749999999994
1999-09-30,3.7082499999999996
1999-10-01,2.125
1999-10-02,2.6667500000000004
1999-10-03,2.083375
1999-10-04,3.083375
1999-10-05,3.208375
1999-10-06,1.45825
1999-10-07,1.291625
1999-10-08,1.66675
1999-10-09,1.500125
1999-10-10,4.16675
1999-10-11,4.041625
1999-10-12,4.874874999999999
1999-10-13,3.6667499999999995
1999-10-14,4.166625
1999-10-15,4.083375
1999-10-16,3.8335
1999-10-17,3.2917499999999995
1999-10-18,1.58325
1999-10-19,1.20825
1999-10-20,0.7501249999999999
1999-10-21,3.125
1999-10-22,5.75
1999-10-23,4.166625
1999-10-24,3.916625
1999-10-25,2.916625
1999-10-26,2.2501249999999997
1999-10-27,3.2501249999999997
1999-10-28,3.166625
1999-10-29,2.16675
1999-10-30,1.583375
1999-10-31,2.29175
1999-11-01,2.291625
1999-11-02,1.75
1999-11-03,1.249875
1999-11-04,1.208375
1999-11-05,1.08325
1999-11-06,2.16675
1999-11-07,4.08325
1999-11-08,4.125125
1999-11-09,4.083374999999999
1999-11-10,3.2498750000000003
1999-11-11,3.875
1999-11-12,2.45825
1999-11-13,4.58325
1999-11-14,2.5835
1999-11-15,1.20825
1999-11-16,2.6667500000000004
1999-11-17,2.583375
1999-11-18,3.166625
1999-11-19,2.5
1999-11-20,1.958375
1999-11-21,2.5
1999-11-22,2.291625
1999-11-23,3.1667499999999995
1999-11-24,3.3748750000000003
1999-11-25,3.125
1999-11-26,0.916625
1999-11-27,0.37487500000000007
1999-11-28,2.166625
1999-11-29,1.08325
1999-11-30,2.3748750000000003
1999-12-01,1.249875
1999-12-02,1.16675
1999-12-03,3.0001249999999997
1999-12-04,4.08325
1999-12-05,3.4585
1999-12-06,3.2082499999999996
1999-12-07,3.0832499999999996
1999-12-08,2.875
1999-12-09,2.833375
1999-12-10,2.291625
1999-12-11,1.666625
1999-12-12,2.25
1999-12-13,3.374999999999999
1999-12-14,0.666625
1999-12-15,0.708125
1999-12-16,1.375125
1999-12-17,1.833375
1999-12-18,1.541625
1999-12-19,1.25
1999-12-20,0.708375
1999-12-21,0.5
1999-12-22,0.12487500000000001
1999-12-23,0.583375
1999-12-24,2.291625
1999-12-25,2.249875
1999-12-26,0.416625
1999-12-27,1.625125
1999-12-28,1.874875
1999-12-29,1.875
1999-12-30,2.041625
1999-12-31,4.375125
2000-01-01,4.08325
2000-01-02,3.1665
2000-01-03,2.625
2000-01-04,2.7498750000000003
2000-01-05,3.3748750000000003
2000-01-06,3.2915
2000-01-07,2.33325
2000-01-08,1.29175
2000-01-09,0.6665000000000001
2000-01-10,1.54175
2000-01-11,3.416625
2000-01-12,2.333375
2000-01-13,2.1666250000000002
2000-01-14,1.875
2000-01-15,1.541625
2000-01-16,1.5
2000-01-17,0.58325
2000-01-18,0.708375
2000-01-19,1.125
2000-01-20,2.375
2000-01-21,0.291625
2000-01-22,3.24975
2000-01-23,3.2501250000000006
2000-01-24,2.7082499999999996
2000-01-25,1.791625
2000-01-26,1.83325
2000-01-27,2.9998750000000003
2000-01-28,4.20825
2000-01-29,4.2082500000000005
2000-01-30,2.958375
2000-01-31,2.45825
2000-02-01,2.041625
2000-02-02,2.0
2000-02-03,2.208375
2000-02-04,1.333375
2000-02-05,1.9165
2000-02-06,4.333375
2000-02-07,4.16675
2000-02-08,2.9585
2000-02-09,2.375125
2000-02-10,2.416625
2000-02-11,3.125
2000-02-12,5.125
2000-02-13,2.916625
2000-02-14,4.291625
2000-02-15,3.041625
2000-02-16,1.791625
2000-02-17,1.4168749999999999
2000-02-18,0.208125
2000-02-19,0.7501249999999999
2000-02-20,1.083375
2000-02-21,3.3752500000000003
2000-02-22,1.500125
2000-02-23,2.16675
2000-02-24,4.125125
2000-02-25,3.4582499999999996
2000-02-26,3.041625
2000-02-27,2.7498749999999994
2000-02-28,3.0
2000-02-29,1.6665
2000-03-01,3.4998749999999994
2000-03-02,2.04175
2000-03-03,1.249875
2000-03-04,0.7501249999999999
2000-03-05,1.5
2000-03-06,2.625
2000-03-07,3.125
2000-03-08,2.7917500000000004
2000-03-09,1.04175
2000-03-10,1.95825
2000-03-11,2.5833749999999993
2000-03-12,3.25
2000-03-13,0.958375
2000-03-14,1.500125
2000-03-15,0.33325000000000005
2000-03-16,0.375
2000-03-17,1.125
2000-03-18,1.333375
2000-03-19,1.875125
2000-03-20,1.25
2000-03-21,0.916625
2000-03-22,2.625
2000-03-23,2.7082499999999996
2000-03-24,2.3748750000000003
2000-03-25,1.95825
2000-03-26,0.8333750000000001
2000-03-27,0.958375
2000-03-28,0.958375
2000-03-29,1.58325
2000-03-30,2.5415
2000-03-31,3.6667500000000004
2000-04-01,2.666625
2000-04-02,2.875
2000-04-03,2.16675
2000-04-04,3.333375
2000-04-05,1.91675
2000-04-06,4.70825
2000-04-07,5.04175
2000-04-08,2.416625
2000-04-09,2.875
2000-04-10,3.333375
2000-04-11,2.125
2000-04-12,1.666625
2000-04-13,1.25
2000-04-14,0.49987500000000007
2000-04-15,1.5
2000-04-16,3.458125
2000-04-17,2.375
2000-04-18,1.333375
2000-04-19,2.4585000000000004
2000-04-20,2.7082500000000005
2000-04-21,2.0835
2000-04-22,1.375125
2000-04-23,1.58325
2000-04-24,3.2082499999999996
2000-04-25,1.41675
2000-04-26,0.4585
2000-04-27,2.66675
2000-04-28,2.7498749999999994
2000-04-29,2.666875
2000-04-30,2.3332500000000005
2000-05-01,2.958375
2000-05-02,3.375
2000-05-03,2.916625
2000-05-04,1.75
2000-05-05,2.291625
2000-05-06,2.375
2000-05-07,1.333375
2000-05-08,0.9585
2000-05-09,1.958375
2000-05-10,1.416625
2000-05-11,1.083125
2000-05-12,2.75
2000-05-13,2.791625
2000-05-14,2.0
2000-05-15,2.541625
2000-05-16,3.04175
2000-05-17,3.25
2000-05-18,1.583375
2000-05-19,1.874875
2000-05-20,1.125
2000-05-21,1.458375
2000-05-22,1.999875
2000-05-23,3.208375
2000-05-24,5.958375
2000-05-25,4.000125
2000-05-26,2.833125
2000-05-27,2.083375
2000-05-28,2.208375
2000-05-29,3.458375
2000-05-30,3.583375
2000-05-31,2.04175
2000-06-01,1.875125
2000-06-02,1.625
2000-06-03,2.5
2000-06-04,2.16675
2000-06-05,3.75
2000-06-06,2.70825
2000-06-07,2.4585
2000-06-08,5.166625
2000-06-09,1.3331250000000001
2000-06-10,3.5417500000000004
2000-06-11,3.5001250000000006
2000-06-12,2.91675
2000-06-13,2.333375
2000-06-14,3.875
2000-06-15,3.416875
2000-06-16,1.16675
2000-06-17,1.5
2000-06-18,2.041625
2000-06-19,1.5
2000-06-20,1.666625
2000-06-21,1.41675
2000-06-22,2.416625
2000-06-23,3.5832499999999996
2000-06-24,2.541625
2000-06-25,1.2085
2000-06-26,4.4582500000000005
2000-06-27,3.208375
2000-06-28,2.20825
2000-06-29,1.791625
2000-06-30,1.0831250000000001
2000-07-01,1.70825
2000-07-02,1.083375
2000-07-03,2.0001249999999997
2000-07-04,2.0
2000-07-05,2.083375
2000-07-06,1.416625
2000-07-07,1.375
2000-07-08,1.583375
2000-07-09,1.500125
2000-07-10,3.2917500000000004
2000-07-11,4.2913749999999995
2000-07-12,1.9585
2000-07-13,3.75
2000-07-14,4.5
2000-07-15,6.250125000000001
2000-07-16,4.250125000000001
2000-07-17,2.0415
2000-07-18,2.4998750000000003
2000-07-19,2.416625
2000-07-20,4.20825
2000-07-21,1.70825
2000-07-22,2.58325
2000-07-23,3.125
2000-07-24,1.1665
2000-07-25,1.416625
2000-07-26,3.208375
2000-07-27,1.54175
2000-07-28,3.8751249999999997
2000-07-29,3.7501249999999997
2000-07-30,2.0
2000-07-31,3.08325
2000-08-01,2.541625
2000-08-02,2.3748750000000003
2000-08-03,2.291625
2000-08-04,3.2082500000000005
2000-08-05,3.666625
2000-08-06,3.0415
2000-08-07,1.833375
2000-08-08,1.791625
2000-08-09,1.333375
2000-08-10,3.541625
2000-08-11,4.79175
2000-08-12,6.541625
2000-08-13,2.8751250000000006
2000-08-14,2.125
2000-08-15,1.875
2000-08-16,1.83325
2000-08-17,1.708375
2000-08-18,0.75
2000-08-19,0.9998750000000001
2000-08-20,1.0
2000-08-21,2.3335
2000-08-22,0.58325
2000-08-23,1.5415
2000-08-24,1.833375
2000-08-25,0.708375
2000-08-26,1.208375
2000-08-27,1.708375
2000-08-28,3.5415
2000-08-29,4.29175
2000-08-30,2.666625
2000-08-31,2.8332499999999996
2000-09-01,3.0835
2000-09-02,3.6248749999999994
2000-09-03,1.5835
2000-09-04,2.6251249999999997
2000-09-05,1.7915
2000-09-06,2.20825
2000-09-07,3.0
2000-09-08,3.166875
2000-09-09,1.33325
2000-09-10,1.0
2000-09-11,0.9998750000000001
2000-09-12,3.4582499999999996
2000-09-13,1.91675
2000-09-14,1.125125
2000-09-15,1.958375
2000-09-16,3.75
2000-09-17,4.541625
2000-09-18,5.29175
2000-09-19,3.833375
2000-09-20,2.4585000000000004
2000-09-21,2.2085
2000-09-22,1.66675
2000-09-23,1.66675
2000-09-24,1.999875
2000-09-25,3.333375
2000-09-26,3.7083749999999993
2000-09-27,2.583375
2000-09-28,2.333375
2000-09-29,1.79175
2000-09-30,4.95825
2000-10-01,2.500125
2000-10-02,1.999875
2000-10-03,3.8332499999999996
2000-10-04,5.041625
2000-10-05,6.583375
2000-10-06,0.91675
2000-10-07,1.125
2000-10-08,0.5415
2000-10-09,0.916625
2000-10-10,2.041625
2000-10-11,2.625
2000-10-12,1.541625
2000-10-13,3.833375
2000-10-14,4.833374999999999
2000-10-15,2.0001249999999997
2000-10-16,2.166625
2000-10-17,2.458375
2000-10-18,2.2085
2000-10-19,2.166625
2000-10-20,0.625
2000-10-21,0.70825
2000-10-22,2.6667500000000004
2000-10-23,2.875
2000-10-24,2.125
2000-10-25,1.54175
2000-10-26,2.0
2000-10-27,1.124875
2000-10-28,2.875
2000-10-29,4.0
2000-10-30,2.625125
2000-10-31,2.6667499999999995
2000-11-01,1.7081250000000001
2000-11-02,0.8751249999999999
2000-11-03,0.83325
2000-11-04,3.8751250000000006
2000-11-05,2.791625
2000-11-06,4.958375
2000-11-07,4.458375
2000-11-08,3.083375
2000-11-09,2.583375
2000-11-10,4.374874999999999
2000-11-11,2.9998750000000003
2000-11-12,3.375
2000-11-13,2.166625
2000-11-14,1.2918749999999999
2000-11-15,1.0
2000-11-16,0.625
2000-11-17,0.583375
2000-11-18,1.08325
2000-11-19,1.75
2000-11-20,1.958375
2000-11-21,2.291625
2000-11-22,2.04175
2000-11-23,1.5002499999999999
2000-11-24,2.333375
2000-11-25,1.458375
2000-11-26,3.541875
2000-11-27,4.500125000000001
2000-11-28,4.166625
2000-11-29,4.75
2000-11-30,1.625125
2000-12-01,1.5
2000-12-02,0.79175
2000-12-03,2.291625
2000-12-04,2.1251249999999997
2000-12-05,1.20825
2000-12-06,1.75
2000-12-07,2.9582499999999996
2000-12-08,3.3332499999999996
2000-12-09,3.2498749999999994
2000-12-10,2.5
2000-12-11,2.0001249999999997
2000-12-12,1.33325
2000-12-13,1.125125
2000-12-14,0.58325
2000-12-15,0.4583750000000001
2000-12-16,0.749875
2000-12-17,2.0415
2000-12-18,2.2085
2000-12-19,1.33325
2000-12-20,0.66675
2000-12-21,0.958375
2000-12-22,1.29175
2000-12-23,3.166625
2000-12-24,1.29175
2000-12-25,1.541625
2000-12-26,1.375
2000-12-27,1.874875
2000-12-28,1.4165
2000-12-29,1.45825
2000-12-30,0.79175
2000-12-31,0.45825000000000005
2001-01-01,0.541625
2001-01-02,0.791625
2001-01-03,1.916625
2001-01-04,2.458125
2001-01-05,1.0833750000000002
2001-01-06,1.0
2001-01-07,1.25
2001-01-08,2.16675
2001-01-09,1.333375
2001-01-10,1.208125
2001-01-11,1.6668749999999999
2001-01-12,1.541625
2001-01-13,1.5
2001-01-14,1.916625
2001-01-15,1.541625
2001-01-16,1.33325
2001-01-17,1.58325
2001-01-18,1.041625
2001-01-19,1.08325
2001-01-20,2.125
2001-01-21,3.2917500000000004
2001-01-22,2.666625
2001-01-23,2.875
2001-01-24,3.208375
2001-01-25,1.375125
2001-01-26,2.458375
2001-01-27,1.0835
2001-01-28,1.875
2001-01-29,2.5
2001-01-30,0.70825
2001-01-31,2.91675
2001-02-01,2.041625
2001-02-02,1.33325
2001-02-03,0.249875
2001-02-04,0.291625
2001-02-05,0.6667500000000001
2001-02-06,2.75
2001-02-07,1.583375
2001-02-08,1.54175
2001-02-09,1.3332499999999998
2001-02-10,1.499875
2001-02-11,1.666625
2001-02-12,1.375
2001-02-13,3.75
2001-02-14,3.3751249999999997
2001-02-15,1.33325
2001-02-16,0.75
2001-02-17,0.58325
2001-02-18,0.583375
2001-02-19,1.125
2001-02-20,1.7085
2001-02-21,1.625
2001-02-22,1.333375
2001-02-23,2.291625
2001-02-24,0.91675
2001-02-25,0.541625
2001-02-26,2.0
2001-02-27,2.2917500000000004
2001-02-28,1.833375
2001-03-01,1.458375
2001-03-02,2.041625
2001-03-03,2.8335
2001-03-04,3.2917499999999995
2001-03-05,2.958375
2001-03-06,1.833375
2001-03-07,2.083375
2001-03-08,1.5835000000000001
2001-03-09,1.58325
2001-03-10,1.375
2001-03-11,0.916625
2001-03-12,2.1665
2001-03-13,2.166625
2001-03-14,1.7915
2001-03-15,0.45825000000000005
2001-03-16,0.45825000000000005
2001-03-17,1.0415
2001-03-18,1.875
2001-03-19,3.8332499999999996
2001-03-20,5.5417499999999995
2001-03-21,1.625
2001-03-22,2.083375
2001-03-23,4.0
2001-03-24,2.3332499999999996
2001-03-25,1.500125
2001-03-26,0.8751249999999999
2001-03-27,3.5
2001-03-28,4.375
2001-03-29,3.5001249999999997
2001-03-30,2.625
2001-03-31,7.624999999999999
2001-04-01,4.375
2001-04-02,3.541875
2001-04-03,1.666625
2001-04-04,3.166625
2001-04-05,3.2082499999999996
2001-04-06,2.6667499999999995
2001-04-07,3.2501250000000006
2001-04-08,4.833375
2001-04-09,3.333375
2001-04-10,2.3751249999999997
2001-04-11,4.625
2001-04-12,4.041625000000001
2001-04-13,4.29175
2001-04-14,3.2498750000000003
2001-04-15,2.666625
2001-04-16,1.9165
2001-04-17,1.624875
2001-04-18,4.083375
2001-04-19,1.541625
2001-04-20,1.54175
2001-04-21,1.70825
2001-04-22,4.333375
2001-04-23,2.833125
2001-04-24,1.499875
2001-04-25,1.58325
2001-04-26,1.625125
2001-04-27,1.08325
2001-04-28,4.2917499999999995
2001-04-29,2.41675
2001-04-30,0.291625
2001-05-01,0.79175
2001-05-02,1.208375
2001-05-03,1.583375
2001-05-04,1.66675
2001-05-05,0.583375
2001-05-06,1.20825
2001-05-07,2.5001250000000006
2001-05-08,2.7498750000000003
2001-05-09,4.583374999999999
2001-05-10,3.4167500000000004
2001-05-11,1.45825
2001-05-12,4.0415
2001-05-13,3.7497499999999997
2001-05-14,2.083375
2001-05-15,2.41675
2001-05-16,1.833375
2001-05-17,1.583375
2001-05-18,1.791625
2001-05-19,1.8335
2001-05-20,1.375
2001-05-21,0.8335
2001-05-22,1.8332499999999998
2001-05-23,2.208125
2001-05-24,1.25
2001-05-25,1.666625
2001-05-26,1.2085
2001-05-27,1.5415
2001-05-28,3.2082499999999996
2001-05-29,1.875
2001-05-30,0.6665
2001-05-31,0.5
2001-06-01,1.958375
2001-06-02,3.4582499999999996
2001-06-03,1.666625
2001-06-04,1.83325
2001-06-05,1.250125
2001-06-06,1.6665
2001-06-07,2.125
2001-06-08,1.875
2001-06-09,3.458375
2001-06-10,3.125
2001-06-11,1.95825
2001-06-12,1.125
2001-06-13,2.04175
2001-06-14,1.41675
2001-06-15,1.58325
2001-06-16,1.250125
2001-06-17,1.625
2001-06-18,4.291625
2001-06-19,2.4165
2001-06-20,2.4167500000000004
2001-06-21,2.6667499999999995
2001-06-22,1.249875
2001-06-23,1.2497500000000001
2001-06-24,1.91675
2001-06-25,1.5
2001-06-26,2.5415
2001-06-27,1.166625
2001-06-28,0.333125
2001-06-29,0.66675
2001-06-30,1.6665
2001-07-01,1.7085
2001-07-02,1.041625
2001-07-03,1.499875
2001-07-04,1.58325
2001-07-05,2.583375
2001-07-06,1.95825
2001-07-07,1.25
2001-07-08,2.625
2001-07-09,1.749875
2001-07-10,2.0415
2001-07-11,1.583375
2001-07-12,1.75
2001-07-13,1.375
2001-07-14,2.333375
2001-07-15,2.1251249999999997
2001-07-16,2.75
2001-07-17,2.916625
2001-07-18,2.0
2001-07-19,1.70825
2001-07-20,1.1665
2001-07-21,1.083375
2001-07-22,2.20825
2001-07-23,2.25
2001-07-24,2.583375
2001-07-25,3.4165
2001-07-26,2.2085
2001-07-27,1.666625
2001-07-28,0.5415
2001-07-29,1.458375
2001-07-30,1.70825
2001-07-31,3.7917500000000004
2001-08-01,2.125125
2001-08-02,1.45825
2001-08-03,2.5
2001-08-04,1.70825
2001-08-05,3.2917500000000004
2001-08-06,3.1665
2001-08-07,1.791625
2001-08-08,1.5
2001-08-09,1.791625
2001-08-10,1.625125
2001-08-11,0.91675
2001-08-12,2.33325
2001-08-13,3.416625
2001-08-14,2.375
2001-08-15,1.375125
2001-08-16,0.7084999999999999
2001-08-17,3.5832499999999996
2001-08-18,2.8332499999999996
2001-08-19,1.7915
2001-08-20,1.500125
2001-08-21,2.5417500000000004
2001-08-22,3.2082499999999996
2001-08-23,1.833375
2001-08-24,0.666625
2001-08-25,2.08325
2001-08-26,2.375
2001-08-27,2.416625
2001-08-28,2.333375
2001-08-29,1.416625
2001-08-30,2.1251249999999997
2001-08-31,2.583375
2001-09-01,1.083375
2001-09-02,1.083375
2001-09-03,3.0832499999999996
2001-09-04,2.9165
2001-09-05,1.7915
2001-09-06,1.375
2001-09-07,0.6251249999999999
2001-09-08,1.45825
2001-09-09,1.0
2001-09-10,0.791625
2001-09-11,1.916625
2001-09-12,2.6251249999999997
2001-09-13,2.8333749999999993
2001-09-14,1.9581250000000001
2001-09-15,3.416875
2001-09-16,1.875
2001-09-17,1.54175
2001-09-18,2.041875
2001-09-19,1.958375
2001-09-20,1.16675
2001-09-21,0.958375
2001-09-22,1.9165
2001-09-23,4.208375
2001-09-24,1.9168749999999999
2001-09-25,2.583375
2001-09-26,3.375125
2001-09-27,2.3332499999999996
2001-09-28,2.875
2001-09-29,3.875
2001-09-30,3.625
2001-10-01,4.833375
2001-10-02,4.958375
2001-10-03,5.41675
2001-10-04,3.083375
2001-10-05,1.70825
2001-10-06,1.75
2001-10-07,0.75
2001-10-08,2.958375
2001-10-09,3.041625
2001-10-10,1.875
2001-10-11,3.0
2001-10-12,4.083375
2001-10-13,2.375
2001-10-14,2.66675
2001-10-15,2.16675
2001-10-16,1.91675
2001-10-17,1.041625
2001-10-18,0.75
2001-10-19,1.91675
2001-10-20,2.4582499999999996
2001-10-21,4.0
2001-10-22,6.083375
2001-10-23,2.5832499999999996
2001-10-24,0.33325000000000005
2001-10-25,1.666625
2001-10-26,1.16675
2001-10-27,1.375125
2001-10-28,4.500125
2001-10-29,2.9167500000000004
2001-10-30,1.749875
2001-10-31,2.1665
2001-11-01,3.3751249999999997
2001-11-02,1.16675
2001-11-03,0.33325000000000005
2001-11-04,1.291625
2001-11-05,2.791625
2001-11-06,6.75
2001-11-07,2.9167500000000004
2001-11-08,1.541625
2001-11-09,1.25
2001-11-10,1.625
2001-11-11,1.33325
2001-11-12,0.5415
2001-11-13,1.000125
2001-11-14,0.66675
2001-11-15,1.541625
2001-11-16,1.874875
2001-11-17,2.75
2001-11-18,2.416625
2001-11-19,3.3748750000000003
2001-11-20,1.499875
2001-11-21,1.041625
2001-11-22,2.208375
2001-11-23,2.75
2001-11-24,5.8332500000000005
2001-11-25,1.9585
2001-11-26,1.0835
2001-11-27,0.458375
2001-11-28,0.541625
2001-11-29,0.6665
2001-11-30,0.49987499999999996
2001-12-01,1.62525
2001-12-02,1.20825
2001-12-03,1.874875
2001-12-04,2.375
2001-12-05,2.375
2001-12-06,2.54175
2001-12-07,1.625
2001-12-08,1.54175
2001-12-09,0.625
2001-12-10,0.833375
2001-12-11,1.041875
2001-12-12,2.583125
2001-12-13,0.875
2001-12-14,1.16675
2001-12-15,2.20825
2001-12-16,2.33325
2001-12-17,3.000125
2001-12-18,2.16675
2001-12-19,2.041625
2001-12-20,1.166625
2001-12-21,2.625
2001-12-22,2.0
2001-12-23,1.75
2001-12-24,3.5832500000000005
2001-12-25,2.1251249999999997
2001-12-26,1.5
2001-12-27,1.708375
2001-12-28,1.208375
2001-12-29,2.5
2001-12-30,3.3332500000000005
2001-12-31,2.7498750000000003
2002-01-01,1.916625
2002-01-02,1.91675
2002-01-03,0.500125
2002-01-04,0.6668749999999999
2002-01-05,0.49975000000000014
2002-01-06,0.499875
2002-01-07,1.70825
2002-01-08,2.16675
2002-01-09,0.583375
2002-01-10,2.9998750000000003
2002-01-11,3.916499999999999
2002-01-12,3.1251249999999997
2002-01-13,2.7498750000000003
2002-01-14,2.0
2002-01-15,1.83325
2002-01-16,0.8751249999999999
2002-01-17,2.1248750000000003
2002-01-18,1.20825
2002-01-19,2.5417500000000004
2002-01-20,2.2501249999999997
2002-01-21,2.54175
2002-01-22,1.583375
2002-01-23,2.083375
2002-01-24,0.8748750000000001
2002-01-25,2.0835
2002-01-26,1.95825
2002-01-27,1.958375
2002-01-28,1.875
2002-01-29,1.125125
2002-01-30,0.583375
2002-01-31,1.33325
2002-02-01,2.7082499999999996
2002-02-02,3.2082499999999996
2002-02-03,1.125
2002-02-04,1.416625
2002-02-05,3.4582500000000005
2002-02-06,3.5417499999999995
2002-02-07,2.916625
2002-02-08,2.541625
2002-02-09,2.458375
2002-02-10,2.083375
2002-02-11,2.8332500000000005
2002-02-12,2.0413750000000004
2002-02-13,2.4582499999999996
2002-02-14,0.583375
2002-02-15,0.833375
2002-02-16,1.20825
2002-02-17,2.45825
2002-02-18,2.2501249999999997
2002-02-19,1.41675
2002-02-20,1.9585
2002-02-21,2.0
2002-02-22,1.833375
2002-02-23,1.0
2002-02-24,1.416625
2002-02-25,1.666625
2002-02-26,2.0001249999999997
2002-02-27,1.375125
2002-02-28,3.5
2002-03-01,1.79175
2002-03-02,1.4581250000000001
2002-03-03,2.416625
2002-03-04,2.3751249999999997
2002-03-05,3.4998750000000003
2002-03-06,3.166625
2002-03-07,2.125
2002-03-08,1.0415
2002-03-09,1.16675
2002-03-10,1.7915
2002-03-11,2.2083749999999998
2002-03-12,2.5
2002-03-13,1.25
2002-03-14,0.58325
2002-03-15,1.124875
2002-03-16,0.791625
2002-03-17,0.375
2002-03-18,2.375
2002-03-19,2.6666250000000002
2002-03-20,1.6665
2002-03-21,1.791625
2002-03-22,1.458375
2002-03-23,2.29175
2002-03-24,4.666625
2002-03-25,1.708375
2002-03-26,2.541625
2002-03-27,0.8751249999999999
2002-03-28,0.54175
2002-03-29,0.9998750000000001
2002-03-30,3.3748750000000003
2002-03-31,3.416625
2002-04-01,3.2082499999999996
2002-04-02,2.5832499999999996
2002-04-03,2.791625
2002-04-04,1.3752499999999999
2002-04-05,0.7497500000000001
2002-04-06,0.95825
2002-04-07,1.75
2002-04-08,0.41675000000000006
2002-04-09,0.708375
2002-04-10,1.33325
2002-04-11,2.9163749999999995
2002-04-12,3.0001249999999997
2002-04-13,3.2082499999999996
2002-04-14,2.2914999999999996
2002-04-15,1.45825
2002-04-16,1.625125
2002-04-17,4.75
2002-04-18,5.2917499999999995
2002-04-19,5.25
2002-04-20,5.333375
2002-04-21,1.375
2002-04-22,2.29175
2002-04-23,3.541499999999999
2002-04-24,1.83325
2002-04-25,0.66675
2002-04-26,0.708125
2002-04-27,2.2498750000000003
2002-04-28,3.3332499999999996
2002-04-29,2.125
2002-04-30,1.75
2002-05-01,0.875
2002-05-02,1.25
2002-05-03,1.291625
2002-05-04,1.1668749999999999
2002-05-05,0.70825
2002-05-06,1.75
2002-05-07,1.95825
2002-05-08,1.958375
2002-05-09,1.458375
2002-05-10,2.875
2002-05-11,4.0417499999999995
2002-05-12,2.8333749999999993
2002-05-13,1.791625
2002-05-14,4.0835
2002-05-15,2.541625
2002-05-16,1.833375
2002-05-17,1.2915
2002-05-18,2.0415
2002-05-19,1.791625
2002-05-20,2.291625
2002-05-21,2.0
2002-05-22,1.958375
2002-05-23,4.7917499999999995
2002-05-24,0.37487499999999996
2002-05-25,0.9165
2002-05-26,1.6665
2002-05-27,3.458375
2002-05-28,2.2498750000000003
2002-05-29,1.625125
2002-05-30,1.541625
2002-05-31,0.7501249999999999
2002-06-01,0.83325
2002-06-02,3.041625
2002-06-03,2.166625
2002-06-04,2.708375
2002-06-05,1.5415
2002-06-06,1.124875
2002-06-07,1.249875
2002-06-08,2.4585
2002-06-09,2.0835
2002-06-10,2.7917500000000004
2002-06-11,2.08325
2002-06-12,1.625125
2002-06-13,1.83325
2002-06-14,1.0001250000000002
2002-06-15,0.9167500000000001
2002-06-16,1.875125
2002-06-17,1.125
2002-06-18,2.083375
2002-06-19,2.5
2002-06-20,1.375125
2002-06-21,1.7915
2002-06-22,1.458375
2002-06-23,2.20825
2002-06-24,1.375
2002-06-25,1.875
2002-06-26,1.291625
2002-06-27,0.458125
2002-06-28,0.49987500000000007
2002-06-29,1.2915
2002-06-30,2.666625
2002-07-01,2.708375
2002-07-02,1.166625
2002-07-03,0.916875
2002-07-04,1.041625
2002-07-05,2.4998750000000003
2002-07-06,3.6248750000000003
2002-07-07,1.9165
2002-07-08,1.875
2002-07-09,2.708375
2002-07-10,1.875
2002-07-11,1.333375
2002-07-12,3.16675
2002-07-13,1.583375
2002-07-14,0.5
2002-07-15,1.041625
2002-07-16,2.458375
2002-07-17,3.25
2002-07-18,1.16675
2002-07-19,1.95825
2002-07-20,3.041625
2002-07-21,3.166625
2002-07-22,3.041625
2002-07-23,3.0417500000000004
2002-07-24,1.79175
2002-07-25,2.6251249999999997
2002-07-26,2.66675
2002-07-27,3.2082499999999996
2002-07-28,2.41675
2002-07-29,2.166625
2002-07-30,1.58325
2002-07-31,1.708375
2002-08-01,3.541625
2002-08-02,4.458375
2002-08-03,2.7501249999999997
2002-08-04,2.4582500000000005
2002-08-05,1.166625
2002-08-06,0.916625
2002-08-07,1.125
2002-08-08,1.541625
2002-08-09,2.583375
2002-08-10,2.8335
2002-08-11,2.5
2002-08-12,2.5835
2002-08-13,2.0
2002-08-14,2.541875
2002-08-15,3.2498750000000003
2002-08-16,2.291625
2002-08-17,1.95825
2002-08-18,2.8748750000000003
2002-08-19,4.041625
2002-08-20,3.416625
2002-08-21,3.9582500000000005
2002-08-22,1.79175
2002-08-23,1.66675
2002-08-24,1.083375
2002-08-25,1.29175
2002-08-26,2.958375
2002-08-27,2.7501249999999997
2002-08-28,1.83325
2002-08-29,1.875
2002-08-30,1.91675
2002-08-31,1.791625
2002-09-01,2.333375
2002-09-02,1.833375
2002-09-03,1.5
2002-09-04,4.583375000000001
2002-09-05,1.833375
2002-09-06,1.83325
2002-09-07,4.208375
2002-09-08,3.4167500000000004
2002-09-09,1.79175
2002-09-10,3.5417500000000004
2002-09-11,3.708375
2002-09-12,2.875
2002-09-13,2.3332499999999996
2002-09-14,1.916625
2002-09-15,1.625
2002-09-16,1.374875
2002-09-17,2.3751249999999997
2002-09-18,2.8751249999999997
2002-09-19,2.79175
2002-09-20,1.0
2002-09-21,1.54175
2002-09-22,1.708375
2002-09-23,0.41674999999999995
2002-09-24,0.583125
2002-09-25,0.499875
2002-09-26,1.3335
2002-09-27,1.458375
2002-09-28,1.20825
2002-09-29,0.875
2002-09-30,3.833375
2002-10-01,5.00025
2002-10-02,4.416625
2002-10-03,4.500125
2002-10-04,5.25
2002-10-05,3.8748749999999994
2002-10-06,2.79175
2002-10-07,4.875125000000001
2002-10-08,4.124874999999999
2002-10-09,3.291625
2002-10-10,2.916625
2002-10-11,1.66675
2002-10-12,1.54175
2002-10-13,1.375125
2002-10-14,3.5835
2002-10-15,3.2085
2002-10-16,2.91675
2002-10-17,2.6667500000000004
2002-10-18,2.8332500000000005
2002-10-19,2.7917500000000004
2002-10-20,2.3751249999999997
2002-10-21,2.0835
2002-10-22,2.2085
2002-10-23,2.33325
2002-10-24,5.458375
2002-10-25,4.45825
2002-10-26,3.958375
2002-10-27,3.7501249999999997
2002-10-28,3.291625
2002-10-29,2.875125
2002-10-30,2.875
2002-10-31,3.3748750000000003
2002-11-01,1.83325
2002-11-02,3.958375
2002-11-03,4.41675
2002-11-04,3.6667500000000004
2002-11-05,3.708375
2002-11-06,3.583125
2002-11-07,2.708375
2002-11-08,1.20825
2002-11-09,1.291875
2002-11-10,2.833375
2002-11-11,2.541625
2002-11-12,3.0
2002-11-13,2.625125
2002-11-14,2.083375
2002-11-15,2.625
2002-11-16,1.541625
2002-11-17,1.583375
2002-11-18,2.291625
2002-11-19,2.83325
2002-11-20,3.20825
2002-11-21,4.95825
2002-11-22,3.8335
2002-11-23,3.083375
2002-11-24,3.0
2002-11-25,3.0
2002-11-26,2.33325
2002-11-27,3.458375
2002-11-28,2.6667499999999995
2002-11-29,2.8332499999999996
2002-11-30,3.083375
2002-12-01,3.291625
2002-12-02,2.7501249999999997
2002-12-03,2.4585
2002-12-04,2.5835
2002-12-05,2.16675
2002-12-06,2.166625
2002-12-07,3.291625
2002-12-08,2.541625
2002-12-09,1.333375
2002-12-10,1.249875
2002-12-11,1.125
2002-12-12,1.2081250000000001
2002-12-13,1.166625
2002-12-14,2.7082499999999996
2002-12-15,1.95825
2002-12-16,1.375125
2002-12-17,0.666625
2002-12-18,0.6667500000000001
2002-12-19,3.75
2002-12-20,3.4165
2002-12-21,3.0001249999999997
2002-12-22,2.2915
2002-12-23,3.70825
2002-12-24,3.2501249999999997
2002-12-25,2.625
2002-12-26,2.7917500000000004
2002-12-27,4.416625
2002-12-28,3.3332499999999996
2002-12-29,2.708375
2002-12-30,2.5
2002-12-31,1.666625
2003-01-01,1.83325
2003-01-02,1.5835
2003-01-03,2.8751249999999997
2003-01-04,2.9582500000000005
2003-01-05,1.875125
2003-01-06,1.0
2003-01-07,1.54175
2003-01-08,1.000125
2003-01-09,0.666625
2003-01-10,2.541625
2003-01-11,1.958375
2003-01-12,2.08325
2003-01-13,1.66675
2003-01-14,2.08325
2003-01-15,1.708375
2003-01-16,1.25
2003-01-17,1.708375
2003-01-18,2.6251249999999997
2003-01-19,3.2498750000000003
2003-01-20,3.1667500000000004
2003-01-21,3.333375
2003-01-22,3.25
2003-01-23,3.1665
2003-01-24,3.208375
2003-01-25,3.833375
2003-01-26,3.375
2003-01-27,2.0001249999999997
2003-01-28,2.541625
2003-01-29,2.875
2003-01-30,3.6667500000000004
2003-01-31,3.0417500000000004
2003-02-01,2.41675
2003-02-02,5.16675
2003-02-03,3.5417500000000004
2003-02-04,4.000125000000001
2003-02-05,2.8335
2003-02-06,2.875
2003-02-07,2.7497499999999997
2003-02-08,3.083375
2003-02-09,3.333125
2003-02-10,2.916625
2003-02-11,2.166625
2003-02-12,2.6248750000000003
2003-02-13,1.54175
2003-02-14,3.375
2003-02-15,3.583375
2003-02-16,3.20825
2003-02-17,2.625
2003-02-18,3.333125
2003-02-19,2.70825
2003-02-20,3.20825
2003-02-21,2.75
2003-02-22,2.5
2003-02-23,2.4998750000000003
2003-02-24,1.541875
2003-02-25,1.2085
2003-02-26,2.791625
2003-02-27,4.08325
2003-02-28,3.083375
2003-03-01,2.833375
2003-03-02,2.54175
2003-03-03,3.2915
2003-03-04,4.333374999999999
2003-03-05,3.3332499999999996
2003-03-06,3.9583749999999993
2003-03-07,2.9165
2003-03-08,1.9997500000000001
2003-03-09,2.416625
2003-03-10,3.0001249999999997
2003-03-11,2.5
2003-03-12,2.041625
2003-03-13,2.625125
2003-03-14,3.458375
2003-03-15,3.875
2003-03-16,3.9582500000000005
2003-03-17,4.625125000000001
2003-03-18,3.8335
2003-03-19,2.6248750000000003
2003-03-20,3.583375
2003-03-21,4.0
2003-03-22,2.958375
2003-03-23,3.5001249999999997
2003-03-24,1.541625
2003-03-25,0.7916249999999999
2003-03-26,1.791625
2003-03-27,3.7917499999999995
2003-03-28,3.75
2003-03-29,4.416625
2003-03-30,4.54175
2003-03-31,4.416625
2003-04-01,3.125
2003-04-02,3.75
2003-04-03,3.1248749999999994
2003-04-04,4.041625
2003-04-05,3.958375
2003-04-06,2.125125
2003-04-07,1.250125
2003-04-08,3.5
2003-04-09,3.4998749999999994
2003-04-10,3.666625
2003-04-11,2.791625
2003-04-12,2.0415
2003-04-13,2.083125
2003-04-14,3.0
2003-04-15,3.0835
2003-04-16,4.25
2003-04-17,3.8751250000000006
2003-04-18,3.458125
2003-04-19,2.25
2003-04-20,2.7917500000000004
2003-04-21,3.583375
2003-04-22,3.6667500000000004
2003-04-23,3.2501249999999997
2003-04-24,3.8332500000000005
2003-04-25,4.25
2003-04-26,2.9998750000000003
2003-04-27,2.791625
2003-04-28,2.625
2003-04-29,3.2501249999999997
2003-04-30,4.749875
2003-05-01,4.54175
2003-05-02,2.75
2003-05-03,2.2498750000000003
2003-05-04,1.45825
2003-05-05,2.666625
2003-05-06,3.8332500000000005
2003-05-07,4.5
2003-05-08,4.583375
2003-05-09,4.041625
2003-05-10,4.08325
2003-05-11,3.9585
2003-05-12,3.4165
2003-05-13,3.7501249999999997
2003-05-14,4.0
2003-05-15,3.6248749999999994
2003-05-16,2.04175
2003-05-17,1.666625
2003-05-18,1.75
2003-05-19,2.33325
2003-05-20,2.29175
2003-05-21,3.5
2003-05-22,3.7498750000000003
2003-05-23,2.9998750000000003
2003-05-24,3.5001249999999997
2003-05-25,3.041625
2003-05-26,3.041625
2003-05-27,3.9167500000000004
2003-05-28,4.333375
2003-05-29,5.708374999999999
2003-05-30,5.0
2003-05-31,2.7498750000000003
2003-06-01,3.5001250000000006
2003-06-02,4.416625
2003-06-03,4.0
2003-06-04,3.5832499999999996
2003-06-05,2.4582499999999996
2003-06-06,2.708375
2003-06-07,3.8333749999999993
2003-06-08,4.375
2003-06-09,3.8332499999999996
2003-06-10,3.541625
2003-06-11,2.708375
2003-06-12,1.8331250000000001
2003-06-13,1.791625
2003-06-14,3.958375
2003-06-15,3.2501250000000006
2003-06-16,4.375
2003-06-17,4.95825
2003-06-18,5.2085
2003-06-19,2.833375
2003-06-20,2.5
2003-06-21,3.4585
2003-06-22,2.6251249999999997
2003-06-23,3.25
2003-06-24,3.5415
2003-06-25,3.0417500000000004
2003-06-26,3.1248750000000003
2003-06-27,4.16675
2003-06-28,4.54175
2003-06-29,3.7917500000000004
2003-06-30,3.083375
2003-07-01,2.041625
2003-07-02,2.583375
2003-07-03,3.083375
2003-07-04,3.583375
2003-07-05,3.25
2003-07-06,2.2498750000000003
2003-07-07,2.375
2003-07-08,0.666625
2003-07-09,0.958375
2003-07-10,1.791625
2003-07-11,5.0
2003-07-12,4.416625
2003-07-13,2.7498750000000003
2003-07-14,2.70825
2003-07-15,3.7501249999999997
2003-07-16,4.874875
2003-07-17,3.1667499999999995
2003-07-18,2.7501249999999997
2003-07-19,3.9582499999999996
2003-07-20,3.1667500000000004
2003-07-21,1.583375
2003-07-22,1.624875
2003-07-23,2.208375
2003-07-24,1.624875
2003-07-25,1.7915
2003-07-26,3.8747499999999997
2003-07-27,3.4167500000000004
2003-07-28,3.166625
2003-07-29,4.45825
2003-07-30,3.9998750000000003
2003-07-31,4.375125000000001
2003-08-01,4.49975
2003-08-02,3.5
2003-08-03,2.791625
2003-08-04,2.166625
2003-08-05,1.583375
2003-08-06,3.7917500000000004
2003-08-07,3.3751249999999997
2003-08-08,4.249874999999999
2003-08-09,2.83325
2003-08-10,2.16675
2003-08-11,2.25
2003-08-12,3.875
2003-08-13,2.8335
2003-08-14,2.8748750000000003
2003-08-15,2.5415
2003-08-16,2.041875
2003-08-17,2.4998750000000003
2003-08-18,6.541625
2003-08-19,3.0417500000000004
2003-08-20,2.833375
2003-08-21,5.291625
2003-08-22,4.91675
2003-08-23,4.375
2003-08-24,3.3332499999999996
2003-08-25,3.3332499999999996
2003-08-26,2.29175
2003-08-27,2.208375
2003-08-28,3.2915
2003-08-29,2.625
2003-08-30,2.6665
2003-08-31,1.66675
2003-09-01,2.5832499999999996
2003-09-02,2.5
2003-09-03,3.0
2003-09-04,3.5832499999999996
2003-09-05,2.9582499999999996
2003-09-06,2.20825
2003-09-07,0.9998750000000001
2003-09-08,1.25
2003-09-09,3.4165
2003-09-10,3.333375
2003-09-11,2.75
2003-09-12,2.2082499999999996
2003-09-13,1.7915
2003-09-14,1.124875
2003-09-15,0.95825
2003-09-16,4.291625
2003-09-17,5.624875
2003-09-18,5.04175
2003-09-19,4.541625
2003-09-20,3.8752500000000003
2003-09-21,3.2498749999999994
2003-09-22,3.041625
2003-09-23,2.9165
2003-09-24,4.625125000000001
2003-09-25,4.0832500000000005
2003-09-26,3.0
2003-09-27,1.166625
2003-09-28,0.9998750000000001
2003-09-29,1.083375
2003-09-30,1.16675
2003-10-01,2.041625
2003-10-02,1.875
2003-10-03,3.04175
2003-10-04,1.249875
2003-10-05,1.125
2003-10-06,2.0415
2003-10-07,2.916625
2003-10-08,1.7085
2003-10-09,1.499875
2003-10-10,0.5835
2003-10-11,0.416625
2003-10-12,0.874875
2003-10-13,2.9167500000000004
2003-10-14,5.166499999999999
2003-10-15,4.708375
2003-10-16,4.041499999999999
2003-10-17,4.04175
2003-10-18,3.8332499999999996
2003-10-19,4.45825
2003-10-20,4.375
2003-10-21,4.999999999999999
2003-10-22,4.125
2003-10-23,1.375
2003-10-24,3.583375
2003-10-25,2.958375
2003-10-26,2.125
2003-10-27,2.374875
2003-10-28,3.7501249999999997
2003-10-29,7.291875000000001
2003-10-30,7.0
2003-10-31,6.291625
2003-11-01,3.75
2003-11-02,3.291625
2003-11-03,2.75
2003-11-04,3.75
2003-11-05,1.45825
2003-11-06,2.5001249999999997
2003-11-07,1.916625
2003-11-08,1.875
2003-11-09,3.8751249999999997
2003-11-10,3.958500000000001
2003-11-11,5.458375
2003-11-12,4.04175
2003-11-13,5.041625
2003-11-14,4.500125000000001
2003-11-15,4.541625
2003-11-16,4.666625
2003-11-17,4.625
2003-11-18,3.8332499999999996
2003-11-19,2.5415
2003-11-20,6.29175
2003-11-21,4.083500000000001
2003-11-22,3.833375
2003-11-23,3.5417500000000004
2003-11-24,2.7082499999999996
2003-11-25,2.9165
2003-11-26,2.125
2003-11-27,1.5
2003-11-28,1.416625
2003-11-29,1.625
2003-11-30,2.458375
2003-12-01,2.2498750000000003
2003-12-02,1.58325
2003-12-03,0.8335
2003-12-04,1.333375
2003-12-05,4.5
2003-12-06,3.6667499999999995
2003-12-07,2.791625
2003-12-08,4.375125
2003-12-09,4.08325
2003-12-10,4.666625
2003-12-11,4.625
2003-12-12,3.833375
2003-12-13,3.9167500000000004
2003-12-14,3.875
2003-12-15,3.791875
2003-12-16,2.416875
2003-12-17,1.708375
2003-12-18,0.7501249999999999
2003-12-19,0.29175
2003-12-20,2.6248750000000003
2003-12-21,3.7498750000000003
2003-12-22,3.2915
2003-12-23,1.999875
2003-12-24,1.625125
2003-12-25,1.25
2003-12-26,1.833375
2003-12-27,2.333375
2003-12-28,2.75
2003-12-29,1.25
2003-12-30,1.4581250000000001
2003-12-31,3.0832499999999996
2004-01-01,3.791875
2004-01-02,2.9582499999999996
2004-01-03,3.5832499999999996
2004-01-04,3.6251249999999997
2004-01-05,3.8332499999999996
2004-01-06,3.29175
2004-01-07,4.041625
2004-01-08,1.666625
2004-01-09,3.5832500000000005
2004-01-10,3.791625
2004-01-11,3.0417499999999995
2004-01-12,1.95825
2004-01-13,3.291625
2004-01-14,2.5417500000000004
2004-01-15,3.0
2004-01-16,4.0
2004-01-17,3.291625
2004-01-18,3.1667499999999995
2004-01-19,3.208375
2004-01-20,3.2917500000000004
2004-01-21,2.916625
2004-01-22,5.333375
2004-01-23,4.70825
2004-01-24,3.1248750000000003
2004-01-25,4.499875
2004-01-26,3.208375
2004-01-27,3.1665
2004-01-28,3.4585
2004-01-29,2.083375
2004-01-30,3.333375
2004-01-31,2.2085000000000004
2004-02-01,2.333125
2004-02-02,3.083375
2004-02-03,3.458375
2004-02-04,2.958375
2004-02-05,2.625
2004-02-06,3.3751250000000006
2004-02-07,1.833375
2004-02-08,0.91675
2004-02-09,1.66675
2004-02-10,1.625
2004-02-11,3.1667500000000004
2004-02-12,4.08325
2004-02-13,3.833375
2004-02-14,3.4585
2004-02-15,3.5835
2004-02-16,1.458375
2004-02-17,1.041625
2004-02-18,1.875
2004-02-19,1.791625
2004-02-20,1.125
2004-02-21,1.70825
2004-02-22,2.0001249999999997
2004-02-23,2.2915
2004-02-24,2.541625
2004-02-25,1.583375
2004-02-26,0.70825
2004-02-27,2.375
2004-02-28,3.291625
2004-02-29,3.5832499999999996
2004-03-01,3.4165
2004-03-02,3.4582500000000005
2004-03-03,2.5832499999999996
2004-03-04,1.625
2004-03-05,1.3335
2004-03-06,0.7498750000000001
2004-03-07,0.7501249999999999
2004-03-08,0.833375
2004-03-09,3.416625
2004-03-10,4.583375
2004-03-11,4.41675
2004-03-12,3.791875
2004-03-13,2.8332499999999996
2004-03-14,3.083
2004-03-15,2.9582499999999996
2004-03-16,2.2085
2004-03-17,1.54175
2004-03-18,2.416625
2004-03-19,1.625
2004-03-20,2.416625
2004-03-21,2.5416250000000002
2004-03-22,2.58325
2004-03-23,1.749875
2004-03-24,0.5831250000000001
2004-03-25,0.9998750000000001
2004-03-26,2.7501249999999997
2004-03-27,3.3748750000000003
2004-03-28,3.3332499999999996
2004-03-29,2.416625
2004-03-30,2.5414999999999996
2004-03-31,2.1665
2004-04-01,0.91675
2004-04-02,0.625
2004-04-03,4.125125
2004-04-04,2.3748750000000003
2004-04-05,2.7082499999999996
2004-04-06,3.666625
2004-04-07,2.625
2004-04-08,2.875
2004-04-09,2.875
2004-04-10,2.25
2004-04-11,2.2498750000000003
2004-04-12,2.2082499999999996
2004-04-13,1.7081250000000001
2004-04-14,1.000125
2004-04-15,1.5417500000000002
2004-04-16,2.7501249999999997
2004-04-17,1.874875
2004-04-18,2.0415
2004-04-19,1.500125
2004-04-20,1.041625
2004-04-21,1.6665
2004-04-22,1.083375
2004-04-23,3.333500000000001
2004-04-24,2.208125
2004-04-25,2.458375
2004-04-26,1.33325
2004-04-27,1.1668749999999999
2004-04-28,1.874875
2004-04-29,1.041625
2004-04-30,2.708375
2004-05-01,2.25
2004-05-02,1.5
2004-05-03,1.70825
2004-05-04,1.875
2004-05-05,2.875
2004-05-06,2.04175
2004-05-07,3.083375
2004-05-08,2.16675
2004-05-09,1.291625
2004-05-10,1.4585
2004-05-11,2.291625
2004-05-12,2.166625
2004-05-13,2.375
2004-05-14,1.375
2004-05-15,1.66675
2004-05-16,1.0002499999999999
2004-05-17,0.91675
2004-05-18,0.916625
2004-05-19,1.91675
2004-05-20,2.583375
2004-05-21,1.70825
2004-05-22,1.749875
2004-05-23,2.5001249999999997
2004-05-24,2.24975
2004-05-25,1.16675
2004-05-26,0.7917500000000001
2004-05-27,0.958375
2004-05-28,1.666625
2004-05-29,2.9582500000000005
2004-05-30,2.458375
2004-05-31,2.583375
2004-06-01,3.083375
2004-06-02,2.41675
2004-06-03,1.83325
2004-06-04,1.833375
2004-06-05,2.416625
2004-06-06,2.5
2004-06-07,1.833375
2004-06-08,2.20825
2004-06-09,2.7498750000000003
2004-06-10,2.083375
2004-06-11,1.208375
2004-06-12,0.7915000000000001
2004-06-13,0.8751249999999999
2004-06-14,2.16675
2004-06-15,3.125
2004-06-16,1.75
2004-06-17,1.83325
2004-06-18,2.1666250000000002
2004-06-19,1.166625
2004-06-20,0.8334999999999999
2004-06-21,0.958375
2004-06-22,0.5
2004-06-23,0.66675
2004-06-24,0.83325
2004-06-25,0.75
2004-06-26,1.750125
2004-06-27,0.75025
2004-06-28,2.708375
2004-06-29,3.333500000000001
2004-06-30,2.041625
2004-07-01,2.1665
2004-07-02,2.083375
2004-07-03,1.541625
2004-07-04,1.45825
2004-07-05,1.5415
2004-07-06,1.166625
2004-07-07,0.7082499999999999
2004-07-08,0.3747500000000001
2004-07-09,0.833125
2004-07-10,1.5
2004-07-11,2.875
2004-07-12,2.375
2004-07-13,2.7915
2004-07-14,1.625
2004-07-15,1.3751250000000002
2004-07-16,1.874875
2004-07-17,2.83325
2004-07-18,1.541625
2004-07-19,1.91675
2004-07-20,2.0001249999999997
2004-07-21,0.833375
2004-07-22,2.95825
2004-07-23,4.749874999999999
2004-07-24,4.16675
2004-07-25,7.291499999999999
2004-07-26,3.625
2004-07-27,7.58325
2004-07-28,2.9998750000000003
2004-07-29,1.499875
2004-07-30,1.6665
2004-07-31,1.791625
2004-08-01,1.75
2004-08-02,1.499875
2004-08-03,0.625
2004-08-04,0.583375
2004-08-05,1.333375
2004-08-06,1.1668749999999999
2004-08-07,2.8752500000000003
2004-08-08,0.70825
2004-08-09,2.6248750000000003
2004-08-10,2.9167499999999995
2004-08-11,2.4163750000000004
2004-08-12,1.875
2004-08-13,1.625
2004-08-14,1.875125
2004-08-15,0.8334999999999999
2004-08-16,1.25
2004-08-17,2.1665
2004-08-18,2.1251249999999997
2004-08-19,1.083375
2004-08-20,2.9998750000000003
2004-08-21,3.0417500000000004
2004-08-22,2.666625
2004-08-23,1.20825
2004-08-24,0.708375
2004-08-25,0.9998750000000001
2004-08-26,1.16675
2004-08-27,1.458375
2004-08-28,1.70825
2004-08-29,1.375
2004-08-30,4.166625
2004-08-31,3.791625
2004-09-01,1.833375
2004-09-02,1.458375
2004-09-03,0.541625
2004-09-04,0.5
2004-09-05,1.5832499999999998
2004-09-06,2.8335
2004-09-07,2.416625
2004-09-08,1.583375
2004-09-09,0.83325
2004-09-10,0.4585
2004-09-11,0.41674999999999995
2004-09-12,0.45825000000000005
2004-09-13,1.1665
2004-09-14,4.20825
2004-09-15,2.708375
2004-09-16,3.3751250000000006
2004-09-17,3.4585
2004-09-18,2.208375
2004-09-19,1.04175
2004-09-20,2.29175
2004-09-21,1.83325
2004-09-22,2.7917499999999995
2004-09-23,2.208125
2004-09-24,1.458375
2004-09-25,0.791625
2004-09-26,0.70825
2004-09-27,1.0
2004-09-28,1.583375
2004-09-29,1.08325
2004-09-30,0.58325
2004-10-01,0.750125
2004-10-02,2.458375
2004-10-03,2.41675
2004-10-04,2.541625
2004-10-05,0.958375
2004-10-06,0.70825
2004-10-07,0.37487500000000007
2004-10-08,1.375
2004-10-09,1.16675
2004-10-10,1.875
2004-10-11,2.4165
2004-10-12,1.958375
2004-10-13,4.249875
2004-10-14,3.625
2004-10-15,2.08325
2004-10-16,0.9168749999999999
2004-10-17,0.2915
2004-10-18,0.7498750000000001
2004-10-19,0.8749999999999999
2004-10-20,2.458375
2004-10-21,1.791625
2004-10-22,1.500125
2004-10-23,0.500125
2004-10-24,1.7501250000000002
2004-10-25,2.5415
2004-10-26,0.291625
2004-10-27,0.791625
2004-10-28,0.541625
2004-10-29,1.500125
2004-10-30,3.125
2004-10-31,2.583375
2004-11-01,1.291625
2004-11-02,1.125
2004-11-03,1.95825
2004-11-04,2.041625
2004-11-05,0.75
2004-11-06,0.16662500000000002
2004-11-07,3.833375
2004-11-08,6.25
2004-11-09,6.500125000000001
2004-11-10,7.041499999999999
2004-11-11,3.6248749999999994
2004-11-12,4.166625
2004-11-13,1.83325
2004-11-14,1.70825
2004-11-15,0.29150000000000004
2004-11-16,1.83325
2004-11-17,1.249875
2004-11-18,0.33325000000000005
2004-11-19,0.9167500000000001
2004-11-20,3.416875
2004-11-21,3.125
2004-11-22,1.83325
2004-11-23,1.500125
2004-11-24,2.08325
2004-11-25,3.375
2004-11-26,2.5835
2004-11-27,2.375
2004-11-28,2.7085
2004-11-29,3.166625
2004-11-30,3.166625
2004-12-01,2.375
2004-12-02,0.8748750000000001
2004-12-03,0.625
2004-12-04,0.0
2004-12-05,1.833375
2004-12-06,3.458375
2004-12-07,2.958375
2004-12-08,2.5
2004-12-09,1.916625
2004-12-10,2.3748750000000003
2004-12-11,2.58325
2004-12-12,3.916625
2004-12-13,1.791625
2004-12-14,1.7497500000000001
2004-12-15,1.58325
2004-12-16,2.58325
2004-12-17,3.1247499999999997
2004-12-18,2.5
2004-12-19,0.6251249999999999
2004-12-20,1.041625
2004-12-21,2.4585
2004-12-22,3.2915
2004-12-23,1.7081250000000001
2004-12-24,0.791625
2004-12-25,2.7082499999999996
2004-12-26,2.4585
2004-12-27,1.958375
2004-12-28,2.958125
2004-12-29,2.958375
2004-12-30,3.2085
2004-12-31,1.79175
2005-01-01,3.1248750000000003
2005-01-02,4.416625
2005-01-03,3.3335
2005-01-04,3.833125
2005-01-05,3.1665
2005-01-06,1.041625
2005-01-07,3.0
2005-01-08,3.75
2005-01-09,0.916625
2005-01-10,1.541625
2005-01-11,2.70825
2005-01-12,4.249875
2005-01-13,2.9167500000000004
2005-01-14,2.6248750000000003
2005-01-15,3.208375
2005-01-16,3.08325
2005-01-17,5.20825
2005-01-18,5.9167499999999995
2005-01-19,5.041625
2005-01-20,3.0
2005-01-21,4.33325
2005-01-22,4.000125
2005-01-23,3.333375
2005-01-24,2.250125
2005-01-25,0.958375
2005-01-26,0.54175
2005-01-27,0.49987500000000007
2005-01-28,1.5002499999999999
2005-01-29,3.3748750000000003
2005-01-30,3.041625
2005-01-31,3.125125
2005-02-01,1.29175
2005-02-02,2.0
2005-02-03,1.916625
2005-02-04,0.79175
2005-02-05,0.45825000000000005
2005-02-06,2.083375
2005-02-07,3.875
2005-02-08,4.20825
2005-02-09,3.833375
2005-02-10,3.5001249999999997
2005-02-11,2.58325
2005-02-12,1.125
2005-02-13,0.91675
2005-02-14,1.416625
2005-02-15,0.8748750000000001
2005-02-16,2.7915
2005-02-17,1.458375
2005-02-18,3.875
2005-02-19,2.916625
2005-02-20,2.6248750000000003
2005-02-21,1.375
2005-02-22,0.958375
2005-02-23,0.8332499999999999
2005-02-24,1.2081250000000001
2005-02-25,2.1665
2005-02-26,2.4582500000000005
2005-02-27,1.79175
2005-02-28,2.708375
2005-03-01,2.458125
2005-03-02,2.7498749999999994
2005-03-03,1.08325
2005-03-04,0.45825000000000005
2005-03-05,2.3748750000000003
2005-03-06,4.416625
2005-03-07,4.625
2005-03-08,4.0
2005-03-09,3.708375
2005-03-10,2.8333749999999993
2005-03-11,1.291625
2005-03-12,0.7917500000000001
2005-03-13,1.20825
2005-03-14,3.208375
2005-03-15,0.958375
2005-03-16,1.54175
2005-03-17,2.5832499999999996
2005-03-18,1.875125
2005-03-19,1.833375
2005-03-20,0.8748750000000001
2005-03-21,1.5831250000000001
2005-03-22,0.666625
2005-03-23,0.916625
2005-03-24,1.125125
2005-03-25,3.3335
2005-03-26,3.0001249999999997
2005-03-27,2.7917500000000004
2005-03-28,1.08325
2005-03-29,0.91675
2005-03-30,1.7085
2005-03-31,2.08325
2005-04-01,1.291625
2005-04-02,0.666625
2005-04-03,1.3335
2005-04-04,3.291625
2005-04-05,4.5
2005-04-06,2.3751249999999997
2005-04-07,1.66675
2005-04-08,0.7498750000000001
2005-04-09,0.6248750000000001
2005-04-10,0.49987499999999996
2005-04-11,1.958375
2005-04-12,4.0415
2005-04-13,4.125
2005-04-14,2.9998750000000003
2005-04-15,2.7085
2005-04-16,1.5
2005-04-17,1.041625
2005-04-18,1.708375
2005-04-19,1.75
2005-04-20,3.25
2005-04-21,0.583375
2005-04-22,1.833375
2005-04-23,1.416625
2005-04-24,1.9585
2005-04-25,1.958375
2005-04-26,0.5417500000000001
2005-04-27,0.33325000000000005
2005-04-28,0.5415
2005-04-29,2.083375
2005-04-30,3.7082499999999996
2005-05-01,3.583375
2005-05-02,1.83325
2005-05-03,2.125125
2005-05-04,1.166625
2005-05-05,1.041625
2005-05-06,1.041625
2005-05-07,1.91675
2005-05-08,5.75
2005-05-09,2.1251249999999997
2005-05-10,1.875
2005-05-11,2.33325
2005-05-12,2.875
2005-05-13,3.4167500000000004
2005-05-14,1.541625
2005-05-15,5.66675
2005-05-16,4.25
2005-05-17,2.958375
2005-05-18,1.874875
2005-05-19,1.833375
2005-05-20,3.458375
2005-05-21,3.2085
2005-05-22,2.0
2005-05-23,1.0835000000000001
2005-05-24,0.70825
2005-05-25,0.8748750000000001
2005-05-26,0.24975
2005-05-27,0.33325
2005-05-28,2.25
2005-05-29,3.125
2005-05-30,5.791625000000001
2005-05-31,2.7917500000000004
2005-06-01,1.54175
2005-06-02,1.5
2005-06-03,1.625125
2005-06-04,3.1248750000000003
2005-06-05,3.166625
2005-06-06,2.0835
2005-06-07,2.75
2005-06-08,1.041625
2005-06-09,1.125125
2005-06-10,0.583625
2005-06-11,1.125125
2005-06-12,4.458375
2005-06-13,3.833375
2005-06-14,2.2085
2005-06-15,2.8332499999999996
2005-06-16,3.4167499999999995
2005-06-17,2.5835
2005-06-18,1.45825
2005-06-19,1.166625
2005-06-20,0.708375
2005-06-21,0.291625
2005-06-22,1.375125
2005-06-23,4.79175
2005-06-24,1.999875
2005-06-25,2.33325
2005-06-26,1.6665
2005-06-27,0.8332499999999999
2005-06-28,0.916625
2005-06-29,1.2085
2005-06-30,1.499875
2005-07-01,2.541625
2005-07-02,2.5832499999999996
2005-07-03,1.875
2005-07-04,1.083375
2005-07-05,0.9165000000000001
2005-07-06,0.8751249999999999
2005-07-07,1.58325
2005-07-08,0.95825
2005-07-09,3.541625
2005-07-10,5.20825
2005-07-11,3.416625
2005-07-12,4.166499999999999
2005-07-13,3.916625
2005-07-14,1.58325
2005-07-15,1.166625
2005-07-16,2.08325
2005-07-17,3.3332499999999996
2005-07-18,3.333125
2005-07-19,1.75
2005-07-20,3.3332499999999996
2005-07-21,3.208375
2005-07-22,2.5415
2005-07-23,1.083375
2005-07-24,0.833375
2005-07-25,0.91675
2005-07-26,1.000125
2005-07-27,2.41675
2005-07-28,3.458375
2005-07-29,3.125
2005-07-30,2.208375
2005-07-31,1.833375
2005-08-01,2.8751249999999997
2005-08-02,2.16675
2005-08-03,1.999875
2005-08-04,2.083375
2005-08-05,1.708375
2005-08-06,4.083375
2005-08-07,2.791625
2005-08-08,1.66675
2005-08-09,2.125
2005-08-10,2.583375
2005-08-11,0.6248750000000001
2005-08-12,1.20825
2005-08-13,2.875
2005-08-14,1.7915
2005-08-15,1.416625
2005-08-16,2.916625
2005-08-17,2.708375
2005-08-18,2.6667499999999995
2005-08-19,1.583375
2005-08-20,0.7083750000000001
2005-08-21,1.750125
2005-08-22,2.12475
2005-08-23,1.875125
2005-08-24,5.70825
2005-08-25,3.458375
2005-08-26,1.54175
2005-08-27,1.25
2005-08-28,1.291625
2005-08-29,1.41675
2005-08-30,0.7082499999999999
2005-08-31,4.125
2005-09-01,2.541625
2005-09-02,4.25
2005-09-03,3.625000000000001
2005-09-04,3.6252500000000003
2005-09-05,2.5415
2005-09-06,1.875
2005-09-07,2.0832499999999996
2005-09-08,1.58325
2005-09-09,2.7498750000000003
2005-09-10,4.041625
2005-09-11,6.291625
2005-09-12,5.66675
2005-09-13,4.541875
2005-09-14,3.2498749999999994
2005-09-15,4.541625
2005-09-16,3.291625
2005-09-17,2.458375
2005-09-18,2.166875
2005-09-19,1.625125
2005-09-20,1.208375
2005-09-21,0.749875
2005-09-22,1.625
2005-09-23,1.500125
2005-09-24,0.49975
2005-09-25,1.1665
2005-09-26,2.958375
2005-09-27,2.4582499999999996
2005-09-28,2.4167500000000004
2005-09-29,1.750125
2005-09-30,1.9166249999999998
2005-10-01,2.7082499999999996
2005-10-02,2.8751250000000006
2005-10-03,1.66675
2005-10-04,0.7915000000000001
2005-10-05,0.8335
2005-10-06,0.9998750000000001
2005-10-07,2.3751249999999997
2005-10-08,3.7916250000000007
2005-10-09,2.25
2005-10-10,2.12525
2005-10-11,1.6668749999999999
2005-10-12,0.375
2005-10-13,0.9584999999999999
2005-10-14,0.49987500000000007
2005-10-15,0.458375
2005-10-16,1.749875
2005-10-17,2.541625
2005-10-18,1.375125
2005-10-19,1.70825
2005-10-20,0.58325
2005-10-21,0.374875
2005-10-22,1.45825
2005-10-23,0.5
2005-10-24,1.0414999999999999
2005-10-25,3.458375
2005-10-26,2.4167500000000004
2005-10-27,1.83325
2005-10-28,1.374875
2005-10-29,0.6665
2005-10-30,1.291625
2005-10-31,2.75
2005-11-01,2.1251249999999997
2005-11-02,1.7085000000000001
2005-11-03,3.708375
2005-11-04,3.3748749999999994
2005-11-05,2.708375
2005-11-06,2.833375
2005-11-07,1.750125
2005-11-08,0.7501249999999999
2005-11-09,0.7501249999999999
2005-11-10,0.5
2005-11-11,1.333375
2005-11-12,2.625
2005-11-13,2.833375
2005-11-14,2.083375
2005-11-15,1.166625
2005-11-16,0.6665
2005-11-17,0.458375
2005-11-18,0.9165000000000001
2005-11-19,1.83325
2005-11-20,1.91675
2005-11-21,1.083375
2005-11-22,1.6665
2005-11-23,1.9168749999999999
2005-11-24,2.25
2005-11-25,2.4582500000000005
2005-11-26,1.291625
2005-11-27,0.66675
2005-11-28,1.874875
2005-11-29,1.6252499999999999
2005-11-30,2.791625
2005-12-01,3.0001249999999997
2005-12-02,2.9998750000000003
2005-12-03,2.875
2005-12-04,1.54175
2005-12-05,0.6248750000000001
2005-12-06,0.5
2005-12-07,0.08325
2005-12-08,0.25
2005-12-09,1.208375
2005-12-10,2.666625
2005-12-11,3.4167499999999995
2005-12-12,2.58325
2005-12-13,1.375125
2005-12-14,0.66675
2005-12-15,0.45837500000000003
2005-12-16,1.70825
2005-12-17,0.91675
2005-12-18,0.875
2005-12-19,2.041625
2005-12-20,3.1248750000000003
2005-12-21,2.1666250000000002
2005-12-22,1.08325
2005-12-23,0.041625
2005-12-24,1.041625
2005-12-25,1.541625
2005-12-26,1.33325
2005-12-27,2.75
2005-12-28,3.2083749999999993
2005-12-29,2.75
2005-12-30,2.083375
2005-12-31,2.4582499999999996
2006-01-01,1.625125
2006-01-02,1.66675
2006-01-03,0.833375
2006-01-04,0.45825000000000005
2006-01-05,0.874875
2006-01-06,1.83325
2006-01-07,1.458375
2006-01-08,0.875
2006-01-09,0.125
2006-01-10,0.291625
2006-01-11,0.583375
2006-01-12,0.833375
2006-01-13,0.708375
2006-01-14,0.791625
2006-01-15,1.375
2006-01-16,2.583375
2006-01-17,2.083375
2006-01-18,2.33325
2006-01-19,2.04175
2006-01-20,1.7918749999999999
2006-01-21,1.083375
2006-01-22,1.333375
2006-01-23,3.0
2006-01-24,1.54175
2006-01-25,1.625125
2006-01-26,3.958125
2006-01-27,2.5
2006-01-28,1.625
2006-01-29,0.458375
2006-01-30,0.33325000000000005
2006-01-31,0.37487500000000007
2006-02-01,0.83325
2006-02-02,1.0835
2006-02-03,1.166625
2006-02-04,1.2915
2006-02-05,0.79175
2006-02-06,2.7501249999999997
2006-02-07,1.041625
2006-02-08,0.791625
2006-02-09,0.58325
2006-02-10,0.791625
2006-02-11,1.625
2006-02-12,1.25
2006-02-13,0.54175
2006-02-14,0.20825
2006-02-15,2.16675
2006-02-16,2.08325
2006-02-17,1.16675
2006-02-18,0.5834999999999999
2006-02-19,1.70825
2006-02-20,3.2498749999999994
2006-02-21,3.333375
2006-02-22,2.9166250000000007
2006-02-23,1.124875
2006-02-24,1.416625
2006-02-25,0.416625
2006-02-26,1.5
2006-02-27,0.958375
2006-02-28,1.166625
2006-03-01,1.8331250000000001
2006-03-02,0.625125
2006-03-03,0.6248750000000001
2006-03-04,0.625
2006-03-05,0.25
2006-03-06,2.041875
2006-03-07,2.125
2006-03-08,1.16675
2006-03-09,0.708375
2006-03-10,2.7082500000000005
2006-03-11,2.2082499999999996
2006-03-12,1.041625
2006-03-13,0.583375
2006-03-14,0.541625
2006-03-15,1.916625
2006-03-16,1.874875
2006-03-17,0.625
2006-03-18,3.583375
2006-03-19,4.375
2006-03-20,3.3332500000000005
2006-03-21,2.70825
2006-03-22,2.125
2006-03-23,0.91675
2006-03-24,1.0415
2006-03-25,1.5
2006-03-26,1.624875
2006-03-27,1.9165
2006-03-28,1.374875
2006-03-29,1.250125
2006-03-30,0.8748750000000001
2006-03-31,1.16675
2006-04-01,0.166625
2006-04-02,0.24987499999999999
2006-04-03,0.291625
2006-04-04,1.791625
2006-04-05,3.958375
2006-04-06,1.833375
2006-04-07,0.54175
2006-04-08,1.0
2006-04-09,4.791625000000001
2006-04-10,2.8751250000000006
2006-04-11,1.208375
2006-04-12,0.1665
2006-04-13,2.583375
2006-04-14,5.33325
2006-04-15,4.208375
2006-04-16,2.333375
2006-04-17,1.291625
2006-04-18,1.5
2006-04-19,0.5833750000000001
2006-04-20,1.125
2006-04-21,1.624875
2006-04-22,2.9582500000000005
2006-04-23,1.58325
2006-04-24,1.41675
2006-04-25,0.875
2006-04-26,0.7083750000000001
2006-04-27,1.041625
2006-04-28,2.0835
2006-04-29,0.45825000000000005
2006-04-30,0.0
2006-05-01,0.291625
2006-05-02,0.833375
2006-05-03,0.708375
2006-05-04,2.5001249999999997
2006-05-05,1.95825
2006-05-06,3.041625
2006-05-07,3.083375
2006-05-08,1.333375
2006-05-09,0.7498750000000001
2006-05-10,0.666625
2006-05-11,3.208375
2006-05-12,2.7498750000000003
2006-05-13,2.20825
2006-05-14,1.54175
2006-05-15,0.79175
2006-05-16,0.33325000000000005
2006-05-17,1.250125
2006-05-18,2.625
2006-05-19,1.625
2006-05-20,1.4585
2006-05-21,1.5
2006-05-22,1.91675
2006-05-23,1.124875
2006-05-24,0.8332499999999999
2006-05-25,0.833125
2006-05-26,0.79175
2006-05-27,0.4165
2006-05-28,1.29175
2006-05-29,0.58325
2006-05-30,1.79175
2006-05-31,1.250125
2006-06-01,2.333375
2006-06-02,1.499875
2006-06-03,1.000125
2006-06-04,0.37475
2006-06-05,0.6666250000000001
2006-06-06,3.4582499999999996
2006-06-07,3.4582500000000005
2006-06-08,3.2501250000000006
2006-06-09,2.125
2006-06-10,1.9165
2006-06-11,1.20825
2006-06-12,0.75
2006-06-13,0.5
2006-06-14,1.375
2006-06-15,3.4582500000000005
2006-06-16,1.958375
2006-06-17,1.95825
2006-06-18,1.3335
2006-06-19,0.541625
2006-06-20,0.70825
2006-06-21,0.41674999999999995
2006-06-22,1.291625
2006-06-23,0.33325000000000005
2006-06-24,0.541625
2006-06-25,0.91675
2006-06-26,0.29150000000000004
2006-06-27,1.166625
2006-06-28,2.7917500000000004
2006-06-29,2.4167500000000004
2006-06-30,1.875
2006-07-01,0.8748750000000001
2006-07-02,0.333125
2006-07-03,0.54175
2006-07-04,2.208375
2006-07-05,3.0832499999999996
2006-07-06,1.91675
2006-07-07,1.45825
2006-07-08,0.49987500000000007
2006-07-09,0.74975
2006-07-10,2.125
2006-07-11,1.5
2006-07-12,2.374875
2006-07-13,1.20825
2006-07-14,2.3332499999999996
2006-07-15,1.083375
2006-07-16,0.6248750000000001
2006-07-17,0.7085
2006-07-18,0.458375
2006-07-19,0.375
2006-07-20,0.541625
2006-07-21,0.2915
2006-07-22,0.875125
2006-07-23,0.8751249999999999
2006-07-24,1.333375
2006-07-25,1.5415
2006-07-26,1.0
2006-07-27,1.625125
2006-07-28,3.041625
2006-07-29,1.000125
2006-07-30,0.875
2006-07-31,2.79175
2006-08-01,2.5
2006-08-02,2.208375
2006-08-03,1.208375
2006-08-04,0.375
2006-08-05,0.6665000000000001
2006-08-06,0.666625
2006-08-07,4.04175
2006-08-08,2.2498750000000003
2006-08-09,2.08325
2006-08-10,0.791625
2006-08-11,1.291625
2006-08-12,1.416625
2006-08-13,0.33325000000000005
2006-08-14,0.541625
2006-08-15,0.666625
2006-08-16,0.58325
2006-08-17,1.25
2006-08-18,2.5417500000000004
2006-08-19,3.6252500000000003
2006-08-20,2.8332499999999996
2006-08-21,2.5417499999999995
2006-08-22,3.5415
2006-08-23,1.124875
2006-08-24,1.125
2006-08-25,0.2915
2006-08-26,0.6248750000000001
2006-08-27,2.8335
2006-08-28,2.541875
2006-08-29,1.91675
2006-08-30,1.624875
2006-08-31,1.875125
2006-09-01,2.7082499999999996
2006-09-02,1.6665
2006-09-03,1.499875
2006-09-04,3.0835
2006-09-05,2.1667499999999995
2006-09-06,1.749875
2006-09-07,1.95825
2006-09-08,0.99975
2006-09-09,0.37487500000000007
2006-09-10,1.1668749999999999
2006-09-11,1.541625
2006-09-12,1.33325
2006-09-13,1.2085
2006-09-14,1.041625
2006-09-15,0.08325
2006-09-16,0.666625
2006-09-17,2.541625
2006-09-18,3.625000000000001
2006-09-19,2.33325
2006-09-20,0.83325
2006-09-21,0.6251249999999999
2006-09-22,0.333125
2006-09-23,1.75
2006-09-24,3.4585
2006-09-25,1.874875
2006-09-26,1.750125
2006-09-27,0.7498750000000001
2006-09-28,0.83325
2006-09-29,0.958375
2006-09-30,2.541625
2006-10-01,3.375
2006-10-02,1.75
2006-10-03,1.79175
2006-10-04,0.875
2006-10-05,0.916625
2006-10-06,0.5
2006-10-07,1.9165
2006-10-08,1.54175
2006-10-09,1.041625
2006-10-10,0.41637500000000005
2006-10-11,0.666625
2006-10-12,1.29175
2006-10-13,3.8748749999999994
2006-10-14,3.6248750000000003
2006-10-15,2.2498750000000003
2006-10-16,1.666625
2006-10-17,0.7083749999999999
2006-10-18,0.875
2006-10-19,0.416625
2006-10-20,2.4582499999999996
2006-10-21,3.375
2006-10-22,2.7917499999999995
2006-10-23,0.833375
2006-10-24,1.125
2006-10-25,1.04175
2006-10-26,0.5417500000000001
2006-10-27,0.8748750000000001
2006-10-28,2.6667500000000004
2006-10-29,3.458375
2006-10-30,2.166625
2006-10-31,1.166625
2006-11-01,1.625125
2006-11-02,2.0
2006-11-03,1.7913750000000002
2006-11-04,1.958375
2006-11-05,1.208375
2006-11-06,0.458375
2006-11-07,0.0
2006-11-08,0.083375
2006-11-09,1.666625
2006-11-10,4.208375
2006-11-11,3.541625
2006-11-12,1.583375
2006-11-13,0.29175
2006-11-14,1.29175
2006-11-15,1.625
2006-11-16,1.375
2006-11-17,1.416625
2006-11-18,0.24987499999999999
2006-11-19,0.916625
2006-11-20,0.16662500000000002
2006-11-21,0.16675
2006-11-22,1.29175
2006-11-23,2.8748750000000003
2006-11-24,3.041625
2006-11-25,2.8751249999999997
2006-11-26,2.7915
2006-11-27,2.08325
2006-11-28,1.58325
2006-11-29,1.625125
2006-11-30,3.583375
2006-12-01,1.166875
2006-12-02,0.500125
2006-12-03,0.833375
2006-12-04,0.08325
2006-12-05,0.79175
2006-12-06,3.8751250000000006
2006-12-07,3.75
2006-12-08,3.666625
2006-12-09,1.79175
2006-12-10,3.0417500000000004
2006-12-11,2.6251249999999997
2006-12-12,3.83325
2006-12-13,1.666625
2006-12-14,4.0832500000000005
2006-12-15,5.750125000000001
2006-12-16,2.3748750000000003
2006-12-17,1.416625
2006-12-18,2.25
2006-12-19,2.7497499999999997
2006-12-20,3.708500000000001
2006-12-21,3.2082499999999996
2006-12-22,3.291625
2006-12-23,3.041625
2006-12-24,2.58325
2006-12-25,1.9165
2006-12-26,1.16675
2006-12-27,0.5
2006-12-28,0.5415
2006-12-29,0.541625
2006-12-30,0.666625
2006-12-31,0.33325
2007-01-01,2.04175
2007-01-02,3.625
2007-01-03,3.458375
2007-01-04,3.208375
2007-01-05,2.2500000000000004
2007-01-06,1.291625
2007-01-07,0.20825000000000002
2007-01-08,0.7498750000000001
2007-01-09,0.875
2007-01-10,1.58325
2007-01-11,1.70825
2007-01-12,0.5831250000000001
2007-01-13,0.0
2007-01-14,0.791625
2007-01-15,2.7917500000000004
2007-01-16,2.333375
2007-01-17,3.791625
2007-01-18,3.333125
2007-01-19,2.666625
2007-01-20,1.999875
2007-01-21,1.958375
2007-01-22,0.7084999999999999
2007-01-23,0.6665000000000001
2007-01-24,0.5
2007-01-25,0.49987499999999996
2007-01-26,0.66675
2007-01-27,0.8751249999999999
2007-01-28,1.166625
2007-01-29,3.7498750000000003
2007-01-30,3.75
2007-01-31,3.4165
2007-02-01,2.08325
2007-02-02,1.000125
2007-02-03,0.5835
2007-02-04,0.45825000000000005
2007-02-05,1.5
2007-02-06,1.500125
2007-02-07,2.708375
2007-02-08,2.1248750000000003
2007-02-09,1.333375
2007-02-10,1.041625
2007-02-11,0.500125
2007-02-12,1.749875
2007-02-13,3.166625
2007-02-14,3.2497499999999997
2007-02-15,2.666625
2007-02-16,1.958375
2007-02-17,2.125
2007-02-18,1.29175
2007-02-19,0.625
2007-02-20,0.375
2007-02-21,0.125
2007-02-22,0.54175
2007-02-23,0.625125
2007-02-24,0.4581250000000001
2007-02-25,0.7501249999999999
2007-02-26,1.208375
2007-02-27,2.166625
2007-02-28,3.583375
2007-03-01,2.2501250000000006
2007-03-02,1.08325
2007-03-03,0.333375
2007-03-04,0.8748750000000001
2007-03-05,2.1251249999999997
2007-03-06,3.0001249999999997
2007-03-07,3.1666250000000007
2007-03-08,1.0
2007-03-09,0.458375
2007-03-10,1.16675
2007-03-11,1.791625
2007-03-12,2.458375
2007-03-13,3.7082499999999996
2007-03-14,2.4998750000000003
2007-03-15,2.291625
2007-03-16,2.29175
2007-03-17,1.7085
2007-03-18,0.79175
2007-03-19,0.45825000000000005
2007-03-20,0.1665
2007-03-21,0.25
2007-03-22,0.70825
2007-03-23,2.12475
2007-03-24,3.0001249999999997
2007-03-25,2.12475
2007-03-26,2.166625
2007-03-27,2.375
2007-03-28,1.541625
2007-03-29,0.58325
2007-03-30,1.125
2007-03-31,0.833375
2007-04-01,4.08325
2007-04-02,3.541499999999999
2007-04-03,2.458375
2007-04-04,2.083375
2007-04-05,0.874875
2007-04-06,0.916625
2007-04-07,0.625
2007-04-08,0.625125
2007-04-09,2.0
2007-04-10,1.708375
2007-04-11,0.8748750000000001
2007-04-12,2.1667500000000004
2007-04-13,0.20825
2007-04-14,0.958375
2007-04-15,1.124875
2007-04-16,0.041625
2007-04-17,2.0001249999999997
2007-04-18,1.999875
2007-04-19,1.25
2007-04-20,0.6665000000000001
2007-04-21,0.33325
2007-04-22,2.25
2007-04-23,2.1664999999999996
2007-04-24,1.000125
2007-04-25,1.29175
2007-04-26,1.54175
2007-04-27,2.66675
2007-04-28,4.04175
2007-04-29,3.416625
2007-04-30,2.6248749999999994
2007-05-01,1.708375
2007-05-02,0.45825000000000005
2007-05-03,0.958375
2007-05-04,0.541625
2007-05-05,0.37512500000000004
2007-05-06,0.20825000000000002
2007-05-07,2.666625
2007-05-08,2.7915
2007-05-09,1.2915
2007-05-10,0.70825
2007-05-11,0.541625
2007-05-12,0.49987500000000007
2007-05-13,0.45825000000000005
2007-05-14,0.5831250000000001
2007-05-15,1.08325
2007-05-16,0.708375
2007-05-17,1.125125
2007-05-18,3.0
2007-05-19,2.625
2007-05-20,1.58325
2007-05-21,1.20825
2007-05-22,2.3748750000000003
2007-05-23,4.20825
2007-05-24,4.0
2007-05-25,2.791625
2007-05-26,2.791625
2007-05-27,2.4166250000000002
2007-05-28,1.0
2007-05-29,0.958375
2007-05-30,0.708375
2007-05-31,0.749875
2007-06-01,1.625125
2007-06-02,1.54175
2007-06-03,2.1251249999999997
2007-06-04,1.875125
2007-06-05,0.45825000000000005
2007-06-06,0.4165000000000001
2007-06-07,0.54175
2007-06-08,1.875125
2007-06-09,1.58325
2007-06-10,1.5835
2007-06-11,0.5832499999999999
2007-06-12,0.45824999999999994
2007-06-13,1.375
2007-06-14,3.25
2007-06-15,1.70825
2007-06-16,1.458375
2007-06-17,1.5
2007-06-18,1.208375
2007-06-19,1.249875
2007-06-20,0.875
2007-06-21,2.666625
2007-06-22,2.7082499999999996
2007-06-23,1.833375
2007-06-24,1.5
2007-06-25,0.6665
2007-06-26,0.624875
2007-06-27,1.08325
2007-06-28,1.0835
2007-06-29,1.875
2007-06-30,1.0418749999999999
2007-07-01,1.0
2007-07-02,0.583375
2007-07-03,1.625125
2007-07-04,2.875
2007-07-05,1.291625
2007-07-06,1.208375
2007-07-07,1.25
2007-07-08,0.8751249999999999
2007-07-09,0.291375
2007-07-10,0.9165000000000001
2007-07-11,3.208375
2007-07-12,1.25
2007-07-13,0.8332499999999999
2007-07-14,2.9165
2007-07-15,2.2916250000000002
2007-07-16,0.916625
2007-07-17,0.7501249999999999
2007-07-18,0.45825000000000016
2007-07-19,0.375
2007-07-20,2.4998750000000003
2007-07-21,2.2082499999999996
2007-07-22,0.583375
2007-07-23,0.708375
2007-07-24,0.5
2007-07-25,0.33325000000000005
2007-07-26,1.625
2007-07-27,1.624875
2007-07-28,0.833375
2007-07-29,2.8335
2007-07-30,2.1248750000000003
2007-07-31,1.250125
2007-08-01,3.0001249999999997
2007-08-02,1.33325
2007-08-03,0.9165000000000001
2007-08-04,0.2915
2007-08-05,0.374875
2007-08-06,2.291875
2007-08-07,3.4998750000000003
2007-08-08,1.3335
2007-08-09,0.791625
2007-08-10,2.458125
2007-08-11,2.2915
2007-08-12,1.166625
2007-08-13,0.45825000000000005
2007-08-14,0.833375
2007-08-15,2.0
2007-08-16,1.250125
2007-08-17,0.833375
2007-08-18,0.416625
2007-08-19,0.791625
2007-08-20,0.49987499999999996
2007-08-21,0.916625
2007-08-22,0.70825
2007-08-23,0.291625
2007-08-24,0.24987499999999999
2007-08-25,1.75
2007-08-26,2.29175
2007-08-27,2.75
2007-08-28,2.208375
2007-08-29,1.125125
2007-08-30,1.04175
2007-08-31,1.5
2007-09-01,2.3748750000000003
2007-09-02,3.6251249999999997
2007-09-03,2.333375
2007-09-04,1.4168749999999999
2007-09-05,2.4165
2007-09-06,2.375
2007-09-07,2.208375
2007-09-08,1.625125
2007-09-09,0.37512500000000004
2007-09-10,0.4582500000000001
2007-09-11,0.50025
2007-09-12,0.5
2007-09-13,0.25
2007-09-14,1.125
2007-09-15,1.041625
2007-09-16,0.58325
2007-09-17,0.541625
2007-09-18,0.70825
2007-09-19,0.83325
2007-09-20,2.0
2007-09-21,2.16675
2007-09-22,2.666875
2007-09-23,2.8332499999999996
2007-09-24,2.3748750000000003
2007-09-25,1.750125
2007-09-26,0.83325
2007-09-27,2.3751249999999997
2007-09-28,3.458375
2007-09-29,4.04175
2007-09-30,2.583375
2007-10-01,1.91675
2007-10-02,1.333375
2007-10-03,3.1248750000000003
2007-10-04,2.3333749999999993
2007-10-05,1.54175
2007-10-06,0.95825
2007-10-07,0.375
2007-10-08,0.125
2007-10-09,0.1665
2007-10-10,0.208375
2007-10-11,0.125
2007-10-12,1.083375
2007-10-13,0.541625
2007-10-14,1.29175
2007-10-15,0.49987500000000007
2007-10-16,0.5415000000000001
2007-10-17,0.125
2007-10-18,2.4585
2007-10-19,3.041625
2007-10-20,2.458375
2007-10-21,1.208375
2007-10-22,1.458375
2007-10-23,1.70825
2007-10-24,0.666625
2007-10-25,2.6667500000000004
2007-10-26,2.7917500000000004
2007-10-27,2.708375
2007-10-28,1.791625
2007-10-29,2.208375
2007-10-30,1.958375
2007-10-31,1.125125
2007-11-01,1.083375
2007-11-02,0.5415
2007-11-03,0.375
2007-11-04,1.08325
2007-11-05,0.583375
2007-11-06,0.083375
2007-11-07,0.041625
2007-11-08,0.8748750000000001
2007-11-09,1.041625
2007-11-10,0.9581250000000001
2007-11-11,0.541625
2007-11-12,0.7082499999999999
2007-11-13,2.375
2007-11-14,2.333375
2007-11-15,1.750125
2007-11-16,1.875
2007-11-17,1.624875
2007-11-18,0.541625
2007-11-19,0.66675
2007-11-20,3.541625
2007-11-21,2.916625
2007-11-22,2.29175
2007-11-23,2.75
2007-11-24,2.7501249999999997
2007-11-25,2.9582499999999996
2007-11-26,2.04175
2007-11-27,1.33325
2007-11-28,1.125
2007-11-29,0.7498750000000001
2007-11-30,0.625125
2007-12-01,0.666625
2007-12-02,0.41675000000000006
2007-12-03,0.12487500000000001
2007-12-04,0.208125
2007-12-05,0.58325
2007-12-06,0.666625
2007-12-07,0.25
2007-12-08,0.083375
2007-12-09,0.833375
2007-12-10,1.875
2007-12-11,3.125
2007-12-12,2.208375
2007-12-13,1.375
2007-12-14,1.04175
2007-12-15,0.4997500000000001
2007-12-16,0.625
2007-12-17,3.25
2007-12-18,3.6251249999999997
2007-12-19,2.4165
2007-12-20,2.875
2007-12-21,2.749875
2007-12-22,2.12475
2007-12-23,1.999875
2007-12-24,0.7498750000000001
2007-12-25,0.25
2007-12-26,0.41674999999999995
2007-12-27,1.250125
2007-12-28,0.9165000000000001
2007-12-29,0.33325
2007-12-30,1.0
2007-12-31,1.25
2008-01-01,1.0002499999999999
2008-01-02,0.41650000000000004
2008-01-03,0.33325
2008-01-04,0.5417500000000001
2008-01-05,3.3335
2008-01-06,3.1667499999999995
2008-01-07,2.666625
2008-01-08,2.916625
2008-01-09,1.791625
2008-01-10,1.083375
2008-01-11,0.7083750000000001
2008-01-12,1.70825
2008-01-13,2.375
2008-01-14,3.3748749999999994
2008-01-15,2.33325
2008-01-16,2.7917500000000004
2008-01-17,2.5001249999999997
2008-01-18,2.625
2008-01-19,2.375125
2008-01-20,1.625125
2008-01-21,1.5
2008-01-22,0.541625
2008-01-23,1.124875
2008-01-24,1.41675
2008-01-25,2.2501249999999997
2008-01-26,1.750125
2008-01-27,0.95825
2008-01-28,1.041625
2008-01-29,1.000125
2008-01-30,0.375
2008-01-31,1.16675
2008-02-01,3.1665
2008-02-02,3.2498749999999994
2008-02-03,3.1665
2008-02-04,2.0
2008-02-05,1.0415
2008-02-06,0.9998750000000001
2008-02-07,1.5415
2008-02-08,1.58325
2008-02-09,1.04175
2008-02-10,3.25
2008-02-11,3.166625
2008-02-12,2.7502500000000003
2008-02-13,2.7501249999999997
2008-02-14,2.6248750000000003
2008-02-15,2.70825
2008-02-16,2.125
2008-02-17,1.375
2008-02-18,2.5
2008-02-19,2.7501249999999997
2008-02-20,1.4581250000000001
2008-02-21,1.41675
2008-02-22,0.91675
2008-02-23,1.25
2008-02-24,0.875125
2008-02-25,0.833125
2008-02-26,1.0
2008-02-27,2.16675
2008-02-28,3.6248749999999994
2008-02-29,4.124874999999999
2008-03-01,3.4167500000000004
2008-03-02,2.2498750000000003
2008-03-03,1.499875
2008-03-04,0.875
2008-03-05,2.0001249999999997
2008-03-06,0.6665000000000001
2008-03-07,0.583375
2008-03-08,1.83325
2008-03-09,4.000125000000001
2008-03-10,3.3332499999999996
2008-03-11,2.8335
2008-03-12,2.7085
2008-03-13,2.5415
2008-03-14,3.041625
2008-03-15,2.375
2008-03-16,1.625125
2008-03-17,1.125125
2008-03-18,1.6665
2008-03-19,1.75
2008-03-20,2.04175
2008-03-21,1.54175
2008-03-22,1.04175
2008-03-23,2.125
2008-03-24,0.7502499999999999
2008-03-25,0.83325
2008-03-26,3.666625
2008-03-27,4.29175
2008-03-28,3.791625
2008-03-29,2.20825
2008-03-30,2.125
2008-03-31,1.041625
2008-04-01,1.0835
2008-04-02,0.24987499999999999
2008-04-03,0.458375
2008-04-04,1.874875
2008-04-05,2.8332499999999996
2008-04-06,3.291625
2008-04-07,2.66675
2008-04-08,2.29175
2008-04-09,2.708375
2008-04-10,2.25
2008-04-11,1.20825
2008-04-12,2.6667500000000004
2008-04-13,1.916625
2008-04-14,0.37487500000000007
2008-04-15,1.08325
2008-04-16,2.916625
2008-04-17,1.66675
2008-04-18,1.70825
2008-04-19,1.458375
2008-04-20,0.91675
2008-04-21,1.29175
2008-04-22,1.458375
2008-04-23,3.916625
2008-04-24,3.0417500000000004
2008-04-25,1.958375
2008-04-26,2.291625
2008-04-27,1.791625
2008-04-28,2.333375
2008-04-29,1.374875
2008-04-30,1.374875
2008-05-01,1.625
2008-05-02,1.958375
2008-05-03,2.541625
2008-05-04,1.95825
2008-05-05,2.5415
2008-05-06,1.874875
2008-05-07,1.125
2008-05-08,1.125
2008-05-09,0.66675
2008-05-10,1.08325
2008-05-11,0.8334999999999999
2008-05-12,0.70825
2008-05-13,0.8333750000000001
2008-05-14,0.541625
2008-05-15,0.5415
2008-05-16,1.124875
2008-05-17,0.166625
2008-05-18,0.541625
2008-05-19,1.66675
2008-05-20,1.95825
2008-05-21,2.3750000000000004
2008-05-22,2.16675
2008-05-23,1.875
2008-05-24,1.79175
2008-05-25,1.416625
2008-05-26,0.7498750000000001
2008-05-27,0.708375
2008-05-28,2.375
2008-05-29,2.16675
2008-05-30,2.125
2008-05-31,2.083375
2008-06-01,1.91675
2008-06-02,1.166625
2008-06-03,1.125
2008-06-04,0.708375
2008-06-05,0.45825000000000005
2008-06-06,1.583375
2008-06-07,2.458375
2008-06-08,1.666625
2008-06-09,0.70825
2008-06-10,0.45825000000000005
2008-06-11,0.708375
2008-06-12,0.70825
2008-06-13,0.374875
2008-06-14,2.16675
2008-06-15,3.1248749999999994
2008-06-16,2.6251249999999997
2008-06-17,2.2915
2008-06-18,1.875
2008-06-19,1.50025
2008-06-20,2.08325
2008-06-21,0.9583750000000001
2008-06-22,0.624875
2008-06-23,0.9585
2008-06-24,1.166875
2008-06-25,2.2498750000000003
2008-06-26,2.708375
2008-06-27,1.999875
2008-06-28,1.2915
2008-06-29,1.875
2008-06-30,1.0415
2008-07-01,1.083375
2008-07-02,0.49987500000000007
2008-07-03,0.5415
2008-07-04,0.7499999999999999
2008-07-05,1.83325
2008-07-06,0.7498750000000001
2008-07-07,0.4583750000000001
2008-07-08,0.37475
2008-07-09,0.54175
2008-07-10,0.7498750000000001
2008-07-11,1.541625
2008-07-12,2.9998750000000003
2008-07-13,2.5001249999999997
2008-07-14,2.333375
2008-07-15,1.750125
2008-07-16,1.208375
2008-07-17,0.8751249999999999
2008-07-18,0.7498750000000001
2008-07-19,0.291625
2008-07-20,0.583125
2008-07-21,1.3331250000000001
2008-07-22,2.208375
2008-07-23,3.083375
2008-07-24,2.250125
2008-07-25,0.49987499999999996
2008-07-26,1.0835
2008-07-27,1.208375
2008-07-28,1.249875
2008-07-29,0.708375
2008-07-30,0.916625
2008-07-31,0.6251249999999999
2008-08-01,0.875
2008-08-02,0.375
2008-08-03,0.875
2008-08-04,0.666625
2008-08-05,0.45825000000000005
2008-08-06,1.08325
2008-08-07,0.95825
2008-08-08,0.624875
2008-08-09,3.2498750000000003
2008-08-10,2.458375
2008-08-11,1.45825
2008-08-12,1.666625
2008-08-13,0.958375
2008-08-14,1.16675
2008-08-15,0.5831250000000001
2008-08-16,0.875125
2008-08-17,1.625125
2008-08-18,3.291625
2008-08-19,2.2082499999999996
2008-08-20,1.0
2008-08-21,0.666625
2008-08-22,0.66675
2008-08-23,0.625
2008-08-24,0.374875
2008-08-25,0.12487500000000001
2008-08-26,0.33325000000000005
2008-08-27,0.7500000000000001
2008-08-28,0.666625
2008-08-29,0.625125
2008-08-30,0.4165000000000001
2008-08-31,0.95825
2008-09-01,0.666625
2008-09-02,0.666625
2008-09-03,1.9165
2008-09-04,3.791625
2008-09-05,1.70825
2008-09-06,2.0001249999999997
2008-09-07,1.958375
2008-09-08,2.208375
2008-09-09,1.5418749999999999
2008-09-10,1.208375
2008-09-11,0.45825
2008-09-12,0.125
2008-09-13,0.08325
2008-09-14,1.2083750000000002
2008-09-15,3.125
2008-09-16,2.0
2008-09-17,0.7915000000000001
2008-09-18,1.66675
2008-09-19,1.041625
2008-09-20,0.875
2008-09-21,0.375
2008-09-22,0.791625
2008-09-23,0.58325
2008-09-24,0.499875
2008-09-25,0.7498750000000001
2008-09-26,0.541625
2008-09-27,0.6665
2008-09-28,0.5
2008-09-29,0.5001249999999999
2008-09-30,1.041625
2008-10-01,2.08325
2008-10-02,2.875
2008-10-03,2.916625
2008-10-04,2.16675
2008-10-05,1.0415
2008-10-06,0.79175
2008-10-07,0.375
2008-10-08,0.333375
2008-10-09,0.08325
2008-10-10,0.583375
2008-10-11,3.7915
2008-10-12,2.666625
2008-10-13,1.875125
2008-10-14,0.7082499999999999
2008-10-15,1.8335
2008-10-16,0.875
2008-10-17,0.33325000000000005
2008-10-18,0.125
2008-10-19,1.91675
2008-10-20,0.791625
2008-10-21,0.8751249999999999
2008-10-22,1.125
2008-10-23,0.7915000000000001
2008-10-24,0.208375
2008-10-25,0.25
2008-10-26,1.16675
2008-10-27,0.208375
2008-10-28,1.16675
2008-10-29,3.0832499999999996
2008-10-30,2.791625
2008-10-31,1.583375
2008-11-01,0.625
2008-11-02,0.75
2008-11-03,0.16662500000000002
2008-11-04,0.20825
2008-11-05,0.333
2008-11-06,0.166625
2008-11-07,2.08325
2008-11-08,2.7082499999999996
2008-11-09,2.458125
2008-11-10,0.833375
2008-11-11,0.291625
2008-11-12,0.625
2008-11-13,0.20825
2008-11-14,0.166625
2008-11-15,1.0
2008-11-16,2.2085
2008-11-17,0.75
2008-11-18,0.16662500000000002
2008-11-19,0.208375
2008-11-20,0.375
2008-11-21,0.08325
2008-11-22,0.041625
2008-11-23,0.625
2008-11-24,0.375
2008-11-25,2.8332499999999996
2008-11-26,2.3751249999999997
2008-11-27,2.125
2008-11-28,1.249875
2008-11-29,0.7498750000000001
2008-11-30,0.33325000000000005
2008-12-01,0.0
2008-12-02,0.0
2008-12-03,1.0835
2008-12-04,2.08325
2008-12-05,2.41675
2008-12-06,3.1248750000000003
2008-12-07,1.9581250000000001
2008-12-08,0.583125
2008-12-09,0.1665
2008-12-10,0.666625
2008-12-11,1.208375
2008-12-12,0.7082499999999999
2008-12-13,0.4165000000000001
2008-12-14,0.125
2008-12-15,0.58325
2008-12-16,1.458375
2008-12-17,1.541625
2008-12-18,0.333375
2008-12-19,0.916625
2008-12-20,0.41675000000000006
2008-12-21,0.291625
2008-12-22,0.9998750000000001
2008-12-23,2.5001249999999997
2008-12-24,1.79175
2008-12-25,0.916625
2008-12-26,0.5
2008-12-27,0.37487499999999996
2008-12-28,0.45825000000000005
2008-12-29,0.1665
2008-12-30,0.166625
2008-12-31,2.7915
2009-01-01,1.875125
2009-01-02,1.0835
2009-01-03,2.375125
2009-01-04,1.208375
2009-01-05,1.25
2009-01-06,0.916625
2009-01-07,0.5
2009-01-08,0.791625
2009-01-09,1.375125
2009-01-10,1.124875
2009-01-11,0.208375
2009-01-12,0.041625
2009-01-13,1.125
2009-01-14,1.58325
2009-01-15,1.624875
2009-01-16,0.958375
2009-01-17,0.6665000000000001
2009-01-18,0.541625
2009-01-19,2.0
2009-01-20,0.916625
2009-01-21,0.833375
2009-01-22,0.2915
2009-01-23,0.25
2009-01-24,0.33325000000000005
2009-01-25,0.458375
2009-01-26,2.33325
2009-01-27,0.9582499999999999
2009-01-28,0.41675000000000006
2009-01-29,0.9581250000000001
2009-01-30,0.87475
2009-01-31,1.791625
2009-02-01,0.7498750000000001
2009-02-02,0.1665
2009-02-03,0.75
2009-02-04,2.708375
2009-02-05,1.458375
2009-02-06,0.33325000000000005
2009-02-07,0.4165000000000001
2009-02-08,0.08325
2009-02-09,0.416625
2009-02-10,0.333125
2009-02-11,0.79175
2009-02-12,0.666875
2009-02-13,0.5
2009-02-14,3.0
2009-02-15,2.3751249999999997
2009-02-16,0.91675
2009-02-17,0.166625
2009-02-18,0.7498750000000001
2009-02-19,0.291625
2009-02-20,1.125
2009-02-21,0.666625
2009-02-22,0.958125
2009-02-23,1.291625
2009-02-24,1.624875
2009-02-25,0.833375
2009-02-26,0.6251249999999999
2009-02-27,2.333375
2009-02-28,1.25
2009-03-01,0.625
2009-03-02,0.12487500000000001
2009-03-03,1.875
2009-03-04,1.833375
2009-03-05,0.791625
2009-03-06,0.458375
2009-03-07,0.24975
2009-03-08,1.91675
2009-03-09,0.291625
2009-03-10,0.875
2009-03-11,0.95825
2009-03-12,1.7085
2009-03-13,3.083375
2009-03-14,2.25
2009-03-15,1.91675
2009-03-16,1.250125
2009-03-17,1.04175
2009-03-18,0.37475
2009-03-19,0.9583750000000001
2009-03-20,0.875
2009-03-21,1.79175
2009-03-22,1.125125
2009-03-23,0.5
2009-03-24,1.875125
2009-03-25,1.875125
2009-03-26,1.666625
2009-03-27,1.125
2009-03-28,0.833375
2009-03-29,0.8751249999999999
2009-03-30,0.9998750000000001
2009-03-31,0.79175
2009-04-01,0.875
2009-04-02,0.4581250000000001
2009-04-03,0.45825000000000005
2009-04-04,0.208125
2009-04-05,1.083375
2009-04-06,0.749875
2009-04-07,0.5416250000000001
2009-04-08,1.4997500000000001
2009-04-09,2.6248749999999994
2009-04-10,1.874875
2009-04-11,2.375
2009-04-12,1.70825
2009-04-13,0.95825
2009-04-14,0.5
2009-04-15,1.0415
2009-04-16,1.333375
2009-04-17,1.2917500000000002
2009-04-18,1.875125
2009-04-19,1.20825
2009-04-20,1.041625
2009-04-21,1.041625
2009-04-22,0.9998750000000001
2009-04-23,0.374875
2009-04-24,1.624875
2009-04-25,1.083375
2009-04-26,0.750125
2009-04-27,0.791625
2009-04-28,0.54175
2009-04-29,0.70825
2009-04-30,0.500125
2009-05-01,0.7082499999999999
2009-05-02,0.916625
2009-05-03,0.75
2009-05-04,0.666625
2009-05-05,0.458375
2009-05-06,1.625125
2009-05-07,1.66675
2009-05-08,2.333375
2009-05-09,1.333375
2009-05-10,0.91675
2009-05-11,1.0
2009-05-12,0.20825000000000002
2009-05-13,0.5415
2009-05-14,1.916625
2009-05-15,0.5000000000000001
2009-05-16,0.95825
2009-05-17,0.291625
2009-05-18,0.70825
2009-05-19,0.7084999999999999
2009-05-20,1.250125
2009-05-21,0.91675
2009-05-22,1.208375
2009-05-23,0.9165
2009-05-24,0.875
2009-05-25,0.33312500000000006
2009-05-26,0.541625
2009-05-27,0.249875
2009-05-28,1.2915
2009-05-29,1.124875
2009-05-30,0.6665000000000001
2009-05-31,0.7498750000000001
2009-06-01,0.37487500000000007
2009-06-02,0.5
2009-06-03,1.08325
2009-06-04,1.16675
2009-06-05,1.166875
2009-06-06,0.7501249999999999
2009-06-07,1.1247500000000001
2009-06-08,0.625125
2009-06-09,0.37512500000000004
2009-06-10,0.7501249999999999
2009-06-11,0.541625
2009-06-12,0.208125
2009-06-13,0.70825
2009-06-14,1.2085000000000001
2009-06-15,0.6667500000000001
2009-06-16,0.58325
2009-06-17,0.375
2009-06-18,0.708375
2009-06-19,0.41637500000000005
2009-06-20,1.125
2009-06-21,1.4585
2009-06-22,0.49987500000000007
2009-06-23,0.916625
2009-06-24,2.7917500000000004
2009-06-25,1.5415
2009-06-26,0.6250000000000001
2009-06-27,1.083375
2009-06-28,2.083375
2009-06-29,1.625
2009-06-30,0.958375
2009-07-01,0.6248750000000001
2009-07-02,0.37487500000000007
2009-07-03,0.708375
2009-07-04,0.708375
2009-07-05,1.20825
2009-07-06,0.791625
2009-07-07,0.8751249999999999
2009-07-08,0.958375
2009-07-09,1.416625
2009-07-10,1.666625
2009-07-11,0.7915000000000001
2009-07-12,0.7083750000000001
2009-07-13,1.75
2009-07-14,1.75
2009-07-15,0.95825
2009-07-16,0.4165000000000001
2009-07-17,0.12487500000000001
2009-07-18,0.291625
2009-07-19,0.1665
2009-07-20,1.1664999999999999
2009-07-21,0.875125
2009-07-22,3.125
2009-07-23,1.83325
2009-07-24,1.416625
2009-07-25,1.08325
2009-07-26,0.416625
2009-07-27,0.666875
2009-07-28,0.833375
2009-07-29,0.458375
2009-07-30,0.7915000000000001
2009-07-31,1.04175
2009-08-01,0.75
2009-08-02,0.62475
2009-08-03,1.583375
2009-08-04,0.7917500000000001
2009-08-05,1.33325
2009-08-06,2.249875
2009-08-07,1.7085000000000001
2009-08-08,0.70825
2009-08-09,1.5
2009-08-10,0.75
2009-08-11,0.624875
2009-08-12,1.000125
2009-08-13,0.875
2009-08-14,0.49987500000000007
2009-08-15,0.291625
2009-08-16,0.333125
2009-08-17,0.416625
2009-08-18,0.583375
2009-08-19,1.791625
2009-08-20,2.16675
2009-08-21,1.79175
2009-08-22,1.125
2009-08-23,1.041625
2009-08-24,0.333125
2009-08-25,0.5
2009-08-26,0.83325
2009-08-27,1.375
2009-08-28,0.4165000000000001
2009-08-29,0.37487500000000007
2009-08-30,3.041625
2009-08-31,1.4165
2009-09-01,0.70825
2009-09-02,0.7083750000000001
2009-09-03,1.20825
2009-09-04,1.666625
2009-09-05,0.541625
2009-09-06,0.8334999999999999
2009-09-07,0.5
2009-09-08,0.41675
2009-09-09,0.45825000000000005
2009-09-10,0.5
2009-09-11,0.7917500000000001
2009-09-12,0.4583750000000001
2009-09-13,1.291625
2009-09-14,1.291625
2009-09-15,1.29175
2009-09-16,1.16675
2009-09-17,1.541625
2009-09-18,0.541625
2009-09-19,0.33325000000000005
2009-09-20,1.083375
2009-09-21,1.583375
2009-09-22,0.625
2009-09-23,0.041625
2009-09-24,0.25
2009-09-25,0.33325000000000005
2009-09-26,0.708375
2009-09-27,1.58325
2009-09-28,1.83325
2009-09-29,0.208125
2009-09-30,1.29175
2009-10-01,0.4581250000000001
2009-10-02,0.291625
2009-10-03,0.16662500000000002
2009-10-04,1.041625
2009-10-05,0.583375
2009-10-06,0.33325000000000005
2009-10-07,0.33325000000000005
2009-10-08,0.416625
2009-10-09,0.3750000000000001
2009-10-10,0.125
2009-10-11,1.749875
2009-10-12,0.291625
2009-10-13,0.6667500000000001
2009-10-14,0.12487500000000001
2009-10-15,1.25
2009-10-16,0.70825
2009-10-17,0.125
2009-10-18,0.20825000000000002
2009-10-19,0.375
2009-10-20,0.083375
2009-10-21,0.24987499999999999
2009-10-22,2.7085
2009-10-23,1.91675
2009-10-24,1.75
2009-10-25,1.2915
2009-10-26,0.875
2009-10-27,0.666625
2009-10-28,0.5831250000000001
2009-10-29,1.25
2009-10-30,1.875125
2009-10-31,0.49987500000000007
2009-11-01,0.6251249999999999
2009-11-02,0.6248750000000001
2009-11-03,0.08325
2009-11-04,0.083375
2009-11-05,0.12487500000000001
2009-11-06,0.0
2009-11-07,0.125
2009-11-08,1.791625
2009-11-09,1.0
2009-11-10,0.20825
2009-11-11,0.083375
2009-11-12,0.125
2009-11-13,0.4165
2009-11-14,1.458375
2009-11-15,1.33325
2009-11-16,0.083375
2009-11-17,0.29175
2009-11-18,0.375
2009-11-19,0.499875
2009-11-20,0.58325
2009-11-21,1.916625
2009-11-22,1.16675
2009-11-23,0.041625
2009-11-24,1.625125
2009-11-25,1.375
2009-11-26,1.45825
2009-11-27,0.37487500000000007
2009-11-28,0.49987500000000007
2009-11-29,0.041625
2009-11-30,0.12487500000000001
2009-12-01,0.0
2009-12-02,0.1665
2009-12-03,0.0
2009-12-04,0.0
2009-12-05,0.9167500000000001
2009-12-06,0.70825
2009-12-07,0.708125
2009-12-08,0.08325
2009-12-09,0.041625
2009-12-10,0.208125
2009-12-11,0.0
2009-12-12,0.5
2009-12-13,0.500125
2009-12-14,1.291625
2009-12-15,0.291625
2009-12-16,1.2085
2009-12-17,0.541625
2009-12-18,0.666625
2009-12-19,0.291625
2009-12-20,0.4583750000000001
2009-12-21,0.625
2009-12-22,0.6248750000000001
2009-12-23,0.833375
2009-12-24,0.4582500000000001
2009-12-25,0.8748750000000001
2009-12-26,0.958375
2009-12-27,0.5415
2009-12-28,0.208375
2009-12-29,0.041625
2009-12-30,0.0
2009-12-31,0.041625
2010-01-01,0.125
2010-01-02,0.208125
2010-01-03,0.875
2010-01-04,0.41650000000000004
2010-01-05,0.25
2010-01-06,0.20825
2010-01-07,0.083375
2010-01-08,0.166625
2010-01-09,0.1665
2010-01-10,0.66675
2010-01-11,1.625
2010-01-12,0.958375
2010-01-13,1.70825
2010-01-14,1.083375
2010-01-15,0.958125
2010-01-16,0.20825
2010-01-17,0.12487500000000001
2010-01-18,0.625
2010-01-19,0.20825
2010-01-20,2.083375
2010-01-21,1.20825
2010-01-22,0.7501249999999999
2010-01-23,1.249875
2010-01-24,1.08325
2010-01-25,0.7498750000000001
2010-01-26,0.7498750000000001
2010-01-27,0.16662500000000002
2010-01-28,0.70825
2010-01-29,0.29175
2010-01-30,1.33325
2010-01-31,1.041625
2010-02-01,1.9585
2010-02-02,2.083375
2010-02-03,2.166875
2010-02-04,0.6248750000000001
2010-02-05,0.45825000000000005
2010-02-06,1.041625
2010-02-07,0.75
2010-02-08,1.041625
2010-02-09,0.58325
2010-02-10,0.708375
2010-02-11,1.375
2010-02-12,1.41675
2010-02-13,0.9998750000000001
2010-02-14,0.875
2010-02-15,2.625
2010-02-16,1.999875
2010-02-17,1.249875
2010-02-18,1.124875
2010-02-19,1.04175
2010-02-20,0.166625
2010-02-21,0.29175000000000006
2010-02-22,1.166625
2010-02-23,0.5831250000000001
2010-02-24,0.791625
2010-02-25,0.791625
2010-02-26,0.416625
2010-02-27,0.25
2010-02-28,0.5
2010-03-01,1.291625
2010-03-02,0.9998750000000001
2010-03-03,1.95825
2010-03-04,1.66675
2010-03-05,0.79175
2010-03-06,0.833375
2010-03-07,1.083375
2010-03-08,0.625
2010-03-09,0.541625
2010-03-10,1.958375
2010-03-11,2.041875
2010-03-12,2.125
2010-03-13,0.7082499999999999
2010-03-14,1.41675
2010-03-15,0.5415
2010-03-16,0.875
2010-03-17,1.458375
2010-03-18,1.29175
2010-03-19,0.7917500000000001
2010-03-20,1.625125
2010-03-21,0.24987499999999999
2010-03-22,0.041625
2010-03-23,0.20825
2010-03-24,0.83325
2010-03-25,1.458375
2010-03-26,0.875
2010-03-27,0.791625
2010-03-28,1.416625
2010-03-29,1.08325
2010-03-30,1.5835
2010-03-31,1.250125
2010-04-01,2.541625
2010-04-02,2.7501249999999997
2010-04-03,2.08325
2010-04-04,2.625
2010-04-05,4.75
2010-04-06,4.833375
2010-04-07,3.5832500000000005
2010-04-08,2.4165
2010-04-09,1.458375
2010-04-10,0.58325
2010-04-11,2.1251249999999997
2010-04-12,2.791625
2010-04-13,0.625
2010-04-14,1.666625
2010-04-15,1.58325
2010-04-16,0.7081250000000001
2010-04-17,0.66675
2010-04-18,0.5832499999999999
2010-04-19,1.16675
2010-04-20,1.08325
2010-04-21,1.5
2010-04-22,1.333375
2010-04-23,1.8747500000000001
2010-04-24,1.3335
2010-04-25,0.5831250000000001
2010-04-26,0.29150000000000004
2010-04-27,1.08325
2010-04-28,0.791625
2010-04-29,1.20825
2010-04-30,0.7084999999999999
2010-05-01,0.6248750000000001
2010-05-02,3.666625
2010-05-03,3.708375
2010-05-04,2.333375
2010-05-05,1.79175
2010-05-06,2.041875
2010-05-07,2.08325
2010-05-08,1.375
2010-05-09,0.45824999999999994
2010-05-10,0.9583750000000001
2010-05-11,1.5
2010-05-12,1.29175
2010-05-13,0.5832499999999999
2010-05-14,0.58325
2010-05-15,0.5415000000000001
2010-05-16,0.7915000000000001
2010-05-17,1.375
2010-05-18,1.333375
2010-05-19,1.6668749999999999
2010-05-20,2.291625
2010-05-21,1.000125
2010-05-22,0.62475
2010-05-23,0.08325
2010-05-24,0.249875
2010-05-25,1.166625
2010-05-26,1.20825
2010-05-27,0.4997500000000001
2010-05-28,2.416625
2010-05-29,3.916625
2010-05-30,3.333375
2010-05-31,3.0001249999999997
2010-06-01,2.375
2010-06-02,1.625
2010-06-03,2.25
2010-06-04,2.458375
2010-06-05,1.208125
2010-06-06,1.375
2010-06-07,1.16675
2010-06-08,0.625
2010-06-09,0.8335
2010-06-10,1.375
2010-06-11,0.958375
2010-06-12,0.41637500000000005
2010-06-13,1.4168749999999999
2010-06-14,0.958375
2010-06-15,1.874875
2010-06-16,3.2498750000000003
2010-06-17,1.91675
2010-06-18,1.2085
2010-06-19,0.66675
2010-06-20,0.58325
2010-06-21,1.041625
2010-06-22,1.125
2010-06-23,0.7916249999999999
2010-06-24,1.0415
2010-06-25,1.666625
2010-06-26,2.7082499999999996
2010-06-27,2.6667500000000004
2010-06-28,1.66675
2010-06-29,2.166625
2010-06-30,3.041625
2010-07-01,2.375
2010-07-02,2.0001249999999997
2010-07-03,1.583375
2010-07-04,1.04175
2010-07-05,0.66675
2010-07-06,0.45825000000000005
2010-07-07,0.375
2010-07-08,0.49975
2010-07-09,1.125125
2010-07-10,0.208125
2010-07-11,0.91675
2010-07-12,0.7915
2010-07-13,0.416625
2010-07-14,1.875
2010-07-15,1.833375
2010-07-16,0.6665000000000001
2010-07-17,0.24975
2010-07-18,0.33325000000000005
2010-07-19,0.625
2010-07-20,1.16675
2010-07-21,1.083375
2010-07-22,0.958375
2010-07-23,1.833375
2010-07-24,1.083375
2010-07-25,1.4165
2010-07-26,1.333375
2010-07-27,3.3333749999999993
2010-07-28,2.5
2010-07-29,1.625
2010-07-30,1.625
2010-07-31,1.33325
2010-08-01,0.916625
2010-08-02,1.41675
2010-08-03,2.916625
2010-08-04,4.75
2010-08-05,1.79175
2010-08-06,1.3331250000000001
2010-08-07,0.875
2010-08-08,0.75
2010-08-09,2.166625
2010-08-10,1.583375
2010-08-11,1.666625
2010-08-12,0.9584999999999999
2010-08-13,0.6665000000000001
2010-08-14,0.625
2010-08-15,1.374875
2010-08-16,1.208375
2010-08-17,1.04175
2010-08-18,0.9997500000000001
2010-08-19,0.7498750000000001
2010-08-20,0.499875
2010-08-21,0.4585
2010-08-22,0.208125
2010-08-23,1.083125
2010-08-24,3.4167499999999995
2010-08-25,3.083375
2010-08-26,2.250125
2010-08-27,2.749875
2010-08-28,1.875125
2010-08-29,0.45825000000000005
2010-08-30,0.1665
2010-08-31,0.625
2010-09-01,1.0415
2010-09-02,1.583375
2010-09-03,0.416625
2010-09-04,0.2915
2010-09-05,0.75
2010-09-06,1.958375
2010-09-07,2.3751249999999997
2010-09-08,2.375
2010-09-09,1.20825
2010-09-10,0.45825000000000005
2010-09-11,0.12487500000000001
2010-09-12,0.24987499999999999
2010-09-13,0.458375
2010-09-14,2.0
2010-09-15,1.374875
2010-09-16,1.375
2010-09-17,1.958375
2010-09-18,1.04175
2010-09-19,0.7918749999999999
2010-09-20,0.875125
2010-09-21,1.04175
2010-09-22,0.4165
2010-09-23,1.58325
2010-09-24,2.9167500000000004
2010-09-25,1.70825
2010-09-26,1.625
2010-09-27,1.500125
2010-09-28,2.2500000000000004
2010-09-29,0.8751249999999999
2010-09-30,0.33325
2010-10-01,0.291625
2010-10-02,0.0
2010-10-03,0.33337500000000003
2010-10-04,0.333375
2010-10-05,1.375
2010-10-06,1.2915
2010-10-07,0.7500000000000001
2010-10-08,1.083375
2010-10-09,1.041625
2010-10-10,0.708375
2010-10-11,3.166625
2010-10-12,2.29175
2010-10-13,1.083375
2010-10-14,0.166625
2010-10-15,1.29175
2010-10-16,1.625125
2010-10-17,2.291625
2010-10-18,1.208375
2010-10-19,1.625
2010-10-20,1.1665
2010-10-21,0.66675
2010-10-22,1.33325
2010-10-23,3.8335
2010-10-24,3.166625
2010-10-25,1.833375
2010-10-26,2.083375
2010-10-27,1.125125
2010-10-28,0.83325
2010-10-29,0.79175
2010-10-30,0.45837500000000003
2010-10-31,1.083375
2010-11-01,0.7084999999999999
2010-11-02,0.541375
2010-11-03,1.2085
2010-11-04,0.79175
2010-11-05,0.583375
2010-11-06,0.25
2010-11-07,0.416625
2010-11-08,0.958375
2010-11-09,0.49987500000000007
2010-11-10,0.791625
2010-11-11,2.9998750000000003
2010-11-12,3.0417500000000004
2010-11-13,1.66675
2010-11-14,1.79175
2010-11-15,1.916625
2010-11-16,1.708375
2010-11-17,1.125125
2010-11-18,1.458375
2010-11-19,0.5
2010-11-20,0.58325
2010-11-21,1.00025
2010-11-22,1.541625
2010-11-23,2.20825
2010-11-24,1.583375
2010-11-25,0.874875
2010-11-26,0.249875
2010-11-27,1.500125
2010-11-28,2.083375
2010-11-29,0.9165000000000001
2010-11-30,0.8751249999999999
2010-12-01,0.5415
2010-12-02,0.541625
2010-12-03,0.166625
2010-12-04,0.291625
2010-12-05,0.208375
2010-12-06,0.666625
2010-12-07,1.291625
2010-12-08,1.625
2010-12-09,0.249875
2010-12-10,0.12487500000000001
2010-12-11,0.208125
2010-12-12,1.041625
2010-12-13,2.0835
2010-12-14,3.0416250000000007
2010-12-15,2.04175
2010-12-16,1.541625
2010-12-17,1.125
2010-12-18,0.875
2010-12-19,0.58325
2010-12-20,2.375
2010-12-21,0.5
2010-12-22,0.12487500000000001
2010-12-23,0.16662500000000002
2010-12-24,0.75
2010-12-25,1.375
2010-12-26,0.7916250000000001
2010-12-27,0.45825000000000005
2010-12-28,1.79175
2010-12-29,1.04175
2010-12-30,1.08325
2010-12-31,0.958375
2011-01-01,0.958375
2011-01-02,1.125
2011-01-03,1.25
2011-01-04,1.41675
2011-01-05,0.5417500000000001
2011-01-06,1.208125
2011-01-07,2.83325
2011-01-08,2.125
2011-01-09,1.791625
2011-01-10,1.54175
2011-01-11,1.79175
2011-01-12,1.66675
2011-01-13,1.916625
2011-01-14,2.291625
2011-01-15,1.291625
2011-01-16,1.249875
2011-01-17,1.624875
2011-01-18,1.166625
2011-01-19,2.125
2011-01-20,1.2085000000000001
2011-01-21,0.791625
2011-01-22,0.916625
2011-01-23,0.458375
2011-01-24,1.166625
2011-01-25,1.45825
2011-01-26,0.875
2011-01-27,0.666625
2011-01-28,1.25
2011-01-29,1.000125
2011-01-30,0.1665
2011-01-31,1.08325
2011-02-01,2.333375
2011-02-02,1.58325
2011-02-03,0.29150000000000004
2011-02-04,3.0
2011-02-05,2.875
2011-02-06,2.6251249999999997
2011-02-07,1.0001250000000002
2011-02-08,1.166625
2011-02-09,0.2915
2011-02-10,1.08325
2011-02-11,1.250125
2011-02-12,1.083375
2011-02-13,0.416625
2011-02-14,1.70825
2011-02-15,1.7918749999999999
2011-02-16,0.7498750000000001
2011-02-17,0.541625
2011-02-18,3.333375
2011-02-19,1.5835
2011-02-20,2.125
2011-02-21,2.0
2011-02-22,0.5
2011-02-23,0.54175
2011-02-24,0.333375
2011-02-25,0.58325
2011-02-26,0.75
2011-02-27,0.41674999999999995
2011-02-28,0.5417500000000001
2011-03-01,3.708375
2011-03-02,3.25
2011-03-03,3.1251249999999997
2011-03-04,2.7085
2011-03-05,1.541625
2011-03-06,1.4165
2011-03-07,2.16675
2011-03-08,1.29175
2011-03-09,1.16675
2011-03-10,3.208375
2011-03-11,4.166625000000001
2011-03-12,2.666875
2011-03-13,1.624875
2011-03-14,0.66675
2011-03-15,0.1665
2011-03-16,0.25
2011-03-17,1.125
2011-03-18,0.5415000000000001
2011-03-19,0.9584999999999999
2011-03-20,1.333375
2011-03-21,1.125
2011-03-22,1.624875
2011-03-23,2.666625
2011-03-24,1.000125
2011-03-25,0.833375
2011-03-26,0.1665
2011-03-27,0.33325000000000005
2011-03-28,0.5835
2011-03-29,0.6665000000000001
2011-03-30,0.8748750000000001
2011-03-31,0.708375
2011-04-01,2.33325
2011-04-02,3.3748750000000003
2011-04-03,3.125
2011-04-04,1.500125
2011-04-05,1.458375
2011-04-06,3.5835
2011-04-07,1.083375
2011-04-08,2.125
2011-04-09,1.458375
2011-04-10,0.583375
2011-04-11,1.7497500000000001
2011-04-12,3.416625
2011-04-13,2.3333749999999993
2011-04-14,1.000125
2011-04-15,1.083375
2011-04-16,0.75
2011-04-17,0.79175
2011-04-18,1.875
2011-04-19,1.083375
2011-04-20,2.5418750000000006
2011-04-21,1.0835000000000001
2011-04-22,1.416625
2011-04-23,0.791625
2011-04-24,1.416625
2011-04-25,0.958375
2011-04-26,0.375
2011-04-27,0.20825000000000002
2011-04-28,0.583125
2011-04-29,2.0
2011-04-30,3.875
2011-05-01,3.1251249999999997
2011-05-02,3.4165
2011-05-03,2.75
2011-05-04,1.208375
2011-05-05,1.708375
2011-05-06,0.708375
2011-05-07,1.250125
2011-05-08,0.4165
2011-05-09,0.5415
2011-05-10,2.291625
2011-05-11,1.16675
2011-05-12,0.4581250000000001
2011-05-13,0.791875
2011-05-14,0.83325
2011-05-15,2.29175
2011-05-16,2.666625
2011-05-17,2.166625
2011-05-18,1.3335
2011-05-19,0.7915
2011-05-20,0.416625
2011-05-21,1.04175
2011-05-22,1.041625
2011-05-23,0.91675
2011-05-24,1.45825
2011-05-25,0.6248750000000001
2011-05-26,1.541625
2011-05-27,2.29175
2011-05-28,4.166625
2011-05-29,4.291625
2011-05-30,2.125
2011-05-31,2.75
2011-06-01,2.25
2011-06-02,1.79175
2011-06-03,0.79175
2011-06-04,1.541625
2011-06-05,3.416625
2011-06-06,1.45825
2011-06-07,1.583375
2011-06-08,2.208375
2011-06-09,2.04175
2011-06-10,1.999875
2011-06-11,2.3332500000000005
2011-06-12,1.66675
2011-06-13,1.999875
2011-06-14,1.791625
2011-06-15,1.7085000000000001
2011-06-16,1.0835000000000001
2011-06-17,1.958375
2011-06-18,0.9584999999999999
2011-06-19,0.83325
2011-06-20,1.708375
2011-06-21,2.25
2011-06-22,2.5
2011-06-23,3.25
2011-06-24,2.5
2011-06-25,1.541625
2011-06-26,1.666625
2011-06-27,0.91675
2011-06-28,0.6248750000000001
2011-06-29,0.416625
2011-06-30,1.16675
2011-07-01,2.666625
2011-07-02,1.08325
2011-07-03,1.5
2011-07-04,2.166625
2011-07-05,2.166625
2011-07-06,1.958375
2011-07-07,1.625
2011-07-08,1.4585
2011-07-09,2.2498750000000003
2011-07-10,2.25
2011-07-11,2.5832500000000005
2011-07-12,1.875
2011-07-13,1.624875
2011-07-14,1.7918749999999999
2011-07-15,1.083375
2011-07-16,0.8751249999999999
2011-07-17,1.0
2011-07-18,1.541625
2011-07-19,2.6251249999999997
2011-07-20,3.291625
2011-07-21,2.5835
2011-07-22,2.416625
2011-07-23,1.7085
2011-07-24,0.9166250000000001
2011-07-25,2.416625
2011-07-26,1.41675
2011-07-27,0.58325
2011-07-28,0.6665000000000001
2011-07-29,0.9165000000000001
2011-07-30,2.54175
2011-07-31,2.166625
2011-08-01,1.4585
2011-08-02,0.708375
2011-08-03,0.625
2011-08-04,0.7915000000000001
2011-08-05,2.916625
2011-08-06,3.791625
2011-08-07,1.6252499999999999
2011-08-08,1.7915
2011-08-09,1.7918749999999999
2011-08-10,1.4585
2011-08-11,1.000125
2011-08-12,0.9583750000000001
2011-08-13,0.833375
2011-08-14,2.1248750000000003
2011-08-15,2.333375
2011-08-16,1.83325
2011-08-17,1.4585
2011-08-18,0.45825000000000005
2011-08-19,0.45825000000000005
2011-08-20,1.25
2011-08-21,0.708375
2011-08-22,1.54175
2011-08-23,1.95825
2011-08-24,1.58325
2011-08-25,1.125
2011-08-26,0.833125
2011-08-27,1.208375
2011-08-28,1.416625
2011-08-29,1.958375
2011-08-30,0.83325
2011-08-31,0.24987499999999999
2011-09-01,0.5415000000000001
2011-09-02,0.791625
2011-09-03,2.5
2011-09-04,1.958375
2011-09-05,1.416625
2011-09-06,1.70825
2011-09-07,1.333375
2011-09-08,0.541625
2011-09-09,3.0417500000000004
2011-09-10,4.50025
2011-09-11,2.375
2011-09-12,3.958500000000001
2011-09-13,2.9998749999999994
2011-09-14,1.20825
2011-09-15,1.541625
2011-09-16,0.708375
2011-09-17,3.8748749999999994
2011-09-18,1.29175
2011-09-19,0.45825000000000005
2011-09-20,1.500125
2011-09-21,1.041625
2011-09-22,0.95825
2011-09-23,0.416625
2011-09-24,0.916625
2011-09-25,1.125
2011-09-26,3.3748750000000003
2011-09-27,4.000125000000001
2011-09-28,3.166625
2011-09-29,3.291875
2011-09-30,1.375
2011-10-01,2.916625
2011-10-02,2.708375
2011-10-03,1.124875
2011-10-04,1.375
2011-10-05,2.9167499999999995
2011-10-06,1.791625
2011-10-07,1.16675
2011-10-08,1.708375
2011-10-09,2.29175
2011-10-10,0.58325
2011-10-11,0.791625
2011-10-12,1.333375
2011-10-13,0.75
2011-10-14,0.33325000000000005
2011-10-15,1.70825
2011-10-16,1.75
2011-10-17,0.91675
2011-10-18,0.9998750000000001
2011-10-19,1.41675
2011-10-20,1.125
2011-10-21,0.95825
2011-10-22,0.291625
2011-10-23,0.500125
2011-10-24,2.25
2011-10-25,3.458375
2011-10-26,0.958375
2011-10-27,1.041625
2011-10-28,0.041625
2011-10-29,0.041625
2011-10-30,1.416625
2011-10-31,2.125
2011-11-01,3.2917500000000004
2011-11-02,2.041875
2011-11-03,0.75
2011-11-04,0.791625
2011-11-05,0.7501249999999999
2011-11-06,0.6667500000000001
2011-11-07,1.04175
2011-11-08,1.7915
2011-11-09,0.25
2011-11-10,0.666625
2011-11-11,0.750125
2011-11-12,0.7498750000000001
2011-11-13,0.37487500000000007
2011-11-14,0.1665
2011-11-15,1.45825
2011-11-16,0.75
2011-11-17,0.91675
2011-11-18,0.583375
2011-11-19,0.041625
2011-11-20,0.25012500000000004
2011-11-21,1.125
2011-11-22,1.708375
2011-11-23,1.666625
2011-11-24,1.750125
2011-11-25,1.0831250000000001
2011-11-26,0.8751249999999999
2011-11-27,1.583375
2011-11-28,0.6665
2011-11-29,2.4582499999999996
2011-11-30,2.3748750000000003
2011-12-01,1.66675
2011-12-02,1.20825
2011-12-03,2.16675
2011-12-04,1.0
2011-12-05,0.49987499999999996
2011-12-06,0.166625
2011-12-07,0.20825
2011-12-08,0.374875
2011-12-09,0.958375
2011-12-10,2.04175
2011-12-11,1.750125
2011-12-12,1.54175
2011-12-13,1.16675
2011-12-14,0.5831250000000001
2011-12-15,0.166625
2011-12-16,0.041625
2011-12-17,0.125
2011-12-18,0.375
2011-12-19,1.708375
2011-12-20,1.375
2011-12-21,1.41675
2011-12-22,0.95825
2011-12-23,0.25012500000000004
2011-12-24,0.458375
2011-12-25,0.666625
2011-12-26,0.12487500000000001
2011-12-27,0.0
2011-12-28,1.0
2011-12-29,2.0
2011-12-30,1.625
2011-12-31,1.45825
2012-01-01,1.16675
2012-01-02,0.9165000000000001
2012-01-03,1.875
2012-01-04,0.4583750000000001
2012-01-05,1.1668749999999999
2012-01-06,1.500125
2012-01-07,1.54175
2012-01-08,1.08325
2012-01-09,1.916625
2012-01-10,1.2917500000000002
2012-01-11,1.5418749999999999
2012-01-12,1.4581250000000001
2012-01-13,1.541625
2012-01-14,0.33325000000000005
2012-01-15,0.9582499999999999
2012-01-16,2.083125
2012-01-17,1.41675
2012-01-18,0.875
2012-01-19,0.49987500000000007
2012-01-20,0.9998750000000001
2012-01-21,1.791625
2012-01-22,3.4167500000000004
2012-01-23,1.750125
2012-01-24,2.9582500000000005
2012-01-25,2.9582500000000005
2012-01-26,1.83325
2012-01-27,1.75
2012-01-28,1.5
2012-01-29,1.5
2012-01-30,1.375125
2012-01-31,0.70825
2012-02-01,1.416625
2012-02-02,1.166625
2012-02-03,1.499875
2012-02-04,2.333375
2012-02-05,2.041875
2012-02-06,1.749875
2012-02-07,2.875
2012-02-08,2.375
2012-02-09,1.375125
2012-02-10,1.25
2012-02-11,1.08325
2012-02-12,0.958375
2012-02-13,2.25
2012-02-14,2.5835
2012-02-15,3.416625
2012-02-16,0.95825
2012-02-17,0.291625
2012-02-18,0.79175
2012-02-19,2.916625
2012-02-20,3.3748749999999994
2012-02-21,1.66675
2012-02-22,2.2497499999999997
2012-02-23,0.70825
2012-02-24,1.333375
2012-02-25,1.54175
2012-02-26,1.708375
2012-02-27,2.9998750000000003
2012-02-28,2.20825
2012-02-29,1.375
2012-03-01,3.0001249999999997
2012-03-02,2.3751249999999997
2012-03-03,1.916625
2012-03-04,2.583375
2012-03-05,2.25
2012-03-06,2.2085
2012-03-07,4.9167499999999995
2012-03-08,3.3751249999999997
2012-03-09,5.5
2012-03-10,3.125
2012-03-11,2.208375
2012-03-12,3.666625
2012-03-13,2.125
2012-03-14,2.0
2012-03-15,3.958375
2012-03-16,3.8748750000000003
2012-03-17,3.8333749999999993
2012-03-18,2.625
2012-03-19,2.25
2012-03-20,1.25
2012-03-21,1.333375
2012-03-22,1.291625
2012-03-23,1.16675
2012-03-24,2.375
2012-03-25,0.9585
2012-03-26,0.833375
2012-03-27,2.91675
2012-03-28,2.5832499999999996
2012-03-29,0.70825
2012-03-30,1.083375
2012-03-31,0.9998750000000001
2012-04-01,1.583375
2012-04-02,2.083375
2012-04-03,1.250125
2012-04-04,1.624875
2012-04-05,3.0
2012-04-06,0.58325
2012-04-07,2.1248750000000003
2012-04-08,1.041625
2012-04-09,0.75
2012-04-10,1.624875
2012-04-11,1.1665
2012-04-12,2.666875
2012-04-13,3.166875
2012-04-14,2.1666250000000002
2012-04-15,1.25
2012-04-16,1.1247500000000001
2012-04-17,2.083
2012-04-18,1.916625
2012-04-19,1.08325
2012-04-20,1.666625
2012-04-21,1.499875
2012-04-22,1.875125
2012-04-23,3.416625
2012-04-24,4.2085
2012-04-25,3.916625
2012-04-26,2.75
2012-04-27,1.875
2012-04-28,1.5
2012-04-29,1.0
2012-04-30,0.41675000000000006
2012-05-01,0.666625
2012-05-02,0.916625
2012-05-03,1.791625
2012-05-04,0.70825
2012-05-05,0.5832499999999999
2012-05-06,1.041625
2012-05-07,0.5
2012-05-08,1.916625
2012-05-09,3.9167499999999995
2012-05-10,2.25
2012-05-11,2.2917500000000004
2012-05-12,2.16675
2012-05-13,2.4167500000000004
2012-05-14,0.8748750000000001
2012-05-15,1.000125
2012-05-16,2.041625
2012-05-17,0.833375
2012-05-18,1.875
2012-05-19,1.166625
2012-05-20,2.04175
2012-05-21,0.7915
2012-05-22,3.333375
2012-05-23,2.9583749999999993
2012-05-24,1.7085
2012-05-25,1.416625
2012-05-26,0.583375
2012-05-27,0.5415000000000001
2012-05-28,1.041625
2012-05-29,1.20825
2012-05-30,1.583375
2012-05-31,2.04175
2012-06-01,1.375
2012-06-02,1.833375
2012-06-03,3.125
2012-06-04,2.958375
2012-06-05,3.166625
2012-06-06,3.125
2012-06-07,1.833375
2012-06-08,1.54175
2012-06-09,1.791625
2012-06-10,1.166625
2012-06-11,2.7501249999999997
2012-06-12,1.875
2012-06-13,1.083375
2012-06-14,0.625125
2012-06-15,0.37512500000000004
2012-06-16,2.416625
2012-06-17,4.58325
2012-06-18,2.6665
2012-06-19,0.24987499999999999
2012-06-20,0.625
2012-06-21,0.5001249999999999
2012-06-22,0.9583750000000001
2012-06-23,0.8331250000000001
2012-06-24,0.875
2012-06-25,2.0
2012-06-26,1.666625
2012-06-27,1.5
2012-06-28,1.375125
2012-06-29,1.166625
2012-06-30,3.75
2012-07-01,3.291625
2012-07-02,3.416625
2012-07-03,2.291625
2012-07-04,1.833375
2012-07-05,2.6248750000000003
2012-07-06,2.833375
2012-07-07,1.750125
2012-07-08,2.458375
2012-07-09,4.499999999999999
2012-07-10,2.6251249999999997
2012-07-11,2.33325
2012-07-12,2.2085
2012-07-13,0.4165000000000001
2012-07-14,2.333375
2012-07-15,5.83325
2012-07-16,4.5
2012-07-17,2.9167499999999995
2012-07-18,1.124875
2012-07-19,1.25
2012-07-20,2.333125
2012-07-21,1.875125
2012-07-22,1.625125
2012-07-23,2.125
2012-07-24,1.916625
2012-07-25,1.25
2012-07-26,0.45825000000000005
2012-07-27,0.8751249999999999
2012-07-28,2.2501249999999997
2012-07-29,1.333375
2012-07-30,2.666625
2012-07-31,1.166625
2012-08-01,1.291625
2012-08-02,2.458375
2012-08-03,1.4168749999999999
2012-08-04,1.374875
2012-08-05,1.124875
2012-08-06,2.375
2012-08-07,1.54175
2012-08-08,1.875125
2012-08-09,1.2085
2012-08-10,0.4165
2012-08-11,0.916625
2012-08-12,1.791625
2012-08-13,1.875125
2012-08-14,1.625
2012-08-15,1.2915
2012-08-16,2.458375
2012-08-17,1.708375
2012-08-18,2.208375
2012-08-19,2.416625
2012-08-20,2.5
2012-08-21,1.375
2012-08-22,1.3331250000000001
2012-08-23,2.125
2012-08-24,1.874875
2012-08-25,2.20825
2012-08-26,2.333375
2012-08-27,1.3336249999999998
2012-08-28,0.666625
2012-08-29,0.7501249999999999
2012-08-30,0.625
2012-08-31,0.25
2012-09-01,1.4585
2012-09-02,2.958375
2012-09-03,4.083375
2012-09-04,2.9165
2012-09-05,3.916625
2012-09-06,2.1251249999999997
2012-09-07,2.2498750000000003
2012-09-08,1.875
2012-09-09,0.91675
2012-09-10,0.7501249999999999
2012-09-11,0.1665
2012-09-12,1.291625
2012-09-13,1.25
2012-09-14,1.29175
2012-09-15,1.624875
2012-09-16,1.708375
2012-09-17,1.000125
2012-09-18,2.041625
2012-09-19,2.3751249999999997
2012-09-20,2.2916250000000002
2012-09-21,1.58325
2012-09-22,0.9581250000000001
2012-09-23,0.041625
2012-09-24,0.375
2012-09-25,0.3750000000000001
2012-09-26,1.2917500000000002
2012-09-27,1.041625
2012-09-28,0.041625
2012-09-29,0.7501249999999999
2012-09-30,2.375
2012-10-01,3.041625
2012-10-02,1.333375
2012-10-03,1.250125
2012-10-04,0.25
2012-10-05,0.916625
2012-10-06,1.6665
2012-10-07,1.16675
2012-10-08,4.33325
2012-10-09,4.29175
2012-10-10,2.4998750000000003
2012-10-11,1.583375
2012-10-12,2.6248750000000003
2012-10-13,4.833375
2012-10-14,3.541625
2012-10-15,2.0001249999999997
2012-10-16,1.374875
2012-10-17,1.66675
2012-10-18,1.2085
2012-10-19,0.5831250000000001
2012-10-20,0.29150000000000004
2012-10-21,0.666875
2012-10-22,0.5
2012-10-23,1.79175
2012-10-24,0.79175
2012-10-25,0.70825
2012-10-26,1.000125
2012-10-27,0.79175
2012-10-28,0.625125
2012-10-29,0.41650000000000004
2012-10-30,0.37487500000000007
2012-10-31,1.08325
2012-11-01,3.541625
2012-11-02,1.33325
2012-11-03,0.541625
2012-11-04,0.33325000000000005
2012-11-05,0.5835
2012-11-06,0.9167500000000001
2012-11-07,2.791625
2012-11-08,0.58325
2012-11-09,0.125
2012-11-10,0.458375
2012-11-11,0.37487500000000007
2012-11-12,0.999875
2012-11-13,3.291625
2012-11-14,3.708375
2012-11-15,0.791625
2012-11-16,1.708375
2012-11-17,2.16675
2012-11-18,1.166625
2012-11-19,1.166625
2012-11-20,2.9167500000000004
2012-11-21,1.79175
2012-11-22,0.5415
2012-11-23,1.0
2012-11-24,2.7082499999999996
2012-11-25,1.0
2012-11-26,1.125
2012-11-27,0.875
2012-11-28,0.291625
2012-11-29,0.541625
2012-11-30,0.208375
2012-12-01,1.08325
2012-12-02,1.7085
2012-12-03,0.916625
2012-12-04,0.8748750000000001
2012-12-05,0.291625
2012-12-06,0.08325
2012-12-07,0.083375
2012-12-08,0.12487500000000001
2012-12-09,1.000125
2012-12-10,0.75
2012-12-11,0.416625
2012-12-12,0.333375
2012-12-13,0.541625
2012-12-14,0.75
2012-12-15,2.208375
2012-12-16,1.3749999999999998
2012-12-17,2.3335000000000004
2012-12-18,1.666625
2012-12-19,1.124875
2012-12-20,1.875125
2012-12-21,0.9165000000000001
2012-12-22,0.12487500000000001
2012-12-23,0.291625
2012-12-24,0.49987500000000007
2012-12-25,0.625
2012-12-26,0.6251249999999999
2012-12-27,0.083375
2012-12-28,0.291625
2012-12-29,0.6665
2012-12-30,1.20825
2012-12-31,0.1665
2013-01-01,0.20825
2013-01-02,0.8334999999999999
2013-01-03,0.500125
2013-01-04,0.583375
2013-01-05,0.458375
2013-01-06,0.9585
2013-01-07,0.6248750000000001
2013-01-08,1.124875
2013-01-09,1.08325
2013-01-10,0.58325
2013-01-11,0.75025
2013-01-12,0.916625
2013-01-13,2.333375
2013-01-14,2.25
2013-01-15,1.416625
2013-01-16,1.375
2013-01-17,2.7501249999999997
2013-01-18,2.458375
2013-01-19,1.70825
2013-01-20,2.083375
2013-01-21,1.125
2013-01-22,0.291625
2013-01-23,0.541625
2013-01-24,0.5
2013-01-25,1.29175
2013-01-26,3.4998750000000003
2013-01-27,1.58325
2013-01-28,1.124875
2013-01-29,0.6248750000000001
2013-01-30,0.416625
2013-01-31,0.58325
2013-02-01,1.166625
2013-02-02,2.25
2013-02-03,1.04175
2013-02-04,1.08325
2013-02-05,0.541625
2013-02-06,0.208375
2013-02-07,1.70825
2013-02-08,1.958375
2013-02-09,0.79175
2013-02-10,1.16675
2013-02-11,1.208375
2013-02-12,1.16675
2013-02-13,2.33325
2013-02-14,2.875
2013-02-15,1.041625
2013-02-16,1.5
2013-02-17,2.083375
2013-02-18,0.791625
2013-02-19,1.5832499999999998
2013-02-20,1.83325
2013-02-21,1.75
2013-02-22,2.416625
2013-02-23,1.8331250000000001
2013-02-24,0.7917500000000001
2013-02-25,0.75
2013-02-26,1.333375
2013-02-27,0.91675
2013-02-28,1.6668749999999999
2013-03-01,4.374999999999999
2013-03-02,2.791625
2013-03-03,2.16675
2013-03-04,1.08325
2013-03-05,0.833375
2013-03-06,0.6663750000000002
2013-03-07,0.541625
2013-03-08,0.5
2013-03-09,1.58325
2013-03-10,0.791625
2013-03-11,1.0831250000000001
2013-03-12,1.4165
2013-03-13,0.79175
2013-03-14,0.9584999999999999
2013-03-15,1.33325
2013-03-16,2.2083749999999998
2013-03-17,5.25
2013-03-18,1.75
2013-03-19,1.16675
2013-03-20,2.16675
2013-03-21,2.083375
2013-03-22,1.125
2013-03-23,2.1251249999999997
2013-03-24,1.3747500000000001
2013-03-25,0.62525
2013-03-26,0.541625
2013-03-27,3.2083749999999993
2013-03-28,2.166625
2013-03-29,3.9167500000000004
2013-03-30,2.8332499999999996
2013-03-31,1.04175
2013-04-01,1.29175
2013-04-02,0.791625
2013-04-03,0.49975
2013-04-04,1.000125
2013-04-05,0.583125
2013-04-06,1.249875
2013-04-07,1.208375
2013-04-08,0.416625
2013-04-09,0.7915
2013-04-10,1.1248749999999998
2013-04-11,0.95825
2013-04-12,1.08325
2013-04-13,1.375
2013-04-14,2.625
2013-04-15,1.20825
2013-04-16,0.708375
2013-04-17,0.4583750000000001
2013-04-18,0.37487499999999996
2013-04-19,0.12487500000000001
2013-04-20,0.708375
2013-04-21,0.458125
2013-04-22,0.9167500000000001
2013-04-23,1.499875
2013-04-24,3.625
2013-04-25,2.333375
2013-04-26,3.1667499999999995
2013-04-27,1.5
2013-04-28,1.33325
2013-04-29,0.875
2013-04-30,1.375125
2013-05-01,3.8751249999999997
2013-05-02,2.250125
2013-05-03,1.29175
2013-05-04,1.33325
2013-05-05,1.791625
2013-05-06,1.874875
2013-05-07,2.0835000000000004
2013-05-08,1.625
2013-05-09,0.874875
2013-05-10,0.8748750000000001
2013-05-11,0.625
2013-05-12,0.791625
2013-05-13,1.0
2013-05-14,1.75
2013-05-15,1.75
2013-05-16,2.9582499999999996
2013-05-17,2.083125
2013-05-18,2.9998750000000003
2013-05-19,2.5
2013-05-20,1.624875
2013-05-21,1.250125
2013-05-22,2.333375
2013-05-23,1.916625
2013-05-24,3.125
2013-05-25,4.45825
2013-05-26,3.1251249999999997
2013-05-27,2.7498750000000003
2013-05-28,1.708375
2013-05-29,0.1665
2013-05-30,0.291625
2013-05-31,1.666625
2013-06-01,4.958375
2013-06-02,3.1666250000000007
2013-06-03,2.16675
2013-06-04,1.833375
2013-06-05,1.2915
2013-06-06,3.458375
2013-06-07,3.458375
2013-06-08,1.6665
2013-06-09,1.7915
2013-06-10,2.249875
2013-06-11,1.2081250000000001
2013-06-12,0.916625
2013-06-13,0.58325
2013-06-14,0.7081250000000001
2013-06-15,0.875
2013-06-16,0.33325000000000005
2013-06-17,0.66675
2013-06-18,0.833375
2013-06-19,1.0415
2013-06-20,2.33325
2013-06-21,3.2085
2013-06-22,2.791625
2013-06-23,3.208375
2013-06-24,3.166625
2013-06-25,1.58325
2013-06-26,0.41637500000000005
2013-06-27,1.45825
2013-06-28,3.458375
2013-06-29,4.958375
2013-06-30,2.375
2013-07-01,1.4581250000000001
2013-07-02,0.7917500000000001
2013-07-03,0.833375
2013-07-04,0.83325
2013-07-05,2.000125
2013-07-06,3.91675
2013-07-07,1.0
2013-07-08,0.8752499999999999
2013-07-09,1.83325
2013-07-10,3.8748749999999994
2013-07-11,3.2501249999999997
2013-07-12,2.125
2013-07-13,1.916625
2013-07-14,3.791625
2013-07-15,3.3751250000000006
2013-07-16,1.124875
2013-07-17,0.833375
2013-07-18,2.625
2013-07-19,3.0002500000000003
2013-07-20,1.0
2013-07-21,0.9583750000000001
2013-07-22,1.125
2013-07-23,1.08325
2013-07-24,0.958375
2013-07-25,2.0001249999999997
2013-07-26,2.375
2013-07-27,2.25
2013-07-28,1.5
2013-07-29,1.166625
2013-07-30,1.25
2013-07-31,0.958375
2013-08-01,1.041625
2013-08-02,0.5
2013-08-03,0.83325
2013-08-04,2.58325
2013-08-05,2.791625
2013-08-06,1.33325
2013-08-07,0.70825
2013-08-08,0.75
2013-08-09,1.625
2013-08-10,1.333375
2013-08-11,1.041625
2013-08-12,1.083375
2013-08-13,1.8331250000000001
2013-08-14,2.041625
2013-08-15,2.7501249999999997
2013-08-16,3.7497499999999997
2013-08-17,1.874875
2013-08-18,1.458375
2013-08-19,1.04175
2013-08-20,0.708375
2013-08-21,3.2498750000000003
2013-08-22,2.6251249999999997
2013-08-23,2.875
2013-08-24,1.75
2013-08-25,1.458375
2013-08-26,1.29175
2013-08-27,2.541625
2013-08-28,1.875
2013-08-29,0.37487500000000007
2013-08-30,1.625
2013-08-31,2.375
2013-09-01,2.2915
2013-09-02,2.0416250000000002
2013-09-03,1.541625
2013-09-04,1.29175
2013-09-05,0.5835
2013-09-06,1.208375
2013-09-07,0.625
2013-09-08,1.333375
2013-09-09,0.6248750000000001
2013-09-10,1.541625
2013-09-11,1.2918749999999999
2013-09-12,1.5415
2013-09-13,2.125
2013-09-14,1.291625
2013-09-15,0.458375
2013-09-16,0.91675
2013-09-17,1.91675
2013-09-18,1.999875
2013-09-19,2.6252500000000003
2013-09-20,1.5
2013-09-21,1.958375
2013-09-22,1.25
2013-09-23,1.083375
2013-09-24,2.125
2013-09-25,0.91675
2013-09-26,0.12487500000000001
2013-09-27,0.166625
2013-09-28,0.041625
2013-09-29,0.333375
2013-09-30,0.416625
2013-10-01,1.125
2013-10-02,4.875125000000001
2013-10-03,0.83325
2013-10-04,0.125
2013-10-05,0.041625
2013-10-06,0.4165
2013-10-07,1.0836249999999998
2013-10-08,1.875
2013-10-09,3.791625
2013-10-10,1.875125
2013-10-11,1.375125
2013-10-12,1.0
2013-10-13,0.33325
2013-10-14,2.958125
2013-10-15,2.833375
2013-10-16,2.291875
2013-10-17,2.166625
2013-10-18,0.416625
2013-10-19,0.25
2013-10-20,0.333125
2013-10-21,0.24987499999999999
2013-10-22,1.083375
2013-10-23,0.8748750000000001
2013-10-24,0.33325000000000005
2013-10-25,0.416625
2013-10-26,0.333125
2013-10-27,0.45837500000000003
2013-10-28,0.208125
2013-10-29,1.291625
2013-10-30,2.4998750000000003
2013-10-31,1.541625
2013-11-01,1.249875
2013-11-02,0.75
2013-11-03,1.66675
2013-11-04,1.291625
2013-11-05,0.916625
2013-11-06,0.916625
2013-11-07,2.458375
2013-11-08,0.916625
2013-11-09,3.291625
2013-11-10,2.666625
2013-11-11,3.333375
2013-11-12,0.37500000000000006
2013-11-13,0.541625
2013-11-14,0.41675000000000006
2013-11-15,2.041625
2013-11-16,2.541625
2013-11-17,1.541625
2013-11-18,0.33337500000000003
2013-11-19,0.750125
2013-11-20,0.916625
2013-11-21,0.125
2013-11-22,0.333375
2013-11-23,1.708375
2013-11-24,0.041625
2013-11-25,0.0
2013-11-26,0.20825000000000002
2013-11-27,0.125
2013-11-28,0.166625
2013-11-29,1.7915
2013-11-30,2.0
2013-12-01,1.91675
2013-12-02,0.12487500000000001
2013-12-03,1.916625
2013-12-04,0.958375
2013-12-05,0.958375
2013-12-06,0.7915000000000001
2013-12-07,1.25
2013-12-08,3.4167500000000004
2013-12-09,0.8748750000000001
2013-12-10,0.916625
2013-12-11,0.7083750000000001
2013-12-12,0.12487500000000001
2013-12-13,0.75
2013-12-14,2.708125
2013-12-15,1.333375
2013-12-16,1.458375
2013-12-17,0.79175
2013-12-18,0.75
2013-12-19,1.20825
2013-12-20,1.25
2013-12-21,0.625
2013-12-22,0.125
2013-12-23,0.37487499999999996
2013-12-24,0.333375
2013-12-25,1.58325
2013-12-26,0.33312500000000006
2013-12-27,0.166625
2013-12-28,0.41675
2013-12-29,0.916875
2013-12-30,0.41675000000000006
2013-12-31,1.291625
2014-01-01,2.333375
2014-01-02,3.2497499999999997
2014-01-03,2.1251249999999997
2014-01-04,1.5
2014-01-05,0.666625
2014-01-06,0.70825
2014-01-07,1.458375
2014-01-08,1.5
2014-01-09,1.875125
2014-01-10,1.0835
2014-01-11,0.708375
2014-01-12,1.5
2014-01-13,1.333375
2014-01-14,2.291625
2014-01-15,0.7500000000000001
2014-01-16,0.33325000000000005
2014-01-17,0.5
2014-01-18,0.25
2014-01-19,0.08325
2014-01-20,0.375
2014-01-21,1.9585
2014-01-22,2.29175
2014-01-23,1.625
2014-01-24,0.791625
2014-01-25,1.583375
2014-01-26,1.54175
2014-01-27,0.7501249999999999
2014-01-28,1.0001250000000002
2014-01-29,1.666625
2014-01-30,0.70825
2014-01-31,0.166625
2014-02-01,0.791625
2014-02-02,0.7501249999999999
2014-02-03,1.499875
2014-02-04,0.9168749999999999
2014-02-05,0.833375
2014-02-06,1.916625
2014-02-07,1.58325
2014-02-08,3.458375
2014-02-09,2.9167499999999995
2014-02-10,2.20825
2014-02-11,1.25
2014-02-12,1.666625
2014-02-13,0.125
2014-02-14,0.583375
2014-02-15,1.625
2014-02-16,3.2082500000000005
2014-02-17,1.0
2014-02-18,1.541625
2014-02-19,4.249874999999999
2014-02-20,3.958375
2014-02-21,2.375
2014-02-22,2.5416250000000007
2014-02-23,3.166625
2014-02-24,1.375
2014-02-25,0.6667500000000001
2014-02-26,0.45825000000000005
2014-02-27,2.5
2014-02-28,2.25
2014-03-01,1.5418749999999999
2014-03-02,0.7913750000000002
2014-03-03,1.416625
2014-03-04,1.624875
2014-03-05,1.625
2014-03-06,1.250125
2014-03-07,0.458375
2014-03-08,0.541875
2014-03-09,0.375
2014-03-10,0.833375
2014-03-11,0.5835
2014-03-12,1.16675
2014-03-13,2.16675
2014-03-14,1.3335
2014-03-15,0.791625
2014-03-16,0.20825
2014-03-17,0.37475
2014-03-18,1.333625
2014-03-19,0.87525
2014-03-20,1.2501250000000002
2014-03-21,2.166375
2014-03-22,1.083375
2014-03-23,1.500125
2014-03-24,0.79175
2014-03-25,1.499875
2014-03-26,1.750125
2014-03-27,1.333375
2014-03-28,1.58325
2014-03-29,1.583375
2014-03-30,1.000125
2014-03-31,1.33325
2014-04-01,1.1665
2014-04-02,0.7915000000000001
2014-04-03,1.375
2014-04-04,1.208125
2014-04-05,2.333375
2014-04-06,0.541625
2014-04-07,2.166875
2014-04-08,0.91675
2014-04-09,0.999875
2014-04-10,0.33325000000000005
2014-04-11,1.54175
2014-04-12,3.208375
2014-04-13,2.875
2014-04-14,1.54175
2014-04-15,1.166625
2014-04-16,0.75
2014-04-17,2.29175
2014-04-18,1.625125
2014-04-19,2.75
2014-04-20,3.333375
2014-04-21,3.0417500000000004
2014-04-22,0.833375
2014-04-23,1.41675
2014-04-24,2.5001249999999997
2014-04-25,1.916625
2014-04-26,1.208375
2014-04-27,0.66675
2014-04-28,1.1665
2014-04-29,0.791625
2014-04-30,2.916625
2014-05-01,1.125
2014-05-02,0.4166250000000001
2014-05-03,1.041625
2014-05-04,2.5832499999999996
2014-05-05,2.1248750000000003
2014-05-06,0.37500000000000006
2014-05-07,0.583375
2014-05-08,3.375
2014-05-09,1.416625
2014-05-10,1.7085
2014-05-11,2.2917499999999995
2014-05-12,1.791625
2014-05-13,0.66675
2014-05-14,1.08325
2014-05-15,1.0001250000000002
2014-05-16,1.08325
2014-05-17,0.5415000000000001
2014-05-18,1.04175
2014-05-19,0.875
2014-05-20,0.7915000000000001
2014-05-21,0.24975
2014-05-22,1.791625
2014-05-23,2.541625
2014-05-24,1.125
2014-05-25,0.7081250000000001
2014-05-26,0.58325
2014-05-27,0.708375
2014-05-28,0.875
2014-05-29,1.41675
2014-05-30,1.9581250000000001
2014-05-31,0.49987500000000007
2014-06-01,0.5417500000000001
2014-06-02,0.7915
2014-06-03,1.375
2014-06-04,1.2915
2014-06-05,1.70825
2014-06-06,1.125
2014-06-07,2.416625
2014-06-08,4.125125000000001
2014-06-09,1.125125
2014-06-10,1.666625
2014-06-11,1.625
2014-06-12,0.625
2014-06-13,1.041625
2014-06-14,1.666625
2014-06-15,0.75
2014-06-16,1.16675
2014-06-17,1.8331250000000001
2014-06-18,2.875
2014-06-19,2.083375
2014-06-20,1.95825
2014-06-21,1.1668749999999999
2014-06-22,0.75
2014-06-23,0.6663749999999999
2014-06-24,1.3335
2014-06-25,1.16675
2014-06-26,0.83325
2014-06-27,0.625
2014-06-28,1.333375
2014-06-29,1.41675
2014-06-30,1.083375
2014-07-01,0.58325
2014-07-02,0.91675
2014-07-03,1.375
2014-07-04,0.9998750000000001
2014-07-05,0.6248750000000001
2014-07-06,0.75
2014-07-07,1.375125
2014-07-08,1.458375
2014-07-09,1.7085
2014-07-10,1.70825
2014-07-11,1.33325
2014-07-12,1.33325
2014-07-13,1.125125
2014-07-14,1.83325
2014-07-15,1.70825
2014-07-16,0.95825
2014-07-17,0.833375
2014-07-18,0.41675000000000006
2014-07-19,0.24987499999999999
2014-07-20,0.5
2014-07-21,0.8332499999999999
2014-07-22,1.083375
2014-07-23,0.958125
2014-07-24,1.208375
2014-07-25,1.25
2014-07-26,1.5835
2014-07-27,1.083375
2014-07-28,2.125
2014-07-29,0.70825
2014-07-30,0.7498750000000001
2014-07-31,1.25
2014-08-01,1.958375
2014-08-02,2.1248750000000003
2014-08-03,1.375
2014-08-04,2.458375
2014-08-05,2.2085
2014-08-06,1.54175
2014-08-07,1.20825
2014-08-08,1.66675
2014-08-09,0.625
2014-08-10,1.625
2014-08-11,1.45825
2014-08-12,2.25
2014-08-13,1.416625
2014-08-14,0.8335
2014-08-15,0.916625
2014-08-16,0.249875
2014-08-17,1.333375
2014-08-18,1.041625
2014-08-19,2.416875
2014-08-20,1.416625
2014-08-21,2.16675
2014-08-22,0.625
2014-08-23,0.958375
2014-08-24,0.458375
2014-08-25,0.4585
2014-08-26,0.70825
2014-08-27,3.166625
2014-08-28,3.25
2014-08-29,3.208375
2014-08-30,2.7085
2014-08-31,2.7085
2014-09-01,2.416625
2014-09-02,2.208375
2014-09-03,2.041625
2014-09-04,1.54175
2014-09-05,1.750125
2014-09-06,2.166625
2014-09-07,1.41675
2014-09-08,1.208375
2014-09-09,1.833375
2014-09-10,1.5
2014-09-11,2.291625
2014-09-12,4.041625
2014-09-13,2.416625
2014-09-14,0.375
2014-09-15,0.45825000000000005
2014-09-16,1.791625
2014-09-17,1.16675
2014-09-18,1.500125
2014-09-19,3.416625
2014-09-20,1.374875
2014-09-21,1.416625
2014-09-22,1.91675
2014-09-23,2.4167499999999995
2014-09-24,3.5001249999999997
2014-09-25,2.5
2014-09-26,3.0
2014-09-27,2.708125
2014-09-28,1.7915
2014-09-29,2.125
2014-09-30,2.6665
2014-10-01,2.375
2014-10-02,1.83325
2014-10-03,0.7915000000000001
2014-10-04,1.208375
2014-10-05,1.375125
2014-10-06,1.29175
2014-10-07,1.041625
2014-10-08,1.875
2014-10-09,2.625
2014-10-10,1.541625
2014-10-11,1.833375
2014-10-12,0.666625
2014-10-13,1.375
2014-10-14,2.625
2014-10-15,1.75
2014-10-16,1.6252499999999999
2014-10-17,1.625
2014-10-18,2.9165
2014-10-19,2.08325
2014-10-20,3.708375
2014-10-21,2.9582499999999996
2014-10-22,2.7501249999999997
2014-10-23,2.08325
2014-10-24,2.0835
2014-10-25,2.083375
2014-10-26,2.375
2014-10-27,2.54175
2014-10-28,2.5417499999999995
2014-10-29,1.75
2014-10-30,1.0
2014-10-31,1.45825
2014-11-01,1.583375
2014-11-02,1.70825
2014-11-03,1.08325
2014-11-04,3.125
2014-11-05,2.75
2014-11-06,1.791625
2014-11-07,2.541625
2014-11-08,1.875
2014-11-09,2.1251249999999997
2014-11-10,3.416625
2014-11-11,2.291625
2014-11-12,1.708375
2014-11-13,1.0418749999999999
2014-11-14,2.541625
2014-11-15,2.916625
2014-11-16,3.4167500000000004
2014-11-17,2.20825
2014-11-18,2.2083749999999998
2014-11-19,1.749875
2014-11-20,2.2916250000000002
2014-11-21,2.666625
2014-11-22,2.041625
2014-11-23,2.083375
2014-11-24,1.624875
2014-11-25,1.20825
2014-11-26,0.875
2014-11-27,1.833375
2014-11-28,0.83325
2014-11-29,1.0
2014-11-30,1.91675
2014-12-01,2.1248750000000003
2014-12-02,2.416625
2014-12-03,1.750125
2014-12-04,1.9585
2014-12-05,2.33325
2014-12-06,2.458375
2014-12-07,3.75
2014-12-08,2.875
2014-12-09,2.8748750000000003
2014-12-10,1.8331250000000001
2014-12-11,1.0
2014-12-12,3.291625
2014-12-13,2.0
2014-12-14,2.333375
2014-12-15,2.833375
2014-12-16,1.666625
2014-12-17,1.416625
2014-12-18,1.33325
2014-12-19,1.916625
2014-12-20,1.79175
2014-12-21,2.6667500000000004
2014-12-22,2.7082499999999996
2014-12-23,2.04175
2014-12-24,2.9582499999999996
2014-12-25,2.2501249999999997
2014-12-26,2.9167500000000004
2014-12-27,1.45825
2014-12-28,1.999875
2014-12-29,3.375
2014-12-30,2.9167499999999995
2014-12-31,1.874875
2015-01-01,1.499875
2015-01-02,2.33325
2015-01-03,2.25
2015-01-04,2.875
2015-01-05,2.666625
2015-01-06,2.583375
2015-01-07,3.4998749999999994
2015-01-08,2.5835
2015-01-09,1.75
2015-01-10,2.0415
2015-01-11,2.291625
2015-01-12,1.749875
2015-01-13,1.875125
2015-01-14,1.500125
2015-01-15,1.124875
2015-01-16,1.666625
2015-01-17,1.41675
2015-01-18,0.8748750000000001
2015-01-19,0.958375
2015-01-20,0.49987500000000007
2015-01-21,2.291625
2015-01-22,2.5
2015-01-23,2.000125
2015-01-24,1.416625
2015-01-25,1.250125
2015-01-26,2.9582499999999996
2015-01-27,2.541625
2015-01-28,1.666625
2015-01-29,1.8752499999999999
2015-01-30,2.125
2015-01-31,2.0415
2015-02-01,3.25
2015-02-02,3.8751249999999997
2015-02-03,3.0
2015-02-04,1.875
2015-02-05,2.4998750000000003
2015-02-06,1.291625
2015-02-07,2.041625
2015-02-08,2.333375
2015-02-09,1.70825
2015-02-10,1.458375
2015-02-11,1.25
2015-02-12,1.041625
2015-02-13,0.416625
2015-02-14,0.49987500000000007
2015-02-15,1.500125
2015-02-16,1.25
2015-02-17,3.5417500000000004
2015-02-18,3.083375
2015-02-19,2.041875
2015-02-20,1.333625
2015-02-21,1.708375
2015-02-22,1.624875
2015-02-23,3.125
2015-02-24,3.416625
2015-02-25,1.875
2015-02-26,0.8748750000000001
2015-02-27,0.49987500000000007
2015-02-28,2.41675
2015-03-01,3.416625
2015-03-02,3.833375
2015-03-03,2.33325
2015-03-04,2.0
2015-03-05,1.3331250000000001
2015-03-06,2.2501249999999997
2015-03-07,3.541625
2015-03-08,2.29175
2015-03-09,1.124875
2015-03-10,0.9998750000000001
2015-03-11,2.0
2015-03-12,1.83325
2015-03-13,1.33325
2015-03-14,1.33325
2015-03-15,1.70825
2015-03-16,2.3333749999999993
2015-03-17,6.000125000000001
2015-03-18,4.916625
2015-03-19,3.791625
2015-03-20,3.499999999999999
2015-03-21,2.458375
2015-03-22,2.8748750000000003
2015-03-23,3.2917500000000004
2015-03-24,2.166625
2015-03-25,2.75
2015-03-26,1.916625
2015-03-27,1.8747500000000001
2015-03-28,1.91675
2015-03-29,2.375
2015-03-30,1.000125
2015-03-31,2.041625
2015-04-01,1.70825
2015-04-02,2.416625
2015-04-03,2.666625
2015-04-04,2.458375
2015-04-05,1.54175
2015-04-06,1.375125
2015-04-07,0.95825
2015-04-08,0.708375
2015-04-09,2.5417500000000004
2015-04-10,4.083125
2015-04-11,3.0
2015-04-12,0.791625
2015-04-13,1.499875
2015-04-14,2.25
2015-04-15,3.7501250000000006
2015-04-16,4.6667499999999995
2015-04-17,3.4167500000000004
2015-04-18,2.375
2015-04-19,2.041625
2015-04-20,2.166625
2015-04-21,3.5832499999999996
2015-04-22,2.291625
2015-04-23,1.25
2015-04-24,0.7915000000000001
2015-04-25,0.08325
2015-04-26,0.33325000000000005
2015-04-27,1.083375
2015-04-28,1.33325
2015-04-29,0.875
2015-04-30,1.0
2015-05-01,1.25
2015-05-02,1.79175
2015-05-03,1.749875
2015-05-04,1.75
2015-05-05,1.333375
2015-05-06,3.4582500000000005
2015-05-07,1.5418749999999999
2015-05-08,1.3336249999999998
2015-05-09,1.5832499999999998
2015-05-10,2.04175
2015-05-11,2.7917500000000004
2015-05-12,2.958375
2015-05-13,4.874999999999999
2015-05-14,2.041625
2015-05-15,1.75
2015-05-16,1.20825
2015-05-17,1.166625
2015-05-18,2.4998750000000003
2015-05-19,2.375
2015-05-20,1.500125
2015-05-21,0.45825
2015-05-22,0.49987500000000007
2015-05-23,0.6251249999999999
2015-05-24,0.9165000000000001
2015-05-25,0.416625
2015-05-26,1.416625
2015-05-27,1.08325
2015-05-28,1.58325
2015-05-29,1.75
2015-05-30,1.083375
2015-05-31,1.125
2015-06-01,1.541625
2015-06-02,0.291375
2015-06-03,0.75
2015-06-04,0.333125
2015-06-05,0.24975
2015-06-06,1.000125
2015-06-07,1.54175
2015-06-08,4.29175
2015-06-09,2.75
2015-06-10,2.583375
2015-06-11,2.124875
2015-06-12,1.541625
2015-06-13,2.166625
2015-06-14,3.083500000000001
2015-06-15,2.625
2015-06-16,2.3335
2015-06-17,2.583375
2015-06-18,1.5
2015-06-19,0.70825
2015-06-20,0.1665
2015-06-21,1.458375
2015-06-22,4.416499999999999
2015-06-23,5.208375
2015-06-24,2.9167500000000004
2015-06-25,3.875
2015-06-26,1.750125
2015-06-27,1.916625
2015-06-28,2.666625
2015-06-29,1.166625
2015-06-30,1.291625
2015-07-01,1.083375
2015-07-02,0.3747500000000001
2015-07-03,0.416625
2015-07-04,2.458125
2015-07-05,3.2916250000000007
2015-07-06,2.08325
2015-07-07,1.125125
2015-07-08,0.958375
2015-07-09,0.9585
2015-07-10,1.291625
2015-07-11,3.6251250000000006
2015-07-12,2.70825
2015-07-13,4.125
2015-07-14,1.375
2015-07-15,1.541625
2015-07-16,1.7085
2015-07-17,0.9581250000000001
2015-07-18,0.5000000000000001
2015-07-19,0.29150000000000004
2015-07-20,0.625
2015-07-21,1.999875
2015-07-22,1.5
2015-07-23,3.291875
2015-07-24,1.333375
2015-07-25,1.83325
2015-07-26,1.583375
2015-07-27,2.0835
2015-07-28,1.83325
2015-07-29,1.166625
2015-07-30,2.25
2015-07-31,2.70825
2015-08-01,2.125
2015-08-02,2.2915
2015-08-03,1.583375
2015-08-04,1.541625
2015-08-05,1.1665
2015-08-06,2.3748750000000003
2015-08-07,2.916625
2015-08-08,2.416875
2015-08-09,2.333125
2015-08-10,2.0833749999999998
2015-08-11,1.75
2015-08-12,2.375
2015-08-13,2.08325
2015-08-14,0.500125
2015-08-15,3.9582499999999996
2015-08-16,4.083500000000001
2015-08-17,3.625
2015-08-18,1.875
2015-08-19,3.208375
2015-08-20,2.583375
2015-08-21,1.33325
2015-08-22,1.95825
2015-08-23,3.6251249999999997
2015-08-24,1.6252499999999999
2015-08-25,1.958375
2015-08-26,3.9167500000000004
2015-08-27,4.958375
2015-08-28,4.5
2015-08-29,2.6667500000000004
2015-08-30,0.9167500000000001
2015-08-31,1.04175
2015-09-01,1.125125
2015-09-02,1.70825
2015-09-03,1.833375
2015-09-04,3.333125
2015-09-05,2.54175
2015-09-06,2.708375
2015-09-07,4.333375
2015-09-08,3.083375
2015-09-09,5.333375
2015-09-10,2.375
2015-09-11,4.91675
2015-09-12,2.875
2015-09-13,2.29175
2015-09-14,2.6667500000000004
2015-09-15,3.1248750000000003
2015-09-16,2.4998750000000003
2015-09-17,2.0415
2015-09-18,2.541625
2015-09-19,2.6251249999999997
2015-09-20,4.375
2015-09-21,1.91675
2015-09-22,2.2083749999999998
2015-09-23,2.499875
2015-09-24,1.708375
2015-09-25,1.58325
2015-09-26,0.9998750000000001
2015-09-27,0.7498750000000001
2015-09-28,0.833375
2015-09-29,1.124875
2015-09-30,0.333375
2015-10-01,2.125
2015-10-02,2.625125
2015-10-03,2.25
2015-10-04,3.0417500000000004
2015-10-05,3.0001249999999997
2015-10-06,3.166625
2015-10-07,5.625
2015-10-08,4.875125
2015-10-09,3.9167499999999995
2015-10-10,2.375
2015-10-11,2.5
2015-10-12,3.2917500000000004
2015-10-13,3.6665
2015-10-14,3.5
2015-10-15,2.0
2015-10-16,1.583375
2015-10-17,2.2917500000000004
2015-10-18,3.25
2015-10-19,0.91675
2015-10-20,2.125
2015-10-21,2.166625
2015-10-22,1.1667500000000002
2015-10-23,1.458375
2015-10-24,1.9585
2015-10-25,1.625125
2015-10-26,0.24987499999999999
2015-10-27,0.7498750000000001
2015-10-28,0.166625
2015-10-29,0.875
2015-10-30,1.875
2015-10-31,1.375
2015-11-01,2.1248750000000003
2015-11-02,0.9165000000000001
2015-11-03,3.9998750000000003
2015-11-04,3.8748750000000003
2015-11-05,2.958375
2015-11-06,2.7082499999999996
2015-11-07,4.125
2015-11-08,2.416625
2015-11-09,3.8335
2015-11-10,4.4582500000000005
2015-11-11,3.458375
2015-11-12,0.958375
2015-11-13,2.5417500000000004
2015-11-14,2.0415
2015-11-15,1.9165
2015-11-16,2.666625
2015-11-17,1.8335
2015-11-18,2.6251249999999997
2015-11-19,1.708375
2015-11-20,0.9165000000000001
2015-11-21,0.5415000000000001
2015-11-22,0.3333750000000001
2015-11-23,0.25
2015-11-24,0.0
2015-11-25,0.0
2015-11-26,0.33325
2015-11-27,1.541625
2015-11-28,1.541625
2015-11-29,1.875125
2015-11-30,2.9582499999999996
2015-12-01,2.6667500000000004
2015-12-02,2.0
2015-12-03,0.8331250000000001
2015-12-04,0.9998750000000001
2015-12-05,2.7498750000000003
2015-12-06,3.5417500000000004
2015-12-07,3.375
2015-12-08,2.2501249999999997
2015-12-09,1.874875
2015-12-10,3.6667500000000004
2015-12-11,3.3332499999999996
2015-12-12,2.333375
2015-12-13,1.625125
2015-12-14,2.875
2015-12-15,2.833375
2015-12-16,1.0415
2015-12-17,1.3748749999999998
2015-12-18,1.1252499999999999
2015-12-19,1.833375
2015-12-20,5.58325
2015-12-21,3.875
2015-12-22,2.5415
2015-12-23,2.291625
2015-12-24,2.458375
2015-12-25,1.958375
2015-12-26,2.7498750000000003
2015-12-27,2.33325
2015-12-28,1.166625
2015-12-29,1.5
2015-12-30,0.583375
2015-12-31,4.25
2016-01-01,3.25
2016-01-02,2.20825
2016-01-03,1.583375
2016-01-04,1.1668749999999999
2016-01-05,1.416625
2016-01-06,3.041625
2016-01-07,2.7083749999999993
2016-01-08,1.7915
2016-01-09,1.375
2016-01-10,1.95825
2016-01-11,2.583375
2016-01-12,2.666625
2016-01-13,2.541625
2016-01-14,1.91675
2016-01-15,1.16675
2016-01-16,0.6248750000000001
2016-01-17,0.666625
2016-01-18,0.833375
2016-01-19,1.999875
2016-01-20,3.541625
2016-01-21,4.125125000000001
2016-01-22,2.7498750000000003
2016-01-23,2.375
2016-01-24,2.041625
2016-01-25,0.29150000000000004
2016-01-26,0.833375
2016-01-27,0.916625
2016-01-28,1.041625
2016-01-29,0.5835
2016-01-30,0.33325000000000005
2016-01-31,2.083375
2016-02-01,1.45825
2016-02-02,1.208375
2016-02-03,1.875125
2016-02-04,1.20825
2016-02-05,2.3748750000000003
2016-02-06,1.70825
2016-02-07,1.791625
2016-02-08,2.374875
2016-02-09,1.916625
2016-02-10,1.0
2016-02-11,2.041625
2016-02-12,2.58325
2016-02-13,1.5835
2016-02-14,2.1666250000000002
2016-02-15,2.166625
2016-02-16,4.375
2016-02-17,4.208375
2016-02-18,3.9998750000000003
2016-02-19,3.041625
2016-02-20,1.166625
2016-02-21,1.0002499999999999
2016-02-22,0.54175
2016-02-23,1.208375
2016-02-24,1.625
2016-02-25,1.291875
2016-02-26,1.500125
2016-02-27,0.7082499999999999
2016-02-28,0.70825
2016-02-29,0.916625
2016-03-01,1.9585
2016-03-02,1.541625
2016-03-03,1.624875
2016-03-04,0.833375
2016-03-05,0.708125
2016-03-06,3.083375
2016-03-07,3.7085
2016-03-08,1.75
2016-03-09,1.625
2016-03-10,1.75
2016-03-11,3.0832500000000005
2016-03-12,2.25
2016-03-13,0.66675
2016-03-14,2.08325
2016-03-15,3.541499999999999
2016-03-16,3.1251249999999997
2016-03-17,3.5001249999999997
2016-03-18,1.95825
2016-03-19,2.7917499999999995
2016-03-20,2.16675
2016-03-21,1.66675
2016-03-22,1.4165
2016-03-23,2.1251249999999997
2016-03-24,1.458375
2016-03-25,1.166625
2016-03-26,0.41674999999999995
2016-03-27,2.541625
2016-03-28,1.9585
2016-03-29,2.4582499999999996
2016-03-30,2.4165
2016-03-31,1.375
2016-04-01,0.45824999999999994
2016-04-02,2.45825
2016-04-03,2.6251249999999997
2016-04-04,1.375
2016-04-05,1.291625
2016-04-06,1.541625
2016-04-07,2.333375
2016-04-08,1.333375
2016-04-09,0.33325000000000005
2016-04-10,1.54175
2016-04-11,1.000125
2016-04-12,3.041625
2016-04-13,3.7917500000000004
2016-04-14,3.5415
2016-04-15,1.666625
2016-04-16,2.166625
2016-04-17,3.1667500000000004
2016-04-18,1.083375
2016-04-19,0.33312500000000006
2016-04-20,0.70825
2016-04-21,1.041625
2016-04-22,2.458375
2016-04-23,2.208375
2016-04-24,2.166625
2016-04-25,1.208375
2016-04-26,1.3335000000000001
2016-04-27,2.166625
2016-04-28,0.916625
2016-04-29,0.541625
2016-04-30,1.7081250000000001
2016-05-01,2.8332500000000005
2016-05-02,3.7501250000000006
2016-05-03,2.20825
2016-05-04,0.833375
2016-05-05,1.541625
2016-05-06,2.79175
2016-05-07,1.958375
2016-05-08,5.708375
2016-05-09,3.833375
2016-05-10,2.7498750000000003
2016-05-11,1.249875
2016-05-12,0.7501249999999999
2016-05-13,1.583375
2016-05-14,2.08325
2016-05-15,2.583375
2016-05-16,2.5415
2016-05-17,2.708375
2016-05-18,1.708375
2016-05-19,1.708375
2016-05-20,1.374875
2016-05-21,2.791625
2016-05-22,1.583375
2016-05-23,0.791625
2016-05-24,1.08325
2016-05-25,0.49987500000000007
2016-05-26,0.5415
2016-05-27,2.20825
2016-05-28,2.7498750000000003
2016-05-29,1.625
2016-05-30,2.291625
2016-05-31,2.166625
2016-06-01,1.291625
2016-06-02,0.541625
2016-06-03,0.4165
2016-06-04,0.6665
2016-06-05,3.625
2016-06-06,3.458375
2016-06-07,2.0
2016-06-08,1.333375
2016-06-09,0.75
2016-06-10,1.3331250000000001
2016-06-11,2.08325
2016-06-12,2.29175
2016-06-13,1.8335
2016-06-14,2.79175
2016-06-15,2.2916250000000002
2016-06-16,1.6665
2016-06-17,1.833375
2016-06-18,1.95825
2016-06-19,1.125125
2016-06-20,0.875
2016-06-21,0.625125
2016-06-22,2.083375
2016-06-23,2.0835
2016-06-24,2.625
2016-06-25,1.7085
2016-06-26,2.208375
2016-06-27,1.791625
2016-06-28,1.4165
2016-06-29,1.0418749999999999
2016-06-30,1.25
2016-07-01,1.499875
2016-07-02,1.500125
2016-07-03,1.916625
2016-07-04,1.333375
2016-07-05,0.666625
2016-07-06,0.875
2016-07-07,3.4167499999999995
2016-07-08,3.3332499999999996
2016-07-09,2.6665
2016-07-10,2.208375
2016-07-11,2.333375
2016-07-12,3.166625
2016-07-13,1.833375
2016-07-14,2.333375
2016-07-15,2.3751249999999997
2016-07-16,1.70825
2016-07-17,1.2915
2016-07-18,0.6666250000000001
2016-07-19,1.16675
2016-07-20,3.0
2016-07-21,1.25
2016-07-22,1.83325
2016-07-23,1.625
2016-07-24,2.3335
2016-07-25,3.208375
2016-07-26,0.916625
2016-07-27,0.541625
2016-07-28,2.791625
2016-07-29,2.75
2016-07-30,1.208375
2016-07-31,0.666625
2016-08-01,0.58325
2016-08-02,2.6665
2016-08-03,4.16675
2016-08-04,3.000125
2016-08-05,2.958375
2016-08-06,2.6667499999999995
2016-08-07,2.333375
2016-08-08,2.250125
2016-08-09,2.5
2016-08-10,3.0
2016-08-11,1.875
2016-08-12,2.125
2016-08-13,1.125
2016-08-14,0.791625
2016-08-15,0.666625
2016-08-16,1.083375
2016-08-17,1.75
2016-08-18,1.4585
2016-08-19,0.874875
2016-08-20,0.7498750000000001
2016-08-21,1.583375
2016-08-22,0.916625
2016-08-23,2.7498750000000003
2016-08-24,3.0417500000000004
2016-08-25,2.375
2016-08-26,1.4585
2016-08-27,1.125125
2016-08-28,0.4581250000000001
2016-08-29,1.416625
2016-08-30,3.0
2016-08-31,1.3336249999999998
2016-09-01,3.958375
2016-09-02,4.25
2016-09-03,4.458374999999999
2016-09-04,3.875
2016-09-05,3.0415
2016-09-06,2.791625
2016-09-07,2.4165
2016-09-08,2.541625
2016-09-09,0.833375
2016-09-10,0.791625
2016-09-11,0.7501249999999999
2016-09-12,1.125125
2016-09-13,1.000125
2016-09-14,1.874875
2016-09-15,1.375125
2016-09-16,0.5
2016-09-17,0.624875
2016-09-18,1.624875
2016-09-19,1.999875
2016-09-20,3.1667500000000004
2016-09-21,1.75
2016-09-22,0.7501249999999999
2016-09-23,0.666625
2016-09-24,0.916625
2016-09-25,3.416625
2016-09-26,3.416625
2016-09-27,4.29175
2016-09-28,4.416625
2016-09-29,4.375
2016-09-30,3.33325
2016-10-01,3.125
2016-10-02,3.0415
2016-10-03,2.666625
2016-10-04,3.541625
2016-10-05,2.4998750000000003
2016-10-06,1.291625
2016-10-07,1.3335
2016-10-08,1.791625
2016-10-09,1.25
2016-10-10,2.083375
2016-10-11,0.375
2016-10-12,1.0
2016-10-13,4.58325
2016-10-14,2.8336250000000005
2016-10-15,2.333375
2016-10-16,2.958375
2016-10-17,3.4582499999999996
2016-10-18,2.08325
2016-10-19,1.416625
2016-10-20,0.458125
2016-10-21,0.166625
2016-10-22,1.208375
2016-10-23,2.0
2016-10-24,3.041875
2016-10-25,5.12475
2016-10-26,4.75025
2016-10-27,3.875
2016-10-28,3.083375
2016-10-29,3.666625
2016-10-30,3.0832499999999996
2016-10-31,2.0
2016-11-01,2.41675
2016-11-02,2.6667500000000004
2016-11-03,3.0835
2016-11-04,0.91675
2016-11-05,0.37500000000000006
2016-11-06,1.08325
2016-11-07,0.7501249999999999
2016-11-08,0.416625
2016-11-09,1.500125
2016-11-10,2.708375
2016-11-11,2.375
2016-11-12,3.25
2016-11-13,3.5417500000000004
2016-11-14,2.33325
2016-11-15,1.6665
2016-11-16,0.91675
2016-11-17,0.62475
2016-11-18,0.49987500000000007
2016-11-19,0.25
2016-11-20,0.5
2016-11-21,1.333375
2016-11-22,2.166625
2016-11-23,2.2501249999999997
2016-11-24,3.4167500000000004
2016-11-25,3.9582499999999996
2016-11-26,2.5
2016-11-27,2.041625
2016-11-28,1.875
2016-11-29,1.208375
2016-11-30,0.6248750000000001
2016-12-01,0.5
2016-12-02,0.833375
2016-12-03,0.33325000000000005
2016-12-04,0.166625
2016-12-05,0.875
2016-12-06,1.5831250000000001
2016-12-07,2.0835
2016-12-08,3.458375
2016-12-09,3.6251250000000006
2016-12-10,3.0
2016-12-11,2.7916250000000002
2016-12-12,1.249875
2016-12-13,0.875
2016-12-14,0.875
2016-12-15,0.416625
2016-12-16,0.291625
2016-12-17,1.124875
2016-12-18,1.875
2016-12-19,1.208375
2016-12-20,1.333375
2016-12-21,3.20825
2016-12-22,3.5
2016-12-23,3.375
2016-12-24,2.625
2016-12-25,3.375
2016-12-26,3.458375
2016-12-27,2.416625
2016-12-28,1.25
2016-12-29,1.0415
2016-12-30,0.541625
2016-12-31,2.541625
2017-01-01,2.625
2017-01-02,1.5
2017-01-03,2.3335
2017-01-04,2.20825
2017-01-05,3.125
2017-01-06,2.916875
2017-01-07,3.416625
2017-01-08,3.083375
2017-01-09,2.458125
2017-01-10,2.1251249999999997
2017-01-11,1.791625
2017-01-12,0.95825
2017-01-13,0.875
2017-01-14,0.91675
2017-01-15,1.16675
2017-01-16,0.291625
2017-01-17,0.6248750000000001
2017-01-18,2.75
2017-01-19,2.2085
2017-01-20,2.2498750000000003
2017-01-21,2.2498750000000003
2017-01-22,2.208375
2017-01-23,1.0001250000000002
2017-01-24,0.583375
2017-01-25,1.083375
2017-01-26,2.1251249999999997
2017-01-27,3.291625
2017-01-28,1.958375
2017-01-29,1.666625
2017-01-30,1.45825
2017-01-31,3.5832500000000005
2017-02-01,3.9165
2017-02-02,3.5417500000000004
2017-02-03,3.2498750000000003
2017-02-04,2.3332499999999996
2017-02-05,2.9167500000000004
2017-02-06,2.6251249999999997
2017-02-07,1.833375
2017-02-08,1.04175
2017-02-09,1.70825
2017-02-10,1.8331250000000001
2017-02-11,0.79175
2017-02-12,0.624875
2017-02-13,1.249875
2017-02-14,0.208375
2017-02-15,0.5835
2017-02-16,1.95825
2017-02-17,3.25
2017-02-18,2.7915
2017-02-19,2.124875
2017-02-20,2.0
2017-02-21,1.0
2017-02-22,2.04175
2017-02-23,2.33325
2017-02-24,3.1667500000000004
2017-02-25,1.41675
2017-02-26,0.333375
2017-02-27,1.583375
2017-02-28,1.875
2017-03-01,4.25
2017-03-02,4.124874999999999
2017-03-03,3.125
2017-03-04,3.375
2017-03-05,3.1667499999999995
2017-03-06,3.5
2017-03-07,2.916625
2017-03-08,2.3335
2017-03-09,2.75
2017-03-10,2.1248750000000003
2017-03-11,1.083375
2017-03-12,1.66675
2017-03-13,0.5
2017-03-14,1.0
2017-03-15,1.41675
2017-03-16,1.08325
2017-03-17,0.5831250000000001
2017-03-18,0.375
2017-03-19,0.333375
2017-03-20,0.249875
2017-03-21,3.4582499999999996
2017-03-22,3.75
2017-03-23,1.91675
2017-03-24,1.333375
2017-03-25,0.666625
2017-03-26,0.75
2017-03-27,4.70825
2017-03-28,3.7915
2017-03-29,3.3748749999999994
2017-03-30,3.291625
2017-03-31,3.958375
2017-04-01,2.958375
2017-04-02,1.7915
2017-04-03,0.958375
2017-04-04,2.9585
2017-04-05,1.9165
2017-04-06,1.5415
2017-04-07,2.0001249999999997
2017-04-08,2.9167499999999995
2017-04-09,2.583375
2017-04-10,1.1247500000000001
2017-04-11,2.291625
2017-04-12,1.0415
2017-04-13,0.9165000000000001
2017-04-14,2.54175
2017-04-15,1.291625
2017-04-16,0.791625
2017-04-17,0.791625
2017-04-18,1.33325
2017-04-19,2.58325
2017-04-20,3.7917499999999995
2017-04-21,2.33325
2017-04-22,4.91675
2017-04-23,4.45825
2017-04-24,3.3332499999999996
2017-04-25,2.375
2017-04-26,2.0415
2017-04-27,1.541625
2017-04-28,1.291625
2017-04-29,1.458375
2017-04-30,1.29175
2017-05-01,1.124875
2017-05-02,0.916625
2017-05-03,0.666625
2017-05-04,1.166625
2017-05-05,0.8748750000000001
2017-05-06,1.04175
2017-05-07,1.91675
2017-05-08,1.333375
2017-05-09,1.33325
2017-05-10,1.250125
2017-05-11,1.375125
2017-05-12,1.70825
2017-05-13,0.875
2017-05-14,2.083375
2017-05-15,2.3751249999999997
2017-05-16,1.875
2017-05-17,1.791625
2017-05-18,1.916625
2017-05-19,2.583375
2017-05-20,3.6251249999999997
2017-05-21,1.958375
2017-05-22,2.208375
2017-05-23,1.791625
2017-05-24,0.70825
2017-05-25,0.541625
2017-05-26,0.45825000000000005
2017-05-27,1.708375
2017-05-28,3.8751250000000006
2017-05-29,1.666625
2017-05-30,1.125
2017-05-31,0.8332499999999999
2017-06-01,1.375
2017-06-02,1.04175
2017-06-03,1.75
2017-06-04,0.37487500000000007
2017-06-05,1.166625
2017-06-06,1.04175
2017-06-07,1.04175
2017-06-08,0.70825
2017-06-09,0.75
2017-06-10,0.666625
2017-06-11,2.541625
2017-06-12,1.6665
2017-06-13,1.541625
2017-06-14,1.25
2017-06-15,0.791625
2017-06-16,3.4167499999999995
2017-06-17,2.75
2017-06-18,2.33325
2017-06-19,1.166625
2017-06-20,0.416625
2017-06-21,0.791625
2017-06-22,1.0415
2017-06-23,1.083375
2017-06-24,2.083375
2017-06-25,2.20825
2017-06-26,1.66675
2017-06-27,1.04175
2017-06-28,0.83325
2017-06-29,1.0418749999999999
2017-06-30,0.7084999999999999
2017-07-01,2.54175
2017-07-02,3.083375
2017-07-03,1.29175
2017-07-04,0.8748750000000001
2017-07-05,0.2915
2017-07-06,1.41675
2017-07-07,0.9998750000000001
2017-07-08,0.49987500000000007
2017-07-09,3.4582499999999996
2017-07-10,1.7085
2017-07-11,1.70825
2017-07-12,0.8335
2017-07-13,0.708375
2017-07-14,0.4165000000000001
2017-07-15,0.6667500000000001
2017-07-16,4.333375
2017-07-17,3.583375
2017-07-18,1.416625
2017-07-19,0.666625
2017-07-20,1.4585000000000001
2017-07-21,2.583125
2017-07-22,2.833125
2017-07-23,2.66675
2017-07-24,2.375
2017-07-25,2.2498750000000003
2017-07-26,1.999875
2017-07-27,1.25
2017-07-28,1.66675
2017-07-29,0.791625
2017-07-30,0.66675
2017-07-31,0.541625
2017-08-01,1.083375
2017-08-02,1.000125
2017-08-03,1.875125
2017-08-04,3.5415
2017-08-05,2.9585
2017-08-06,2.5415
2017-08-07,1.166875
2017-08-08,1.000125
2017-08-09,0.8748750000000001
2017-08-10,1.08325
2017-08-11,1.666625
2017-08-12,2.04175
2017-08-13,1.791625
2017-08-14,1.08325
2017-08-15,0.49987500000000007
2017-08-16,1.374875
2017-08-17,3.6252500000000003
2017-08-18,3.2501250000000006
2017-08-19,4.08325
2017-08-20,3.2915
2017-08-21,2.25
2017-08-22,3.0
2017-08-23,3.5417500000000004
2017-08-24,2.0
2017-08-25,1.04175
2017-08-26,0.7082499999999999
2017-08-27,1.916625
2017-08-28,0.541875
2017-08-29,1.7915
2017-08-30,0.791625
2017-08-31,3.833375
2017-09-01,3.0
2017-09-02,3.2502500000000003
2017-09-03,1.79175
2017-09-04,2.916875
2017-09-05,2.416625
2017-09-06,1.874875
2017-09-07,3.5836250000000005
2017-09-08,6.08325
2017-09-09,0.70825
2017-09-10,1.0
2017-09-11,2.5417500000000004
2017-09-12,2.791625
2017-09-13,2.333375
2017-09-14,3.166625
2017-09-15,4.25
2017-09-16,3.8748750000000003
2017-09-17,2.7498749999999994
2017-09-18,3.4167500000000004
2017-09-19,1.875
2017-09-20,2.0
2017-09-21,1.33325
2017-09-22,1.2915
2017-09-23,1.083375
2017-09-24,1.4585
2017-09-25,0.9581250000000001
2017-09-26,0.7498750000000001
2017-09-27,4.2085
2017-09-28,4.875125000000001
2017-09-29,2.5
2017-09-30,2.8332499999999996
2017-10-01,2.41675
2017-10-02,1.2081250000000001
2017-10-03,1.33325
2017-10-04,1.1665
2017-10-05,1.166625
2017-10-06,1.916625
2017-10-07,0.7916249999999999
2017-10-08,0.6248750000000001
2017-10-09,0.33325000000000005
2017-10-10,0.4165
2017-10-11,4.000125000000001
2017-10-12,3.8748750000000003
2017-10-13,4.208375
2017-10-14,4.04175
2017-10-15,3.5
2017-10-16,1.958375
2017-10-17,1.249875
2017-10-18,1.04175
2017-10-19,2.625
2017-10-20,1.708375
2017-10-21,2.041625
2017-10-22,1.29175
2017-10-23,1.04175
2017-10-24,2.8751249999999997
2017-10-25,3.291625
2017-10-26,3.041625
2017-10-27,1.0415
2017-10-28,1.25
2017-10-29,0.5833750000000001
2017-10-30,0.375
2017-10-31,0.416625
2017-11-01,0.583375
2017-11-02,1.83325
2017-11-03,1.95825
2017-11-04,0.791625
2017-11-05,0.20825000000000002
2017-11-06,0.125
2017-11-07,3.8335
2017-11-08,4.624875
2017-11-09,3.333375
2017-11-10,3.41675
2017-11-11,1.70825
2017-11-12,1.29175
2017-11-13,1.4165
2017-11-14,2.5
2017-11-15,2.541625
2017-11-16,2.666625
2017-11-17,1.125
2017-11-18,1.6252499999999999
2017-11-19,1.041625
2017-11-20,1.2498749999999998
2017-11-21,3.9167500000000004
2017-11-22,2.333375
2017-11-23,2.083375
2017-11-24,1.874875
2017-11-25,1.291625
2017-11-26,0.500125
2017-11-27,1.166625
2017-11-28,1.541625
2017-11-29,1.083375
2017-11-30,2.208125
2017-12-01,1.666625
2017-12-02,0.58325
2017-12-03,0.16662500000000002
2017-12-04,1.916625
2017-12-05,3.958375
2017-12-06,2.916625
2017-12-07,2.2915
2017-12-08,1.25
2017-12-09,0.75
2017-12-10,0.5
2017-12-11,2.2498750000000003
2017-12-12,2.58325
2017-12-13,1.458375
2017-12-14,0.791625
2017-12-15,0.70825
2017-12-16,0.625125
2017-12-17,3.583500000000001
2017-12-18,2.875
2017-12-19,1.125
2017-12-20,1.29175
2017-12-21,0.458375
2017-12-22,0.249875
2017-12-23,1.125125
2017-12-24,2.458125
2017-12-25,2.083375
2017-12-26,2.2501249999999997
2017-12-27,1.833375
2017-12-28,1.166625
2017-12-29,0.875
2017-12-30,0.70825
2017-12-31,0.6248750000000001
2018-01-01,2.2082499999999996
2018-01-02,1.1251250000000002
2018-01-03,0.5
2018-01-04,0.625
2018-01-05,1.16675
2018-01-06,0.37487500000000007
2018-01-07,0.375
2018-01-08,1.91675
2018-01-09,2.083375
2018-01-10,0.83325
2018-01-11,0.416625
2018-01-12,0.791625
2018-01-13,1.45825
2018-01-14,2.333375
2018-01-15,2.0001249999999997
2018-01-16,0.958375
2018-01-17,0.166625
2018-01-18,0.208125
2018-01-19,1.79175
2018-01-20,1.66675
2018-01-21,2.04175
2018-01-22,2.4167500000000004
2018-01-23,0.9998750000000001
2018-01-24,1.541625
2018-01-25,2.20825
2018-01-26,1.66675
2018-01-27,1.41675
2018-01-28,0.833375
2018-01-29,0.666625
2018-01-30,0.791625
2018-01-31,1.416625
2018-02-01,0.8331250000000001
2018-02-02,0.708375
2018-02-03,0.7915000000000001
2018-02-04,0.70825
2018-02-05,1.875
2018-02-06,1.124875
2018-02-07,0.5
2018-02-08,0.541625
2018-02-09,0.916625
2018-02-10,1.5415
2018-02-11,0.33325000000000005
2018-02-12,0.75
2018-02-13,0.416625
2018-02-14,0.416625
2018-02-15,2.083375
2018-02-16,1.7915
2018-02-17,2.375
2018-02-18,2.7082499999999996
2018-02-19,2.9167500000000004
2018-02-20,0.7498750000000001
2018-02-21,0.541625
2018-02-22,2.16675
2018-02-23,2.75
2018-02-24,1.749875
2018-02-25,0.833375
2018-02-26,1.583375
2018-02-27,2.7498749999999994
2018-02-28,1.541625
2018-03-01,1.375125
2018-03-02,0.70825
2018-03-03,1.375
2018-03-04,1.375125
2018-03-05,1.0831250000000001
2018-03-06,1.041875
2018-03-07,0.625
2018-03-08,0.791625
2018-03-09,2.0
2018-03-10,2.375
2018-03-11,1.0415
2018-03-12,0.416625
2018-03-13,0.583375
2018-03-14,1.75
2018-03-15,2.833375
2018-03-16,3.25
2018-03-17,2.666625
2018-03-18,3.0
2018-03-19,2.625
2018-03-20,1.4581250000000001
2018-03-21,0.916625
2018-03-22,1.458375
2018-03-23,2.7917500000000004
2018-03-24,2.0
2018-03-25,3.041625
2018-03-26,2.375
2018-03-27,1.791625
2018-03-28,0.33325000000000005
2018-03-29,0.8335
2018-03-30,1.083375
2018-03-31,1.41675
2018-04-01,1.124875
2018-04-02,1.166625
2018-04-03,0.58325
2018-04-04,1.04175
2018-04-05,1.833375
2018-04-06,0.79175
2018-04-07,0.916625
2018-04-08,1.166625
2018-04-09,2.208125
2018-04-10,3.125
2018-04-11,2.166625
2018-04-12,2.0
2018-04-13,1.91675
2018-04-14,1.33325
2018-04-15,1.29175
2018-04-16,0.45825000000000005
2018-04-17,0.5835
2018-04-18,1.2918749999999999
2018-04-19,0.333375
2018-04-20,4.624874999999999
2018-04-21,2.541625
2018-04-22,1.208375
2018-04-23,1.41675
2018-04-24,0.9582499999999999
2018-04-25,0.916625
2018-04-26,0.91675
2018-04-27,1.208375
2018-04-28,0.7083750000000001
2018-04-29,0.70825
2018-04-30,1.25
2018-05-01,0.4165
2018-05-02,0.958375
2018-05-03,0.6248750000000001
2018-05-04,0.875
2018-05-05,2.8751249999999997
2018-05-06,3.7082499999999996
2018-05-07,3.041625
2018-05-08,2.8335
2018-05-09,2.791625
2018-05-10,2.4167500000000004
2018-05-11,2.833375
2018-05-12,1.750125
2018-05-13,1.916625
2018-05-14,0.9584999999999999
2018-05-15,0.625
2018-05-16,0.6665000000000001
2018-05-17,2.29175
2018-05-18,1.041625
2018-05-19,0.416625
2018-05-20,0.49987500000000007
2018-05-21,0.375
2018-05-22,1.166625
2018-05-23,1.874875
2018-05-24,0.666625
2018-05-25,0.5830000000000001
2018-05-26,0.58325
2018-05-27,0.791625
2018-05-28,0.916625
2018-05-29,0.791875
2018-05-30,0.833375
2018-05-31,2.166625
2018-06-01,3.5833749999999993
2018-06-02,3.0001249999999997
2018-06-03,2.00025
2018-06-04,1.08325
2018-06-05,1.3335
2018-06-06,1.375
2018-06-07,1.208375
2018-06-08,0.916625
2018-06-09,0.75
2018-06-10,0.458375
2018-06-11,0.708125
2018-06-12,0.75
2018-06-13,0.8748750000000001
2018-06-14,1.124875
2018-06-15,0.583375
2018-06-16,0.33325
2018-06-17,0.91675
2018-06-18,2.9998749999999994
2018-06-19,1.333375
2018-06-20,1.208375
2018-06-21,0.5833750000000001
2018-06-22,0.7498750000000001
2018-06-23,3.166625
2018-06-24,1.66675
2018-06-25,2.0835
2018-06-26,3.3335
2018-06-27,1.6665
2018-06-28,1.208375
2018-06-29,0.708375
2018-06-30,0.791625
2018-07-01,0.333125
2018-07-02,0.37487500000000007
2018-07-03,0.6251249999999999
2018-07-04,0.8751249999999999
2018-07-05,2.75
2018-07-06,1.66675
2018-07-07,1.29175
2018-07-08,0.833375
2018-07-09,0.333125
2018-07-10,1.624875
2018-07-11,1.874875
2018-07-12,1.70825
2018-07-13,1.29175
2018-07-14,0.875
2018-07-15,0.5831250000000001
2018-07-16,1.8335
2018-07-17,1.458375
2018-07-18,0.625
2018-07-19,0.79175
2018-07-20,1.54175
2018-07-21,2.3335000000000004
2018-07-22,1.124875
2018-07-23,0.6667500000000001
2018-07-24,3.125
2018-07-25,1.7915
2018-07-26,0.7501249999999999
2018-07-27,0.625
2018-07-28,1.166625
2018-07-29,0.958375
2018-07-30,1.0
2018-07-31,1.0415
2018-08-01,1.375
2018-08-02,1.166625
2018-08-03,1.291625
2018-08-04,1.08325
2018-08-05,0.958375
2018-08-06,0.5835
2018-08-07,2.208375
2018-08-08,1.125
2018-08-09,0.875
2018-08-10,0.791625
2018-08-11,2.16675
2018-08-12,1.291875
2018-08-13,0.83325
2018-08-14,0.75
2018-08-15,2.583375
2018-08-16,2.291625
2018-08-17,2.4165
2018-08-18,2.1666250000000002
2018-08-19,1.874875
2018-08-20,2.833375
2018-08-21,1.7915
2018-08-22,1.249875
2018-08-23,0.8334999999999999
2018-08-24,1.041625
2018-08-25,2.29175
2018-08-26,5.29175
2018-08-27,3.3751249999999997
2018-08-28,1.7918749999999999
2018-08-29,1.416625
2018-08-30,0.791625
2018-08-31,1.04175
2018-09-01,0.916625
2018-09-02,1.1665
2018-09-03,0.9165000000000001
2018-09-04,1.9168749999999999
2018-09-05,2.16675
2018-09-06,1.166625
2018-09-07,1.125
2018-09-08,0.875
2018-09-09,1.54175
2018-09-10,2.58325
2018-09-11,4.0417499999999995
2018-09-12,2.083375
2018-09-13,3.125
2018-09-14,2.75
2018-09-15,1.79175
2018-09-16,1.291625
2018-09-17,2.4585
2018-09-18,1.41675
2018-09-19,0.7498750000000001
2018-09-20,0.20825
2018-09-21,1.166625
2018-09-22,3.9167500000000004
2018-09-23,2.3332499999999996
2018-09-24,1.583375
2018-09-25,2.29175
2018-09-26,1.708375
2018-09-27,1.458375
2018-09-28,1.54175
2018-09-29,2.166625
2018-09-30,1.166625
2018-10-01,1.83325
2018-10-02,1.583375
2018-10-03,1.1251250000000002
2018-10-04,0.9165
2018-10-05,2.0001249999999997
2018-10-06,0.875
2018-10-07,2.916625
2018-10-08,3.208375
2018-10-09,3.0835
2018-10-10,2.708375
2018-10-11,2.1667499999999995
2018-10-12,1.291625
2018-10-13,2.2915
2018-10-14,1.375
2018-10-15,2.291875
2018-10-16,1.2085
2018-10-17,0.5
2018-10-18,0.08325
2018-10-19,0.29150000000000004
2018-10-20,0.12487500000000001
2018-10-21,1.041625
2018-10-22,1.2918749999999999
2018-10-23,0.58325
2018-10-24,0.708125
2018-10-25,1.416625
2018-10-26,1.541625
2018-10-27,0.7083750000000001
2018-10-28,0.66675
2018-10-29,0.1665
2018-10-30,0.833375
2018-10-31,0.875
2018-11-01,1.166625
2018-11-02,0.916625
2018-11-03,0.8331250000000001
2018-11-04,2.0835
2018-11-05,4.041625
2018-11-06,1.625
2018-11-07,2.08325
2018-11-08,2.166625
2018-11-09,2.041625
2018-11-10,2.541625
2018-11-11,1.708375
2018-11-12,2.166625
2018-11-13,0.666625
2018-11-14,0.666625
2018-11-15,0.25
2018-11-16,0.166625
2018-11-17,0.166625
2018-11-18,0.5
2018-11-19,1.08325
2018-11-20,1.208375
2018-11-21,1.0
2018-11-22,0.37487500000000007
2018-11-23,0.4583750000000001
2018-11-24,0.666625
2018-11-25,0.5835
2018-11-26,0.333375
2018-11-27,1.29175
2018-11-28,0.458375
2018-11-29,0.49987500000000007
2018-11-30,0.37487499999999996
2018-12-01,1.41675
2018-12-02,2.3751249999999997
2018-12-03,2.041625
2018-12-04,1.875
2018-12-05,1.125
2018-12-06,1.2085
2018-12-07,2.2498750000000003
2018-12-08,2.375
2018-12-09,1.916625
2018-12-10,2.2082499999999996
2018-12-11,1.833375
2018-12-12,0.9586249999999998
2018-12-13,0.291625
2018-12-14,0.291625
2018-12-15,0.208125
2018-12-16,0.37487500000000007
2018-12-17,1.25
2018-12-18,1.5835
2018-12-19,1.375
2018-12-20,2.3335
2018-12-21,1.083375
2018-12-22,0.375
2018-12-23,0.2915
2018-12-24,0.500125
2018-12-25,0.7917500000000001
2018-12-26,0.33325000000000005
2018-12-27,0.791625
2018-12-28,3.5832499999999996
2018-12-29,2.25
2018-12-30,2.25
2018-12-31,1.625
2019-01-01,1.208375
2019-01-02,0.08325
2019-01-03,0.24987499999999999
2019-01-04,1.916625
2019-01-05,2.83325
2019-01-06,2.2501249999999997
2019-01-07,1.5
2019-01-08,1.4165
2019-01-09,0.958375
2019-01-10,0.75
2019-01-11,1.3747500000000001
2019-01-12,0.416625
2019-01-13,0.54175
2019-01-14,1.7085
2019-01-15,1.16675
2019-01-16,1.25
2019-01-17,1.66675
2019-01-18,1.29175
2019-01-19,0.91675
2019-01-20,0.7918749999999999
2019-01-21,0.7082499999999999
2019-01-22,0.666625
2019-01-23,2.666625
2019-01-24,3.0
2019-01-25,2.625
2019-01-26,1.5835
2019-01-27,0.9998750000000001
2019-01-28,0.20825
2019-01-29,0.375
2019-01-30,0.25
2019-01-31,2.20825
2019-02-01,2.9998750000000003
2019-02-02,3.041625
2019-02-03,2.2498750000000003
2019-02-04,1.25
2019-02-05,0.9998750000000001
2019-02-06,2.041625
2019-02-07,1.0
2019-02-08,1.833375
2019-02-09,2.125
2019-02-10,1.20825
2019-02-11,1.875
2019-02-12,1.124875
2019-02-13,2.5835
2019-02-14,2.0416250000000002
2019-02-15,0.75
2019-02-16,0.75
2019-02-17,0.70825
2019-02-18,1.3331250000000001
2019-02-19,0.49987500000000007
2019-02-20,0.624875
2019-02-21,2.291875
2019-02-22,0.791625
2019-02-23,0.33325
2019-02-24,0.29175
2019-02-25,0.25
2019-02-26,0.41674999999999995
2019-02-27,2.0
2019-02-28,3.5832500000000005
2019-03-01,3.6667500000000004
2019-03-02,2.625
2019-03-03,1.375125
2019-03-04,1.5415
2019-03-05,1.083375
2019-03-06,1.66675
2019-03-07,1.416625
2019-03-08,1.04175
2019-03-09,1.08325
2019-03-10,0.7915000000000001
2019-03-11,0.458375
2019-03-12,1.541625
2019-03-13,0.83325
2019-03-14,1.583375
2019-03-15,1.625125
2019-03-16,2.333375
2019-03-17,2.500125
2019-03-18,0.458375
2019-03-19,1.5835000000000001
2019-03-20,1.250125
2019-03-21,0.2915
2019-03-22,0.166625
2019-03-23,0.166625
2019-03-24,0.291625
2019-03-25,1.124875
2019-03-26,1.0415
2019-03-27,1.6668749999999999
2019-03-28,2.166625
2019-03-29,1.75
2019-03-30,0.7081250000000001
2019-03-31,2.04175
2019-04-01,1.66675
2019-04-02,1.208375
2019-04-03,2.333375
2019-04-04,2.208375
2019-04-05,2.6251249999999997
2019-04-06,1.666625
2019-04-07,1.125
2019-04-08,2.541625
2019-04-09,2.20825
2019-04-10,2.625
2019-04-11,1.625125
2019-04-12,1.79175
2019-04-13,1.625
2019-04-14,0.9167500000000001
2019-04-15,1.7081250000000001
2019-04-16,1.416625
2019-04-17,0.6667500000000001
2019-04-18,0.37512500000000004
2019-04-19,0.999875
2019-04-20,0.8335
2019-04-21,0.708375
2019-04-22,0.6248750000000001
2019-04-23,1.499875
2019-04-24,1.541625
2019-04-25,1.16675
2019-04-26,0.833375
2019-04-27,1.416625
2019-04-28,1.041625
2019-04-29,1.083375
2019-04-30,1.04175
2019-05-01,2.125
2019-05-02,2.4165
2019-05-03,1.79175
2019-05-04,2.04175
2019-05-05,0.666625
2019-05-06,1.08325
2019-05-07,1.125
2019-05-08,0.33325
2019-05-09,1.5415
2019-05-10,1.625125
2019-05-11,3.666625
2019-05-12,0.916625
2019-05-13,1.375125
2019-05-14,3.666625
2019-05-15,1.2917500000000002
2019-05-16,1.625
2019-05-17,0.95825
2019-05-18,0.8750000000000001
2019-05-19,0.541625
2019-05-20,1.166625
2019-05-21,0.666625
2019-05-22,0.916625
2019-05-23,1.08325
2019-05-24,1.041625
2019-05-25,0.708125
2019-05-26,0.791625
2019-05-27,1.9165
2019-05-28,1.625
2019-05-29,2.7082500000000005
2019-05-30,1.874875
2019-05-31,0.83325
2019-06-01,0.583375
2019-06-02,0.6247500000000001
2019-06-03,0.749875
2019-06-04,1.6664999999999999
2019-06-05,0.833375
2019-06-06,0.3750000000000001
2019-06-07,0.83325
2019-06-08,2.6251250000000006
2019-06-09,1.416625
2019-06-10,0.458375
2019-06-11,0.4165000000000001
2019-06-12,0.666625
2019-06-13,2.0
2019-06-14,1.500125
2019-06-15,0.7499999999999999
2019-06-16,0.833375
2019-06-17,0.416625
2019-06-18,0.624875
2019-06-19,0.66675
2019-06-20,1.541625
2019-06-21,1.374875
2019-06-22,0.791625
2019-06-23,0.45825000000000005
2019-06-24,1.0835
2019-06-25,0.666625
2019-06-26,1.25
2019-06-27,0.75
2019-06-28,0.833375
2019-06-29,0.583375
2019-06-30,0.8331250000000001
2019-07-01,1.9165
2019-07-02,1.166625
2019-07-03,0.833125
2019-07-04,1.083125
2019-07-05,0.91675
2019-07-06,0.625
2019-07-07,1.0
2019-07-08,1.541625
2019-07-09,2.708375
2019-07-10,2.625
2019-07-11,1.41675
2019-07-12,1.16675
2019-07-13,1.375
2019-07-14,1.16675
2019-07-15,1.625
2019-07-16,1.166625
2019-07-17,1.33325
2019-07-18,0.666625
2019-07-19,0.66675
2019-07-20,0.375
2019-07-21,1.625125
2019-07-22,1.83325
2019-07-23,1.4168749999999999
2019-07-24,0.95825
2019-07-25,0.416625
2019-07-26,0.24975
2019-07-27,0.958125
2019-07-28,1.0
2019-07-29,0.9998750000000001
2019-07-30,1.666625
2019-07-31,1.708375
2019-08-01,1.5835
2019-08-02,0.708375
2019-08-03,0.333125
2019-08-04,0.70825
2019-08-05,3.958375
2019-08-06,2.29175
2019-08-07,1.416625
2019-08-08,1.458375
2019-08-09,1.41675
2019-08-10,1.625125
2019-08-11,1.291625
2019-08-12,1.166625
2019-08-13,1.583375
2019-08-14,0.83325
2019-08-15,0.750125
2019-08-16,1.0
2019-08-17,0.916625
2019-08-18,1.29175
2019-08-19,0.66675
2019-08-20,1.000125
2019-08-21,0.8748750000000001
2019-08-22,1.25
2019-08-23,0.833375
2019-08-24,0.8748750000000001
2019-08-25,0.70825
2019-08-26,1.2915
2019-08-27,2.333375
2019-08-28,1.04175
2019-08-29,0.666875
2019-08-30,1.958375
2019-08-31,4.5
2019-09-01,4.833375
2019-09-02,3.4167499999999995
2019-09-03,2.04175
2019-09-04,2.458375
2019-09-05,2.541625
2019-09-06,1.625125
2019-09-07,1.5415
2019-09-08,2.083375
2019-09-09,2.7498750000000003
2019-09-10,0.95825
2019-09-11,1.04175
2019-09-12,1.375
2019-09-13,1.750125
2019-09-14,1.3335
2019-09-15,1.875
2019-09-16,2.083375
2019-09-17,1.625
2019-09-18,1.875
2019-09-19,0.666625
2019-09-20,0.541625
2019-09-21,1.6665
2019-09-22,0.7498750000000001
2019-09-23,0.541625
2019-09-24,2.375
2019-09-25,0.8748750000000001
2019-09-26,0.6248750000000001
2019-09-27,2.8748750000000003
2019-09-28,3.6666250000000007
2019-09-29,2.5001249999999997
2019-09-30,2.5832499999999996
2019-10-01,2.041625
2019-10-02,1.5
2019-10-03,1.041625
2019-10-04,1.6668749999999999
2019-10-05,1.708375
2019-10-06,1.041625
2019-10-07,1.375
2019-10-08,1.125
2019-10-09,1.833375
2019-10-10,2.4165
2019-10-11,1.70825
2019-10-12,1.16675
2019-10-13,0.083375
2019-10-14,1.250125
2019-10-15,0.83325
2019-10-16,1.375
2019-10-17,1.25
2019-10-18,1.333375
2019-10-19,1.0835
2019-10-20,1.083375
2019-10-21,1.04175
2019-10-22,0.58325
2019-10-23,0.25
2019-10-24,2.7915
2019-10-25,3.666499999999999
2019-10-26,3.708375
2019-10-27,2.833375
2019-10-28,2.375
2019-10-29,1.66675
2019-10-30,1.7081250000000001
2019-10-31,1.291625
2019-11-01,0.666625
2019-11-02,0.166625
2019-11-03,0.25
2019-11-04,0.91675
2019-11-05,1.333375
2019-11-06,1.41675
2019-11-07,0.875
2019-11-08,0.625125
2019-11-09,0.958375
2019-11-10,0.5415
2019-11-11,1.875125
2019-11-12,0.791625
2019-11-13,0.25
2019-11-14,0.58325
2019-11-15,0.45824999999999994
2019-11-16,1.5001250000000002
2019-11-17,0.95825
2019-11-18,0.041625
2019-11-19,0.45825
2019-11-20,0.25
2019-11-21,2.2085
2019-11-22,2.666625
2019-11-23,2.2917500000000004
2019-11-24,2.416625
2019-11-25,1.0835
2019-11-26,0.58325
2019-11-27,1.083375
2019-11-28,0.708125
2019-11-29,1.0001250000000002
2019-11-30,0.791625
2019-12-01,0.833375
2019-12-02,0.25
2019-12-03,0.208125
2019-12-04,0.708375
2019-12-05,0.29175000000000006
2019-12-06,0.54175
2019-12-07,0.375
2019-12-08,0.5415
2019-12-09,0.833375
2019-12-10,0.875
2019-12-11,1.3335
2019-12-12,0.7498750000000001
2019-12-13,0.7498750000000001
2019-12-14,0.37487499999999996
2019-12-15,1.124875
2019-12-16,0.375
2019-12-17,0.29175
2019-12-18,2.3332499999999996
2019-12-19,2.3332499999999996
2019-12-20,1.375
2019-12-21,1.041625
2019-12-22,0.75
2019-12-23,0.624875
2019-12-24,0.2915
2019-12-25,0.79175
2019-12-26,0.875
2019-12-27,0.41675000000000006
2019-12-28,0.20825
2019-12-29,0.125
2019-12-30,0.291625
2019-12-31,0.66675
2020-01-01,0.583375
2020-01-02,0.45825000000000005
2020-01-03,1.208375
2020-01-04,1.3751250000000002
2020-01-05,1.958375
2020-01-06,1.75
2020-01-07,1.125
2020-01-08,1.375
2020-01-09,2.458375
2020-01-10,1.458375
2020-01-11,1.2915
2020-01-12,0.541625
2020-01-13,0.416625
2020-01-14,0.29150000000000004
2020-01-15,0.79175
2020-01-16,1.0
2020-01-17,0.5415
2020-01-18,0.5833750000000001
2020-01-19,0.125
2020-01-20,0.08325
2020-01-21,1.291625
2020-01-22,1.45825
2020-01-23,0.8748750000000001
2020-01-24,0.2915
2020-01-25,0.49987500000000007
2020-01-26,0.66675
2020-01-27,0.33325000000000005
2020-01-28,0.95825
2020-01-29,1.875
2020-01-30,2.541625
2020-01-31,1.583375
2020-02-01,1.375
2020-02-02,1.374875
2020-02-03,0.8747500000000001
2020-02-04,1.41675
2020-02-05,1.125
2020-02-06,2.791625
2020-02-07,2.75
2020-02-08,1.458375
2020-02-09,1.5418749999999999
2020-02-10,1.16675
2020-02-11,1.208375
2020-02-12,1.125
2020-02-13,0.4165
2020-02-14,0.458375
2020-02-15,1.000125
2020-02-16,0.541625
2020-02-17,1.4998749999999998
2020-02-18,2.583375
2020-02-19,2.3748750000000003
2020-02-20,1.833375
2020-02-21,2.6667499999999995
2020-02-22,1.9585
2020-02-23,1.0415
2020-02-24,0.875
2020-02-25,0.4165
2020-02-26,0.70825
2020-02-27,0.625
2020-02-28,1.458375
2020-02-29,2.208375
2020-03-01,1.375
2020-03-02,1.0
2020-03-03,1.41675
2020-03-04,1.416625
2020-03-05,0.7918749999999999
2020-03-06,0.91675
2020-03-07,0.8748750000000001
2020-03-08,1.29175
2020-03-09,1.250125
2020-03-10,0.833375
2020-03-11,0.541625
2020-03-12,1.41675
2020-03-13,1.708375
2020-03-14,0.458375
2020-03-15,1.0
2020-03-16,1.083375
2020-03-17,1.375
2020-03-18,1.333375
2020-03-19,2.1666250000000002
2020-03-20,1.583375
2020-03-21,1.916625
2020-03-22,1.666625
2020-03-23,2.458125
2020-03-24,0.7498750000000001
2020-03-25,0.708375
2020-03-26,1.08325
2020-03-27,1.333375
2020-03-28,1.166625
2020-03-29,1.625
2020-03-30,2.24975
2020-03-31,2.791625
2020-04-01,1.33325
2020-04-02,1.583375
2020-04-03,1.75
2020-04-04,1.0
2020-04-05,1.0
2020-04-06,0.45825000000000005
2020-04-07,0.58325
2020-04-08,2.6251249999999997
2020-04-09,1.0001250000000002
2020-04-10,0.95825
2020-04-11,1.625
2020-04-12,1.583375
2020-04-13,1.166625
2020-04-14,1.624875
2020-04-15,1.54175
2020-04-16,0.8748750000000001
2020-04-17,0.7915000000000001
2020-04-18,0.83325
2020-04-19,0.20825
2020-04-20,2.6248750000000003
2020-04-21,2.0
2020-04-22,1.666625
2020-04-23,0.70825
2020-04-24,1.583375
2020-04-25,1.0
2020-04-26,1.5418749999999999
2020-04-27,1.54175
2020-04-28,1.166625
2020-04-29,0.45825000000000005
2020-04-30,0.24987499999999999
2020-05-01,1.08325
2020-05-02,1.04175
2020-05-03,0.9582499999999999
2020-05-04,1.20825
2020-05-05,1.416625
2020-05-06,0.9998750000000001
2020-05-07,0.7081250000000001
2020-05-08,0.666625
2020-05-09,0.24987499999999999
2020-05-10,0.7498750000000001
2020-05-11,0.95825
2020-05-12,0.70825
2020-05-13,0.70825
2020-05-14,0.333
2020-05-15,0.5415000000000001
2020-05-16,0.5833750000000001
2020-05-17,0.416625
2020-05-18,0.708375
2020-05-19,1.166625
2020-05-20,0.5
2020-05-21,1.208375
2020-05-22,1.41675
2020-05-23,0.75
2020-05-24,1.0
2020-05-25,1.250125
2020-05-26,0.7083750000000001
2020-05-27,0.708125
2020-05-28,0.5
2020-05-29,0.58325
2020-05-30,2.9582499999999996
2020-05-31,0.7498750000000001
2020-06-01,1.208375
2020-06-02,1.625
2020-06-03,0.58325
2020-06-04,0.875
2020-06-05,0.6665
2020-06-06,0.45812500000000006
2020-06-07,1.58325
2020-06-08,1.000125
2020-06-09,1.000125
2020-06-10,1.624875
2020-06-11,0.6248750000000001
2020-06-12,0.583375
2020-06-13,0.5
2020-06-14,0.375
2020-06-15,0.625
2020-06-16,1.250125
2020-06-17,0.833375
2020-06-18,0.91675
2020-06-19,0.91675
2020-06-20,1.291625
2020-06-21,0.79175
2020-06-22,0.4165
2020-06-23,0.70825
2020-06-24,0.7501249999999999
2020-06-25,0.541625
2020-06-26,1.249875
2020-06-27,1.5415
2020-06-28,0.625
2020-06-29,0.416625
2020-06-30,0.9583750000000001
2020-07-01,1.041625
2020-07-02,0.708375
2020-07-03,0.708375
2020-07-04,1.624875
2020-07-05,2.16675
2020-07-06,1.0415
2020-07-07,0.6248750000000001
2020-07-08,0.333125
2020-07-09,0.625
2020-07-10,0.37475
2020-07-11,0.45825
2020-07-12,0.33325000000000005
2020-07-13,1.458375
2020-07-14,1.916625
2020-07-15,1.041625
2020-07-16,0.791625
2020-07-17,0.8748750000000001
2020-07-18,0.7498750000000001
2020-07-19,0.8334999999999999
2020-07-20,0.666625
2020-07-21,0.91675
2020-07-22,0.58325
2020-07-23,0.49987500000000007
2020-07-24,2.5001249999999997
2020-07-25,2.500125
2020-07-26,0.5415000000000001
2020-07-27,0.7085
2020-07-28,0.8334999999999999
2020-07-29,0.958375
2020-07-30,0.708375
2020-07-31,0.875
2020-08-01,0.583375
2020-08-02,2.0
2020-08-03,3.0415
2020-08-04,1.749875
2020-08-05,1.25
2020-08-06,1.083375
2020-08-07,0.70825
2020-08-08,1.166625
2020-08-09,0.37487500000000007
2020-08-10,0.37487500000000007
2020-08-11,0.37487500000000007
2020-08-12,0.75
2020-08-13,0.7915000000000001
2020-08-14,0.708375
2020-08-15,0.333125
2020-08-16,0.70825
2020-08-17,0.583375
2020-08-18,1.416625
2020-08-19,1.041625
2020-08-20,0.54175
2020-08-21,0.70825
2020-08-22,1.54175
2020-08-23,1.875
2020-08-24,0.41675000000000006
2020-08-25,0.625
2020-08-26,1.54175
2020-08-27,1.666625
2020-08-28,1.750125
2020-08-29,2.6248750000000003
2020-08-30,2.0
2020-08-31,3.7501250000000006
2020-09-01,3.1667500000000004
2020-09-02,2.250125
2020-09-03,0.708375
2020-09-04,1.70825
2020-09-05,1.333375
2020-09-06,1.0
2020-09-07,0.791625
2020-09-08,0.75
2020-09-09,0.125
2020-09-10,0.29150000000000004
2020-09-11,0.416625
2020-09-12,1.1665
2020-09-13,1.4165
2020-09-14,2.2916250000000002
2020-09-15,1.3331250000000001
2020-09-16,0.58325
2020-09-17,0.5415000000000001
2020-09-18,0.833375
2020-09-19,0.458375
2020-09-20,0.75
2020-09-21,0.37487499999999996
2020-09-22,1.2918749999999999
2020-09-23,2.2085
2020-09-24,2.9582499999999996
2020-09-25,2.9998750000000003
2020-09-26,3.6251249999999997
2020-09-27,3.0001249999999997
2020-09-28,4.250125000000001
2020-09-29,3.125
2020-09-30,2.958375
2020-10-01,2.3332500000000005
2020-10-02,1.95825
2020-10-03,1.16675
2020-10-04,0.8333750000000001
2020-10-05,1.9165
2020-10-06,1.25
2020-10-07,0.95825
2020-10-08,0.416625
2020-10-09,0.08325
2020-10-10,0.16675
2020-10-11,0.4165
2020-10-12,0.541625
2020-10-13,0.45825000000000005
2020-10-14,0.0
2020-10-15,0.25
2020-10-16,0.8334999999999999
2020-10-17,1.125
2020-10-18,0.4165
2020-10-19,1.54175
2020-10-20,0.875
2020-10-21,1.79175
2020-10-22,1.0831250000000001
2020-10-23,2.125
2020-10-24,3.0832499999999996
2020-10-25,2.7501249999999997
2020-10-26,2.875
2020-10-27,1.791625
2020-10-28,2.2917500000000004
2020-10-29,2.416625
2020-10-30,1.08325
2020-10-31,1.375
2020-11-01,1.79175
2020-11-02,0.333375
2020-11-03,0.41675000000000006
2020-11-04,0.333125
2020-11-05,0.666625
2020-11-06,1.75
2020-11-07,1.583375
2020-11-08,1.125
2020-11-09,0.0
2020-11-10,0.08325
2020-11-11,0.7498750000000001
2020-11-12,0.6665000000000001
2020-11-13,0.625
2020-11-14,0.583375
2020-11-15,0.6248750000000001
2020-11-16,0.08325
2020-11-17,0.333375
2020-11-18,0.58325
2020-11-19,0.4165
2020-11-20,1.625125
2020-11-21,2.16675
2020-11-22,3.7501249999999997
2020-11-23,1.91675
2020-11-24,0.75
2020-11-25,1.583375
2020-11-26,1.499875
2020-11-27,1.58325
2020-11-28,2.125
2020-11-29,0.8748750000000001
2020-11-30,1.58325
2020-12-01,0.291625
2020-12-02,0.7083749999999999
2020-12-03,0.45825000000000005
2020-12-04,0.041625
2020-12-05,0.91675
2020-12-06,1.45825
2020-12-07,0.29175
2020-12-08,0.875
2020-12-09,1.625
2020-12-10,1.499875
2020-12-11,1.5
2020-12-12,0.875
2020-12-13,1.041625
2020-12-14,0.625
2020-12-15,0.458375
2020-12-16,0.416625
2020-12-17,0.166625
2020-12-18,0.29150000000000004
2020-12-19,1.20825
2020-12-20,0.9998750000000001
2020-12-21,2.45825
2020-12-22,2.75
2020-12-23,2.333125
2020-12-24,1.91675
2020-12-25,1.041625
2020-12-26,0.9585
2020-12-27,1.375125
2020-12-28,1.791625
2020-12-29,1.458375
2020-12-30,1.875125
2020-12-31,0.6248750000000001
2021-01-01,0.5416249999999999
2021-01-02,0.08325
2021-01-03,0.12487500000000001
2021-01-04,0.33312500000000006
2021-01-05,1.9585000000000001
2021-01-06,2.2499999999999996
2021-01-07,1.124875
2021-01-08,0.24975
2021-01-09,0.33325000000000005
2021-01-10,0.583375
2021-01-11,2.2498750000000003
2021-01-12,1.875
2021-01-13,0.75
2021-01-14,0.1665
2021-01-15,0.5
2021-01-16,0.7084999999999999
2021-01-17,0.2915
2021-01-18,0.75
2021-01-19,1.29175
2021-01-20,1.333375
2021-01-21,0.249875
2021-01-22,0.5
2021-01-23,0.833375
2021-01-24,1.25
2021-01-25,2.75
2021-01-26,2.291625
2021-01-27,2.291625
2021-01-28,0.58325
2021-01-29,0.49987500000000007
2021-01-30,0.249875
2021-01-31,0.16675
2021-02-01,1.25
2021-02-02,2.8335
2021-02-03,2.458375
2021-02-04,1.666625
2021-02-05,1.2918749999999999
2021-02-06,1.374875
2021-02-07,3.000125
2021-02-08,1.375
2021-02-09,0.83325
2021-02-10,0.458375
2021-02-11,0.375
2021-02-12,1.124875
2021-02-13,2.4582500000000005
2021-02-14,0.91675
2021-02-15,1.0001250000000002
2021-02-16,2.375
2021-02-17,1.83325
2021-02-18,0.958375
2021-02-19,2.708375
2021-02-20,3.5
2021-02-21,3.333375
2021-02-22,3.166625
2021-02-23,2.5
2021-02-24,3.2917500000000004
2021-02-25,2.7085
2021-02-26,2.2498750000000003
2021-02-27,0.91675
2021-02-28,1.20825
2021-03-01,3.375
2021-03-02,3.1248750000000003
2021-03-03,3.208375
2021-03-04,2.0001249999999997
2021-03-05,1.25
2021-03-06,2.833125
2021-03-07,1.791875
2021-03-08,1.08325
2021-03-09,0.583375
2021-03-10,0.29150000000000004
2021-03-11,0.708375
2021-03-12,2.541625
2021-03-13,3.0001249999999997
2021-03-14,3.5832499999999996
2021-03-15,1.666625
2021-03-16,0.500125
2021-03-17,1.041625
2021-03-18,1.125
2021-03-19,1.291625
2021-03-20,3.7501250000000006
2021-03-21,3.3751250000000006
2021-03-22,1.70825
2021-03-23,2.33325
2021-03-24,2.125
2021-03-25,2.708375
2021-03-26,2.20825
2021-03-27,1.166625
2021-03-28,1.08325
2021-03-29,0.6666250000000001
2021-03-30,0.708375
2021-03-31,2.125
2021-04-01,1.70825
2021-04-02,1.208375
2021-04-03,0.875
2021-04-04,0.583375
2021-04-05,0.916625
2021-04-06,0.375
2021-04-07,2.833375
2021-04-08,0.8751249999999999
2021-04-09,0.58325
2021-04-10,0.91675
2021-04-11,1.4585
2021-04-12,1.083375
2021-04-13,1.20825
2021-04-14,1.375125
2021-04-15,2.291625
2021-04-16,3.1248750000000003
2021-04-17,4.000125000000001
2021-04-18,3.166625
2021-04-19,3.2082499999999996
2021-04-20,2.625
2021-04-21,1.54175
2021-04-22,1.1247500000000001
2021-04-23,2.5417499999999995
2021-04-24,1.91675
2021-04-25,3.0001249999999997
2021-04-26,2.125125
2021-04-27,1.374875
2021-04-28,0.416625
2021-04-29,1.0415
2021-04-30,1.166625
2021-05-01,1.1665
2021-05-02,1.958375
2021-05-03,1.208375
2021-05-04,0.791625
2021-05-05,0.249875
2021-05-06,0.666625
2021-05-07,0.541625
2021-05-08,0.6248750000000001
2021-05-09,0.583125
2021-05-10,1.624875
2021-05-11,0.5415000000000001
2021-05-12,3.625
2021-05-13,1.625
2021-05-14,0.791625
2021-05-15,1.58325
2021-05-16,0.8751249999999999
2021-05-17,1.375
2021-05-18,1.875125
2021-05-19,1.208375
2021-05-20,3.4998750000000003
2021-05-21,1.41675
2021-05-22,1.083375
2021-05-23,0.75
2021-05-24,0.4165000000000001
2021-05-25,0.5415000000000001
2021-05-26,2.1251249999999997
2021-05-27,2.7082499999999996
2021-05-28,0.33325000000000005
2021-05-29,1.291625
2021-05-30,1.208375
2021-05-31,0.41675000000000006
2021-06-01,0.166625
2021-06-02,1.0415
2021-06-03,1.333375
2021-06-04,0.9998750000000001
2021-06-05,0.833125
2021-06-06,0.83325
2021-06-07,2.375
2021-06-08,1.1668749999999999
2021-06-09,0.6665
2021-06-10,0.999875
2021-06-11,2.041625
2021-06-12,2.124875
2021-06-13,1.041625
2021-06-14,0.833375
2021-06-15,2.7501249999999997
2021-06-16,2.7082499999999996
2021-06-17,1.375
2021-06-18,1.625
2021-06-19,0.75
2021-06-20,0.83325
2021-06-21,0.75
2021-06-22,1.4165
2021-06-23,0.75
2021-06-24,1.041625
2021-06-25,1.33325
2021-06-26,0.7081250000000001
2021-06-27,0.6666249999999999
2021-06-28,0.625
2021-06-29,1.125
2021-06-30,2.5
2021-07-01,1.16675
2021-07-02,1.125
2021-07-03,0.833375
2021-07-04,0.5415000000000001
2021-07-05,1.791625
2021-07-06,1.625
2021-07-07,1.25
2021-07-08,0.875
2021-07-09,1.0
2021-07-10,1.374875
2021-07-11,0.708125
2021-07-12,1.541625
2021-07-13,1.0
2021-07-14,2.375
2021-07-15,2.166625
2021-07-16,0.833375
2021-07-17,0.791625
2021-07-18,0.833125
2021-07-19,1.750125
2021-07-20,2.2498750000000003
2021-07-21,1.416625
2021-07-22,1.791625
2021-07-23,0.5833750000000001
2021-07-24,0.666625
2021-07-25,0.458125
2021-07-26,0.7083750000000001
2021-07-27,1.0
2021-07-28,2.6251249999999997
2021-07-29,1.9165
2021-07-30,1.54175
2021-07-31,1.45825
2021-08-01,0.75
2021-08-02,2.333375
2021-08-03,1.95825
2021-08-04,1.0415
2021-08-05,0.291625
2021-08-06,1.625
2021-08-07,2.375
2021-08-08,0.9998750000000001
2021-08-09,0.875
2021-08-10,1.58325
2021-08-11,1.2081250000000001
2021-08-12,0.833375
2021-08-13,1.20825
2021-08-14,0.7083750000000001
2021-08-15,2.041625
2021-08-16,1.75
2021-08-17,1.166625
2021-08-18,1.374875
2021-08-19,0.87475
2021-08-20,1.416625
2021-08-21,0.749875
2021-08-22,0.458375
2021-08-23,0.37475
2021-08-24,0.95825
2021-08-25,1.7915
2021-08-26,1.250125
2021-08-27,3.25
2021-08-28,2.4164999999999996
2021-08-29,1.7085
2021-08-30,1.666625
2021-08-31,1.45825
2021-09-01,1.125
2021-09-02,0.791625
2021-09-03,1.7081250000000001
2021-09-04,1.1252499999999999
2021-09-05,1.45825
2021-09-06,1.458375
2021-09-07,1.7918749999999999
2021-09-08,2.666625
2021-09-09,1.0418749999999999
2021-09-10,1.708375
2021-09-11,1.5
2021-09-12,1.416625
2021-09-13,1.91675
2021-09-14,1.375
2021-09-15,1.29175
2021-09-16,0.666625
2021-09-17,3.25
2021-09-18,1.791625
2021-09-19,0.33325000000000005
2021-09-20,0.5831250000000001
2021-09-21,1.45825
2021-09-22,2.29175
2021-09-23,1.958375
2021-09-24,1.66675
2021-09-25,1.54175
2021-09-26,0.20825000000000002
2021-09-27,1.58325
2021-09-28,2.20825
2021-09-29,1.041625
2021-09-30,1.5
2021-10-01,2.4582500000000005
2021-10-02,1.375
2021-10-03,1.333375
2021-10-04,1.04175
2021-10-05,0.9998750000000001
2021-10-06,1.958375
2021-10-07,0.625
2021-10-08,0.7498750000000001
2021-10-09,1.000125
2021-10-10,2.041625
2021-10-11,2.791625
2021-10-12,4.70825
2021-10-13,1.04175
2021-10-14,1.749875
2021-10-15,1.08325
2021-10-16,1.20825
2021-10-17,2.08325
2021-10-18,2.0835
2021-10-19,2.416625
2021-10-20,1.375
2021-10-21,1.375125
2021-10-22,0.666625
2021-10-23,0.5415000000000001
2021-10-24,0.8335
2021-10-25,1.0
2021-10-26,1.04175
2021-10-27,0.416625
2021-10-28,0.20825
2021-10-29,0.291625
2021-10-30,1.9168749999999999
2021-10-31,2.6665
2021-11-01,1.875125
2021-11-02,3.083375
2021-11-03,2.208375
2021-11-04,4.958500000000001
2021-11-05,2.333375
2021-11-06,3.083375
2021-11-07,0.8331250000000001
2021-11-08,1.0
2021-11-09,1.4585
2021-11-10,1.4165
2021-11-11,0.83325
2021-11-12,0.54175
2021-11-13,0.249875
2021-11-14,0.583375
2021-11-15,1.416625
2021-11-16,2.5416250000000002
2021-11-17,2.541625
2021-11-18,1.1665
2021-11-19,1.125
2021-11-20,2.1665
2021-11-21,2.6667500000000004
2021-11-22,1.874875
2021-11-23,2.125
2021-11-24,1.04175
2021-11-25,1.04175
2021-11-26,0.49987500000000007
2021-11-27,0.75
2021-11-28,1.958375
2021-11-29,1.5835
2021-11-30,1.249875
2021-12-01,3.208375
2021-12-02,2.16675
2021-12-03,1.791625
2021-12-04,1.583375
2021-12-05,1.749875
2021-12-06,1.6668749999999999
2021-12-07,0.8331250000000001
2021-12-08,0.875
2021-12-09,0.29175
2021-12-10,0.5832499999999999
2021-12-11,0.8748750000000001
2021-12-12,0.6248750000000001
2021-12-13,0.916625
2021-12-14,1.08325
2021-12-15,2.083375
2021-12-16,1.875
2021-12-17,0.58325
2021-12-18,0.666625
2021-12-19,1.958375
2021-12-20,2.791625
2021-12-21,2.0001249999999997
2021-12-22,2.3332499999999996
2021-12-23,0.83325
2021-12-24,1.16675
2021-12-25,1.625125
2021-12-26,0.625
2021-12-27,2.125
2021-12-28,1.79175
2021-12-29,1.45825
2021-12-30,1.8331250000000001
2021-12-31,0.8332499999999999
2022-01-01,2.416625
2022-01-02,2.0415
2022-01-03,2.4166250000000002
2022-01-04,1.08325
2022-01-05,0.625
2022-01-06,0.041625
2022-01-07,0.0
2022-01-08,1.708375
2022-01-09,2.0
2022-01-10,1.499875
2022-01-11,0.958375
2022-01-12,0.666625
2022-01-13,0.49987499999999996
2022-01-14,1.958375
2022-01-15,3.2917500000000004
2022-01-16,3.041625
2022-01-17,2.083375
2022-01-18,3.041625
2022-01-19,3.33325
2022-01-20,0.7915000000000001
2022-01-21,1.625
2022-01-22,2.20825
2022-01-23,1.58325
2022-01-24,0.791625
2022-01-25,2.833375
2022-01-26,2.333375
2022-01-27,1.500125
2022-01-28,1.625125
2022-01-29,2.5001250000000006
2022-01-30,2.375125
2022-01-31,2.16675
2022-02-01,1.29175
2022-02-02,2.0001249999999997
2022-02-03,3.666625
2022-02-04,4.208375
2022-02-05,2.500125
2022-02-06,2.791875
2022-02-07,1.624875
2022-02-08,1.041625
2022-02-09,0.374875
2022-02-10,3.2501249999999997
2022-02-11,3.166625
2022-02-12,2.75
2022-02-13,2.916625
2022-02-14,1.708375
2022-02-15,0.91675
2022-02-16,2.083375
2022-02-17,1.124875
2022-02-18,1.333375
2022-02-19,1.999875
2022-02-20,2.4167500000000004
2022-02-21,2.2501249999999997
2022-02-22,2.666625
2022-02-23,1.583375
2022-02-24,1.249875
2022-02-25,1.7915
2022-02-26,0.125
2022-02-27,2.3333749999999998
2022-02-28,1.791625
2022-03-01,2.0416250000000002
2022-03-02,0.791875
2022-03-03,1.0415
2022-03-04,2.33325
2022-03-05,3.6251249999999997
2022-03-06,2.958375
2022-03-07,1.9165
2022-03-08,1.25
2022-03-09,1.0835
2022-03-10,1.83325
2022-03-11,3.3748750000000003
2022-03-12,1.999875
2022-03-13,3.666625
2022-03-14,2.12525
2022-03-15,1.416625
2022-03-16,1.375
2022-03-17,1.2085
2022-03-18,0.54175
2022-03-19,1.125
2022-03-20,1.79175
2022-03-21,0.708375
2022-03-22,1.916625
2022-03-23,1.500125
2022-03-24,2.2498750000000003
2022-03-25,1.875125
2022-03-26,1.45825
2022-03-27,2.875
2022-03-28,1.66675
2022-03-29,1.875
2022-03-30,1.3333750000000002
2022-03-31,3.7917499999999995
2022-04-01,2.916625
2022-04-02,3.2501249999999997
2022-04-03,1.791625
2022-04-04,2.2917499999999995
2022-04-05,1.499875
2022-04-06,1.416625
2022-04-07,2.4167500000000004
2022-04-08,1.75
2022-04-09,3.0002500000000003
2022-04-10,3.375
2022-04-11,2.29175
2022-04-12,2.208375
2022-04-13,1.708375
2022-04-14,4.45825
2022-04-15,3.541625
2022-04-16,1.791625
2022-04-17,2.3335
2022-04-18,2.0415
2022-04-19,1.499875
2022-04-20,1.8331250000000001
2022-04-21,2.1668749999999997
2022-04-22,1.58325
2022-04-23,2.4582499999999996
2022-04-24,1.208375
2022-04-25,0.91675
2022-04-26,0.45825000000000005
2022-04-27,2.666625
2022-04-28,2.833375
2022-04-29,2.583375
2022-04-30,2.7916250000000002
2022-05-01,1.958375
2022-05-02,1.04175
2022-05-03,1.500125
2022-05-04,1.458375
2022-05-05,0.791625
2022-05-06,0.83325
2022-05-07,0.291625
2022-05-08,1.41675
2022-05-09,1.5415
2022-05-10,0.5415
2022-05-11,1.291625
2022-05-12,1.833375
2022-05-13,1.583375
2022-05-14,1.583375
2022-05-15,2.1666250000000002
2022-05-16,2.083375
2022-05-17,2.333375
2022-05-18,1.375
2022-05-19,2.125
2022-05-20,2.375
2022-05-21,2.250125
2022-05-22,2.208375
2022-05-23,0.9165000000000001
2022-05-24,0.75
2022-05-25,1.5
2022-05-26,0.91675
2022-05-27,2.6248750000000003
2022-05-28,3.0417500000000004
2022-05-29,3.041625
2022-05-30,1.95825
2022-05-31,2.083375
2022-06-01,1.20825
2022-06-02,0.9165
2022-06-03,0.8334999999999999
2022-06-04,0.541625
2022-06-05,0.8751249999999999
2022-06-06,2.125
2022-06-07,1.7081250000000001
2022-06-08,1.0
2022-06-09,1.124875
2022-06-10,0.916625
2022-06-11,1.75
2022-06-12,2.125
2022-06-13,2.5835
2022-06-14,1.7501250000000002
2022-06-15,2.958375
2022-06-16,2.3748750000000003
2022-06-17,2.708125
2022-06-18,2.458375
2022-06-19,2.1666250000000002
2022-06-20,2.208125
2022-06-21,1.750125
2022-06-22,2.208375
2022-06-23,2.25
2022-06-24,1.374875
2022-06-25,2.6667500000000004
2022-06-26,3.458375
2022-06-27,1.875
2022-06-28,1.7081250000000001
2022-06-29,1.16675
2022-06-30,0.7084999999999999
2022-07-01,1.208375
2022-07-02,2.8751250000000006
2022-07-03,1.624875
2022-07-04,3.3335
2022-07-05,0.541625
2022-07-06,0.875125
2022-07-07,2.7498750000000003
2022-07-08,3.0835
2022-07-09,1.333375
2022-07-10,1.374875
2022-07-11,2.041625
2022-07-12,3.0832499999999996
2022-07-13,0.958375
2022-07-14,0.8748750000000001
2022-07-15,1.75
2022-07-16,1.4585
2022-07-17,0.833625
2022-07-18,1.83325
2022-07-19,3.9167500000000004
2022-07-20,1.4165
2022-07-21,2.8751249999999997
2022-07-22,2.2915
2022-07-23,2.708375
2022-07-24,2.0
2022-07-25,1.16675
2022-07-26,1.625
2022-07-27,2.166625
2022-07-28,1.70825
2022-07-29,0.83325
2022-07-30,1.5415
2022-07-31,2.29175
2022-08-01,1.875125
2022-08-02,2.1665
2022-08-03,1.958375
2022-08-04,1.5
2022-08-05,1.291625
2022-08-06,0.583375
2022-08-07,3.291625
2022-08-08,3.833500000000001
2022-08-09,3.3332499999999996
2022-08-10,2.541625
2022-08-11,3.0415
2022-08-12,1.5
2022-08-13,2.0
2022-08-14,1.249875
2022-08-15,1.166625
2022-08-16,0.8751249999999999
2022-08-17,3.375
2022-08-18,3.7917500000000004
2022-08-19,3.166625
2022-08-20,2.20825
2022-08-21,2.708375
2022-08-22,1.5
2022-08-23,0.58325
2022-08-24,0.5
2022-08-25,0.666625
2022-08-26,0.791625
2022-08-27,2.25
2022-08-28,1.66675
2022-08-29,2.5001249999999997
2022-08-30,2.625
2022-08-31,2.6248750000000003
2022-09-01,1.9581250000000001
2022-09-02,1.75
2022-09-03,3.5415
2022-09-04,5.41675
2022-09-05,4.5
2022-09-06,3.375
2022-09-07,2.666625
2022-09-08,3.25
2022-09-09,2.416875
2022-09-10,2.625
2022-09-11,1.916625
2022-09-12,1.66675
2022-09-13,0.54175
2022-09-14,1.791875
2022-09-15,1.250125
2022-09-16,0.9582499999999999
2022-09-17,1.0
2022-09-18,2.29175
2022-09-19,2.29175
2022-09-20,1.83325
2022-09-21,1.083375
2022-09-22,1.208375
2022-09-23,2.458125
2022-09-24,2.666625
2022-09-25,1.333375
2022-09-26,0.9165000000000001
2022-09-27,3.3332499999999996
2022-09-28,0.83325
2022-09-29,1.541625
2022-09-30,2.41675
2022-10-01,0.45824999999999994
2022-10-02,2.3748750000000003
2022-10-03,3.458375
2022-10-04,2.9165
2022-10-05,2.7498750000000003
2022-10-06,3.0415
2022-10-07,2.625125
2022-10-08,2.375125
2022-10-09,3.7085
2022-10-10,2.083125
2022-10-11,1.4165
2022-10-12,1.125
2022-10-13,0.83325
2022-10-14,2.916625
2022-10-15,2.79175
2022-10-16,2.916625
2022-10-17,0.833375
2022-10-18,1.33325
2022-10-19,0.875
2022-10-20,1.41675
2022-10-21,0.9165000000000001
2022-10-22,3.41675
2022-10-23,2.66675
2022-10-24,1.583375
2022-10-25,0.7498750000000001
2022-10-26,0.875
2022-10-27,2.250125
2022-10-28,2.833125
2022-10-29,3.75
2022-10-30,2.45825
2022-10-31,2.458375
2022-11-01,1.66675
2022-11-02,2.75
2022-11-03,3.708375
2022-11-04,2.875
2022-11-05,2.0001249999999997
2022-11-06,0.5417500000000001
2022-11-07,2.8751250000000006
2022-11-08,2.375
2022-11-09,1.166625
2022-11-10,0.041625
2022-11-11,1.79175
2022-11-12,1.083375
2022-11-13,1.666625
2022-11-14,0.75
2022-11-15,0.41637500000000005
2022-11-16,0.458125
2022-11-17,0.25012500000000004
2022-11-18,1.416625
2022-11-19,0.95825
2022-11-20,1.208375
2022-11-21,2.0416250000000002
2022-11-22,0.45825000000000005
2022-11-23,0.416625
2022-11-24,1.333375
2022-11-25,3.25
2022-11-26,2.958375
2022-11-27,2.7501249999999997
2022-11-28,3.2082500000000005
2022-11-29,3.3748749999999994
2022-11-30,3.5832499999999996
2022-12-01,3.7502500000000003
2022-12-02,3.0
2022-12-03,2.2916250000000002
2022-12-04,2.791625
2022-12-05,1.58325
2022-12-06,0.75
2022-12-07,2.5417500000000004
2022-12-08,1.958375
2022-12-09,2.208375
2022-12-10,1.9168749999999999
2022-12-11,2.125
2022-12-12,1.291625
2022-12-13,0.625
2022-12-14,1.0
2022-12-15,1.333375
2022-12-16,1.0
2022-12-17,0.45825000000000005
2022-12-18,0.791625
2022-12-19,2.083375
2022-12-20,1.1665
2022-12-21,2.041875
2022-12-22,2.083375
2022-12-23,3.3751250000000006
2022-12-24,3.583125
2022-12-25,2.0001249999999997
2022-12-26,3.1667500000000004
2022-12-27,3.6665
2022-12-28,1.125125
2022-12-29,2.0
2022-12-30,4.041625
2022-12-31,2.9167499999999995
2023-01-01,2.7501249999999997
2023-01-02,1.791625
2023-01-03,1.33325
2023-01-04,3.0
2023-01-05,1.79175
2023-01-06,0.7915000000000001
2023-01-07,1.2915
2023-01-08,1.75
2023-01-09,1.125
2023-01-10,1.416875
2023-01-11,1.91675
2023-01-12,2.16675
2023-01-13,2.45825
2023-01-14,2.04175
2023-01-15,4.00025
2023-01-16,2.583375
2023-01-17,1.125
2023-01-18,2.6667500000000004
2023-01-19,1.375
2023-01-20,1.291625
2023-01-21,2.916625
2023-01-22,2.1248750000000003
2023-01-23,1.541625
2023-01-24,0.83325
2023-01-25,1.33325
2023-01-26,2.2085
2023-01-27,1.875
2023-01-28,2.2083749999999998
2023-01-29,1.083375
2023-01-30,1.000125
2023-01-31,1.875
2023-02-01,1.20825
2023-02-02,0.916625
2023-02-03,1.66675
2023-02-04,1.125125
2023-02-05,1.124875
2023-02-06,3.083375
2023-02-07,3.2917500000000004
2023-02-08,3.2082499999999996
2023-02-09,3.2498749999999994
2023-02-10,2.958375
2023-02-11,1.9165
2023-02-12,1.875125
2023-02-13,0.9167500000000001
2023-02-14,1.499875
2023-02-15,3.8748749999999994
2023-02-16,3.291499999999999
2023-02-17,1.375
2023-02-18,1.5
2023-02-19,1.45825
2023-02-20,1.708375
2023-02-21,2.666625
2023-02-22,1.624875
2023-02-23,3.4167500000000004
2023-02-24,1.166625
2023-02-25,2.041625
2023-02-26,3.416625
2023-02-27,6.208375
2023-02-28,3.458375
2023-03-01,1.75
2023-03-02,1.91675
2023-03-03,3.416625
2023-03-04,3.0832499999999996
2023-03-05,3.541625
2023-03-06,2.916875
2023-03-07,1.958375
2023-03-08,1.70825
2023-03-09,2.8332499999999996
2023-03-10,2.0
2023-03-11,1.458375
2023-03-12,1.583375
2023-03-13,0.49987500000000007
2023-03-14,3.291625
2023-03-15,3.7501249999999997
2023-03-16,1.125
2023-03-17,1.374875
2023-03-18,2.0415
2023-03-19,2.083375
2023-03-20,2.1248750000000003
2023-03-21,1.70825
2023-03-22,2.8332499999999996
2023-03-23,4.3335
2023-03-24,5.0832500000000005
2023-03-25,2.7917499999999995
2023-03-26,1.7086249999999998
2023-03-27,0.5415
2023-03-28,0.875
2023-03-29,1.250125
2023-03-30,3.083375
2023-03-31,3.333125
2023-04-01,2.6667500000000004
2023-04-02,2.708375
2023-04-03,2.5
2023-04-04,2.625
2023-04-05,2.458375
2023-04-06,1.749875
2023-04-07,1.875125
2023-04-08,1.25
2023-04-09,1.416625
2023-04-10,2.541625
2023-04-11,1.08325
2023-04-12,0.6248750000000001
2023-04-13,1.375
2023-04-14,1.45825
2023-04-15,1.83325
2023-04-16,0.9167500000000001
2023-04-17,1.1665
2023-04-18,2.0833749999999998
2023-04-19,1.958375
2023-04-20,1.083375
2023-04-21,2.041625
2023-04-22,1.4997500000000001
2023-04-23,4.2915
2023-04-24,4.91675
2023-04-25,1.7498749999999998
2023-04-26,2.8748750000000003
2023-04-27,3.5
2023-04-28,3.291625
2023-04-29,3.4165
2023-04-30,1.958375
2023-05-01,2.1248750000000003
2023-05-02,1.8335
2023-05-03,0.666625
2023-05-04,1.375
2023-05-05,0.7085
2023-05-06,3.791625
2023-05-07,2.125
2023-05-08,2.666625
2023-05-09,2.375
2023-05-10,3.5417500000000004
2023-05-11,2.04175
2023-05-12,3.0415
2023-05-13,2.291625
2023-05-14,1.791625
2023-05-15,1.08325
2023-05-16,1.70825
2023-05-17,0.6251249999999999
2023-05-18,0.2915
2023-05-19,1.416625
2023-05-20,4.0417499999999995
2023-05-21,3.208375
2023-05-22,3.375
2023-05-23,2.3751249999999997
2023-05-24,2.291625
2023-05-25,2.4167500000000004
2023-05-26,1.333375
2023-05-27,0.8333750000000001
2023-05-28,2.16675
2023-05-29,0.75
2023-05-30,0.958375
2023-05-31,2.2498750000000003
2023-06-01,2.666625
2023-06-02,1.16675
2023-06-03,0.750125
2023-06-04,1.999875
2023-06-05,0.958375
2023-06-06,1.333375
2023-06-07,0.75
2023-06-08,1.166625
2023-06-09,0.708375
2023-06-10,0.9165
2023-06-11,2.08325
2023-06-12,1.4997500000000001
2023-06-13,1.2915
2023-06-14,0.75
2023-06-15,3.208125
2023-06-16,4.000125
2023-06-17,2.0
2023-06-18,2.125
2023-06-19,2.3748750000000003
2023-06-20,2.0001249999999997
2023-06-21,1.458375
2023-06-22,2.1251249999999997
2023-06-23,2.1248750000000003
2023-06-24,2.916625
2023-06-25,2.7082500000000005
2023-06-26,2.416625
2023-06-27,2.0
2023-06-28,1.9165
2023-06-29,3.0417499999999995
2023-06-30,1.54175
2023-07-01,1.125125
2023-07-02,1.0
2023-07-03,0.958375
2023-07-04,0.791875
2023-07-05,1.33325
2023-07-06,2.333375
2023-07-07,3.2085
2023-07-08,1.2915
2023-07-09,0.7082499999999999
2023-07-10,0.95825
2023-07-11,1.7085
2023-07-12,1.5415
2023-07-13,1.625
2023-07-14,3.333375
2023-07-15,1.5835
2023-07-16,1.333375
2023-07-17,3.2917499999999995
2023-07-18,2.583375
2023-07-19,0.958375
2023-07-20,1.7917500000000002
2023-07-21,2.2915
2023-07-22,1.833375
2023-07-23,1.45825
2023-07-24,1.5
2023-07-25,1.7917500000000002
2023-07-26,3.291625
2023-07-27,1.583375
2023-07-28,1.2497500000000001
2023-07-29,1.95825
2023-07-30,1.91675
2023-07-31,1.416625
2023-08-01,1.958375
2023-08-02,2.333375
2023-08-03,1.249875
2023-08-04,2.25
2023-08-05,3.458375
2023-08-06,0.33325000000000005
2023-08-07,2.041625
2023-08-08,1.5
2023-08-09,1.583375
2023-08-10,1.625
2023-08-11,0.833375
2023-08-12,1.666625
2023-08-13,1.000125
2023-08-14,0.9581250000000001
2023-08-15,0.6248750000000001
2023-08-16,1.583375
2023-08-17,1.5
2023-08-18,2.3748750000000003
2023-08-19,1.7081250000000001
2023-08-20,1.95825
2023-08-21,2.0
2023-08-22,1.541625
2023-08-23,0.666625
2023-08-24,1.5418749999999999
2023-08-25,0.875
2023-08-26,1.625
2023-08-27,2.1665
2023-08-28,1.54175
2023-08-29,0.95825
2023-08-30,1.249875
2023-08-31,1.41675
2023-09-01,2.6251249999999997
2023-09-02,4.499874999999999
2023-09-03,3.4165
2023-09-04,1.541625
2023-09-05,1.7085
2023-09-06,1.458375
2023-09-07,1.3335
2023-09-08,1.249875
2023-09-09,1.75
2023-09-10,0.541625
2023-09-11,1.375
2023-09-12,2.875
2023-09-13,2.9167500000000004
2023-09-14,2.9165
2023-09-15,1.583375
2023-09-16,1.291625
2023-09-17,2.916625
2023-09-18,4.0
2023-09-19,4.666625
2023-09-20,2.916625
2023-09-21,2.16675
2023-09-22,2.04175
2023-09-23,2.083375
2023-09-24,2.54175
2023-09-25,3.4582499999999996
2023-09-26,3.916625
2023-09-27,2.708375
2023-09-28,1.083375
2023-09-29,2.2085000000000004
2023-09-30,2.12475
2023-10-01,1.8335
2023-10-02,1.83325
2023-10-03,1.666625
2023-10-04,2.29175
2023-10-05,2.4167500000000004
2023-10-06,1.749875
2023-10-07,0.95825
2023-10-08,1.58325
2023-10-09,1.874875
2023-10-10,0.708375
2023-10-11,0.5833750000000001
2023-10-12,0.458375
2023-10-13,2.5835
2023-10-14,1.4165
2023-10-15,0.583375
2023-10-16,0.49987500000000007
2023-10-17,0.249875
2023-10-18,2.0
2023-10-19,1.95825
2023-10-20,1.708375
2023-10-21,3.083375
2023-10-22,1.79175
2023-10-23,0.249875
2023-10-24,0.6251249999999999
2023-10-25,0.66675
2023-10-26,3.375
2023-10-27,2.208375
2023-10-28,3.0001249999999997
2023-10-29,3.916625
2023-10-30,2.4165
2023-10-31,1.875
2023-11-01,1.958375
2023-11-02,1.5
2023-11-03,0.5417500000000001
2023-11-04,1.9585
2023-11-05,4.625125000000001
2023-11-06,4.333375
2023-11-07,3.125
2023-11-08,2.8748750000000003
2023-11-09,2.4167500000000004
2023-11-10,1.958375
2023-11-11,0.958375
2023-11-12,1.875
2023-11-13,2.416875
2023-11-14,1.3335
2023-11-15,2.625
2023-11-16,1.583375
2023-11-17,0.583375
2023-11-18,0.291625
2023-11-19,0.666625
2023-11-20,1.125
2023-11-21,3.1248750000000003
2023-11-22,3.9998750000000003
2023-11-23,1.374875
2023-11-24,1.91675
2023-11-25,4.29175
2023-11-26,1.833375
2023-11-27,1.70825
2023-11-28,1.666625
2023-11-29,1.0418749999999999
2023-11-30,1.124875
2023-12-01,4.958375
2023-12-02,1.916625
2023-12-03,2.375125
2023-12-04,2.0835
2023-12-05,2.8748749999999994
2023-12-06,2.375
2023-12-07,1.16675
2023-12-08,1.083375
2023-12-09,0.25
2023-12-10,0.7085
2023-12-11,0.20825
2023-12-12,1.541625
2023-12-13,1.70825
2023-12-14,2.75
2023-12-15,2.166625
2023-12-16,2.5835
2023-12-17,4.166499999999999
2023-12-18,3.5415
2023-12-19,2.3751249999999997
2023-12-20,2.208375
2023-12-21,0.95825
2023-12-22,0.4997500000000001
2023-12-23,1.208375
2023-12-24,2.000125
2023-12-25,0.6248750000000001
2023-12-26,1.208375
2023-12-27,1.0
2023-12-28,0.416625
2023-12-29,1.5
2023-12-30,0.95825
2023-12-31,0.58325
2024-01-01,1.916625
2024-01-02,1.91675
2024-01-03,2.3335
2024-01-04,1.250125
2024-01-05,1.08325
2024-01-06,0.375
2024-01-07,0.12487500000000001
2024-01-08,0.666625
2024-01-09,1.20825
2024-01-10,1.75
2024-01-11,1.333375
2024-01-12,0.874875
2024-01-13,0.458375
2024-01-14,1.66675
2024-01-15,1.333375
2024-01-16,1.125125
2024-01-17,0.7501249999999999
2024-01-18,1.499875
2024-01-19,1.75
2024-01-20,1.58325
2024-01-21,1.125
2024-01-22,1.666625
2024-01-23,1.583375
2024-01-24,1.6665
2024-01-25,1.25
2024-01-26,1.166625
2024-01-27,1.04175
2024-01-28,1.708375
2024-01-29,1.875
2024-01-30,1.75
2024-01-31,1.6665
2024-02-01,1.416625
2024-02-02,0.5
2024-02-03,0.291625
2024-02-04,1.375
2024-02-05,1.416625
2024-02-06,1.750125
2024-02-07,0.7916249999999999
2024-02-08,1.125125
2024-02-09,1.08325
2024-02-10,1.04175
2024-02-11,2.6666250000000007
2024-02-12,0.9581250000000001
2024-02-13,2.083375
2024-02-14,1.208375
2024-02-15,0.7501249999999999
2024-02-16,0.875
2024-02-17,1.041625
2024-02-18,1.124875
2024-02-19,0.12487500000000001
2024-02-20,1.416625
2024-02-21,0.7083750000000001
2024-02-22,1.333375
2024-02-23,0.541625
2024-02-24,1.416625
2024-02-25,2.4167500000000004
2024-02-26,2.2498750000000003
2024-02-27,2.208375
2024-02-28,1.16675
2024-02-29,0.791625
2024-03-01,1.708375
2024-03-02,1.0
2024-03-03,3.5
2024-03-04,1.9165
2024-03-05,1.458375
2024-03-06,1.208375
2024-03-07,2.5
2024-03-08,2.00025
2024-03-09,2.333375
2024-03-10,1.708375
2024-03-11,0.958375
2024-03-12,1.0415
2024-03-13,1.83325
2024-03-14,1.66675
2024-03-15,1.4581250000000001
2024-03-16,0.291625
2024-03-17,0.041625
2024-03-18,0.79175
2024-03-19,1.70825
2024-03-20,0.9165
2024-03-21,3.4582499999999996
2024-03-22,1.95825
2024-03-23,4.083500000000001
2024-03-24,4.9582500000000005
2024-03-25,3.5832500000000005
2024-03-26,2.3335
2024-03-27,1.45825
2024-03-28,1.875
2024-03-29,1.1250000000000002
2024-03-30,0.833375
2024-03-31,1.874875
2024-04-01,2.2083749999999998
2024-04-02,1.66675
2024-04-03,1.41675
2024-04-04,2.16675
2024-04-05,2.4582499999999996
2024-04-06,2.16675
2024-04-07,1.58325
2024-04-08,1.4581250000000001
2024-04-09,2.041625
2024-04-10,1.833375
2024-04-11,1.16675
2024-04-12,1.20825
2024-04-13,1.25
2024-04-14,1.249875
2024-04-15,1.499875
2024-04-16,4.124875
2024-04-17,1.458375
2024-04-18,0.75
2024-04-19,4.3335
2024-04-20,2.3335
2024-04-21,3.25
2024-04-22,1.874875
2024-04-23,1.66675
2024-04-24,0.583375
2024-04-25,0.37512500000000004
2024-04-26,2.875
2024-04-27,2.541625
2024-04-28,1.250125
2024-04-29,1.541625
2024-04-30,2.25
2024-05-01,1.583375
2024-05-02,4.0
2024-05-03,1.708375
2024-05-04,1.04175
2024-05-05,2.041625
2024-05-06,2.708125
2024-05-07,1.5415
2024-05-08,1.4168749999999999
2024-05-09,1.291625
2024-05-10,4.791875
2024-05-11,8.375
2024-05-12,4.58325
2024-05-13,3.4998749999999994
2024-05-14,1.6248749999999998
2024-05-15,2.20825
2024-05-16,3.416625
2024-05-17,3.3748750000000003
2024-05-18,2.374875
2024-05-19,1.91675
2024-05-20,1.41675
2024-05-21,1.7085000000000001
2024-05-22,0.7498750000000001
2024-05-23,1.874875
2024-05-24,1.95825
2024-05-25,1.3748749999999998
2024-05-26,1.958375
2024-05-27,1.7081250000000001
2024-05-28,1.0418749999999999
2024-05-29,1.375125
2024-05-30,1.625
2024-05-31,2.041625
2024-06-01,1.0
2024-06-02,0.95825
2024-06-03,1.875
2024-06-04,1.416625
2024-06-05,1.666625
2024-06-06,1.208375
2024-06-07,3.416625
2024-06-08,2.666875
2024-06-09,1.208375
2024-06-10,1.708375
2024-06-11,1.95825
2024-06-12,0.9167500000000001
2024-06-13,0.5415
2024-06-14,1.29175
2024-06-15,3.041625
2024-06-16,2.625125
2024-06-17,2.45825
2024-06-18,2.3335
2024-06-19,2.25
2024-06-20,1.6665
2024-06-21,0.7498750000000001
2024-06-22,0.6666249999999999
2024-06-23,2.2917500000000004
2024-06-24,0.791625
2024-06-25,1.708375
2024-06-26,2.041625
2024-06-27,1.83325
2024-06-28,5.000125000000001
2024-06-29,2.666625
2024-06-30,2.4582500000000005
2024-07-01,1.291625
2024-07-02,1.0
2024-07-03,1.08325
2024-07-04,2.083375
2024-07-05,1.75
2024-07-06,0.49987500000000007
2024-07-07,1.583375
2024-07-08,2.291625
2024-07-09,1.5001250000000002
2024-07-10,1.166625
2024-07-11,1.5
2024-07-12,1.250125
2024-07-13,0.7498750000000001
2024-07-14,1.124875
2024-07-15,1.375
2024-07-16,2.083375
2024-07-17,1.25
2024-07-18,0.8748750000000001
2024-07-19,0.875
2024-07-20,1.625125
2024-07-21,0.999875
2024-07-22,1.916625
2024-07-23,1.0
2024-07-24,1.208375
2024-07-25,1.833375
2024-07-26,3.625
2024-07-27,2.166625
2024-07-28,1.70825
2024-07-29,1.54175
2024-07-30,3.3332499999999996
2024-07-31,2.458375
2024-08-01,3.1247499999999997
2024-08-02,1.875125
2024-08-03,2.0
2024-08-04,4.583375
2024-08-05,2.125125
2024-08-06,1.20825
2024-08-07,1.541625
2024-08-08,1.45825
2024-08-09,1.458375
2024-08-10,1.541625
2024-08-11,3.833375
2024-08-12,6.833500000000001
2024-08-13,2.375
2024-08-14,2.1248750000000003
2024-08-15,1.08325
2024-08-16,1.708375
2024-08-17,3.0415
2024-08-18,2.541625
2024-08-19,1.958375
2024-08-20,2.04175
2024-08-21,1.916625
2024-08-22,2.208375
2024-08-23,1.499875
2024-08-24,2.041875
2024-08-25,1.291625
2024-08-26,0.8748750000000001
2024-08-27,2.04175
2024-08-28,3.25
2024-08-29,1.16675
2024-08-30,3.3751249999999997
2024-08-31,3.708375
2024-09-01,2.916625
2024-09-02,1.83325
2024-09-03,1.374875
2024-09-04,2.20825
2024-09-05,1.04175
2024-09-06,1.416625
2024-09-07,1.75
2024-09-08,1.791625
2024-09-09,1.999875
2024-09-10,1.5415
2024-09-11,1.875125
2024-09-12,5.291875
2024-09-13,4.249875
2024-09-14,3.1667500000000004
2024-09-15,3.083375
2024-09-16,3.2917500000000004
2024-09-17,5.37475
2024-09-18,2.3335
2024-09-19,3.041625
2024-09-20,1.041625
2024-09-21,1.375
2024-09-22,1.208375
2024-09-23,2.16675
2024-09-24,2.7915
2024-09-25,4.125125000000001
2024-09-26,2.166875
2024-09-27,1.3331250000000001
2024-09-28,1.458375
2024-09-29,2.875
2024-09-30,1.999875
2024-10-01,1.33325
2024-10-02,1.458375
2024-10-03,1.791625
2024-10-04,1.875
2024-10-05,1.41675
2024-10-06,2.33325
2024-10-07,5.083375
2024-10-08,4.833375
2024-10-09,3.166625
2024-10-10,4.625125
2024-10-11,6.0
2024-10-12,3.083375
2024-10-13,0.916625
2024-10-14,1.3335
2024-10-15,2.5415
2024-10-16,2.7085
2024-10-17,1.75
2024-10-18,2.416625
2024-10-19,3.6667500000000004
2024-10-20,1.29175
2024-10-21,1.20825
2024-10-22,1.958375
2024-10-23,1.9585
2024-10-24,2.25
2024-10-25,0.4165
2024-10-26,2.04175
2024-10-27,2.25025
2024-10-28,2.875
2024-10-29,2.458375
2024-10-30,2.791625
2024-10-31,1.833375
2024-11-01,1.416625
2024-11-02,2.20825
2024-11-03,1.791625
2024-11-04,2.5417500000000004
2024-11-05,2.4585
2024-11-06,2.3332500000000005
2024-11-07,2.0
2024-11-08,2.20825
2024-11-09,4.208375
2024-11-10,3.5001249999999997
2024-11-11,2.125125
2024-11-12,1.125
2024-11-13,1.54175
2024-11-14,2.2498750000000003
2024-11-15,2.625
2024-11-16,1.416625
2024-11-17,1.583375
2024-11-18,0.91675
2024-11-19,1.79175
2024-11-20,1.750125
2024-11-21,1.750125
2024-11-22,2.29175
2024-11-23,1.91675
2024-11-24,1.541625
2024-11-25,2.4166250000000002
2024-11-26,1.29175
2024-11-27,1.0001250000000002
2024-11-28,0.666625
2024-11-29,1.79175
2024-11-30,1.91675
2024-12-01,1.5
2024-12-02,1.29175
2024-12-03,2.5
2024-12-04,1.625
2024-12-05,1.0835
2024-12-06,1.08325
2024-12-07,1.29175
2024-12-08,1.374875
2024-12-09,3.0832499999999996
2024-12-10,1.70825
2024-12-11,1.333375
2024-12-12,1.125
2024-12-13,0.79175
2024-12-14,1.875
2024-12-15,2.458375
2024-12-16,2.5835
2024-12-17,3.8332499999999996
2024-12-18,2.75
2024-12-19,2.25
2024-12-20,2.541625
2024-12-21,2.916625
2024-12-22,2.6248750000000003
2024-12-23,2.458375
2024-12-24,2.166625
2024-12-25,1.29175
2024-12-26,0.208125
2024-12-27,0.5415
2024-12-28,0.70825
2024-12-29,1.041625
2024-12-30,1.58325
2024-12-31,2.166625
2025-01-01,5.666625
2025-01-02,3.4582499999999996
2025-01-03,2.0416250000000002
2025-01-04,3.9998749999999994
2025-01-05,3.1665
2025-01-06,2.8333749999999993
2025-01-07,2.45825
2025-01-08,1.583375
2025-01-09,2.0001249999999997
2025-01-10,2.45825
2025-01-11,1.541625
2025-01-12,1.625
2025-01-13,2.2915
2025-01-14,2.458375
2025-01-15,3.0001250000000006
2025-01-16,2.7917500000000004
2025-01-17,3.541625
2025-01-18,2.08325
2025-01-19,2.833375
2025-01-20,3.333375
2025-01-21,2.25
2025-01-22,2.125
2025-01-23,2.208375
2025-01-24,1.5831250000000001
2025-01-25,0.416625
2025-01-26,0.2915
2025-01-27,1.375
2025-01-28,2.2501249999999997
2025-01-29,1.541625
2025-01-30,1.1251250000000002
2025-01-31,1.666875
2025-02-01,3.7501249999999997
2025-02-02,3.291625
2025-02-03,0.625
2025-02-04,1.000125
2025-02-05,1.416875
2025-02-06,1.75
2025-02-07,0.49987500000000007
2025-02-08,1.916625
2025-02-09,2.7917499999999995
2025-02-10,3.708500000000001
2025-02-11,3.083375
2025-02-12,3.083375
2025-02-13,3.5417500000000004
2025-02-14,3.625
2025-02-15,3.958375
2025-02-16,3.375
2025-02-17,2.8332500000000005
2025-02-18,2.458375
2025-02-19,3.2082500000000005
2025-02-20,1.20825
2025-02-21,1.000125
2025-02-22,1.291625
2025-02-23,1.3335
2025-02-24,2.583375
2025-02-25,1.791625
2025-02-26,2.8748750000000003
2025-02-27,4.08325
2025-02-28,4.16675
2025-03-01,3.1667500000000004
2025-03-02,1.2081250000000001
2025-03-03,1.0
2025-03-04,2.041625
2025-03-05,2.333375
2025-03-06,1.5415
2025-03-07,2.125125
2025-03-08,3.333375
2025-03-09,4.0
2025-03-10,2.1248750000000003
2025-03-11,2.16675
2025-03-12,4.08325
2025-03-13,4.458375
2025-03-14,3.416625
2025-03-15,2.833375
2025-03-16,2.125
2025-03-17,2.833375
2025-03-18,2.5416250000000002
2025-03-19,3.375
2025-03-20,1.3335000000000001
2025-03-21,3.333375
2025-03-22,4.0417499999999995
2025-03-23,2.0833749999999998
2025-03-24,3.208500000000001
2025-03-25,2.875
2025-03-26,4.4582500000000005
2025-03-27,4.166875000000001
2025-03-28,2.875
2025-03-29,1.58325
2025-03-30,1.291625
2025-03-31,1.333375
2025-04-01,1.166625
2025-04-02,3.125
2025-04-03,3.4582500000000005
2025-04-04,4.29175
2025-04-05,4.625
2025-04-06,3.4582499999999996
2025-04-07,2.583375
2025-04-08,3.583375
2025-04-09,3.4167500000000004
2025-04-10,2.875
2025-04-11,2.916625
2025-04-12,3.0415
2025-04-13,2.708375
2025-04-14,3.125
2025-04-15,3.2498750000000003
2025-04-16,5.33325
2025-04-17,2.000125
2025-04-18,2.6251249999999997
2025-04-19,3.2498750000000003
2025-04-20,2.291625
2025-04-21,4.291499999999999
2025-04-22,2.7085
2025-04-23,1.500125
2025-04-24,2.625
2025-04-25,1.125125
2025-04-26,1.499875
2025-04-27,1.625
2025-04-28,0.791625
2025-04-29,1.374875
2025-04-30,2.208375
2025-05-01,3.9167500000000004
2025-05-02,4.541625
2025-05-03,3.875
2025-05-04,3.875
2025-05-05,4.124875
2025-05-06,2.791625
2025-05-07,1.833375
2025-05-08,2.25
2025-05-09,2.833375
2025-05-10,2.2498750000000003
2025-05-11,2.75
2025-05-12,1.5
2025-05-13,1.9581250000000001
2025-05-14,2.8751250000000006
2025-05-15,2.666625
2025-05-16,2.3335
2025-05-17,4.374874999999999
2025-05-18,3.4585
2025-05-19,1.999875
2025-05-20,2.6667500000000004
2025-05-21,2.5
2025-05-22,1.541625
2025-05-23,1.916625
2025-05-24,0.958375
2025-05-25,1.54175
2025-05-26,1.75
2025-05-27,2.7082499999999996
2025-05-28,3.125
2025-05-29,5.45825
2025-05-30,4.0832500000000005
2025-05-31,3.0
2025-06-01,6.04175
2025-06-02,5.583375
2025-06-03,4.958375
2025-06-04,3.5832500000000005
2025-06-05,2.6251249999999997
2025-06-06,1.83325
2025-06-07,3.1248750000000003
2025-06-08,2.75
2025-06-09,2.875
2025-06-10,1.9585
2025-06-11,2.9582500000000005
2025-06-12,4.083374999999999
2025-06-13,5.625
2025-06-14,3.3751250000000006
2025-06-15,2.125
2025-06-16,2.2085
2025-06-17,1.999875
2025-06-18,2.7082499999999996
2025-06-19,2.08325
2025-06-20,2.08325
2025-06-21,2.166625
2025-06-22,2.2915
2025-06-23,1.4585
2025-06-24,1.833375
2025-06-25,2.3748750000000003
2025-06-26,4.0415
2025-06-27,3.25
2025-06-28,2.08325
2025-06-29,1.833375
2025-06-30,2.458375
2025-07-01,1.291625
2025-07-02,1.624875
2025-07-03,2.916625
2025-07-04,2.04175
2025-07-05,3.125
2025-07-06,3.458375
2025-07-07,3.3335
2025-07-08,2.5417500000000004
2025-07-09,1.70825
2025-07-10,0.625125
2025-07-11,3.0833749999999993
2025-07-12,2.625
2025-07-13,3.541625
2025-07-14,2.6665
2025-07-15,3.125
2025-07-16,2.9167500000000004
2025-07-17,3.2917499999999995
2025-07-18,2.208375
2025-07-19,1.625
2025-07-20,1.208375
2025-07-21,0.7081250000000001
2025-07-22,2.29175
2025-07-23,3.916875
2025-07-24,2.9585
2025-07-25,2.083375
2025-07-26,2.25
2025-07-27,0.833375
2025-07-28,1.374875
2025-07-29,1.625125
2025-07-30,1.791625
2025-07-31,2.166625
2025-08-01,2.4998750000000003
2025-08-02,2.041625
2025-08-03,1.9168749999999999
2025-08-04,1.8331250000000001
2025-08-05,2.125
2025-08-06,1.5
2025-08-07,0.70825
2025-08-08,2.8332499999999996
2025-08-09,4.708375
2025-08-10,3.4998750000000003
2025-08-11,3.083125
2025-08-12,2.75
2025-08-13,2.708375
2025-08-14,2.20825
2025-08-15,1.6665
2025-08-16,1.125
2025-08-17,0.958375
2025-08-18,1.45825
2025-08-19,3.208375
2025-08-20,2.58325
2025-08-21,1.66675
2025-08-22,1.7918749999999999
2025-08-23,1.29175
2025-08-24,1.2501250000000002
2025-08-25,1.625125
2025-08-26,1.708375
2025-08-27,1.66675
2025-08-28,1.66675
2025-08-29,1.54175
2025-08-30,1.708375
2025-08-31,1.708375
2025-09-01,2.0
2025-09-02,4.1665
2025-09-03,2.208125
2025-09-04,2.041625
2025-09-05,1.5
2025-09-06,3.625
2025-09-07,0.58325
2025-09-08,2.666625
2025-09-09,2.875
2025-09-10,2.125
2025-09-11,1.874875
2025-09-12,1.625125
2025-09-13,1.29175
2025-09-14,2.208625
2025-09-15,4.791875
2025-09-16,3.1667500000000004
2025-09-17,2.291625
2025-09-18,1.625125
2025-09-19,0.2915
2025-09-20,0.958375
2025-09-21,1.16675
2025-09-22,2.7915
2025-09-23,2.8751250000000006
2025-09-24,1.70825
2025-09-25,1.583375
2025-09-26,1.41675
2025-09-27,1.16675
2025-09-28,2.12525
2025-09-29,3.7498749999999994
2025-09-30,5.75
2025-10-01,4.875
2025-10-02,4.625
2025-10-03,3.9167500000000004
2025-10-04,3.333375
2025-10-05,1.7915
2025-10-06,1.04175
2025-10-07,2.666625
2025-10-08,2.0832499999999996
2025-10-09,1.041625
2025-10-10,1.916625
2025-10-11,2.958375
2025-10-12,4.25
2025-10-13,3.458375
2025-10-14,1.874875
2025-10-15,2.16675
2025-10-16,0.8331250000000001
2025-10-17,2.2083749999999998
2025-10-18,4.416625
2025-10-19,3.0832499999999996
2025-10-20,1.833375
2025-10-21,1.875
2025-10-22,0.875
2025-10-23,1.33325
2025-10-24,2.249875
2025-10-25,1.791625
2025-10-26,0.66675
2025-10-27,1.2502499999999999
2025-10-28,3.2498750000000003
2025-10-29,3.291625
2025-10-30,4.45825
2025-10-31,3.583375
2025-11-01,2.75
2025-11-02,2.9998750000000003
2025-11-03,3.416625
2025-11-04,2.16675
2025-11-05,3.333375
2025-11-06,4.333500000000001
2025-11-07,3.9998750000000003
2025-11-08,3.8748749999999994
2025-11-09,1.666625
2025-11-10,2.666625
2025-11-11,1.45825
2025-11-12,6.4167499999999995
2025-11-13,4.458500000000001
2025-11-14,0.7083750000000001
2025-11-15,1.958375
2025-11-16,3.1667499999999995
2025-11-17,2.1251249999999997
2025-11-18,0.916625
2025-11-19,0.4165
2025-11-20,1.5
2025-11-21,1.79175
2025-11-22,1.208375
2025-11-23,2.5001249999999997
2025-11-24,3.4582499999999996
2025-11-25,4.04175
2025-11-26,3.6248749999999994
2025-11-27,3.8332499999999996
2025-11-28,3.4167500000000004
2025-11-29,3.33325
2025-11-30,2.791625
2025-12-01,2.0001249999999997
2025-12-02,1.8335
2025-12-03,3.458375
2025-12-04,4.208375
2025-12-05,2.8748750000000003
2025-12-06,2.833375
2025-12-07,1.5415
2025-12-08,0.20825
2025-12-09,0.8750000000000001
2025-12-10,2.7915
2025-12-11,3.5417500000000004
2025-12-12,3.875
2025-12-13,2.708125
2025-12-14,1.41675
2025-12-15,1.1665
2025-12-16,2.416625
2025-12-17,3.0417500000000004
2025-12-18,3.083375
2025-12-19,1.583375
2025-12-20,1.500125
2025-12-21,3.7501249999999997
2025-12-22,3.666625
2025-12-23,3.4998750000000003
2025-12-24,3.375
2025-12-25,2.33325
2025-12-26,1.874875
2025-12-27,1.625125
2025-12-28,1.79175
2025-12-29,1.95825
2025-12-30,1.833375
2025-12-31,1.70825
2026-01-01,2.541625
2026-01-02,3.5833749999999993
2026-01-03,2.291625
2026-01-04,0.833375
2026-01-05,2.375
2026-01-06,0.958375
2026-01-07,0.875
2026-01-08,2.5
2026-01-09,2.4167500000000004
2026-01-10,3.833375
2026-01-11,3.8332499999999996
2026-01-12,3.0417499999999995
2026-01-13,1.916625
2026-01-14,1.5835
2026-01-15,2.375
2026-01-16,3.75
2026-01-17,3.708375
2026-01-18,2.8751249999999997
2026-01-19,3.3332500000000005
2026-01-20,7.125
2026-01-21,5.20825
2026-01-22,2.8332500000000005
2026-01-23,3.9998749999999994
2026-01-24,2.95825
2026-01-25,2.8748750000000003
2026-01-26,2.291625
2026-01-27,2.04175
2026-01-28,3.6248749999999994
2026-01-29,3.5
2026-01-30,2.0
2026-01-31,0.9998750000000001
2026-02-01,0.83325
2026-02-02,1.374875
2026-02-03,1.125125
2026-02-04,1.666625
2026-02-05,3.041499999999999
2026-02-06,2.625
2026-02-07,2.916875
2026-02-08,1.625
2026-02-09,1.7081250000000001
2026-02-10,1.91675
2026-02-11,3.083375
2026-02-12,1.874875
2026-02-13,2.583375
2026-02-14,1.791625
2026-02-15,3.666625
2026-02-16,3.666625
2026-02-17,2.3332499999999996
2026-02-18,2.2915
2026-02-19,2.125
2026-02-20,2.3751249999999997
2026-02-21,2.66675
2026-02-22,4.333375
2026-02-23,3.416625
2026-02-24,2.9167500000000004
2026-02-25,2.708375
2026-02-26,3.0001249999999997
2026-02-27,2.16675
2026-02-28,1.874875
2026-03-01,1.833375
2026-03-02,1.0
2026-03-03,2.666625
2026-03-04,1.66675
2026-03-05,0.625
2026-03-06,1.666625
2026-03-07,3.125
2026-03-08,3.5001249999999997
2026-03-09,1.625
2026-03-10,2.6667500000000004
2026-03-11,2.04175
2026-03-12,1.7915
2026-03-13,3.3332500000000005
2026-03-14,4.458500000000001
2026-03-15,2.9585
2026-03-16,2.0415
2026-03-17,0.91675
2026-03-18,0.91675
2026-03-19,0.29150000000000004
2026-03-20,3.5832499999999996
2026-03-21,4.29175
2026-03-22,5.62525
2026-03-23,4.124874999999999
2026-03-24,3.1667500000000004
2026-03-25,2.541625
2026-03-26,2.166625
2026-03-27,1.500125
2026-03-28,2.166625
2026-03-29,2.6666250000000002
2026-03-30,2.3332499999999996
2026-03-31,1.625125
