date,bz,sw_speed
2000-01-01,1.6,675.0
2000-01-02,2.8,701.0
2000-01-03,-1.8,668.0
2000-01-04,-0.1,585.0
2000-01-05,-2.6,516.0
2000-01-06,-0.8,522.0
2000-01-07,-1.0,553.0
2000-01-08,0.1,481.0
2000-01-09,-2.2,396.0
2000-01-10,-3.1,323.0
2000-01-11,-0.6,420.0
2000-01-12,-3.7,575.0
2000-01-13,1.0,550.0
2000-01-14,-1.3,491.0
2000-01-15,-1.4,440.0
2000-01-16,-1.8,397.0
2000-01-17,-1.8,368.0
2000-01-18,-1.9,336.0
2000-01-19,1.1,314.0
2000-01-20,1.5,359.0
2000-01-21,3.8,405.0
2000-01-22,-0.8,332.0
2000-01-23,-14.3,360.0
2000-01-24,-2.3,356.0
2000-01-25,-4.1,333.0
2000-01-26,-2.0,346.0
2000-01-27,-3.1,349.0
2000-01-28,-1.7,711.0
2000-01-29,-2.0,745.0
2000-01-30,1.3,663.0
2000-01-31,-1.2,616.0
2000-02-01,0.5,540.0
2000-02-02,1.6,482.0
2000-02-03,2.1,430.0
2000-02-04,0.3,420.0
2000-02-05,0.1,392.0
2000-02-06,-2.6,497.0
2000-02-07,-1.2,620.0
2000-02-08,-1.9,614.0
2000-02-09,1.4,490.0
2000-02-10,-0.5,423.0
2000-02-11,3.1,429.0
2000-02-12,-9.8,527.0
2000-02-13,2.5,542.0
2000-02-14,-1.3,561.0
2000-02-15,0.4,553.0
2000-02-16,-0.8,453.0
2000-02-17,2.5,396.0
2000-02-18,2.4,404.0
2000-02-19,3.1,326.0
2000-02-20,1.8,338.0
2000-02-21,9.1,438.0
2000-02-22,10.4,382.0
2000-02-23,-0.1,373.0
2000-02-24,1.7,496.0
2000-02-25,-0.1,764.0
2000-02-26,-0.1,671.0
2000-02-27,1.2,617.0
2000-02-28,1.9,610.0
2000-02-29,0.7,569.0
2000-03-01,1.4,492.0
2000-03-02,-5.1,437.0
2000-03-03,1.7,405.0
2000-03-04,2.6,380.0
2000-03-05,2.7,341.0
2000-03-06,5.6,347.0
2000-03-07,-5.4,449.0
2000-03-08,-3.2,440.0
2000-03-09,-1.5,423.0
2000-03-10,2.9,388.0
2000-03-11,-4.4,386.0
2000-03-12,-5.0,322.0
2000-03-13,-2.2,385.0
2000-03-14,-1.4,360.0
2000-03-15,-1.5,335.0
2000-03-16,-0.2,274.0
2000-03-17,6.4,302.0
2000-03-18,4.5,332.0
2000-03-19,2.3,372.0
2000-03-20,6.6,381.0
2000-03-21,6.3,350.0
2000-03-22,2.1,376.0
2000-03-23,2.5,584.0
2000-03-24,1.8,523.0
2000-03-25,-0.4,646.0
2000-03-26,2.8,531.0
2000-03-27,-1.4,447.0
2000-03-28,-2.1,386.0
2000-03-29,4.2,324.0
2000-03-30,1.0,520.0
2000-03-31,0.8,401.0
2000-04-01,-2.5,353.0
2000-04-02,-8.2,441.0
2000-04-03,-4.6,447.0
2000-04-04,-6.7,389.0
2000-04-05,-4.9,375.0
2000-04-06,3.1,381.0
2000-04-07,-12.1,571.0
2000-04-08,0.9,517.0
2000-04-09,-0.9,559.0
2000-04-10,-4.8,561.0
2000-04-11,1.7,414.0
2000-04-12,-4.3,359.0
2000-04-13,-3.5,378.0
2000-04-14,1.8,331.0
2000-04-15,-0.2,310.0
2000-04-16,-8.4,327.0
2000-04-17,3.9,477.0
2000-04-18,1.3,433.0
2000-04-19,3.6,457.0
2000-04-20,-0.6,526.0
2000-04-21,0.0,547.0
2000-04-22,3.7,484.0
2000-04-23,2.9,402.0
2000-04-24,2.6,419.0
2000-04-25,3.4,522.0
2000-04-26,2.1,437.0
2000-04-27,-0.4,403.0
2000-04-28,-6.3,402.0
2000-04-29,-1.1,405.0
2000-04-30,-1.0,409.0
2000-05-01,-2.6,447.0
2000-05-02,-4.9,528.0
2000-05-03,5.5,593.0
2000-05-04,-1.4,451.0
2000-05-05,-0.4,413.0
2000-05-06,-4.5,450.0
2000-05-07,-2.3,423.0
2000-05-08,8.7,371.0
2000-05-09,2.4,336.0
2000-05-10,-4.2,323.0
2000-05-11,-1.7,327.0
2000-05-12,-1.6,289.0
2000-05-13,-5.0,378.0
2000-05-14,4.8,548.0
2000-05-15,2.7,434.0
2000-05-16,-0.7,411.0
2000-05-17,-7.6,579.0
2000-05-18,4.4,527.0
2000-05-19,0.4,481.0
2000-05-20,0.8,523.0
2000-05-21,-2.2,421.0
2000-05-22,5.0,394.0
2000-05-23,5.6,564.0
2000-05-24,8.8,631.0
2000-05-25,-3.4,579.0
2000-05-26,-3.1,493.0
2000-05-27,1.3,388.0
2000-05-28,2.5,407.0
2000-05-29,-1.3,339.0
2000-05-30,-1.4,542.0
2000-05-31,1.0,609.0
2000-06-01,1.3,531.0
2000-06-02,-2.1,447.0
2000-06-03,-2.9,399.0
2000-06-04,1.2,445.0
2000-06-05,-6.7,509.0
2000-06-06,-0.1,454.0
2000-06-07,0.8,446.0
2000-06-08,4.4,521.0
2000-06-09,4.5,696.0
2000-06-10,-1.8,543.0
2000-06-11,-2.0,470.0
2000-06-12,3.2,579.0
2000-06-13,1.1,532.0
2000-06-14,-3.4,439.0
2000-06-15,2.7,456.0
2000-06-16,-0.1,594.0
2000-06-17,2.3,462.0
2000-06-18,2.4,435.0
2000-06-19,-0.4,403.0
2000-06-20,-1.8,387.0
2000-06-21,2.0,355.0
2000-06-22,1.2,381.0
2000-06-23,2.4,436.0
2000-06-24,1.1,581.0
2000-06-25,2.1,502.0
2000-06-26,1.7,471.0
2000-06-27,-0.9,503.0
2000-06-28,-0.1,454.0
2000-06-29,-4.6,491.0
2000-06-30,0.2,401.0
2000-07-01,-2.2,369.0
2000-07-02,2.9,421.0
2000-07-03,-0.7,345.0
2000-07-04,0.7,362.0
2000-07-05,1.1,467.0
2000-07-06,2.4,442.0
2000-07-07,0.7,406.0
2000-07-08,0.4,367.0
2000-07-09,2.1,373.0
2000-07-10,-1.5,364.0
2000-07-11,8.1,440.0
2000-07-12,-4.5,525.0
2000-07-13,7.2,478.0
2000-07-14,-1.2,606.0
2000-07-15,2.4,745.0
2000-07-16,-2.5,1030.0
2000-07-17,2.7,684.0
2000-07-18,0.9,593.0
2000-07-19,-1.5,571.0
2000-07-20,5.2,556.0
2000-07-21,-1.6,484.0
2000-07-22,-1.9,454.0
2000-07-23,0.8,404.0
2000-07-24,-0.8,372.0
2000-07-25,0.5,359.0
2000-07-26,-0.6,332.0
2000-07-27,-6.0,388.0
2000-07-28,-3.8,360.0
2000-07-29,-0.6,474.0
2000-07-30,-1.1,454.0
2000-07-31,3.8,415.0
2000-08-01,6.2,449.0
2000-08-02,2.9,481.0
2000-08-03,0.8,422.0
2000-08-04,-3.4,454.0
2000-08-05,6.1,445.0
2000-08-06,-2.7,556.0
2000-08-07,0.7,457.0
2000-08-08,-0.2,428.0
2000-08-09,-0.8,378.0
2000-08-10,3.6,356.0
2000-08-11,-13.1,433.0
2000-08-12,10.0,614.0
2000-08-13,17.0,551.0
2000-08-14,4.2,477.0
2000-08-15,6.3,577.0
2000-08-16,-1.3,416.0
2000-08-17,0.6,394.0
2000-08-18,0.0,344.0
2000-08-19,-0.1,313.0
2000-08-20,3.4,311.0
2000-08-21,-1.2,310.0
2000-08-22,-0.2,328.0
2000-08-23,2.3,299.0
2000-08-24,5.0,302.0
2000-08-25,0.9,407.0
2000-08-26,-0.3,388.0
2000-08-27,-1.3,384.0
2000-08-28,-0.3,435.0
2000-08-29,-2.8,578.0
2000-08-30,-3.2,611.0
2000-08-31,2.7,563.0
2000-09-01,-0.7,523.0
2000-09-02,-0.9,496.0
2000-09-03,8.1,447.0
2000-09-04,-0.2,435.0
2000-09-05,-0.1,417.0
2000-09-06,3.5,361.0
2000-09-07,1.5,455.0
2000-09-08,-1.8,412.0
2000-09-09,2.0,459.0
2000-09-10,1.2,376.0
2000-09-11,2.5,371.0
2000-09-12,-1.6,347.0
2000-09-13,-3.3,439.0
2000-09-14,0.2,361.0
2000-09-15,0.0,324.0
2000-09-16,-5.1,363.0
2000-09-17,-3.7,416.0
2000-09-18,8.3,840.0
2000-09-19,1.1,666.0
2000-09-20,2.0,552.0
2000-09-21,1.5,466.0
2000-09-22,-1.0,446.0
2000-09-23,-0.3,428.0
2000-09-24,0.4,414.0
2000-09-25,0.5,570.0
2000-09-26,-5.6,517.0
2000-09-27,-1.2,535.0
2000-09-28,-1.1,510.0
2000-09-29,1.1,409.0
2000-09-30,-5.2,351.0
2000-10-01,6.9,438.0
2000-10-02,1.7,368.0
2000-10-03,-2.9,395.0
2000-10-04,8.7,418.0
2000-10-05,-7.8,374.0
2000-10-06,-0.8,516.0
2000-10-07,1.7,422.0
2000-10-08,0.4,364.0
2000-10-09,-1.5,331.0
2000-10-10,-1.4,327.0
2000-10-11,-5.7,326.0
2000-10-12,-0.7,374.0
2000-10-13,-14.3,454.0
2000-10-14,-5.3,403.0
2000-10-15,5.9,467.0
2000-10-16,-3.2,554.0
2000-10-17,-0.5,542.0
2000-10-18,3.1,494.0
2000-10-19,-0.4,428.0
2000-10-20,5.7,442.0
2000-10-21,-0.3,393.0
2000-10-22,0.5,362.0
2000-10-23,-1.0,514.0
2000-10-24,-2.3,447.0
2000-10-25,-0.2,425.0
2000-10-26,-1.7,401.0
2000-10-27,-1.5,356.0
2000-10-28,-0.3,323.0
2000-10-29,-17.1,396.0
2000-10-30,2.1,355.0
2000-10-31,1.7,351.0
2000-11-01,-2.8,430.0
2000-11-02,-2.2,391.0
2000-11-03,1.0,353.0
2000-11-04,3.4,346.0
2000-11-05,1.4,507.0
2000-11-06,-3.4,492.0
2000-11-07,-12.5,568.0
2000-11-08,16.5,434.0
2000-11-09,-2.1,446.0
2000-11-10,3.1,580.0
2000-11-11,2.7,783.0
2000-11-12,-1.4,698.0
2000-11-13,1.3,623.0
2000-11-14,0.6,548.0
2000-11-15,1.2,460.0
2000-11-16,1.6,425.0
2000-11-17,-0.7,379.0
2000-11-18,1.0,319.0
2000-11-19,-2.6,374.0
2000-11-20,-0.4,386.0
2000-11-21,-2.1,376.0
2000-11-22,-0.5,373.0
2000-11-23,-3.0,354.0
2000-11-24,0.3,309.0
2000-11-25,-1.0,454.0
2000-11-26,-1.1,384.0
2000-11-27,-10.8,561.0
2000-11-28,0.9,553.0
2000-11-29,-8.0,539.0
2000-11-30,5.1,476.0
2000-12-01,-1.5,476.0
2000-12-02,0.3,392.0
2000-12-03,4.0,361.0
2000-12-04,0.0,389.0
2000-12-05,-4.9,341.0
2000-12-06,0.5,342.0
2000-12-07,-5.4,392.0
2000-12-08,4.6,462.0
2000-12-09,-2.1,635.0
2000-12-10,-1.7,656.0
2000-12-11,-1.0,592.0
2000-12-12,0.1,531.0
2000-12-13,-1.1,436.0
2000-12-14,2.9,384.0
2000-12-15,-0.6,372.0
2000-12-16,2.3,329.0
2000-12-17,-0.3,325.0
2000-12-18,-1.3,356.0
2000-12-19,0.9,363.0
2000-12-20,-1.0,330.0
2000-12-21,1.5,298.0
2000-12-22,-0.3,321.0
2000-12-23,-13.5,326.0
2000-12-24,-3.3,303.0
2000-12-25,11.3,368.0
2000-12-26,4.7,390.0
2000-12-27,-0.2,398.0
2000-12-28,-1.7,383.0
2000-12-29,1.5,403.0
2000-12-30,3.0,370.0
2000-12-31,0.6,341.0
2001-01-01,-0.7,290.0
2001-01-02,1.3,285.0
2001-01-03,3.9,332.0
2001-01-04,-0.3,382.0
2001-01-05,-1.2,399.0
2001-01-06,-1.9,411.0
2001-01-07,-3.3,360.0
2001-01-08,-1.8,370.0
2001-01-09,4.6,409.0
2001-01-10,1.6,371.0
2001-01-11,0.5,424.0
2001-01-12,-1.2,417.0
2001-01-13,3.4,318.0
2001-01-14,-1.8,386.0
2001-01-15,0.4,352.0
2001-01-16,1.9,345.0
2001-01-17,-4.8,331.0
2001-01-18,3.8,360.0
2001-01-19,1.8,348.0
2001-01-20,0.1,323.0
2001-01-21,-5.9,306.0
2001-01-22,-5.1,364.0
2001-01-23,0.2,450.0
2001-01-24,-0.5,469.0
2001-01-25,3.5,417.0
2001-01-26,-1.3,340.0
2001-01-27,-3.7,331.0
2001-01-28,-0.4,299.0
2001-01-29,-0.6,368.0
2001-01-30,3.8,460.0
2001-01-31,0.5,385.0
2001-02-01,-1.3,396.0
2001-02-02,-1.6,432.0
2001-02-03,2.5,365.0
2001-02-04,2.6,337.0
2001-02-05,2.1,302.0
2001-02-06,-1.2,338.0
2001-02-07,6.7,514.0
2001-02-08,1.7,429.0
2001-02-09,4.3,416.0
2001-02-10,1.0,413.0
2001-02-11,-3.6,399.0
2001-02-12,0.4,402.0
2001-02-13,0.5,458.0
2001-02-14,-3.0,527.0
2001-02-15,0.8,587.0
2001-02-16,-0.9,501.0
2001-02-17,-0.2,462.0
2001-02-18,-0.1,352.0
2001-02-19,1.1,286.0
2001-02-20,-0.9,281.0
2001-02-21,-6.1,339.0
2001-02-22,-0.3,367.0
2001-02-23,-4.9,343.0
2001-02-24,-2.4,367.0
2001-02-25,2.2,321.0
2001-02-26,-2.5,291.0
2001-02-27,-6.2,340.0
2001-02-28,1.9,352.0
2001-03-01,2.1,492.0
2001-03-02,-0.9,440.0
2001-03-03,-2.1,446.0
2001-03-04,-0.5,482.0
2001-03-05,-12.5,427.0
2001-03-06,1.6,579.0
2001-03-07,-0.4,485.0
2001-03-08,0.7,444.0
2001-03-09,1.3,440.0
2001-03-10,1.8,433.0
2001-03-11,1.9,413.0
2001-03-12,0.9,363.0
2001-03-13,-4.3,396.0
2001-03-14,-1.3,404.0
2001-03-15,-0.5,388.0
2001-03-16,3.1,301.0
2001-03-17,2.0,274.0
2001-03-18,-4.8,310.0
2001-03-19,-5.3,306.0
2001-03-20,-8.1,447.0
2001-03-21,0.3,361.0
2001-03-22,6.3,289.0
2001-03-23,-3.1,394.0
2001-03-24,7.2,416.0
2001-03-25,0.9,402.0
2001-03-26,0.9,387.0
2001-03-27,-2.6,367.0
2001-03-28,5.7,627.0
2001-03-29,-2.1,567.0
2001-03-30,0.3,461.0
2001-03-31,-3.2,424.0
2001-04-01,10.1,766.0
2001-04-02,-3.3,633.0
2001-04-03,0.5,524.0
2001-04-04,0.4,450.0
2001-04-05,1.7,660.0
2001-04-06,4.7,530.0
2001-04-07,-2.4,452.0
2001-04-08,-0.4,504.0
2001-04-09,3.9,745.0
2001-04-10,-0.8,564.0
2001-04-11,-2.1,544.0
2001-04-12,-8.9,722.0
2001-04-13,2.8,654.0
2001-04-14,-0.8,690.0
2001-04-15,-1.2,586.0
2001-04-16,-3.5,491.0
2001-04-17,-2.2,442.0
2001-04-18,-1.8,360.0
2001-04-19,-3.5,469.0
2001-04-20,-1.7,391.0
2001-04-21,-0.7,384.0
2001-04-22,5.6,383.0
2001-04-23,-4.9,336.0
2001-04-24,5.7,354.0
2001-04-25,-0.8,410.0
2001-04-26,3.7,444.0
2001-04-27,2.4,438.0
2001-04-28,2.7,460.0
2001-04-29,-4.2,672.0
2001-04-30,2.1,514.0
2001-05-01,2.6,414.0
2001-05-02,2.6,380.0
2001-05-03,-0.3,389.0
2001-05-04,4.9,374.0
2001-05-05,5.7,379.0
2001-05-06,1.9,320.0
2001-05-07,-6.9,361.0
2001-05-08,-2.1,365.0
2001-05-09,-6.0,558.0
2001-05-10,-6.4,441.0
2001-05-11,-2.4,422.0
2001-05-12,-2.4,415.0
2001-05-13,-3.2,614.0
2001-05-14,-3.3,555.0
2001-05-15,-1.8,468.0
2001-05-16,0.0,515.0
2001-05-17,-2.8,419.0
2001-05-18,-3.0,424.0
2001-05-19,-6.8,482.0
2001-05-20,3.8,415.0
2001-05-21,0.2,349.0
2001-05-22,4.1,297.0
2001-05-23,0.5,306.0
2001-05-24,-0.4,421.0
2001-05-25,2.5,515.0
2001-05-26,3.0,561.0
2001-05-27,2.3,458.0
2001-05-28,1.3,574.0
2001-05-29,-1.5,444.0
2001-05-30,3.5,383.0
2001-05-31,2.4,357.0
2001-06-01,3.1,336.0
2001-06-02,-11.3,409.0
2001-06-03,-1.0,524.0
2001-06-04,-3.3,494.0
2001-06-05,-3.7,424.0
2001-06-06,-3.3,386.0
2001-06-07,-2.2,369.0
2001-06-08,6.9,394.0
2001-06-09,3.0,422.0
2001-06-10,-4.1,600.0
2001-06-11,0.4,537.0
2001-06-12,-0.3,486.0
2001-06-13,-1.3,411.0
2001-06-14,-0.4,364.0
2001-06-15,-0.7,359.0
2001-06-16,-1.5,324.0
2001-06-17,1.0,295.0
2001-06-18,-1.6,292.0
2001-06-19,-7.1,387.0
2001-06-20,1.3,626.0
2001-06-21,1.3,630.0
2001-06-22,-0.4,466.0
2001-06-23,4.0,425.0
2001-06-24,-0.9,488.0
2001-06-25,-0.4,545.0
2001-06-26,1.8,460.0
2001-06-27,-5.5,492.0
2001-06-28,1.1,407.0
2001-06-29,2.5,342.0
2001-06-30,-0.4,364.0
2001-07-01,-3.6,352.0
2001-07-02,-3.6,322.0
2001-07-03,3.0,371.0
2001-07-04,-2.1,381.0
2001-07-05,1.6,399.0
2001-07-06,-0.3,423.0
2001-07-07,3.6,466.0
2001-07-08,-2.3,424.0
2001-07-09,-6.0,438.0
2001-07-10,-0.7,395.0
2001-07-11,-6.2,361.0
2001-07-12,6.6,345.0
2001-07-13,2.2,382.0
2001-07-14,-2.8,414.0
2001-07-15,1.3,398.0
2001-07-16,-1.3,412.0
2001-07-17,1.9,529.0
2001-07-18,1.4,648.0
2001-07-19,1.6,635.0
2001-07-20,-0.4,541.0
2001-07-21,2.5,433.0
2001-07-22,0.3,390.0
2001-07-23,-5.7,389.0
2001-07-24,-2.6,362.0
2001-07-25,-3.4,464.0
2001-07-26,2.8,580.0
2001-07-27,1.3,522.0
2001-07-28,-1.0,423.0
2001-07-29,0.6,355.0
2001-07-30,2.5,328.0
2001-07-31,-3.6,334.0
2001-08-01,-0.7,591.0
2001-08-02,2.4,464.0
2001-08-03,-1.4,385.0
2001-08-04,-0.5,381.0
2001-08-05,-3.6,355.0
2001-08-06,1.2,454.0
2001-08-07,-2.3,433.0
2001-08-08,0.4,403.0
2001-08-09,1.2,381.0
2001-08-10,7.1,382.0
2001-08-11,-2.5,426.0
2001-08-12,-2.0,343.0
2001-08-13,2.1,420.0
2001-08-14,0.2,431.0
2001-08-15,-1.2,467.0
2001-08-16,1.3,397.0
2001-08-17,-0.1,346.0
2001-08-18,12.1,591.0
2001-08-19,1.6,484.0
2001-08-20,0.9,407.0
2001-08-21,5.2,406.0
2001-08-22,2.9,547.0
2001-08-23,-1.5,558.0
2001-08-24,1.0,427.0
2001-08-25,0.5,356.0
2001-08-26,-0.9,423.0
2001-08-27,0.0,387.0
2001-08-28,-4.3,574.0
2001-08-29,0.0,489.0
2001-08-30,0.7,446.0
2001-08-31,-1.5,407.0
2001-09-01,0.1,427.0
2001-09-02,2.6,371.0
2001-09-03,2.2,394.0
2001-09-04,-2.0,543.0
2001-09-05,-2.3,475.0
2001-09-06,-1.2,425.0
2001-09-07,3.8,367.0
2001-09-08,-4.4,363.0
2001-09-09,1.6,348.0
2001-09-10,2.6,290.0
2001-09-11,-1.8,282.0
2001-09-12,-4.5,405.0
2001-09-13,7.1,371.0
2001-09-14,3.3,371.0
2001-09-15,-2.0,453.0
2001-09-16,0.0,543.0
2001-09-17,2.2,479.0
2001-09-18,3.1,416.0
2001-09-19,4.3,431.0
2001-09-20,0.3,376.0
2001-09-21,-0.6,331.0
2001-09-22,0.5,323.0
2001-09-23,2.8,342.0
2001-09-24,3.3,489.0
2001-09-25,2.6,399.0
2001-09-26,-1.9,644.0
2001-09-27,2.3,461.0
2001-09-28,-1.6,537.0
2001-09-29,-3.9,503.0
2001-09-30,-3.6,596.0
2001-10-01,-5.5,539.0
2001-10-02,-5.6,528.0
2001-10-03,4.0,492.0
2001-10-04,1.4,542.0
2001-10-05,-0.3,427.0
2001-10-06,1.0,418.0
2001-10-07,2.2,379.0
2001-10-08,0.6,318.0
2001-10-09,-0.8,433.0
2001-10-10,1.5,420.0
2001-10-11,-3.1,391.0
2001-10-12,0.9,536.0
2001-10-13,-0.4,438.0
2001-10-14,1.5,421.0
2001-10-15,-0.6,434.0
2001-10-16,0.5,398.0
2001-10-17,-2.4,402.0
2001-10-18,1.0,304.0
2001-10-19,4.9,297.0
2001-10-20,3.5,340.0
2001-10-21,-2.0,358.0
2001-10-22,-6.1,652.0
2001-10-23,1.9,534.0
2001-10-24,1.5,429.0
2001-10-25,0.2,371.0
2001-10-26,1.2,394.0
2001-10-27,-0.1,404.0
2001-10-28,-4.0,357.0
2001-10-29,0.5,462.0
2001-10-30,-1.7,374.0
2001-10-31,-0.7,349.0
2001-11-01,-11.1,378.0
2001-11-02,8.4,310.0
2001-11-03,0.2,352.0
2001-11-04,-0.4,318.0
2001-11-05,5.0,328.0
2001-11-06,-10.8,420.0
2001-11-07,-3.8,703.0
2001-11-08,-2.6,596.0
2001-11-09,0.0,493.0
2001-11-10,0.9,455.0
2001-11-11,-2.4,403.0
2001-11-12,-0.1,465.0
2001-11-13,-1.2,392.0
2001-11-14,2.4,357.0
2001-11-15,3.5,286.0
2001-11-16,5.8,360.0
2001-11-17,2.7,408.0
2001-11-18,0.2,426.0
2001-11-19,-2.2,379.0
2001-11-20,-3.4,511.0
2001-11-21,1.4,388.0
2001-11-22,3.3,362.0
2001-11-23,-4.1,461.0
2001-11-24,1.0,455.0
2001-11-25,10.7,773.0
2001-11-26,2.2,603.0
2001-11-27,0.2,466.0
2001-11-28,0.0,430.0
2001-11-29,1.8,427.0
2001-11-30,-0.7,375.0
2001-12-01,0.5,361.0
2001-12-02,5.3,371.0
2001-12-03,8.2,351.0
2001-12-04,0.8,485.0
2001-12-05,-5.6,453.0
2001-12-06,-0.2,434.0
2001-12-07,0.3,454.0
2001-12-08,-0.6,463.0
2001-12-09,2.9,405.0
2001-12-10,0.0,382.0
2001-12-11,0.8,343.0
2001-12-12,1.1,357.0
2001-12-13,-5.5,333.0
2001-12-14,1.0,286.0
2001-12-15,1.4,338.0
2001-12-16,9.6,479.0
2001-12-17,0.2,447.0
2001-12-18,0.8,452.0
2001-12-19,-1.9,430.0
2001-12-20,3.4,377.0
2001-12-21,0.1,353.0
2001-12-22,-1.5,397.0
2001-12-23,-0.7,356.0
2001-12-24,4.8,362.0
2001-12-25,0.8,495.0
2001-12-26,-3.4,395.0
2001-12-27,-3.7,391.0
2001-12-28,2.3,347.0
2001-12-29,2.6,358.0
2001-12-30,-5.9,363.0
2001-12-31,-1.6,648.0
2002-01-01,-1.1,459.0
2002-01-02,-1.9,402.0
2002-01-03,0.5,360.0
2002-01-04,-1.4,320.0
2002-01-05,-4.1,291.0
2002-01-06,2.3,277.0
2002-01-07,3.5,330.0
2002-01-08,-3.7,392.0
2002-01-09,4.5,369.0
2002-01-10,-2.9,359.0
2002-01-11,-1.1,604.0
2002-01-12,-0.7,596.0
2002-01-13,0.6,540.0
2002-01-14,1.7,497.0
2002-01-15,-1.3,428.0
2002-01-16,-0.6,388.0
2002-01-17,-2.7,356.0
2002-01-18,-1.3,397.0
2002-01-19,1.8,280.0
2002-01-20,-0.3,404.0
2002-01-21,-2.1,450.0
2002-01-22,1.6,391.0
2002-01-23,-2.8,368.0
2002-01-24,-1.5,368.0
2002-01-25,-0.2,338.0
2002-01-26,-1.7,406.0
2002-01-27,-3.6,380.0
2002-01-28,0.0,365.0
2002-01-29,-3.8,380.0
2002-01-30,-1.1,367.0
2002-01-31,-4.4,312.0
2002-02-01,-10.4,370.0
2002-02-02,-1.6,345.0
2002-02-03,0.6,403.0
2002-02-04,2.1,346.0
2002-02-05,-1.7,351.0
2002-02-06,4.9,527.0
2002-02-07,-0.8,619.0
2002-02-08,0.2,565.0
2002-02-09,-1.7,480.0
2002-02-10,-0.3,441.0
2002-02-11,1.1,434.0
2002-02-12,1.0,574.0
2002-02-13,4.1,511.0
2002-02-14,2.2,462.0
2002-02-15,1.0,399.0
2002-02-16,-2.4,331.0
2002-02-17,-3.8,360.0
2002-02-18,-0.5,392.0
2002-02-19,4.7,355.0
2002-02-20,-0.4,418.0
2002-02-21,1.8,460.0
2002-02-22,3.7,428.0
2002-02-23,-2.2,391.0
2002-02-24,-1.7,349.0
2002-02-25,-2.7,326.0
2002-02-26,-3.9,327.0
2002-02-27,-3.4,343.0
2002-02-28,-2.5,310.0
2002-03-01,-11.4,401.0
2002-03-02,-0.2,364.0
2002-03-03,0.4,393.0
2002-03-04,4.2,391.0
2002-03-05,1.8,569.0
2002-03-06,1.7,638.0
2002-03-07,2.8,620.0
2002-03-08,0.7,513.0
2002-03-09,1.3,429.0
2002-03-10,4.5,399.0
2002-03-11,-4.9,388.0
2002-03-12,2.4,435.0
2002-03-13,-1.1,453.0
2002-03-14,1.5,414.0
2002-03-15,0.6,367.0
2002-03-16,6.4,335.0
2002-03-17,2.5,286.0
2002-03-18,-3.2,281.0
2002-03-19,-8.9,414.0
2002-03-20,12.6,376.0
2002-03-21,3.3,488.0
2002-03-22,0.8,431.0
2002-03-23,2.3,422.0
2002-03-24,-7.3,485.0
2002-03-25,1.4,416.0
2002-03-26,6.9,416.0
2002-03-27,1.3,482.0
2002-03-28,2.4,404.0
2002-03-29,1.1,357.0
2002-03-30,16.7,380.0
2002-03-31,4.9,627.0
2002-04-01,2.2,722.0
2002-04-02,2.3,670.0
2002-04-03,-0.5,625.0
2002-04-04,1.4,539.0
2002-04-05,2.9,427.0
2002-04-06,6.9,383.0
2002-04-07,0.0,355.0
2002-04-08,3.0,418.0
2002-04-09,0.1,338.0
2002-04-10,4.2,298.0
2002-04-11,6.5,312.0
2002-04-12,-1.1,456.0
2002-04-13,-2.5,422.0
2002-04-14,-1.0,409.0
2002-04-15,7.5,390.0
2002-04-16,-3.2,351.0
2002-04-17,-4.3,333.0
2002-04-18,-2.4,522.0
2002-04-19,-3.6,453.0
2002-04-20,9.6,586.0
2002-04-21,3.3,482.0
2002-04-22,-1.0,451.0
2002-04-23,4.6,401.0
2002-04-24,-1.2,495.0
2002-04-25,0.3,481.0
2002-04-26,0.0,418.0
2002-04-27,1.3,406.0
2002-04-28,-0.5,489.0
2002-04-29,3.2,489.0
2002-04-30,1.7,547.0
2002-05-01,3.3,427.0
2002-05-02,-1.0,405.0
2002-05-03,-0.2,435.0
2002-05-04,3.7,407.0
2002-05-05,-0.2,356.0
2002-05-06,-0.4,328.0
2002-05-07,3.3,402.0
2002-05-08,-3.9,385.0
2002-05-09,-2.1,363.0
2002-05-10,-1.6,379.0
2002-05-11,-2.2,364.0
2002-05-12,-4.8,428.0
2002-05-13,-1.6,499.0
2002-05-14,-3.5,422.0
2002-05-15,-2.9,413.0
2002-05-16,-1.0,366.0
2002-05-17,2.7,345.0
2002-05-18,-2.1,366.0
2002-05-19,5.6,474.0
2002-05-20,4.1,425.0
2002-05-21,-3.0,454.0
2002-05-22,6.4,388.0
2002-05-23,2.7,404.0
2002-05-24,-0.3,842.0
2002-05-25,4.3,450.0
2002-05-26,2.4,448.0
2002-05-27,-2.7,455.0
2002-05-28,1.0,744.0
2002-05-29,0.4,624.0
2002-05-30,2.4,477.0
2002-05-31,3.2,404.0
2002-06-01,1.7,317.0
2002-06-02,-6.9,351.0
2002-06-03,-2.6,421.0
2002-06-04,-2.4,431.0
2002-06-05,-1.4,449.0
2002-06-06,-0.6,386.0
2002-06-07,0.5,327.0
2002-06-08,0.6,302.0
2002-06-09,-2.2,420.0
2002-06-10,2.2,463.0
2002-06-11,0.9,382.0
2002-06-12,-1.1,380.0
2002-06-13,2.2,353.0
2002-06-14,-1.8,368.0
2002-06-15,-0.5,361.0
2002-06-16,-1.7,332.0
2002-06-17,-3.2,377.0
2002-06-18,2.2,343.0
2002-06-19,0.2,381.0
2002-06-20,0.0,481.0
2002-06-21,0.6,438.0
2002-06-22,-0.2,426.0
2002-06-23,3.6,395.0
2002-06-24,0.8,476.0
2002-06-25,-1.6,453.0
2002-06-26,-0.4,476.0
2002-06-27,2.0,423.0
2002-06-28,2.5,358.0
2002-06-29,-1.6,341.0
2002-06-30,-2.9,373.0
2002-07-01,2.4,360.0
2002-07-02,1.1,458.0
2002-07-03,1.6,387.0
2002-07-04,-1.3,330.0
2002-07-05,-3.3,316.0
2002-07-06,-0.7,431.0
2002-07-07,-0.2,512.0
2002-07-08,-2.4,413.0
2002-07-09,-4.3,417.0
2002-07-10,0.2,471.0
2002-07-11,0.5,407.0
2002-07-12,-3.3,392.0
2002-07-13,1.1,501.0
2002-07-14,0.4,439.0
2002-07-15,2.1,334.0
2002-07-16,-0.6,343.0
2002-07-17,1.8,410.0
2002-07-18,0.9,476.0
2002-07-19,6.1,455.0
2002-07-20,-5.8,744.0
2002-07-21,-1.7,633.0
2002-07-22,0.7,504.0
2002-07-23,-0.7,502.0
2002-07-24,3.0,444.0
2002-07-25,-0.7,432.0
2002-07-26,0.0,513.0
2002-07-27,-4.5,412.0
2002-07-28,0.7,450.0
2002-07-29,0.6,469.0
2002-07-30,4.4,433.0
2002-07-31,0.7,397.0
2002-08-01,1.9,370.0
2002-08-02,-12.5,480.0
2002-08-03,-5.0,452.0
2002-08-04,6.8,433.0
2002-08-05,5.4,454.0
2002-08-06,1.3,405.0
2002-08-07,0.2,379.0
2002-08-08,1.3,318.0
2002-08-09,1.5,347.0
2002-08-10,-1.2,428.0
2002-08-11,0.2,416.0
2002-08-12,2.5,465.0
2002-08-13,-2.6,483.0
2002-08-14,0.0,456.0
2002-08-15,0.3,561.0
2002-08-16,0.3,565.0
2002-08-17,3.3,535.0
2002-08-18,-3.1,442.0
2002-08-19,-2.7,559.0
2002-08-20,-3.3,482.0
2002-08-21,-9.0,459.0
2002-08-22,-1.2,432.0
2002-08-23,6.3,404.0
2002-08-24,0.6,398.0
2002-08-25,0.6,347.0
2002-08-26,-3.4,307.0
2002-08-27,2.7,379.0
2002-08-28,5.9,397.0
2002-08-29,-1.4,471.0
2002-08-30,4.5,412.0
2002-08-31,-0.3,349.0
2002-09-01,-3.6,361.0
2002-09-02,-4.6,331.0
2002-09-03,2.2,342.0
2002-09-04,-1.1,365.0
2002-09-05,-0.3,455.0
2002-09-06,1.2,422.0
2002-09-07,-3.0,393.0
2002-09-08,-11.3,506.0
2002-09-09,5.6,508.0
2002-09-10,-3.1,445.0
2002-09-11,3.9,425.0
2002-09-12,-1.2,485.0
2002-09-13,-0.8,506.0
2002-09-14,0.6,459.0
2002-09-15,-1.5,396.0
2002-09-16,0.2,367.0
2002-09-17,5.6,420.0
2002-09-18,-1.2,457.0
2002-09-19,0.0,533.0
2002-09-20,1.8,600.0
2002-09-21,2.6,410.0
2002-09-22,-0.7,401.0
2002-09-23,1.2,388.0
2002-09-24,3.7,373.0
2002-09-25,4.5,347.0
2002-09-26,-1.4,390.0
2002-09-27,-6.3,298.0
2002-09-28,-2.4,312.0
2002-09-29,6.7,307.0
2002-09-30,3.0,287.0
2002-10-01,23.3,361.0
2002-10-02,-11.2,390.0
2002-10-03,-5.0,517.0
2002-10-04,-7.4,430.0
2002-10-05,-3.4,392.0
2002-10-06,3.6,385.0
2002-10-07,-2.5,365.0
2002-10-08,-5.1,477.0
2002-10-09,0.4,436.0
2002-10-10,-2.9,396.0
2002-10-11,0.0,366.0
2002-10-12,-0.1,349.0
2002-10-13,-0.6,330.0
2002-10-14,-1.7,285.0
2002-10-15,0.2,422.0
2002-10-16,1.2,534.0
2002-10-17,-2.2,594.0
2002-10-18,3.2,568.0
2002-10-19,-1.0,658.0
2002-10-20,1.5,648.0
2002-10-21,3.0,622.0
2002-10-22,0.7,553.0
2002-10-23,0.4,451.0
2002-10-24,-2.0,429.0
2002-10-25,-5.7,768.0
2002-10-26,-0.8,623.0
2002-10-27,0.5,556.0
2002-10-28,-1.3,610.0
2002-10-29,2.2,603.0
2002-10-30,1.0,427.0
2002-10-31,-3.9,429.0
2002-11-01,0.7,442.0
2002-11-02,-0.7,449.0
2002-11-03,-4.0,473.0
2002-11-04,-0.7,469.0
2002-11-05,-0.1,508.0
2002-11-06,0.2,525.0
2002-11-07,-0.4,584.0
2002-11-08,-0.7,478.0
2002-11-09,-1.3,381.0
2002-11-10,9.6,399.0
2002-11-11,5.0,415.0
2002-11-12,2.6,600.0
2002-11-13,-1.4,519.0
2002-11-14,-2.8,492.0
2002-11-15,-0.9,471.0
2002-11-16,-2.6,466.0
2002-11-17,0.3,471.0
2002-11-18,-6.7,380.0
2002-11-19,-5.0,388.0
2002-11-20,-5.8,387.0
2002-11-21,13.6,481.0
2002-11-22,2.6,671.0
2002-11-23,-2.3,590.0
2002-11-24,-1.0,465.0
2002-11-25,-1.9,454.0
2002-11-26,-1.4,463.0
2002-11-27,3.3,577.0
2002-11-28,-0.4,507.0
2002-11-29,-1.2,496.0
2002-11-30,-1.2,516.0
2002-12-01,-2.8,486.0
2002-12-02,-2.6,489.0
2002-12-03,-0.3,494.0
2002-12-04,1.9,463.0
2002-12-05,-0.1,419.0
2002-12-06,3.2,390.0
2002-12-07,-5.4,424.0
2002-12-08,2.2,574.0
2002-12-09,2.5,578.0
2002-12-10,-0.1,490.0
2002-12-11,0.3,396.0
2002-12-12,-0.4,373.0
2002-12-13,-1.8,362.0
2002-12-14,-2.6,353.0
2002-12-15,-6.1,504.0
2002-12-16,0.7,510.0
2002-12-17,1.6,447.0
2002-12-18,6.5,382.0
2002-12-19,13.0,343.0
2002-12-20,2.4,531.0
2002-12-21,-7.6,530.0
2002-12-22,-1.1,405.0
2002-12-23,1.0,477.0
2002-12-24,3.8,496.0
2002-12-25,2.8,520.0
2002-12-26,1.1,421.0
2002-12-27,-5.4,511.0
2002-12-28,1.3,714.0
2002-12-29,1.2,689.0
2002-12-30,0.9,561.0
2002-12-31,-2.2,498.0
2003-01-01,3.4,407.0
2003-01-02,-1.1,386.0
2003-01-03,7.4,388.0
2003-01-04,-5.3,603.0
2003-01-05,-1.1,517.0
2003-01-06,0.8,385.0
2003-01-07,-2.0,389.0
2003-01-08,-0.5,331.0
2003-01-09,-1.2,277.0
2003-01-10,-0.2,322.0
2003-01-11,-3.3,460.0
2003-01-12,-3.0,417.0
2003-01-13,-7.1,401.0
2003-01-14,-5.7,396.0
2003-01-15,-3.8,407.0
2003-01-16,-3.3,399.0
2003-01-17,-3.7,323.0
2003-01-18,3.8,368.0
2003-01-19,5.2,436.0
2003-01-20,1.3,610.0
2003-01-21,0.5,700.0
2003-01-22,-1.1,596.0
2003-01-23,2.8,667.0
2003-01-24,1.2,633.0
2003-01-25,-0.6,739.0
2003-01-26,-1.0,700.0
2003-01-27,6.5,588.0
2003-01-28,-5.2,462.0
2003-01-29,-1.8,427.0
2003-01-30,-7.7,445.0
2003-01-31,-4.6,517.0
2003-02-01,-3.1,449.0
2003-02-02,-7.8,622.0
2003-02-03,-4.6,480.0
2003-02-04,0.9,501.0
2003-02-05,-3.4,598.0
2003-02-06,0.6,504.0
2003-02-07,-2.6,534.0
2003-02-08,-3.3,496.0
2003-02-09,-4.6,509.0
2003-02-10,-4.4,439.0
2003-02-11,-5.0,439.0
2003-02-12,-1.1,352.0
2003-02-13,0.9,377.0
2003-02-14,-3.0,388.0
2003-02-15,-1.4,490.0
2003-02-16,1.2,578.0
2003-02-17,0.9,612.0
2003-02-18,10.8,680.0
2003-02-19,1.1,574.0
2003-02-20,2.9,538.0
2003-02-21,0.2,633.0
2003-02-22,1.4,537.0
2003-02-23,1.1,607.0
2003-02-24,0.2,529.0
2003-02-25,-0.4,446.0
2003-02-26,0.6,400.0
2003-02-27,-10.6,451.0
2003-02-28,0.0,511.0
2003-03-01,2.3,442.0
2003-03-02,-0.9,422.0
2003-03-03,-4.2,371.0
2003-03-04,-1.8,472.0
2003-03-05,-1.3,490.0
2003-03-06,-3.7,484.0
2003-03-07,-1.5,480.0
2003-03-08,-2.3,443.0
2003-03-09,-0.3,413.0
2003-03-10,-1.6,380.0
2003-03-11,-2.3,394.0
2003-03-12,-0.4,467.0
2003-03-13,-4.2,447.0
2003-03-14,4.0,463.0
2003-03-15,-0.5,625.0
2003-03-16,4.3,679.0
2003-03-17,2.3,713.0
2003-03-18,-0.5,786.0
2003-03-19,-3.5,766.0
2003-03-20,8.7,620.0
2003-03-21,-0.7,676.0
2003-03-22,1.4,654.0
2003-03-23,0.7,581.0
2003-03-24,0.1,651.0
2003-03-25,0.9,443.0
2003-03-26,3.8,385.0
2003-03-27,-5.9,399.0
2003-03-28,-2.9,462.0
2003-03-29,-1.6,489.0
2003-03-30,-6.7,436.0
2003-03-31,3.2,619.0
2003-04-01,-5.8,498.0
2003-04-02,-0.4,524.0
2003-04-03,-3.7,466.0
2003-04-04,0.0,452.0
2003-04-05,1.4,477.0
2003-04-06,0.1,554.0
2003-04-07,-0.8,391.0
2003-04-08,3.1,367.0
2003-04-09,-4.9,430.0
2003-04-10,3.5,505.0
2003-04-11,3.0,727.0
2003-04-12,1.1,618.0
2003-04-13,1.7,536.0
2003-04-14,3.7,498.0
2003-04-15,-1.1,570.0
2003-04-16,-0.9,615.0
2003-04-17,-1.2,728.0
2003-04-18,2.3,671.0
2003-04-19,3.7,656.0
2003-04-20,-1.5,553.0
2003-04-21,-5.5,513.0
2003-04-22,-4.5,570.0
2003-04-23,-0.3,525.0
2003-04-24,-0.8,470.0
2003-04-25,-1.6,571.0
2003-04-26,-2.0,482.0
2003-04-27,0.9,453.0
2003-04-28,-4.3,522.0
2003-04-29,-5.4,362.0
2003-04-30,-1.1,503.0
2003-05-01,-3.9,655.0
2003-05-02,0.7,597.0
2003-05-03,0.2,519.0
2003-05-04,-0.4,471.0
2003-05-05,9.1,422.0
2003-05-06,7.9,651.0
2003-05-07,2.4,719.0
2003-05-08,-0.8,721.0
2003-05-09,-2.1,759.0
2003-05-10,-4.6,723.0
2003-05-11,-5.3,606.0
2003-05-12,-1.7,672.0
2003-05-13,-1.2,676.0
2003-05-14,-0.7,768.0
2003-05-15,0.6,723.0
2003-05-16,-2.2,619.0
2003-05-17,2.0,556.0
2003-05-18,0.0,452.0
2003-05-19,-3.7,421.0
2003-05-20,-0.6,446.0
2003-05-21,-0.6,391.0
2003-05-22,-6.5,512.0
2003-05-23,4.4,497.0
2003-05-24,-1.2,469.0
2003-05-25,-2.3,573.0
2003-05-26,-1.6,523.0
2003-05-27,-1.9,465.0
2003-05-28,-3.3,622.0
2003-05-29,-2.1,662.0
2003-05-30,-0.9,715.0
2003-05-31,-0.9,785.0
2003-06-01,2.6,621.0
2003-06-02,-0.3,658.0
2003-06-03,0.1,811.0
2003-06-04,-0.9,815.0
2003-06-05,0.7,729.0
2003-06-06,1.3,510.0
2003-06-07,1.4,653.0
2003-06-08,3.3,786.0
2003-06-09,2.8,684.0
2003-06-10,3.1,706.0
2003-06-11,3.5,694.0
2003-06-12,1.3,604.0
2003-06-13,-0.6,480.0
2003-06-14,0.8,460.0
2003-06-15,-2.9,567.0
2003-06-16,5.6,586.0
2003-06-17,0.2,505.0
2003-06-18,-3.5,472.0
2003-06-19,-2.0,600.0
2003-06-20,4.6,553.0
2003-06-21,-5.6,548.0
2003-06-22,-1.5,519.0
2003-06-23,-2.5,577.0
2003-06-24,0.2,517.0
2003-06-25,3.3,552.0
2003-06-26,-0.5,550.0
2003-06-27,3.2,671.0
2003-06-28,0.0,663.0
2003-06-29,-1.9,747.0
2003-06-30,1.4,765.0
2003-07-01,1.1,730.0
2003-07-02,-0.4,547.0
2003-07-03,-2.0,593.0
2003-07-04,2.6,684.0
2003-07-05,-0.2,769.0
2003-07-06,0.1,722.0
2003-07-07,-1.0,644.0
2003-07-08,0.9,471.0
2003-07-09,-1.1,429.0
2003-07-10,-0.4,380.0
2003-07-11,-3.7,357.0
2003-07-12,-10.4,555.0
2003-07-13,-1.6,595.0
2003-07-14,-1.7,525.0
2003-07-15,-4.9,563.0
2003-07-16,-2.9,574.0
2003-07-17,-1.0,607.0
2003-07-18,1.0,633.0
2003-07-19,-3.9,507.0
2003-07-20,0.4,639.0
2003-07-21,-3.3,605.0
2003-07-22,-0.7,431.0
2003-07-23,-0.9,443.0
2003-07-24,0.7,455.0
2003-07-25,-2.5,343.0
2003-07-26,1.3,322.0
2003-07-27,0.2,559.0
2003-07-28,1.1,638.0
2003-07-29,3.2,784.0
2003-07-30,4.0,735.0
2003-07-31,0.0,750.0
2003-08-01,-3.0,827.0
2003-08-02,-3.1,764.0
2003-08-03,1.0,690.0
2003-08-04,1.1,557.0
2003-08-05,5.6,487.0
2003-08-06,-8.4,441.0
2003-08-07,4.3,495.0
2003-08-08,-1.5,595.0
2003-08-09,1.3,703.0
2003-08-10,-0.2,641.0
2003-08-11,3.6,576.0
2003-08-12,-2.6,639.0
2003-08-13,2.8,643.0
2003-08-14,-2.2,568.0
2003-08-15,-0.1,557.0
2003-08-16,0.3,581.0
2003-08-17,2.1,479.0
2003-08-18,-1.8,518.0
2003-08-19,-5.9,433.0
2003-08-20,6.6,423.0
2003-08-21,-0.9,470.0
2003-08-22,0.3,749.0
2003-08-23,2.0,753.0
2003-08-24,-1.1,740.0
2003-08-25,-2.4,606.0
2003-08-26,-2.2,572.0
2003-08-27,-1.1,499.0
2003-08-28,-3.8,419.0
2003-08-29,5.0,451.0
2003-08-30,-0.5,594.0
2003-08-31,1.3,476.0
2003-09-01,-0.5,392.0
2003-09-02,-0.3,529.0
2003-09-03,-2.6,456.0
2003-09-04,0.3,537.0
2003-09-05,1.5,662.0
2003-09-06,0.7,590.0
2003-09-07,-0.2,561.0
2003-09-08,1.4,416.0
2003-09-09,3.2,443.0
2003-09-10,2.8,621.0
2003-09-11,-0.7,661.0
2003-09-12,-0.7,573.0
2003-09-13,0.1,584.0
2003-09-14,-2.2,445.0
2003-09-15,0.6,380.0
2003-09-16,-7.2,361.0
2003-09-17,-1.5,470.0
2003-09-18,-0.5,751.0
2003-09-19,-0.5,740.0
2003-09-20,-0.4,641.0
2003-09-21,-2.1,622.0
2003-09-22,0.7,560.0
2003-09-23,1.0,507.0
2003-09-24,-3.3,525.0
2003-09-25,-1.7,640.0
2003-09-26,-0.5,612.0
2003-09-27,-0.9,511.0
2003-09-28,-0.4,416.0
2003-09-29,-1.4,354.0
2003-09-30,3.0,289.0
2003-10-01,-3.0,289.0
2003-10-02,-1.8,304.0
2003-10-03,-4.0,461.0
2003-10-04,3.0,486.0
2003-10-05,1.1,403.0
2003-10-06,3.3,454.0
2003-10-07,1.0,597.0
2003-10-08,2.5,532.0
2003-10-09,-2.6,585.0
2003-10-10,1.1,473.0
2003-10-11,-0.4,425.0
2003-10-12,1.7,381.0
2003-10-13,-1.5,319.0
2003-10-14,3.4,469.0
2003-10-15,1.9,658.0
2003-10-16,-3.2,604.0
2003-10-17,-0.1,580.0
2003-10-18,0.6,545.0
2003-10-19,-1.2,597.0
2003-10-20,0.6,595.0
2003-10-21,2.0,681.0
2003-10-22,0.5,744.0
2003-10-23,8.9,537.0
2003-10-24,5.4,423.0
2003-10-25,33.2,571.0
2003-10-26,-0.2,454.0
2003-10-27,-6.7,469.0
2003-10-28,0.3,476.0
2003-10-29,-4.5,9999.0
2003-10-30,-13.9,9999.0
2003-10-31,-7.8,9999.0
2003-11-01,-0.6,804.0
2003-11-02,-0.6,578.0
2003-11-03,-2.1,486.0
2003-11-04,1.6,522.0
2003-11-05,1.5,596.0
2003-11-06,-1.6,500.0
2003-11-07,0.5,568.0
2003-11-08,1.3,424.0
2003-11-09,2.6,488.0
2003-11-10,-0.2,561.0
2003-11-11,-2.7,626.0
2003-11-12,1.0,724.0
2003-11-13,-2.1,673.0
2003-11-14,-1.9,635.0
2003-11-15,0.0,615.0
2003-11-16,0.1,712.0
2003-11-17,-2.8,769.0
2003-11-18,-1.8,725.0
2003-11-19,0.6,629.0
2003-11-20,0.1,446.0
2003-11-21,-5.5,535.0
2003-11-22,-3.5,488.0
2003-11-23,0.0,517.0
2003-11-24,-0.5,567.0
2003-11-25,-0.6,613.0
2003-11-26,-1.1,549.0
2003-11-27,1.8,498.0
2003-11-28,2.1,423.0
2003-11-29,-0.8,412.0
2003-11-30,-0.3,392.0
2003-12-01,-3.5,477.0
2003-12-02,0.1,412.0
2003-12-03,-0.3,386.0
2003-12-04,-2.0,361.0
2003-12-05,-1.9,361.0
2003-12-06,-1.2,450.0
2003-12-07,-1.6,399.0
2003-12-08,3.2,449.0
2003-12-09,0.5,618.0
2003-12-10,0.7,675.0
2003-12-11,-4.0,821.0
2003-12-12,-0.7,725.0
2003-12-13,-2.2,751.0
2003-12-14,1.5,816.0
2003-12-15,-1.4,725.0
2003-12-16,-0.5,639.0
2003-12-17,0.0,502.0
2003-12-18,-0.9,429.0
2003-12-19,-1.0,346.0
2003-12-20,0.9,307.0
2003-12-21,-7.8,482.0
2003-12-22,-2.1,614.0
2003-12-23,2.2,609.0
2003-12-24,0.0,495.0
2003-12-25,0.6,401.0
2003-12-26,-3.2,362.0
2003-12-27,0.4,384.0
2003-12-28,-0.1,478.0
2003-12-29,5.4,491.0
2003-12-30,-1.0,407.0
2003-12-31,-0.3,448.0
2004-01-01,4.6,525.0
2004-01-02,-1.5,564.0
2004-01-03,3.6,458.0
2004-01-04,-2.0,535.0
2004-01-05,-1.0,576.0
2004-01-06,0.3,611.0
2004-01-07,6.6,723.0
2004-01-08,1.5,631.0
2004-01-09,-2.3,523.0
2004-01-10,3.0,584.0
2004-01-11,3.1,564.0
2004-01-12,1.2,523.0
2004-01-13,-0.8,487.0
2004-01-14,-3.7,556.0
2004-01-15,1.2,481.0
2004-01-16,0.3,568.0
2004-01-17,2.8,631.0
2004-01-18,0.2,555.0
2004-01-19,0.1,585.0
2004-01-20,-0.8,556.0
2004-01-21,-1.7,522.0
2004-01-22,-2.0,456.0
2004-01-23,-5.4,546.0
2004-01-24,-2.2,542.0
2004-01-25,-9.9,470.0
2004-01-26,-1.4,441.0
2004-01-27,-7.4,459.0
2004-01-28,-6.8,499.0
2004-01-29,0.8,542.0
2004-01-30,-0.3,423.0
2004-01-31,2.0,461.0
2004-02-01,4.6,577.0
2004-02-02,2.1,475.0
2004-02-03,-1.5,601.0
2004-02-04,-1.0,609.0
2004-02-05,1.4,513.0
2004-02-06,5.5,545.0
2004-02-07,-1.9,539.0
2004-02-08,2.5,423.0
2004-02-09,3.2,423.0
2004-02-10,-2.1,382.0
2004-02-11,3.1,395.0
2004-02-12,2.3,422.0
2004-02-13,-1.2,657.0
2004-02-14,-2.0,621.0
2004-02-15,-1.4,638.0
2004-02-16,-1.8,605.0
2004-02-17,-2.0,502.0
2004-02-18,-1.4,431.0
2004-02-19,0.9,471.0
2004-02-20,-1.3,418.0
2004-02-21,-0.5,397.0
2004-02-22,-2.8,386.0
2004-02-23,1.7,416.0
2004-02-24,-3.9,419.0
2004-02-25,1.2,364.0
2004-02-26,-2.6,326.0
2004-02-27,-1.1,9999.0
2004-02-28,12.8,413.0
2004-02-29,3.1,543.0
2004-03-01,0.6,641.0
2004-03-02,-1.7,674.0
2004-03-03,1.3,638.0
2004-03-04,3.4,604.0
2004-03-05,-1.0,462.0
2004-03-06,0.0,416.0
2004-03-07,1.3,365.0
2004-03-08,3.9,369.0
2004-03-09,1.1,353.0
2004-03-10,-3.1,672.0
2004-03-11,0.4,744.0
2004-03-12,-1.8,607.0
2004-03-13,-1.3,539.0
2004-03-14,-2.0,464.0
2004-03-15,-2.7,463.0
2004-03-16,-2.9,449.0
2004-03-17,-1.9,452.0
2004-03-18,-3.2,390.0
2004-03-19,-4.7,366.0
2004-03-20,-3.2,404.0
2004-03-21,-2.9,400.0
2004-03-22,-1.2,414.0
2004-03-23,-2.2,422.0
2004-03-24,0.4,370.0
2004-03-25,0.5,327.0
2004-03-26,5.6,423.0
2004-03-27,3.2,498.0
2004-03-28,4.1,874.0
2004-03-29,3.5,643.0
2004-03-30,3.9,585.0
2004-03-31,1.2,557.0
2004-04-01,2.2,469.0
2004-04-02,-0.3,442.0
2004-04-03,2.6,382.0
2004-04-04,-4.9,504.0
2004-04-05,9.6,405.0
2004-04-06,-6.1,469.0
2004-04-07,-1.2,557.0
2004-04-08,-0.3,457.0
2004-04-09,-2.9,449.0
2004-04-10,3.5,448.0
2004-04-11,-2.9,456.0
2004-04-12,-3.8,458.0
2004-04-13,-3.3,472.0
2004-04-14,-0.6,427.0
2004-04-15,0.2,363.0
2004-04-16,-1.0,433.0
2004-04-17,-1.0,442.0
2004-04-18,0.6,399.0
2004-04-19,-2.5,357.0
2004-04-20,-1.2,347.0
2004-04-21,6.1,375.0
2004-04-22,4.4,403.0
2004-04-23,0.7,399.0
2004-04-24,5.9,430.0
2004-04-25,1.5,511.0
2004-04-26,2.2,549.0
2004-04-27,3.7,467.0
2004-04-28,0.8,424.0
2004-04-29,0.9,518.0
2004-04-30,2.8,505.0
2004-05-01,8.1,453.0
2004-05-02,-3.5,406.0
2004-05-03,-0.9,369.0
2004-05-04,2.5,355.0
2004-05-05,-0.3,468.0
2004-05-06,2.1,616.0
2004-05-07,-1.5,513.0
2004-05-08,0.4,485.0
2004-05-09,0.4,474.0
2004-05-10,1.0,419.0
2004-05-11,-2.8,414.0
2004-05-12,-6.3,424.0
2004-05-13,1.1,391.0
2004-05-14,0.9,422.0
2004-05-15,-6.8,347.0
2004-05-16,-1.9,336.0
2004-05-17,-0.3,319.0
2004-05-18,-0.3,320.0
2004-05-19,3.0,316.0
2004-05-20,7.7,379.0
2004-05-21,3.5,550.0
2004-05-22,2.1,488.0
2004-05-23,-1.9,474.0
2004-05-24,4.1,474.0
2004-05-25,1.7,508.0
2004-05-26,0.2,427.0
2004-05-27,1.4,433.0
2004-05-28,-1.4,332.0
2004-05-29,-3.2,382.0
2004-05-30,-2.8,405.0
2004-05-31,-2.2,505.0
2004-06-01,-1.6,529.0
2004-06-02,-1.8,559.0
2004-06-03,-1.6,499.0
2004-06-04,-2.8,498.0
2004-06-05,1.7,445.0
2004-06-06,-0.9,482.0
2004-06-07,-3.2,494.0
2004-06-08,-0.5,401.0
2004-06-09,-3.3,468.0
2004-06-10,-3.2,501.0
2004-06-11,-3.1,422.0
2004-06-12,1.5,373.0
2004-06-13,-0.1,331.0
2004-06-14,2.3,346.0
2004-06-15,2.0,424.0
2004-06-16,-0.1,563.0
2004-06-17,2.0,486.0
2004-06-18,1.2,492.0
2004-06-19,1.5,475.0
2004-06-20,1.4,434.0
2004-06-21,0.2,400.0
2004-06-22,0.9,361.0
2004-06-23,0.7,325.0
2004-06-24,-0.1,320.0
2004-06-25,1.2,314.0
2004-06-26,4.9,366.0
2004-06-27,-0.2,335.0
2004-06-28,-4.1,324.0
2004-06-29,-2.0,490.0
2004-06-30,-2.2,561.0
2004-07-01,-0.6,531.0
2004-07-02,1.2,500.0
2004-07-03,-1.9,480.0
2004-07-04,-2.4,428.0
2004-07-05,-0.8,442.0
2004-07-06,0.2,387.0
2004-07-07,0.1,359.0
2004-07-08,-0.1,355.0
2004-07-09,-0.8,311.0
2004-07-10,0.2,302.0
2004-07-11,-1.0,322.0
2004-07-12,-5.0,503.0
2004-07-13,-3.3,503.0
2004-07-14,3.1,560.0
2004-07-15,-0.8,453.0
2004-07-16,3.5,445.0
2004-07-17,-12.2,450.0
2004-07-18,0.4,457.0
2004-07-19,-1.2,382.0
2004-07-20,0.8,496.0
2004-07-21,2.5,516.0
2004-07-22,1.6,389.0
2004-07-23,-9.3,688.0
2004-07-24,5.9,506.0
2004-07-25,-13.8,554.0
2004-07-26,-7.1,693.0
2004-07-27,-6.5,988.0
2004-07-28,0.2,925.0
2004-07-29,-1.7,594.0
2004-07-30,-0.4,488.0
2004-07-31,0.9,470.0
2004-08-01,-3.0,467.0
2004-08-02,-1.8,436.0
2004-08-03,-0.4,407.0
2004-08-04,2.4,340.0
2004-08-05,1.9,312.0
2004-08-06,-3.5,345.0
2004-08-07,4.9,340.0
2004-08-08,0.7,455.0
2004-08-09,-0.4,380.0
2004-08-10,-5.8,379.0
2004-08-11,1.7,608.0
2004-08-12,-1.5,514.0
2004-08-13,-0.4,467.0
2004-08-14,3.1,413.0
2004-08-15,3.2,391.0
2004-08-16,0.7,347.0
2004-08-17,-5.1,335.0
2004-08-18,2.1,350.0
2004-08-19,0.7,347.0
2004-08-20,-3.0,350.0
2004-08-21,-2.8,383.0
2004-08-22,-1.6,460.0
2004-08-23,1.3,439.0
2004-08-24,-0.1,375.0
2004-08-25,0.8,304.0
2004-08-26,1.2,332.0
2004-08-27,-2.1,395.0
2004-08-28,1.4,408.0
2004-08-29,0.2,406.0
2004-08-30,1.8,394.0
2004-08-31,-3.0,409.0
2004-09-01,2.4,473.0
2004-09-02,0.9,476.0
2004-09-03,-0.1,433.0
2004-09-04,0.3,330.0
2004-09-05,0.4,320.0
2004-09-06,3.1,345.0
2004-09-07,-2.9,412.0
2004-09-08,-1.7,423.0
2004-09-09,-0.3,359.0
2004-09-10,-1.0,335.0
2004-09-11,-0.1,274.0
2004-09-12,-4.9,266.0
2004-09-13,2.5,272.0
2004-09-14,0.3,548.0
2004-09-15,-3.1,573.0
2004-09-16,2.5,543.0
2004-09-17,-2.2,533.0
2004-09-18,-3.7,497.0
2004-09-19,3.9,408.0
2004-09-20,-3.1,398.0
2004-09-21,-0.4,368.0
2004-09-22,3.2,437.0
2004-09-23,-4.9,455.0
2004-09-24,0.2,441.0
2004-09-25,1.4,394.0
2004-09-26,2.7,371.0
2004-09-27,-0.1,342.0
2004-09-28,1.0,378.0
2004-09-29,4.8,397.0
2004-09-30,0.4,388.0
2004-10-01,0.9,354.0
2004-10-02,-0.6,323.0
2004-10-03,2.2,356.0
2004-10-04,-2.2,369.0
2004-10-05,-0.7,373.0
2004-10-06,-1.6,339.0
2004-10-07,-1.4,308.0
2004-10-08,-1.1,287.0
2004-10-09,0.0,371.0
2004-10-10,-1.7,349.0
2004-10-11,-3.7,407.0
2004-10-12,-1.3,408.0
2004-10-13,-5.9,431.0
2004-10-14,-0.1,502.0
2004-10-15,0.4,528.0
2004-10-16,-1.3,464.0
2004-10-17,-0.3,326.0
2004-10-18,0.8,302.0
2004-10-19,2.6,314.0
2004-10-20,1.9,379.0
2004-10-21,-0.3,433.0
2004-10-22,1.8,404.0
2004-10-23,2.1,386.0
2004-10-24,3.6,384.0
2004-10-25,2.0,485.0
2004-10-26,-0.4,452.0
2004-10-27,2.6,417.0
2004-10-28,0.8,377.0
2004-10-29,0.2,306.0
2004-10-30,-6.3,367.0
2004-10-31,-0.8,432.0
2004-11-01,-0.1,413.0
2004-11-02,-2.8,372.0
2004-11-03,2.5,365.0
2004-11-04,6.2,402.0
2004-11-05,2.3,408.0
2004-11-06,1.8,342.0
2004-11-07,-1.0,324.0
2004-11-08,-35.7,696.0
2004-11-09,-5.4,599.0
2004-11-10,23.3,819.0
2004-11-11,-0.6,597.0
2004-11-12,-1.5,619.0
2004-11-13,-1.4,548.0
2004-11-14,-3.2,508.0
2004-11-15,3.6,469.0
2004-11-16,2.6,383.0
2004-11-17,2.1,417.0
2004-11-18,-0.3,387.0
2004-11-19,3.7,339.0
2004-11-20,5.9,444.0
2004-11-21,4.4,507.0
2004-11-22,1.4,581.0
2004-11-23,-1.7,490.0
2004-11-24,-3.0,384.0
2004-11-25,-3.0,470.0
2004-11-26,-1.6,519.0
2004-11-27,-0.7,413.0
2004-11-28,-3.1,419.0
2004-11-29,7.4,424.0
2004-11-30,-1.4,566.0
2004-12-01,2.7,662.0
2004-12-02,0.0,572.0
2004-12-03,-0.7,445.0
2004-12-04,1.6,380.0
2004-12-05,-0.5,304.0
2004-12-06,5.0,408.0
2004-12-07,-1.2,458.0
2004-12-08,3.8,514.0
2004-12-09,-1.2,469.0
2004-12-10,0.1,395.0
2004-12-11,3.3,477.0
2004-12-12,0.9,524.0
2004-12-13,-9.8,403.0
2004-12-14,7.8,389.0
2004-12-15,-1.5,370.0
2004-12-16,5.6,386.0
2004-12-17,2.8,596.0
2004-12-18,0.4,631.0
2004-12-19,0.7,516.0
2004-12-20,0.4,409.0
2004-12-21,-2.8,367.0
2004-12-22,1.0,392.0
2004-12-23,0.7,468.0
2004-12-24,0.0,378.0
2004-12-25,2.7,368.0
2004-12-26,-0.1,491.0
2004-12-27,-0.1,473.0
2004-12-28,-4.2,456.0
2004-12-29,-6.8,425.0
2004-12-30,-1.7,422.0
2004-12-31,0.1,471.0
2005-01-01,-3.4,431.0
2005-01-02,-0.4,590.0
2005-01-03,0.8,676.0
2005-01-04,0.8,687.0
2005-01-05,0.6,708.0
2005-01-06,2.7,578.0
2005-01-07,2.4,507.0
2005-01-08,-7.0,526.0
2005-01-09,5.6,466.0
2005-01-10,2.9,449.0
2005-01-11,-2.4,430.0
2005-01-12,0.8,421.0
2005-01-13,-0.5,692.0
2005-01-14,0.2,673.0
2005-01-15,-4.2,615.0
2005-01-16,-0.5,544.0
2005-01-17,-8.0,530.0
2005-01-18,-12.5,574.0
2005-01-19,3.2,996.0
2005-01-20,2.7,724.0
2005-01-21,-0.2,9999.0
2005-01-22,9.3,851.0
2005-01-23,0.0,694.0
2005-01-24,0.8,603.0
2005-01-25,-0.3,542.0
2005-01-26,-1.1,420.0
2005-01-27,-1.6,346.0
2005-01-28,-1.1,351.0
2005-01-29,0.9,367.0
2005-01-30,0.7,595.0
2005-01-31,1.6,567.0
2005-02-01,0.7,606.0
2005-02-02,1.7,500.0
2005-02-03,1.6,529.0
2005-02-04,0.7,494.0
2005-02-05,1.8,413.0
2005-02-06,-0.6,355.0
2005-02-07,-5.1,381.0
2005-02-08,-0.4,744.0
2005-02-09,-0.8,703.0
2005-02-10,-0.4,713.0
2005-02-11,-0.1,657.0
2005-02-12,-0.2,590.0
2005-02-13,-1.8,472.0
2005-02-14,-1.9,364.0
2005-02-15,0.7,386.0
2005-02-16,-2.2,390.0
2005-02-17,-1.2,380.0
2005-02-18,-14.1,460.0
2005-02-19,0.5,533.0
2005-02-20,1.3,496.0
2005-02-21,-4.4,426.0
2005-02-22,0.4,379.0
2005-02-23,1.4,370.0
2005-02-24,8.1,401.0
2005-02-25,1.3,425.0
2005-02-26,-1.0,551.0
2005-02-27,4.6,524.0
2005-02-28,2.1,584.0
2005-03-01,2.6,603.0
2005-03-02,2.0,639.0
2005-03-03,1.6,585.0
2005-03-04,-0.2,452.0
2005-03-05,-0.5,388.0
2005-03-06,-5.9,398.0
2005-03-07,-2.8,658.0
2005-03-08,-1.7,727.0
2005-03-09,-0.3,639.0
2005-03-10,-2.1,716.0
2005-03-11,-0.9,562.0
2005-03-12,-0.1,464.0
2005-03-13,-1.7,363.0
2005-03-14,-5.1,348.0
2005-03-15,3.3,405.0
2005-03-16,1.8,376.0
2005-03-17,-4.8,393.0
2005-03-18,0.6,415.0
2005-03-19,-3.6,463.0
2005-03-20,1.6,415.0
2005-03-21,-2.7,320.0
2005-03-22,3.1,419.0
2005-03-23,3.1,346.0
2005-03-24,2.9,315.0
2005-03-25,4.9,427.0
2005-03-26,2.7,676.0
2005-03-27,4.0,628.0
2005-03-28,1.1,532.0
2005-03-29,2.7,528.0
2005-03-30,-0.1,458.0
2005-03-31,1.3,431.0
2005-04-01,1.1,464.0
2005-04-02,0.4,391.0
2005-04-03,-0.7,346.0
2005-04-04,1.9,359.0
2005-04-05,-8.8,585.0
2005-04-06,-0.4,611.0
2005-04-07,-1.7,485.0
2005-04-08,-2.2,411.0
2005-04-09,-1.7,342.0
2005-04-10,2.4,332.0
2005-04-11,-0.1,343.0
2005-04-12,-7.1,455.0
2005-04-13,8.0,552.0
2005-04-14,-0.3,563.0
2005-04-15,-2.1,517.0
2005-04-16,-1.7,497.0
2005-04-17,-0.4,404.0
2005-04-18,-1.7,381.0
2005-04-19,-2.8,362.0
2005-04-20,5.7,377.0
2005-04-21,0.6,476.0
2005-04-22,-3.2,407.0
2005-04-23,5.5,503.0
2005-04-24,-1.8,555.0
2005-04-25,1.4,540.0
2005-04-26,1.1,463.0
2005-04-27,2.1,398.0
2005-04-28,2.0,363.0
2005-04-29,1.6,347.0
2005-04-30,-8.2,405.0
2005-05-01,-4.9,593.0
2005-05-02,0.3,634.0
2005-05-03,-0.3,472.0
2005-05-04,-1.8,457.0
2005-05-05,-2.0,343.0
2005-05-06,-0.1,344.0
2005-05-07,3.2,393.0
2005-05-08,-11.7,547.0
2005-05-09,-0.2,672.0
2005-05-10,-4.1,540.0
2005-05-11,-1.2,465.0
2005-05-12,-1.3,495.0
2005-05-13,-3.9,568.0
2005-05-14,2.3,523.0
2005-05-15,-0.3,405.0
2005-05-16,-5.5,749.0
2005-05-17,-2.6,619.0
2005-05-18,-2.4,452.0
2005-05-19,3.3,483.0
2005-05-20,-0.6,454.0
2005-05-21,0.7,434.0
2005-05-22,-2.1,395.0
2005-05-23,1.4,405.0
2005-05-24,2.3,430.0
2005-05-25,-3.4,410.0
2005-05-26,0.2,336.0
2005-05-27,1.6,313.0
2005-05-28,0.3,281.0
2005-05-29,-0.7,422.0
2005-05-30,1.0,510.0
2005-05-31,-4.0,491.0
2005-06-01,-2.4,463.0
2005-06-02,1.3,378.0
2005-06-03,1.3,444.0
2005-06-04,0.8,399.0
2005-06-05,1.9,553.0
2005-06-06,-0.6,613.0
2005-06-07,-2.7,472.0
2005-06-08,-2.5,472.0
2005-06-09,-1.7,405.0
2005-06-10,1.3,355.0
2005-06-11,-0.7,319.0
2005-06-12,1.4,307.0
2005-06-13,-10.9,471.0
2005-06-14,0.6,450.0
2005-06-15,4.3,521.0
2005-06-16,6.1,449.0
2005-06-17,-4.3,639.0
2005-06-18,1.9,581.0
2005-06-19,0.9,460.0
2005-06-20,-0.2,395.0
2005-06-21,2.2,369.0
2005-06-22,2.0,349.0
2005-06-23,-7.8,325.0
2005-06-24,-4.4,494.0
2005-06-25,-2.5,513.0
2005-06-26,0.0,647.0
2005-06-27,-0.5,474.0
2005-06-28,1.1,378.0
2005-06-29,-0.5,407.0
2005-06-30,-0.8,385.0
2005-07-01,0.9,377.0
2005-07-02,-2.9,622.0
2005-07-03,-1.0,544.0
2005-07-04,-1.0,483.0
2005-07-05,0.2,442.0
2005-07-06,0.2,394.0
2005-07-07,1.0,346.0
2005-07-08,-3.9,327.0
2005-07-09,0.6,319.0
2005-07-10,-6.2,334.0
2005-07-11,-4.0,434.0
2005-07-12,-6.2,410.0
2005-07-13,5.8,518.0
2005-07-14,3.2,584.0
2005-07-15,-0.4,454.0
2005-07-16,-1.4,374.0
2005-07-17,0.4,428.0
2005-07-18,-8.5,420.0
2005-07-19,-2.0,411.0
2005-07-20,0.7,404.0
2005-07-21,-6.3,554.0
2005-07-22,0.3,620.0
2005-07-23,1.2,580.0
2005-07-24,0.9,412.0
2005-07-25,-0.3,320.0
2005-07-26,-1.7,300.0
2005-07-27,-2.1,324.0
2005-07-28,0.9,409.0
2005-07-29,-1.0,595.0
2005-07-30,-1.1,545.0
2005-07-31,0.3,476.0
2005-08-01,-2.0,478.0
2005-08-02,-0.1,497.0
2005-08-03,0.9,458.0
2005-08-04,-1.9,440.0
2005-08-05,3.7,411.0
2005-08-06,-3.7,502.0
2005-08-07,-3.1,684.0
2005-08-08,-0.9,576.0
2005-08-09,-0.3,541.0
2005-08-10,-1.8,431.0
2005-08-11,-0.3,419.0
2005-08-12,-1.7,372.0
2005-08-13,-0.9,362.0
2005-08-14,-0.2,558.0
2005-08-15,0.6,406.0
2005-08-16,1.1,547.0
2005-08-17,2.2,672.0
2005-08-18,-1.6,689.0
2005-08-19,0.9,621.0
2005-08-20,-0.5,466.0
2005-08-21,0.1,384.0
2005-08-22,-1.3,521.0
2005-08-23,-1.2,526.0
2005-08-24,-3.5,428.0
2005-08-25,-0.8,715.0
2005-08-26,-0.3,609.0
2005-08-27,-1.5,496.0
2005-08-28,-3.1,401.0
2005-08-29,-3.7,401.0
2005-08-30,1.4,383.0
2005-08-31,3.6,351.0
2005-09-01,-3.0,476.0
2005-09-02,1.0,447.0
2005-09-03,-0.6,667.0
2005-09-04,-0.5,537.0
2005-09-05,-1.7,645.0
2005-09-06,-3.9,447.0
2005-09-07,-0.9,426.0
2005-09-08,-3.0,394.0
2005-09-09,0.3,335.0
2005-09-10,-0.8,428.0
2005-09-11,-0.1,747.0
2005-09-12,-2.9,807.0
2005-09-13,-0.3,798.0
2005-09-14,-0.8,635.0
2005-09-15,0.5,587.0
2005-09-16,1.4,716.0
2005-09-17,2.0,610.0
2005-09-18,1.7,558.0
2005-09-19,-0.5,549.0
2005-09-20,1.1,423.0
2005-09-21,-0.2,385.0
2005-09-22,-1.2,341.0
2005-09-23,2.6,357.0
2005-09-24,-2.0,344.0
2005-09-25,2.7,324.0
2005-09-26,-0.8,392.0
2005-09-27,1.5,404.0
2005-09-28,-1.9,373.0
2005-09-29,-1.2,390.0
2005-09-30,-0.7,364.0
2005-10-01,-0.3,493.0
2005-10-02,-2.4,513.0
2005-10-03,-1.2,454.0
2005-10-04,-0.7,396.0
2005-10-05,-0.9,322.0
2005-10-06,-1.5,331.0
2005-10-07,-0.9,328.0
2005-10-08,-2.8,406.0
2005-10-09,-0.1,653.0
2005-10-10,0.3,627.0
2005-10-11,-1.5,613.0
2005-10-12,0.7,438.0
2005-10-13,2.0,409.0
2005-10-14,-0.2,368.0
2005-10-15,0.1,328.0
2005-10-16,0.2,313.0
2005-10-17,0.8,382.0
2005-10-18,1.2,338.0
2005-10-19,-1.2,362.0
2005-10-20,-1.1,356.0
2005-10-21,-0.4,316.0
2005-10-22,-1.5,347.0
2005-10-23,2.9,373.0
2005-10-24,1.0,352.0
2005-10-25,-1.0,348.0
2005-10-26,0.8,438.0
2005-10-27,-0.6,517.0
2005-10-28,0.8,460.0
2005-10-29,-0.4,391.0
2005-10-30,-1.9,346.0
2005-10-31,1.4,375.0
2005-11-01,-2.6,365.0
2005-11-02,1.7,349.0
2005-11-03,0.0,616.0
2005-11-04,0.7,648.0
2005-11-05,2.2,683.0
2005-11-06,-2.9,657.0
2005-11-07,-0.3,643.0
2005-11-08,-0.1,563.0
2005-11-09,-1.5,467.0
2005-11-10,0.4,403.0
2005-11-11,1.8,349.0
2005-11-12,-1.1,374.0
2005-11-13,-2.1,418.0
2005-11-14,-3.7,381.0
2005-11-15,-0.9,397.0
2005-11-16,-1.3,355.0
2005-11-17,-2.9,324.0
2005-11-18,1.2,288.0
2005-11-19,-3.0,350.0
2005-11-20,2.3,397.0
2005-11-21,-1.0,369.0
2005-11-22,0.8,350.0
2005-11-23,0.3,340.0
2005-11-24,-1.2,395.0
2005-11-25,-1.5,470.0
2005-11-26,-0.1,416.0
2005-11-27,3.0,340.0
2005-11-28,1.2,379.0
2005-11-29,-0.7,387.0
2005-11-30,6.1,517.0
2005-12-01,0.4,723.0
2005-12-02,0.1,703.0
2005-12-03,-2.2,698.0
2005-12-04,1.8,658.0
2005-12-05,1.4,575.0
2005-12-06,0.5,427.0
2005-12-07,0.4,390.0
2005-12-08,-0.1,311.0
2005-12-09,-3.2,284.0
2005-12-10,-1.3,308.0
2005-12-11,-6.6,374.0
2005-12-12,1.7,487.0
2005-12-13,1.1,449.0
2005-12-14,0.2,467.0
2005-12-15,-0.6,371.0
2005-12-16,-0.8,315.0
2005-12-17,2.8,343.0
2005-12-18,-3.6,319.0
2005-12-19,0.1,309.0
2005-12-20,-6.0,425.0
2005-12-21,4.0,520.0
2005-12-22,-4.4,465.0
2005-12-23,0.2,428.0
2005-12-24,1.9,362.0
2005-12-25,-1.2,333.0
2005-12-26,2.5,357.0
2005-12-27,-0.9,370.0
2005-12-28,1.1,651.0
2005-12-29,1.6,695.0
2005-12-30,0.2,677.0
2005-12-31,-0.9,556.0
2006-01-01,-0.4,461.0
2006-01-02,7.1,453.0
2006-01-03,1.5,446.0
2006-01-04,0.5,387.0
2006-01-05,3.7,360.0
2006-01-06,-1.0,342.0
2006-01-07,-0.8,373.0
2006-01-08,1.4,376.0
2006-01-09,-1.2,332.0
2006-01-10,4.9,309.0
2006-01-11,2.5,286.0
2006-01-12,-1.7,296.0
2006-01-13,-0.9,309.0
2006-01-14,-0.5,332.0
2006-01-15,-3.5,317.0
2006-01-16,6.1,409.0
2006-01-17,0.8,433.0
2006-01-18,-2.5,442.0
2006-01-19,0.1,513.0
2006-01-20,0.0,468.0
2006-01-21,1.4,435.0
2006-01-22,0.4,375.0
2006-01-23,3.7,375.0
2006-01-24,1.3,604.0
2006-01-25,2.4,429.0
2006-01-26,-5.2,432.0
2006-01-27,-2.5,647.0
2006-01-28,-0.9,571.0
2006-01-29,-1.0,476.0
2006-01-30,-0.9,351.0
2006-01-31,-0.8,320.0
2006-02-01,1.0,305.0
2006-02-02,0.8,338.0
2006-02-03,3.8,335.0
2006-02-04,-2.6,357.0
2006-02-05,0.2,361.0
2006-02-06,5.0,345.0
2006-02-07,0.8,326.0
2006-02-08,-2.7,330.0
2006-02-09,0.7,296.0
2006-02-10,0.5,303.0
2006-02-11,-0.9,311.0
2006-02-12,3.7,407.0
2006-02-13,1.1,380.0
2006-02-14,4.4,364.0
2006-02-15,0.5,346.0
2006-02-16,0.6,537.0
2006-02-17,-0.8,469.0
2006-02-18,0.2,389.0
2006-02-19,-1.3,357.0
2006-02-20,-2.3,395.0
2006-02-21,-1.9,586.0
2006-02-22,-1.3,683.0
2006-02-23,1.7,555.0
2006-02-24,-2.5,454.0
2006-02-25,-0.2,420.0
2006-02-26,-0.5,351.0
2006-02-27,-2.6,340.0
2006-02-28,2.6,327.0
2006-03-01,2.1,376.0
2006-03-02,1.5,430.0
2006-03-03,1.4,370.0
2006-03-04,-0.8,368.0
2006-03-05,3.0,340.0
2006-03-06,-0.3,310.0
2006-03-07,-7.5,373.0
2006-03-08,-0.9,373.0
2006-03-09,0.7,326.0
2006-03-10,2.3,368.0
2006-03-11,-2.2,546.0
2006-03-12,1.5,540.0
2006-03-13,0.6,446.0
2006-03-14,2.3,374.0
2006-03-15,2.8,416.0
2006-03-16,2.9,462.0
2006-03-17,1.5,449.0
2006-03-18,3.3,393.0
2006-03-19,-4.1,576.0
2006-03-20,-1.6,701.0
2006-03-21,-0.1,598.0
2006-03-22,-1.1,596.0
2006-03-23,-0.4,491.0
2006-03-24,-1.5,399.0
2006-03-25,-0.3,368.0
2006-03-26,-0.5,351.0
2006-03-27,-2.6,369.0
2006-03-28,2.2,398.0
2006-03-29,2.4,388.0
2006-03-30,-2.2,337.0
2006-03-31,0.2,358.0
2006-04-01,3.2,345.0
2006-04-02,2.3,311.0
2006-04-03,1.5,279.0
2006-04-04,3.9,292.0
2006-04-05,-6.1,332.0
2006-04-06,6.1,439.0
2006-04-07,-0.4,388.0
2006-04-08,0.9,340.0
2006-04-09,-6.1,339.0
2006-04-10,1.7,667.0
2006-04-11,0.1,578.0
2006-04-12,0.3,463.0
2006-04-13,2.0,374.0
2006-04-14,-2.3,508.0
2006-04-15,-1.7,541.0
2006-04-16,-1.4,594.0
2006-04-17,-1.1,562.0
2006-04-18,-4.1,481.0
2006-04-19,-0.4,394.0
2006-04-20,3.2,367.0
2006-04-21,-0.3,388.0
2006-04-22,-4.4,498.0
2006-04-23,3.8,591.0
2006-04-24,-1.9,477.0
2006-04-25,-1.6,389.0
2006-04-26,-1.5,366.0
2006-04-27,0.5,338.0
2006-04-28,-1.8,324.0
2006-04-29,3.8,419.0
2006-04-30,1.1,354.0
2006-05-01,1.8,308.0
2006-05-02,3.6,300.0
2006-05-03,-0.2,279.0
2006-05-04,5.8,319.0
2006-05-05,-7.6,325.0
2006-05-06,0.2,374.0
2006-05-07,5.2,535.0
2006-05-08,0.5,616.0
2006-05-09,1.8,515.0
2006-05-10,2.3,413.0
2006-05-11,-0.8,437.0
2006-05-12,-1.0,664.0
2006-05-13,-1.1,588.0
2006-05-14,-2.0,587.0
2006-05-15,1.8,461.0
2006-05-16,-0.6,376.0
2006-05-17,-1.8,326.0
2006-05-18,0.8,335.0
2006-05-19,3.4,563.0
2006-05-20,1.3,548.0
2006-05-21,-1.4,501.0
2006-05-22,1.2,408.0
2006-05-23,-0.7,485.0
2006-05-24,2.9,412.0
2006-05-25,1.4,353.0
2006-05-26,-1.7,352.0
2006-05-27,-0.1,339.0
2006-05-28,-0.1,282.0
2006-05-29,-2.4,310.0
2006-05-30,-1.3,304.0
2006-05-31,-2.9,331.0
2006-06-01,-1.5,392.0
2006-06-02,2.2,548.0
2006-06-03,-0.1,582.0
2006-06-04,2.6,450.0
2006-06-05,0.5,368.0
2006-06-06,0.8,342.0
2006-06-07,3.2,586.0
2006-06-08,-2.4,587.0
2006-06-09,-2.3,625.0
2006-06-10,-0.8,637.0
2006-06-11,-0.6,515.0
2006-06-12,-0.4,414.0
2006-06-13,-1.6,380.0
2006-06-14,-1.1,352.0
2006-06-15,2.6,540.0
2006-06-16,-3.7,614.0
2006-06-17,1.8,583.0
2006-06-18,0.5,569.0
2006-06-19,2.0,512.0
2006-06-20,-1.0,417.0
2006-06-21,1.5,341.0
2006-06-22,0.8,304.0
2006-06-23,1.0,327.0
2006-06-24,3.4,305.0
2006-06-25,-2.9,309.0
2006-06-26,0.2,298.0
2006-06-27,-1.2,273.0
2006-06-28,-1.2,370.0
2006-06-29,3.6,555.0
2006-06-30,1.1,522.0
2006-07-01,-0.1,456.0
2006-07-02,1.2,416.0
2006-07-03,1.9,345.0
2006-07-04,1.6,302.0
2006-07-05,0.6,524.0
2006-07-06,-1.7,609.0
2006-07-07,-2.1,533.0
2006-07-08,0.3,475.0
2006-07-09,-0.5,375.0
2006-07-10,0.9,420.0
2006-07-11,6.2,356.0
2006-07-12,2.7,441.0
2006-07-13,0.3,502.0
2006-07-14,2.1,413.0
2006-07-15,0.9,471.0
2006-07-16,2.0,411.0
2006-07-17,0.0,371.0
2006-07-18,1.5,331.0
2006-07-19,0.4,301.0
2006-07-20,0.1,311.0
2006-07-21,0.0,298.0
2006-07-22,-0.4,285.0
2006-07-23,1.3,298.0
2006-07-24,3.1,328.0
2006-07-25,2.1,347.0
2006-07-26,-3.0,331.0
2006-07-27,-0.9,326.0
2006-07-28,8.9,537.0
2006-07-29,0.5,555.0
2006-07-30,1.5,477.0
2006-07-31,0.7,392.0
2006-08-01,4.1,514.0
2006-08-02,1.9,548.0
2006-08-03,1.6,550.0
2006-08-04,0.1,489.0
2006-08-05,-1.1,394.0
2006-08-06,-1.2,360.0
2006-08-07,-0.3,336.0
2006-08-08,-0.1,621.0
2006-08-09,1.7,565.0
2006-08-10,-0.4,470.0
2006-08-11,-2.0,456.0
2006-08-12,3.6,467.0
2006-08-13,0.0,373.0
2006-08-14,-0.2,322.0
2006-08-15,-1.3,303.0
2006-08-16,-0.1,315.0
2006-08-17,1.7,302.0
2006-08-18,1.5,310.0
2006-08-19,5.2,383.0
2006-08-20,-5.8,404.0
2006-08-21,-2.5,416.0
2006-08-22,-3.1,440.0
2006-08-23,0.2,486.0
2006-08-24,-1.5,430.0
2006-08-25,-0.1,371.0
2006-08-26,1.2,341.0
2006-08-27,-3.1,331.0
2006-08-28,2.3,593.0
2006-08-29,-1.8,542.0
2006-08-30,3.5,554.0
2006-08-31,4.1,435.0
2006-09-01,-3.2,387.0
2006-09-02,-0.7,383.0
2006-09-03,-0.7,497.0
2006-09-04,-2.9,436.0
2006-09-05,0.0,604.0
2006-09-06,-1.9,477.0
2006-09-07,0.1,453.0
2006-09-08,0.9,423.0
2006-09-09,0.1,364.0
2006-09-10,-0.4,339.0
2006-09-11,-2.2,351.0
2006-09-12,0.8,345.0
2006-09-13,-0.4,367.0
2006-09-14,-0.1,388.0
2006-09-15,-1.1,364.0
2006-09-16,0.8,326.0
2006-09-17,3.7,357.0
2006-09-18,-1.8,497.0
2006-09-19,2.4,638.0
2006-09-20,0.0,488.0
2006-09-21,0.3,351.0
2006-09-22,-0.4,321.0
2006-09-23,-0.6,302.0
2006-09-24,-4.6,402.0
2006-09-25,2.2,635.0
2006-09-26,0.9,536.0
2006-09-27,-0.7,489.0
2006-09-28,0.7,403.0
2006-09-29,0.4,337.0
2006-09-30,-0.4,287.0
2006-10-01,-4.8,421.0
2006-10-02,2.0,516.0
2006-10-03,1.1,468.0
2006-10-04,-0.5,395.0
2006-10-05,-1.1,395.0
2006-10-06,2.3,330.0
2006-10-07,0.4,322.0
2006-10-08,-1.5,530.0
2006-10-09,3.5,413.0
2006-10-10,0.2,406.0
2006-10-11,1.8,350.0
2006-10-12,-1.0,331.0
2006-10-13,2.6,391.0
2006-10-14,0.2,497.0
2006-10-15,-1.2,554.0
2006-10-16,0.8,519.0
2006-10-17,-0.7,423.0
2006-10-18,-0.9,360.0
2006-10-19,0.4,317.0
2006-10-20,0.0,308.0
2006-10-21,-2.0,551.0
2006-10-22,1.3,603.0
2006-10-23,1.8,549.0
2006-10-24,1.8,534.0
2006-10-25,1.0,471.0
2006-10-26,0.6,400.0
2006-10-27,-0.9,362.0
2006-10-28,-0.8,324.0
2006-10-29,-2.5,517.0
2006-10-30,-1.2,582.0
2006-10-31,-0.5,499.0
2006-11-01,-1.0,426.0
2006-11-02,-0.8,397.0
2006-11-03,-1.2,342.0
2006-11-04,5.0,353.0
2006-11-05,0.0,420.0
2006-11-06,1.8,385.0
2006-11-07,1.5,339.0
2006-11-08,-0.3,306.0
2006-11-09,-0.8,286.0
2006-11-10,-5.4,437.0
2006-11-11,-3.8,593.0
2006-11-12,0.1,596.0
2006-11-13,0.4,483.0
2006-11-14,0.1,405.0
2006-11-15,1.4,341.0
2006-11-16,-6.2,363.0
2006-11-17,-3.6,391.0
2006-11-18,-1.9,322.0
2006-11-19,0.7,413.0
2006-11-20,6.4,365.0
2006-11-21,1.5,414.0
2006-11-22,2.8,350.0
2006-11-23,3.6,350.0
2006-11-24,-0.9,508.0
2006-11-25,-0.9,570.0
2006-11-26,1.4,584.0
2006-11-27,0.0,572.0
2006-11-28,-0.1,511.0
2006-11-29,0.1,480.0
2006-11-30,-1.7,405.0
2006-12-01,-0.7,407.0
2006-12-02,1.0,400.0
2006-12-03,-0.6,372.0
2006-12-04,-0.8,366.0
2006-12-05,-0.1,295.0
2006-12-06,-1.3,397.0
2006-12-07,-1.4,556.0
2006-12-08,-1.0,647.0
2006-12-09,-0.7,536.0
2006-12-10,0.3,560.0
2006-12-11,-2.5,592.0
2006-12-12,1.4,683.0
2006-12-13,-1.9,674.0
2006-12-14,0.1,617.0
2006-12-15,-15.7,864.0
2006-12-16,-2.1,654.0
2006-12-17,0.9,629.0
2006-12-18,-0.6,465.0
2006-12-19,-1.3,546.0
2006-12-20,-3.0,605.0
2006-12-21,1.2,722.0
2006-12-22,-1.0,620.0
2006-12-23,-0.3,636.0
2006-12-24,1.9,559.0
2006-12-25,-1.4,625.0
2006-12-26,-0.2,534.0
2006-12-27,-0.3,421.0
2006-12-28,-0.8,362.0
2006-12-29,0.1,330.0
2006-12-30,-0.6,331.0
2006-12-31,-2.5,325.0
2007-01-01,-0.4,323.0
2007-01-02,0.5,517.0
2007-01-03,1.2,579.0
2007-01-04,0.6,666.0
2007-01-05,-0.2,628.0
2007-01-06,-0.2,573.0
2007-01-07,1.2,440.0
2007-01-08,-1.7,376.0
2007-01-09,0.0,319.0
2007-01-10,1.8,372.0
2007-01-11,-1.3,395.0
2007-01-12,-3.0,511.0
2007-01-13,2.0,409.0
2007-01-14,1.3,364.0
2007-01-15,-2.6,359.0
2007-01-16,3.0,536.0
2007-01-17,-2.9,659.0
2007-01-18,0.8,668.0
2007-01-19,3.0,660.0
2007-01-20,0.3,636.0
2007-01-21,1.3,576.0
2007-01-22,3.1,455.0
2007-01-23,-0.8,414.0
2007-01-24,2.6,385.0
2007-01-25,0.5,337.0
2007-01-26,1.2,325.0
2007-01-27,-1.9,308.0
2007-01-28,-2.3,317.0
2007-01-29,-1.5,349.0
2007-01-30,1.7,678.0
2007-01-31,-0.7,704.0
2007-02-01,-0.2,634.0
2007-02-02,1.9,573.0
2007-02-03,0.4,448.0
2007-02-04,1.1,377.0
2007-02-05,-1.6,345.0
2007-02-06,-0.3,334.0
2007-02-07,1.0,382.0
2007-02-08,0.8,432.0
2007-02-09,-1.4,429.0
2007-02-10,-0.5,403.0
2007-02-11,-1.6,310.0
2007-02-12,-2.4,313.0
2007-02-13,6.0,547.0
2007-02-14,1.9,612.0
2007-02-15,1.8,662.0
2007-02-16,2.4,631.0
2007-02-17,-1.1,518.0
2007-02-18,2.6,473.0
2007-02-19,1.6,410.0
2007-02-20,1.5,390.0
2007-02-21,1.5,333.0
2007-02-22,0.1,306.0
2007-02-23,-0.9,292.0
2007-02-24,-2.6,280.0
2007-02-25,-1.1,292.0
2007-02-26,-3.4,326.0
2007-02-27,3.8,350.0
2007-02-28,2.1,603.0
2007-03-01,0.7,646.0
2007-03-02,1.5,564.0
2007-03-03,0.9,379.0
2007-03-04,3.5,348.0
2007-03-05,-4.1,393.0
2007-03-06,-3.7,412.0
2007-03-07,-2.4,579.0
2007-03-08,-1.7,552.0
2007-03-09,-1.0,388.0
2007-03-10,-2.7,360.0
2007-03-11,-1.2,316.0
2007-03-12,6.1,413.0
2007-03-13,-3.8,641.0
2007-03-14,1.4,663.0
2007-03-15,3.3,649.0
2007-03-16,0.4,588.0
2007-03-17,1.3,616.0
2007-03-18,1.0,496.0
2007-03-19,0.7,456.0
2007-03-20,0.2,348.0
2007-03-21,0.6,310.0
2007-03-22,-0.3,282.0
2007-03-23,-1.6,262.0
2007-03-24,-5.0,359.0
2007-03-25,9.8,362.0
2007-03-26,3.7,436.0
2007-03-27,4.4,463.0
2007-03-28,4.1,573.0
2007-03-29,0.5,436.0
2007-03-30,0.1,391.0
2007-03-31,2.6,359.0
2007-04-01,-6.3,402.0
2007-04-02,-2.6,574.0
2007-04-03,1.0,604.0
2007-04-04,-1.4,557.0
2007-04-05,-0.1,447.0
2007-04-06,-0.3,402.0
2007-04-07,-2.1,349.0
2007-04-08,-0.3,306.0
2007-04-09,9.1,379.0
2007-04-10,-1.1,406.0
2007-04-11,1.4,439.0
2007-04-12,0.8,499.0
2007-04-13,1.8,467.0
2007-04-14,2.8,375.0
2007-04-15,-3.7,352.0
2007-04-16,0.7,346.0
2007-04-17,0.9,314.0
2007-04-18,-3.0,381.0
2007-04-19,-0.6,391.0
2007-04-20,-1.2,375.0
2007-04-21,-1.9,319.0
2007-04-22,0.4,294.0
2007-04-23,-2.8,423.0
2007-04-24,2.4,405.0
2007-04-25,2.5,440.0
2007-04-26,1.8,456.0
2007-04-27,-2.4,434.0
2007-04-28,-2.0,602.0
2007-04-29,1.2,637.0
2007-04-30,-1.4,663.0
2007-05-01,-1.2,549.0
2007-05-02,-1.1,464.0
2007-05-03,-0.5,353.0
2007-05-04,-0.4,319.0
2007-05-05,-2.0,295.0
2007-05-06,-1.5,283.0
2007-05-07,-3.1,284.0
2007-05-08,9.6,597.0
2007-05-09,1.0,616.0
2007-05-10,0.6,500.0
2007-05-11,1.3,440.0
2007-05-12,1.0,391.0
2007-05-13,1.0,339.0
2007-05-14,-0.7,304.0
2007-05-15,-1.1,307.0
2007-05-16,0.2,342.0
2007-05-17,-3.0,309.0
2007-05-18,-1.2,318.0
2007-05-19,4.1,556.0
2007-05-20,1.3,630.0
2007-05-21,-0.2,536.0
2007-05-22,5.1,470.0
2007-05-23,-2.2,456.0
2007-05-24,-4.7,487.0
2007-05-25,0.6,659.0
2007-05-26,0.6,615.0
2007-05-27,1.2,662.0
2007-05-28,-0.3,627.0
2007-05-29,-0.3,439.0
2007-05-30,-2.2,391.0
2007-05-31,-0.7,333.0
2007-06-01,-1.7,325.0
2007-06-02,9.6,364.0
2007-06-03,2.5,442.0
2007-06-04,1.7,493.0
2007-06-05,2.6,458.0
2007-06-06,0.5,403.0
2007-06-07,-0.4,330.0
2007-06-08,1.6,337.0
2007-06-09,-2.2,367.0
2007-06-10,-0.6,432.0
2007-06-11,-2.4,384.0
2007-06-12,0.2,313.0
2007-06-13,1.1,314.0
2007-06-14,-3.6,400.0
2007-06-15,1.8,599.0
2007-06-16,-0.1,535.0
2007-06-17,0.4,461.0
2007-06-18,1.5,501.0
2007-06-19,-0.7,464.0
2007-06-20,1.2,409.0
2007-06-21,0.0,391.0
2007-06-22,-1.1,534.0
2007-06-23,1.7,502.0
2007-06-24,-0.2,518.0
2007-06-25,-1.3,442.0
2007-06-26,2.2,406.0
2007-06-27,1.4,341.0
2007-06-28,-1.4,373.0
2007-06-29,0.1,361.0
2007-06-30,3.0,475.0
2007-07-01,-0.4,470.0
2007-07-02,-0.6,389.0
2007-07-03,-0.3,362.0
2007-07-04,-2.3,491.0
2007-07-05,0.8,508.0
2007-07-06,-0.6,421.0
2007-07-07,-1.1,446.0
2007-07-08,-1.9,419.0
2007-07-09,-0.9,360.0
2007-07-10,2.2,304.0
2007-07-11,-9.4,359.0
2007-07-12,1.0,571.0
2007-07-13,1.0,472.0
2007-07-14,1.9,409.0
2007-07-15,-1.5,557.0
2007-07-16,-0.9,506.0
2007-07-17,-0.2,442.0
2007-07-18,-0.1,376.0
2007-07-19,0.9,321.0
2007-07-20,1.9,321.0
2007-07-21,2.7,478.0
2007-07-22,0.4,483.0
2007-07-23,0.8,379.0
2007-07-24,-0.1,388.0
2007-07-25,0.4,330.0
2007-07-26,1.0,305.0
2007-07-27,-0.1,442.0
2007-07-28,1.3,396.0
2007-07-29,-1.9,367.0
2007-07-30,-1.6,573.0
2007-07-31,1.8,605.0
2007-08-01,-3.7,537.0
2007-08-02,0.2,592.0
2007-08-03,-0.2,537.0
2007-08-04,1.4,426.0
2007-08-05,0.9,356.0
2007-08-06,-1.4,298.0
2007-08-07,-2.2,525.0
2007-08-08,3.0,603.0
2007-08-09,-0.6,465.0
2007-08-10,1.1,377.0
2007-08-11,-0.4,568.0
2007-08-12,-0.4,487.0
2007-08-13,-0.5,412.0
2007-08-14,-0.3,352.0
2007-08-15,-2.1,361.0
2007-08-16,-1.4,452.0
2007-08-17,-2.3,432.0
2007-08-18,-0.3,394.0
2007-08-19,2.3,362.0
2007-08-20,0.0,410.0
2007-08-21,-3.4,354.0
2007-08-22,0.8,314.0
2007-08-23,2.2,320.0
2007-08-24,0.8,306.0
2007-08-25,-2.3,302.0
2007-08-26,0.8,381.0
2007-08-27,3.4,471.0
2007-08-28,-2.3,624.0
2007-08-29,1.2,526.0
2007-08-30,-0.2,497.0
2007-08-31,1.5,407.0
2007-09-01,0.5,409.0
2007-09-02,-4.1,530.0
2007-09-03,-0.7,613.0
2007-09-04,0.6,671.0
2007-09-05,-1.7,532.0
2007-09-06,-0.8,449.0
2007-09-07,-3.2,550.0
2007-09-08,-1.1,487.0
2007-09-09,1.0,436.0
2007-09-10,-1.3,329.0
2007-09-11,0.6,325.0
2007-09-12,-2.1,302.0
2007-09-13,-0.5,267.0
2007-09-14,-1.4,278.0
2007-09-15,-1.2,375.0
2007-09-16,-2.3,369.0
2007-09-17,1.1,340.0
2007-09-18,1.8,344.0
2007-09-19,-0.6,330.0
2007-09-20,4.9,334.0
2007-09-21,-0.5,471.0
2007-09-22,0.7,582.0
2007-09-23,0.3,651.0
2007-09-24,0.0,640.0
2007-09-25,-0.4,611.0
2007-09-26,-0.3,512.0
2007-09-27,0.1,407.0
2007-09-28,-2.3,540.0
2007-09-29,-0.5,598.0
2007-09-30,-0.4,662.0
2007-10-01,-0.5,560.0
2007-10-02,-1.0,463.0
2007-10-03,5.8,464.0
2007-10-04,-2.3,561.0
2007-10-05,1.3,514.0
2007-10-06,0.3,420.0
2007-10-07,-0.9,382.0
2007-10-08,0.3,324.0
2007-10-09,-0.3,293.0
2007-10-10,0.0,278.0
2007-10-11,-0.2,270.0
2007-10-12,1.7,266.0
2007-10-13,3.9,337.0
2007-10-14,-0.4,334.0
2007-10-15,-2.4,307.0
2007-10-16,1.6,312.0
2007-10-17,-1.1,334.0
2007-10-18,-0.3,321.0
2007-10-19,0.2,565.0
2007-10-20,-1.4,652.0
2007-10-21,0.6,566.0
2007-10-22,1.0,449.0
2007-10-23,0.3,456.0
2007-10-24,-0.8,358.0
2007-10-25,-0.8,365.0
2007-10-26,0.8,700.0
2007-10-27,-1.1,566.0
2007-10-28,0.1,514.0
2007-10-29,-0.7,461.0
2007-10-30,-1.3,587.0
2007-10-31,1.6,474.0
2007-11-01,-1.1,400.0
2007-11-02,1.7,362.0
2007-11-03,-0.7,322.0
2007-11-04,0.9,311.0
2007-11-05,-1.6,317.0
2007-11-06,1.5,291.0
2007-11-07,0.7,259.0
2007-11-08,1.3,271.0
2007-11-09,1.3,321.0
2007-11-10,2.5,405.0
2007-11-11,2.5,395.0
2007-11-12,0.4,359.0
2007-11-13,-3.6,400.0
2007-11-14,-2.9,633.0
2007-11-15,0.1,605.0
2007-11-16,1.6,565.0
2007-11-17,1.7,497.0
2007-11-18,-0.6,397.0
2007-11-19,-0.7,415.0
2007-11-20,4.8,455.0
2007-11-21,-0.6,572.0
2007-11-22,0.2,565.0
2007-11-23,1.7,640.0
2007-11-24,-1.2,540.0
2007-11-25,0.4,643.0
2007-11-26,-2.2,613.0
2007-11-27,1.3,509.0
2007-11-28,-1.3,443.0
2007-11-29,0.3,423.0
2007-11-30,-1.0,355.0
2007-12-01,-1.9,345.0
2007-12-02,0.0,337.0
2007-12-03,-0.1,339.0
2007-12-04,-0.8,307.0
2007-12-05,-3.0,323.0
2007-12-06,1.5,362.0
2007-12-07,-0.9,329.0
2007-12-08,0.4,305.0
2007-12-09,-1.6,302.0
2007-12-10,1.1,339.0
2007-12-11,-0.7,455.0
2007-12-12,0.0,559.0
2007-12-13,-1.8,559.0
2007-12-14,0.3,508.0
2007-12-15,-0.2,463.0
2007-12-16,0.8,394.0
2007-12-17,2.5,356.0
2007-12-18,-1.0,595.0
2007-12-19,0.6,699.0
2007-12-20,0.2,557.0
2007-12-21,-0.2,718.0
2007-12-22,1.8,625.0
2007-12-23,-0.4,580.0
2007-12-24,0.3,465.0
2007-12-25,0.9,392.0
2007-12-26,0.4,349.0
2007-12-27,1.5,339.0
2007-12-28,-1.2,468.0
2007-12-29,-0.2,388.0
2007-12-30,1.1,372.0
2007-12-31,2.1,336.0
2008-01-01,-0.3,347.0
2008-01-02,0.4,352.0
2008-01-03,0.9,332.0
2008-01-04,-0.2,296.0
2008-01-05,0.4,330.0
2008-01-06,1.8,657.0
2008-01-07,-2.4,649.0
2008-01-08,-0.4,588.0
2008-01-09,0.3,579.0
2008-01-10,0.1,532.0
2008-01-11,0.1,457.0
2008-01-12,2.1,410.0
2008-01-13,-1.8,517.0
2008-01-14,4.5,570.0
2008-01-15,3.0,720.0
2008-01-16,0.2,657.0
2008-01-17,-3.6,627.0
2008-01-18,0.3,643.0
2008-01-19,2.8,602.0
2008-01-20,1.5,647.0
2008-01-21,0.0,591.0
2008-01-22,-0.3,511.0
2008-01-23,1.6,428.0
2008-01-24,-0.5,426.0
2008-01-25,0.4,442.0
2008-01-26,-0.1,507.0
2008-01-27,-0.8,438.0
2008-01-28,0.8,382.0
2008-01-29,2.0,413.0
2008-01-30,-1.3,410.0
2008-01-31,2.2,339.0
2008-02-01,-3.3,435.0
2008-02-02,-0.7,619.0
2008-02-03,0.7,588.0
2008-02-04,-3.1,602.0
2008-02-05,-0.3,511.0
2008-02-06,1.5,418.0
2008-02-07,-2.4,354.0
2008-02-08,-0.4,416.0
2008-02-09,0.9,388.0
2008-02-10,4.3,421.0
2008-02-11,0.5,680.0
2008-02-12,0.9,725.0
2008-02-13,0.8,625.0
2008-02-14,0.2,613.0
2008-02-15,0.8,651.0
2008-02-16,1.0,644.0
2008-02-17,1.8,552.0
2008-02-18,1.9,476.0
2008-02-19,0.0,609.0
2008-02-20,1.3,589.0
2008-02-21,0.2,464.0
2008-02-22,1.8,506.0
2008-02-23,-0.6,467.0
2008-02-24,2.2,468.0
2008-02-25,-0.1,413.0
2008-02-26,2.2,405.0
2008-02-27,-1.6,355.0
2008-02-28,2.1,437.0
2008-02-29,-3.5,589.0
2008-03-01,-0.9,718.0
2008-03-02,1.3,769.0
2008-03-03,-0.2,614.0
2008-03-04,-0.4,498.0
2008-03-05,-1.5,410.0
2008-03-06,0.2,422.0
2008-03-07,-2.7,390.0
2008-03-08,0.3,327.0
2008-03-09,-0.1,444.0
2008-03-10,-0.3,655.0
2008-03-11,0.6,686.0
2008-03-12,0.9,659.0
2008-03-13,2.0,650.0
2008-03-14,1.9,586.0
2008-03-15,-1.4,614.0
2008-03-16,1.6,585.0
2008-03-17,-0.8,551.0
2008-03-18,1.5,479.0
2008-03-19,0.7,487.0
2008-03-20,-0.6,476.0
2008-03-21,-1.6,528.0
2008-03-22,0.7,446.0
2008-03-23,0.2,461.0
2008-03-24,1.4,463.0
2008-03-25,0.7,424.0
2008-03-26,0.2,361.0
2008-03-27,-1.0,570.0
2008-03-28,-1.2,618.0
2008-03-29,0.0,604.0
2008-03-30,-1.9,522.0
2008-03-31,-1.4,486.0
2008-04-01,-1.9,385.0
2008-04-02,1.4,390.0
2008-04-03,-0.1,359.0
2008-04-04,3.4,391.0
2008-04-05,6.9,539.0
2008-04-06,2.7,598.0
2008-04-07,-1.0,617.0
2008-04-08,4.2,655.0
2008-04-09,1.3,702.0
2008-04-10,2.2,661.0
2008-04-11,0.7,573.0
2008-04-12,0.1,575.0
2008-04-13,1.6,590.0
2008-04-14,0.8,583.0
2008-04-15,0.0,400.0
2008-04-16,-4.7,357.0
2008-04-17,0.1,573.0
2008-04-18,0.4,509.0
2008-04-19,0.5,526.0
2008-04-20,1.8,548.0
2008-04-21,1.9,493.0
2008-04-22,0.1,357.0
2008-04-23,-4.4,398.0
2008-04-24,-0.9,577.0
2008-04-25,-2.1,601.0
2008-04-26,-1.4,513.0
2008-04-27,2.8,491.0
2008-04-28,2.6,497.0
2008-04-29,-1.4,428.0
2008-04-30,-0.2,402.0
2008-05-01,3.2,510.0
2008-05-02,-3.2,441.0
2008-05-03,-0.8,439.0
2008-05-04,4.7,524.0
2008-05-05,0.4,594.0
2008-05-06,0.9,638.0
2008-05-07,2.0,555.0
2008-05-08,0.6,503.0
2008-05-09,-0.2,464.0
2008-05-10,0.2,378.0
2008-05-11,-0.6,360.0
2008-05-12,0.2,333.0
2008-05-13,0.9,319.0
2008-05-14,0.6,356.0
2008-05-15,0.5,330.0
2008-05-16,3.0,362.0
2008-05-17,-0.9,376.0
2008-05-18,0.3,328.0
2008-05-19,-3.7,329.0
2008-05-20,-3.5,389.0
2008-05-21,-0.5,478.0
2008-05-22,-0.8,583.0
2008-05-23,-1.4,523.0
2008-05-24,-3.2,479.0
2008-05-25,-0.9,482.0
2008-05-26,-0.4,443.0
2008-05-27,-0.1,366.0
2008-05-28,-3.0,340.0
2008-05-29,3.5,525.0
2008-05-30,-1.1,502.0
2008-05-31,2.3,559.0
2008-06-01,2.3,595.0
2008-06-02,1.2,621.0
2008-06-03,1.8,519.0
2008-06-04,-1.1,479.0
2008-06-05,0.6,403.0
2008-06-06,1.0,358.0
2008-06-07,3.4,455.0
2008-06-08,-2.1,467.0
2008-06-09,0.5,447.0
2008-06-10,-0.4,379.0
2008-06-11,1.2,368.0
2008-06-12,1.0,324.0
2008-06-13,-0.3,308.0
2008-06-14,2.4,313.0
2008-06-15,-0.2,528.0
2008-06-16,0.1,642.0
2008-06-17,1.2,709.0
2008-06-18,-2.4,658.0
2008-06-19,0.3,587.0
2008-06-20,3.3,494.0
2008-06-21,0.6,568.0
2008-06-22,-0.2,448.0
2008-06-23,-0.5,404.0
2008-06-24,-0.5,347.0
2008-06-25,-5.7,356.0
2008-06-26,2.8,528.0
2008-06-27,-1.2,635.0
2008-06-28,2.5,631.0
2008-06-29,1.5,487.0
2008-06-30,1.5,502.0
2008-07-01,-0.7,476.0
2008-07-02,-0.8,405.0
2008-07-03,-0.5,346.0
2008-07-04,1.2,332.0
2008-07-05,-0.3,329.0
2008-07-06,-0.6,405.0
2008-07-07,-1.5,340.0
2008-07-08,-0.3,322.0
2008-07-09,-1.5,303.0
2008-07-10,1.7,328.0
2008-07-11,-2.1,316.0
2008-07-12,12.8,474.0
2008-07-13,1.7,622.0
2008-07-14,0.2,690.0
2008-07-15,0.1,657.0
2008-07-16,-0.2,593.0
2008-07-17,-0.3,525.0
2008-07-18,-0.3,467.0
2008-07-19,1.7,356.0
2008-07-20,-0.4,316.0
2008-07-21,-1.9,298.0
2008-07-22,0.2,375.0
2008-07-23,0.6,585.0
2008-07-24,-0.4,626.0
2008-07-25,0.5,483.0
2008-07-26,1.2,392.0
2008-07-27,3.1,383.0
2008-07-28,2.8,430.0
2008-07-29,0.7,400.0
2008-07-30,-1.5,368.0
2008-07-31,2.0,401.0
2008-08-01,-0.3,344.0
2008-08-02,-0.5,358.0
2008-08-03,-1.1,346.0
2008-08-04,-0.3,356.0
2008-08-05,0.9,324.0
2008-08-06,0.1,321.0
2008-08-07,-1.6,346.0
2008-08-08,1.5,338.0
2008-08-09,6.0,334.0
2008-08-10,-1.2,631.0
2008-08-11,-0.3,630.0
2008-08-12,0.6,603.0
2008-08-13,-1.5,530.0
2008-08-14,-0.9,477.0
2008-08-15,-1.5,431.0
2008-08-16,0.9,354.0
2008-08-17,-1.1,347.0
2008-08-18,-1.5,383.0
2008-08-19,-2.2,617.0
2008-08-20,-0.9,507.0
2008-08-21,2.1,447.0
2008-08-22,-0.4,392.0
2008-08-23,-0.5,347.0
2008-08-24,-0.9,329.0
2008-08-25,-0.9,301.0
2008-08-26,0.6,291.0
2008-08-27,-1.0,307.0
2008-08-28,2.5,312.0
2008-08-29,2.7,314.0
2008-08-30,0.0,340.0
2008-08-31,0.9,314.0
2008-09-01,-0.8,353.0
2008-09-02,1.7,322.0
2008-09-03,0.5,298.0
2008-09-04,-3.2,475.0
2008-09-05,0.2,555.0
2008-09-06,-2.3,515.0
2008-09-07,0.6,612.0
2008-09-08,2.1,541.0
2008-09-09,2.1,550.0
2008-09-10,1.1,470.0
2008-09-11,1.0,436.0
2008-09-12,0.0,371.0
2008-09-13,1.1,327.0
2008-09-14,1.1,288.0
2008-09-15,0.7,373.0
2008-09-16,1.6,556.0
2008-09-17,-1.2,494.0
2008-09-18,0.5,387.0
2008-09-19,-0.1,350.0
2008-09-20,-1.4,363.0
2008-09-21,-1.4,329.0
2008-09-22,-5.3,303.0
2008-09-23,-1.0,296.0
2008-09-24,-0.4,281.0
2008-09-25,1.2,297.0
2008-09-26,-3.5,325.0
2008-09-27,1.1,321.0
2008-09-28,0.0,328.0
2008-09-29,4.0,351.0
2008-09-30,0.6,342.0
2008-10-01,1.0,483.0
2008-10-02,0.5,567.0
2008-10-03,1.8,668.0
2008-10-04,0.7,647.0
2008-10-05,1.8,572.0
2008-10-06,0.2,492.0
2008-10-07,1.7,407.0
2008-10-08,-1.7,363.0
2008-10-09,0.5,322.0
2008-10-10,0.3,313.0
2008-10-11,3.0,326.0
2008-10-12,-0.7,536.0
2008-10-13,-0.8,525.0
2008-10-14,0.6,423.0
2008-10-15,-3.2,365.0
2008-10-16,-1.3,365.0
2008-10-17,0.2,314.0
2008-10-18,-0.3,288.0
2008-10-19,-2.3,283.0
2008-10-20,0.7,321.0
2008-10-21,-0.8,403.0
2008-10-22,0.7,352.0
2008-10-23,-2.2,440.0
2008-10-24,0.1,365.0
2008-10-25,0.7,328.0
2008-10-26,0.5,304.0
2008-10-27,1.3,371.0
2008-10-28,-1.9,308.0
2008-10-29,-2.0,514.0
2008-10-30,0.6,675.0
2008-10-31,1.3,676.0
2008-11-01,0.4,538.0
2008-11-02,0.5,399.0
2008-11-03,2.2,413.0
2008-11-04,-0.7,395.0
2008-11-05,0.8,347.0
2008-11-06,0.9,288.0
2008-11-07,3.1,303.0
2008-11-08,-0.5,501.0
2008-11-09,-0.6,561.0
2008-11-10,-1.0,469.0
2008-11-11,1.0,391.0
2008-11-12,0.2,342.0
2008-11-13,-1.2,321.0
2008-11-14,0.6,291.0
2008-11-15,0.4,316.0
2008-11-16,-6.5,382.0
2008-11-17,-0.5,446.0
2008-11-18,0.4,354.0
2008-11-19,0.4,333.0
2008-11-20,-1.0,293.0
2008-11-21,-1.0,300.0
2008-11-22,0.2,282.0
2008-11-23,-0.7,289.0
2008-11-24,0.4,275.0
2008-11-25,-2.9,314.0
2008-11-26,0.8,589.0
2008-11-27,-1.7,635.0
2008-11-28,-0.3,507.0
2008-11-29,0.8,468.0
2008-11-30,-0.4,394.0
2008-12-01,0.3,355.0
2008-12-02,1.0,303.0
2008-12-03,-1.2,299.0
2008-12-04,0.6,447.0
2008-12-05,-1.6,393.0
2008-12-06,-3.3,465.0
2008-12-07,1.6,568.0
2008-12-08,0.2,507.0
2008-12-09,1.0,415.0
2008-12-10,0.7,334.0
2008-12-11,-0.9,367.0
2008-12-12,0.4,422.0
2008-12-13,-2.3,402.0
2008-12-14,-1.7,382.0
2008-12-15,-0.3,337.0
2008-12-16,-0.1,335.0
2008-12-17,0.4,362.0
2008-12-18,-0.2,328.0
2008-12-19,-2.1,296.0
2008-12-20,0.0,306.0
2008-12-21,-1.3,327.0
2008-12-22,1.6,295.0
2008-12-23,-2.9,433.0
2008-12-24,-2.1,533.0
2008-12-25,0.8,507.0
2008-12-26,-0.7,430.0
2008-12-27,-1.2,374.0
2008-12-28,0.6,341.0
2008-12-29,-1.7,326.0
2008-12-30,-0.1,293.0
2008-12-31,-0.7,327.0
2009-01-01,1.2,498.0
2009-01-02,1.3,423.0
2009-01-03,-1.9,474.0
2009-01-04,0.7,510.0
2009-01-05,-0.6,441.0
2009-01-06,-0.5,387.0
2009-01-07,-0.9,344.0
2009-01-08,-0.5,307.0
2009-01-09,0.0,354.0
2009-01-10,-3.0,377.0
2009-01-11,-1.4,358.0
2009-01-12,-0.2,303.0
2009-01-13,0.5,319.0
2009-01-14,-1.3,301.0
2009-01-15,-3.2,334.0
2009-01-16,-1.4,400.0
2009-01-17,2.5,347.0
2009-01-18,-0.7,342.0
2009-01-19,0.9,442.0
2009-01-20,-1.3,467.0
2009-01-21,-0.5,407.0
2009-01-22,0.2,412.0
2009-01-23,1.5,309.0
2009-01-24,-0.4,309.0
2009-01-25,-1.7,285.0
2009-01-26,-3.9,360.0
2009-01-27,2.6,348.0
2009-01-28,2.3,367.0
2009-01-29,3.2,404.0
2009-01-30,1.6,401.0
2009-01-31,7.3,424.0
2009-02-01,1.7,496.0
2009-02-02,0.4,383.0
2009-02-03,0.4,346.0
2009-02-04,0.5,343.0
2009-02-05,-4.3,357.0
2009-02-06,-2.4,336.0
2009-02-07,1.9,318.0
2009-02-08,0.6,308.0
2009-02-09,-2.3,315.0
2009-02-10,0.1,297.0
2009-02-11,-1.7,299.0
2009-02-12,2.5,323.0
2009-02-13,1.2,321.0
2009-02-14,1.0,311.0
2009-02-15,-2.2,557.0
2009-02-16,-0.5,523.0
2009-02-17,1.2,436.0
2009-02-18,-1.0,359.0
2009-02-19,0.4,312.0
2009-02-20,0.9,330.0
2009-02-21,2.0,363.0
2009-02-22,3.6,444.0
2009-02-23,1.7,447.0
2009-02-24,-0.6,400.0
2009-02-25,-2.4,433.0
2009-02-26,-0.5,416.0
2009-02-27,0.6,436.0
2009-02-28,3.0,662.0
2009-03-01,-0.6,472.0
2009-03-02,0.8,390.0
2009-03-03,0.4,320.0
2009-03-04,2.0,354.0
2009-03-05,1.9,348.0
2009-03-06,-1.0,353.0
2009-03-07,0.7,376.0
2009-03-08,-2.4,311.0
2009-03-09,0.1,411.0
2009-03-10,0.0,345.0
2009-03-11,-0.6,341.0
2009-03-12,-0.7,349.0
2009-03-13,-9.9,358.0
2009-03-14,-1.9,534.0
2009-03-15,-1.4,535.0
2009-03-16,1.8,448.0
2009-03-17,-0.9,398.0
2009-03-18,-1.0,367.0
2009-03-19,-0.2,331.0
2009-03-20,-0.2,297.0
2009-03-21,9.0,412.0
2009-03-22,4.4,384.0
2009-03-23,-0.5,413.0
2009-03-24,0.3,362.0
2009-03-25,0.0,493.0
2009-03-26,-1.0,472.0
2009-03-27,1.1,421.0
2009-03-28,0.7,420.0
2009-03-29,2.2,441.0
2009-03-30,0.0,439.0
2009-03-31,0.1,403.0
2009-04-01,1.8,364.0
2009-04-02,2.3,359.0
2009-04-03,0.0,312.0
2009-04-04,-0.2,280.0
2009-04-05,-0.8,311.0
2009-04-06,0.8,389.0
2009-04-07,0.2,368.0
2009-04-08,1.6,361.0
2009-04-09,-2.2,344.0
2009-04-10,-0.8,464.0
2009-04-11,-1.8,539.0
2009-04-12,-1.4,549.0
2009-04-13,-2.4,447.0
2009-04-14,-2.0,369.0
2009-04-15,-2.0,338.0
2009-04-16,-2.6,307.0
2009-04-17,5.8,381.0
2009-04-18,1.5,444.0
2009-04-19,0.2,481.0
2009-04-20,-0.1,450.0
2009-04-21,2.0,457.0
2009-04-22,-0.5,411.0
2009-04-23,2.7,385.0
2009-04-24,1.5,333.0
2009-04-25,1.6,416.0
2009-04-26,0.1,394.0
2009-04-27,-2.1,375.0
2009-04-28,0.5,379.0
2009-04-29,-0.5,317.0
2009-04-30,0.7,356.0
2009-05-01,1.0,321.0
2009-05-02,-0.1,296.0
2009-05-03,0.7,343.0
2009-05-04,1.2,336.0
2009-05-05,-0.3,356.0
2009-05-06,-0.9,334.0
2009-05-07,-0.9,446.0
2009-05-08,-4.0,465.0
2009-05-09,1.8,487.0
2009-05-10,-1.8,435.0
2009-05-11,-2.7,420.0
2009-05-12,0.1,356.0
2009-05-13,-1.7,321.0
2009-05-14,-0.1,325.0
2009-05-15,1.3,390.0
2009-05-16,1.1,335.0
2009-05-17,0.2,366.0
2009-05-18,-1.4,295.0
2009-05-19,-2.5,305.0
2009-05-20,0.7,282.0
2009-05-21,5.5,334.0
2009-05-22,1.8,337.0
2009-05-23,2.1,375.0
2009-05-24,-0.6,368.0
2009-05-25,1.1,358.0
2009-05-26,0.3,315.0
2009-05-27,0.7,302.0
2009-05-28,0.8,281.0
2009-05-29,-0.5,403.0
2009-05-30,-0.7,359.0
2009-05-31,-0.8,349.0
2009-06-01,-1.1,322.0
2009-06-02,0.9,319.0
2009-06-03,-0.6,298.0
2009-06-04,1.1,307.0
2009-06-05,-3.2,300.0
2009-06-06,3.4,325.0
2009-06-07,-1.2,291.0
2009-06-08,-1.4,351.0
2009-06-09,-0.2,313.0
2009-06-10,3.2,316.0
2009-06-11,-1.3,344.0
2009-06-12,-0.7,310.0
2009-06-13,2.5,289.0
2009-06-14,3.3,307.0
2009-06-15,2.6,314.0
2009-06-16,0.6,305.0
2009-06-17,1.5,299.0
2009-06-18,-0.4,298.0
2009-06-19,0.5,309.0
2009-06-20,0.7,291.0
2009-06-21,-2.1,336.0
2009-06-22,0.2,309.0
2009-06-23,-1.0,280.0
2009-06-24,-3.1,266.0
2009-06-25,0.7,487.0
2009-06-26,-1.5,464.0
2009-06-27,0.1,397.0
2009-06-28,3.2,402.0
2009-06-29,-6.4,428.0
2009-06-30,0.1,495.0
2009-07-01,1.4,452.0
2009-07-02,0.5,369.0
2009-07-03,0.6,369.0
2009-07-04,-2.7,338.0
2009-07-05,-1.5,339.0
2009-07-06,1.6,337.0
2009-07-07,-2.4,366.0
2009-07-08,2.5,354.0
2009-07-09,-2.9,300.0
2009-07-10,2.1,369.0
2009-07-11,-1.2,440.0
2009-07-12,-0.4,404.0
2009-07-13,-1.2,354.0
2009-07-14,-3.1,467.0
2009-07-15,-0.6,495.0
2009-07-16,0.2,416.0
2009-07-17,1.1,351.0
2009-07-18,0.0,315.0
2009-07-19,0.2,304.0
2009-07-20,0.1,287.0
2009-07-21,2.9,321.0
2009-07-22,-4.3,298.0
2009-07-23,0.2,436.0
2009-07-24,-0.9,552.0
2009-07-25,-0.4,531.0
2009-07-26,0.5,438.0
2009-07-27,0.6,413.0
2009-07-28,0.8,382.0
2009-07-29,1.6,402.0
2009-07-30,-0.3,361.0
2009-07-31,1.2,336.0
2009-08-01,0.2,403.0
2009-08-02,1.5,390.0
2009-08-03,-2.5,366.0
2009-08-04,-0.6,380.0
2009-08-05,-2.6,367.0
2009-08-06,11.4,369.0
2009-08-07,1.3,490.0
2009-08-08,1.5,473.0
2009-08-09,2.5,427.0
2009-08-10,-1.1,388.0
2009-08-11,0.5,353.0
2009-08-12,2.1,345.0
2009-08-13,-1.5,352.0
2009-08-14,-0.9,329.0
2009-08-15,-0.4,297.0
2009-08-16,-1.0,282.0
2009-08-17,-1.0,266.0
2009-08-18,2.2,315.0
2009-08-19,2.3,335.0
2009-08-20,5.3,437.0
2009-08-21,1.4,533.0
2009-08-22,1.9,467.0
2009-08-23,1.9,520.0
2009-08-24,0.2,417.0
2009-08-25,1.0,348.0
2009-08-26,-2.4,348.0
2009-08-27,-1.3,359.0
2009-08-28,0.6,385.0
2009-08-29,1.7,317.0
2009-08-30,1.3,353.0
2009-08-31,0.1,451.0
2009-09-01,1.7,407.0
2009-09-02,-0.3,380.0
2009-09-03,-0.4,346.0
2009-09-04,1.3,434.0
2009-09-05,0.3,452.0
2009-09-06,0.5,395.0
2009-09-07,0.0,369.0
2009-09-08,0.3,333.0
2009-09-09,-1.0,315.0
2009-09-10,-0.2,304.0
2009-09-11,2.6,297.0
2009-09-12,1.0,304.0
2009-09-13,1.7,296.0
2009-09-14,-1.9,348.0
2009-09-15,1.6,403.0
2009-09-16,1.1,466.0
2009-09-17,-1.0,429.0
2009-09-18,0.1,452.0
2009-09-19,0.8,368.0
2009-09-20,0.4,348.0
2009-09-21,-2.9,371.0
2009-09-22,0.9,408.0
2009-09-23,0.2,376.0
2009-09-24,0.1,312.0
2009-09-25,3.6,301.0
2009-09-26,0.3,279.0
2009-09-27,4.4,322.0
2009-09-28,-1.6,323.0
2009-09-29,3.1,340.0
2009-09-30,1.2,313.0
2009-10-01,-1.8,327.0
2009-10-02,-2.4,342.0
2009-10-03,-0.5,340.0
2009-10-04,-0.3,312.0
2009-10-05,-0.2,399.0
2009-10-06,-0.2,345.0
2009-10-07,0.7,314.0
2009-10-08,-2.4,276.0
2009-10-09,2.6,305.0
2009-10-10,-1.7,267.0
2009-10-11,-0.7,282.0
2009-10-12,2.3,412.0
2009-10-13,0.1,372.0
2009-10-14,1.0,357.0
2009-10-15,1.2,309.0
2009-10-16,0.1,420.0
2009-10-17,2.6,349.0
2009-10-18,2.4,321.0
2009-10-19,1.9,312.0
2009-10-20,-0.1,295.0
2009-10-21,0.7,278.0
2009-10-22,-1.9,283.0
2009-10-23,-6.5,363.0
2009-10-24,0.5,388.0
2009-10-25,-2.8,401.0
2009-10-26,0.7,397.0
2009-10-27,-1.6,382.0
2009-10-28,0.9,382.0
2009-10-29,1.6,348.0
2009-10-30,-5.8,358.0
2009-10-31,-0.5,359.0
2009-11-01,0.2,333.0
2009-11-02,4.1,344.0
2009-11-03,-0.7,348.0
2009-11-04,0.3,295.0
2009-11-05,2.7,297.0
2009-11-06,2.2,293.0
2009-11-07,1.8,277.0
2009-11-08,-2.1,275.0
2009-11-09,1.5,415.0
2009-11-10,-0.1,368.0
2009-11-11,-1.4,336.0
2009-11-12,-0.1,278.0
2009-11-13,0.3,293.0
2009-11-14,-2.1,297.0
2009-11-15,-1.8,348.0
2009-11-16,-0.1,360.0
2009-11-17,-1.1,328.0
2009-11-18,1.4,306.0
2009-11-19,1.7,337.0
2009-11-20,4.4,335.0
2009-11-21,-5.8,421.0
2009-11-22,-2.0,493.0
2009-11-23,-0.3,437.0
2009-11-24,0.3,351.0
2009-11-25,-3.1,443.0
2009-11-26,-1.4,431.0
2009-11-27,1.9,365.0
2009-11-28,0.8,335.0
2009-11-29,3.1,341.0
2009-11-30,-2.7,303.0
2009-12-01,-0.2,276.0
2009-12-02,0.3,264.0
2009-12-03,0.2,268.0
2009-12-04,1.6,265.0
2009-12-05,-0.1,243.0
2009-12-06,-1.8,363.0
2009-12-07,-1.5,361.0
2009-12-08,1.0,322.0
2009-12-09,2.0,303.0
2009-12-10,1.4,283.0
2009-12-11,0.6,279.0
2009-12-12,0.8,255.0
2009-12-13,3.6,292.0
2009-12-14,0.9,257.0
2009-12-15,2.9,290.0
2009-12-16,-2.2,284.0
2009-12-17,1.7,335.0
2009-12-18,1.4,396.0
2009-12-19,-1.1,405.0
2009-12-20,-1.3,373.0
2009-12-21,0.2,328.0
2009-12-22,0.9,358.0
2009-12-23,-1.0,338.0
2009-12-24,1.2,354.0
2009-12-25,-0.1,356.0
2009-12-26,-0.1,370.0
2009-12-27,1.7,383.0
2009-12-28,2.6,356.0
2009-12-29,-0.4,328.0
2009-12-30,0.1,282.0
2009-12-31,1.8,287.0
2010-01-01,1.6,283.0
2010-01-02,7.3,302.0
2010-01-03,-2.5,276.0
2010-01-04,-0.3,293.0
2010-01-05,1.7,291.0
2010-01-06,-1.7,308.0
2010-01-07,2.0,318.0
2010-01-08,-1.4,286.0
2010-01-09,1.7,296.0
2010-01-10,1.9,288.0
2010-01-11,-0.9,307.0
2010-01-12,-1.3,480.0
2010-01-13,-1.5,419.0
2010-01-14,0.0,496.0
2010-01-15,-0.3,438.0
2010-01-16,-0.3,418.0
2010-01-17,0.8,355.0
2010-01-18,1.7,331.0
2010-01-19,3.4,341.0
2010-01-20,0.5,325.0
2010-01-21,1.0,514.0
2010-01-22,1.9,435.0
2010-01-23,-2.9,367.0
2010-01-24,-3.2,345.0
2010-01-25,-0.8,353.0
2010-01-26,0.5,368.0
2010-01-27,1.5,362.0
2010-01-28,1.3,332.0
2010-01-29,-1.0,345.0
2010-01-30,-0.6,339.0
2010-01-31,-2.0,400.0
2010-02-01,-1.3,349.0
2010-02-02,-4.0,460.0
2010-02-03,0.0,522.0
2010-02-04,-0.5,468.0
2010-02-05,0.1,386.0
2010-02-06,-1.3,342.0
2010-02-07,1.3,339.0
2010-02-08,-4.2,396.0
2010-02-09,-4.7,360.0
2010-02-10,-2.9,311.0
2010-02-11,0.2,299.0
2010-02-12,-1.7,364.0
2010-02-13,-1.9,321.0
2010-02-14,-1.1,311.0
2010-02-15,-8.6,316.0
2010-02-16,-1.9,348.0
2010-02-17,-4.3,337.0
2010-02-18,4.8,369.0
2010-02-19,3.5,457.0
2010-02-20,3.0,451.0
2010-02-21,2.8,388.0
2010-02-22,2.2,354.0
2010-02-23,-4.0,350.0
2010-02-24,-0.7,334.0
2010-02-25,-1.1,334.0
2010-02-26,-2.8,387.0
2010-02-27,1.2,328.0
2010-02-28,1.6,317.0
2010-03-01,1.2,337.0
2010-03-02,1.0,393.0
2010-03-03,2.4,416.0
2010-03-04,0.2,361.0
2010-03-05,0.6,416.0
2010-03-06,-3.9,401.0
2010-03-07,3.2,382.0
2010-03-08,0.5,360.0
2010-03-09,-0.1,363.0
2010-03-10,0.9,345.0
2010-03-11,-4.2,440.0
2010-03-12,-1.3,502.0
2010-03-13,-1.6,478.0
2010-03-14,-2.9,396.0
2010-03-15,2.6,370.0
2010-03-16,0.7,356.0
2010-03-17,1.9,400.0
2010-03-18,-2.5,446.0
2010-03-19,1.9,388.0
2010-03-20,-0.1,382.0
2010-03-21,0.6,405.0
2010-03-22,0.5,350.0
2010-03-23,1.0,303.0
2010-03-24,2.6,290.0
2010-03-25,-1.6,300.0
2010-03-26,3.2,394.0
2010-03-27,-0.4,419.0
2010-03-28,-2.4,393.0
2010-03-29,-1.0,391.0
2010-03-30,-1.2,351.0
2010-03-31,-1.3,405.0
2010-04-01,1.0,406.0
2010-04-02,-2.4,448.0
2010-04-03,2.3,534.0
2010-04-04,-1.8,511.0
2010-04-05,-1.2,509.0
2010-04-06,-4.0,652.0
2010-04-07,-0.1,594.0
2010-04-08,-0.6,590.0
2010-04-09,-0.8,541.0
2010-04-10,0.4,468.0
2010-04-11,-1.2,367.0
2010-04-12,-8.0,417.0
2010-04-13,3.7,392.0
2010-04-14,0.8,384.0
2010-04-15,3.0,478.0
2010-04-16,2.5,479.0
2010-04-17,3.4,441.0
2010-04-18,-1.5,375.0
2010-04-19,-0.8,359.0
2010-04-20,-1.0,331.0
2010-04-21,1.1,361.0
2010-04-22,1.2,445.0
2010-04-23,-7.3,417.0
2010-04-24,-1.8,444.0
2010-04-25,0.2,351.0
2010-04-26,0.7,356.0
2010-04-27,-1.6,329.0
2010-04-28,3.8,358.0
2010-04-29,-1.6,353.0
2010-04-30,-0.7,341.0
2010-05-01,-1.3,396.0
2010-05-02,1.8,317.0
2010-05-03,-3.2,633.0
2010-05-04,-1.0,655.0
2010-05-05,-0.4,599.0
2010-05-06,2.2,544.0
2010-05-07,-1.1,534.0
2010-05-08,-2.3,475.0
2010-05-09,-1.3,443.0
2010-05-10,0.0,372.0
2010-05-11,-0.6,351.0
2010-05-12,0.8,376.0
2010-05-13,-1.1,486.0
2010-05-14,2.4,382.0
2010-05-15,-2.9,392.0
2010-05-16,0.3,347.0
2010-05-17,-1.9,347.0
2010-05-18,-3.0,361.0
2010-05-19,6.8,345.0
2010-05-20,-2.1,465.0
2010-05-21,-1.4,460.0
2010-05-22,1.4,432.0
2010-05-23,0.6,369.0
2010-05-24,1.6,358.0
2010-05-25,2.2,301.0
2010-05-26,5.5,309.0
2010-05-27,2.7,347.0
2010-05-28,1.0,318.0
2010-05-29,-6.3,361.0
2010-05-30,1.8,369.0
2010-05-31,-0.6,496.0
2010-06-01,-4.0,598.0
2010-06-02,-0.5,523.0
2010-06-03,-0.7,442.0
2010-06-04,-5.1,538.0
2010-06-05,-0.9,522.0
2010-06-06,-1.5,465.0
2010-06-07,-1.8,439.0
2010-06-08,1.0,355.0
2010-06-09,0.4,404.0
2010-06-10,1.9,337.0
2010-06-11,-1.4,427.0
2010-06-12,1.3,371.0
2010-06-13,2.6,341.0
2010-06-14,-0.5,405.0
2010-06-15,0.0,367.0
2010-06-16,-1.9,491.0
2010-06-17,2.0,534.0
2010-06-18,1.5,515.0
2010-06-19,0.7,487.0
2010-06-20,-0.1,387.0
2010-06-21,-0.2,399.0
2010-06-22,3.7,357.0
2010-06-23,-1.4,321.0
2010-06-24,0.1,311.0
2010-06-25,-1.8,365.0
2010-06-26,1.8,364.0
2010-06-27,4.0,450.0
2010-06-28,-0.3,510.0
2010-06-29,0.2,527.0
2010-06-30,1.1,597.0
2010-07-01,0.2,613.0
2010-07-02,-1.8,616.0
2010-07-03,1.0,597.0
2010-07-04,-1.4,601.0
2010-07-05,0.9,501.0
2010-07-06,-1.9,426.0
2010-07-07,0.6,347.0
2010-07-08,-1.1,320.0
2010-07-09,-2.3,318.0
2010-07-10,1.7,314.0
2010-07-11,2.4,264.0
2010-07-12,1.4,287.0
2010-07-13,2.7,339.0
2010-07-14,-0.5,305.0
2010-07-15,-3.4,439.0
2010-07-16,1.5,401.0
2010-07-17,1.8,382.0
2010-07-18,-1.1,320.0
2010-07-19,-0.6,298.0
2010-07-20,1.3,301.0
2010-07-21,0.2,308.0
2010-07-22,-1.4,329.0
2010-07-23,1.0,360.0
2010-07-24,7.2,379.0
2010-07-25,0.4,347.0
2010-07-26,-0.8,437.0
2010-07-27,-1.6,450.0
2010-07-28,-4.3,618.0
2010-07-29,0.2,581.0
2010-07-30,0.5,592.0
2010-07-31,-0.8,579.0
2010-08-01,0.6,538.0
2010-08-02,-0.9,492.0
2010-08-03,1.2,434.0
2010-08-04,-7.1,581.0
2010-08-05,-4.5,510.0
2010-08-06,1.8,533.0
2010-08-07,-0.2,416.0
2010-08-08,1.4,396.0
2010-08-09,0.1,401.0
2010-08-10,-0.7,435.0
2010-08-11,-2.6,463.0
2010-08-12,-1.6,383.0
2010-08-13,0.4,346.0
2010-08-14,0.8,405.0
2010-08-15,-2.5,401.0
2010-08-16,-1.2,354.0
2010-08-17,-0.7,379.0
2010-08-18,3.4,376.0
2010-08-19,-0.2,345.0
2010-08-20,-0.7,307.0
2010-08-21,-0.6,299.0
2010-08-22,2.1,290.0
2010-08-23,0.2,275.0
2010-08-24,-4.4,395.0
2010-08-25,5.4,651.0
2010-08-26,-1.1,660.0
2010-08-27,1.5,648.0
2010-08-28,-0.3,645.0
2010-08-29,-0.7,549.0
2010-08-30,0.7,450.0
2010-08-31,0.9,362.0
2010-09-01,0.9,329.0
2010-09-02,0.6,358.0
2010-09-03,-0.6,424.0
2010-09-04,1.3,379.0
2010-09-05,0.7,340.0
2010-09-06,0.7,359.0
2010-09-07,-2.7,363.0
2010-09-08,-3.2,441.0
2010-09-09,1.4,363.0
2010-09-10,1.0,433.0
2010-09-11,1.1,391.0
2010-09-12,0.6,329.0
2010-09-13,0.6,316.0
2010-09-14,0.0,296.0
2010-09-15,-5.9,379.0
2010-09-16,0.9,354.0
2010-09-17,1.1,472.0
2010-09-18,-0.1,455.0
2010-09-19,1.7,387.0
2010-09-20,-1.4,334.0
2010-09-21,1.4,339.0
2010-09-22,0.8,388.0
2010-09-23,0.6,303.0
2010-09-24,3.6,450.0
2010-09-25,1.9,592.0
2010-09-26,-0.1,469.0
2010-09-27,1.1,476.0
2010-09-28,2.6,487.0
2010-09-29,1.5,509.0
2010-09-30,2.2,445.0
2010-10-01,0.6,380.0
2010-10-02,-0.4,353.0
2010-10-03,-0.6,314.0
2010-10-04,1.8,289.0
2010-10-05,1.1,293.0
2010-10-06,0.4,338.0
2010-10-07,-2.2,320.0
2010-10-08,-5.3,314.0
2010-10-09,-1.9,347.0
2010-10-10,0.9,342.0
2010-10-11,1.9,323.0
2010-10-12,-4.0,365.0
2010-10-13,0.2,386.0
2010-10-14,0.2,328.0
2010-10-15,1.9,286.0
2010-10-16,-0.9,330.0
2010-10-17,-1.0,342.0
2010-10-18,-1.2,386.0
2010-10-19,-2.5,380.0
2010-10-20,-3.3,437.0
2010-10-21,-0.7,398.0
2010-10-22,2.1,385.0
2010-10-23,-2.1,522.0
2010-10-24,-1.2,634.0
2010-10-25,1.1,620.0
2010-10-26,-1.3,627.0
2010-10-27,0.4,542.0
2010-10-28,1.7,498.0
2010-10-29,-0.5,422.0
2010-10-30,0.8,362.0
2010-10-31,1.8,369.0
2010-11-01,6.7,357.0
2010-11-02,0.6,326.0
2010-11-03,-1.2,332.0
2010-11-04,-2.6,326.0
2010-11-05,1.4,305.0
2010-11-06,-0.3,322.0
2010-11-07,-1.0,299.0
2010-11-08,1.1,289.0
2010-11-09,-1.5,337.0
2010-11-10,-0.6,288.0
2010-11-11,4.1,322.0
2010-11-12,-5.0,456.0
2010-11-13,-0.5,473.0
2010-11-14,2.3,473.0
2010-11-15,1.9,618.0
2010-11-16,-2.2,615.0
2010-11-17,-0.4,517.0
2010-11-18,-1.3,432.0
2010-11-19,-0.4,555.0
2010-11-20,2.3,354.0
2010-11-21,-0.4,390.0
2010-11-22,-1.8,400.0
2010-11-23,-0.7,475.0
2010-11-24,-0.3,459.0
2010-11-25,1.0,475.0
2010-11-26,0.6,403.0
2010-11-27,0.9,342.0
2010-11-28,4.4,438.0
2010-11-29,-0.2,418.0
2010-11-30,-1.9,377.0
2010-12-01,0.7,345.0
2010-12-02,-2.1,341.0
2010-12-03,1.9,319.0
2010-12-04,-0.4,288.0
2010-12-05,0.7,290.0
2010-12-06,1.6,279.0
2010-12-07,0.7,338.0
2010-12-08,0.0,361.0
2010-12-09,0.2,384.0
2010-12-10,1.3,335.0
2010-12-11,0.3,351.0
2010-12-12,1.4,320.0
2010-12-13,-3.1,428.0
2010-12-14,1.5,588.0
2010-12-15,-2.5,616.0
2010-12-16,1.6,561.0
2010-12-17,0.8,450.0
2010-12-18,0.9,407.0
2010-12-19,-2.0,376.0
2010-12-20,3.9,398.0
2010-12-21,-1.9,415.0
2010-12-22,0.1,350.0
2010-12-23,-1.7,308.0
2010-12-24,3.4,315.0
2010-12-25,0.6,329.0
2010-12-26,-1.4,411.0
2010-12-27,-2.2,370.0
2010-12-28,-3.0,326.0
2010-12-29,-1.8,364.0
2010-12-30,0.9,327.0
2010-12-31,-1.2,343.0
2011-01-01,-1.1,326.0
2011-01-02,-0.5,307.0
2011-01-03,-1.2,340.0
2011-01-04,1.0,384.0
2011-01-05,0.8,401.0
2011-01-06,-1.0,360.0
2011-01-07,-6.6,440.0
2011-01-08,-1.5,608.0
2011-01-09,0.7,572.0
2011-01-10,-1.8,594.0
2011-01-11,-0.8,495.0
2011-01-12,2.9,499.0
2011-01-13,-2.3,497.0
2011-01-14,-2.4,517.0
2011-01-15,0.8,461.0
2011-01-16,1.2,477.0
2011-01-17,-1.4,490.0
2011-01-18,-0.5,437.0
2011-01-19,1.8,463.0
2011-01-20,0.6,465.0
2011-01-21,1.2,432.0
2011-01-22,0.8,392.0
2011-01-23,0.6,369.0
2011-01-24,1.0,330.0
2011-01-25,-2.6,352.0
2011-01-26,-2.6,317.0
2011-01-27,-2.0,302.0
2011-01-28,-1.1,306.0
2011-01-29,-5.5,303.0
2011-01-30,0.4,294.0
2011-01-31,2.6,275.0
2011-02-01,2.0,283.0
2011-02-02,-0.7,512.0
2011-02-03,-0.9,402.0
2011-02-04,-0.8,311.0
2011-02-05,-4.7,573.0
2011-02-06,-1.0,557.0
2011-02-07,0.6,520.0
2011-02-08,-1.5,434.0
2011-02-09,-0.8,407.0
2011-02-10,0.9,344.0
2011-02-11,0.3,376.0
2011-02-12,-2.1,425.0
2011-02-13,0.7,375.0
2011-02-14,2.4,316.0
2011-02-15,11.3,368.0
2011-02-16,1.9,471.0
2011-02-17,0.6,389.0
2011-02-18,1.8,341.0
2011-02-19,-0.9,541.0
2011-02-20,-2.2,428.0
2011-02-21,-2.0,436.0
2011-02-22,-1.8,380.0
2011-02-23,-0.2,379.0
2011-02-24,1.3,346.0
2011-02-25,1.5,336.0
2011-02-26,3.1,320.0
2011-02-27,0.1,305.0
2011-02-28,1.4,313.0
2011-03-01,-4.0,314.0
2011-03-02,-2.2,631.0
2011-03-03,1.8,641.0
2011-03-04,-0.8,622.0
2011-03-05,-0.8,534.0
2011-03-06,1.6,487.0
2011-03-07,0.9,449.0
2011-03-08,-2.5,386.0
2011-03-09,-1.6,343.0
2011-03-10,-2.7,299.0
2011-03-11,-7.8,378.0
2011-03-12,-3.1,497.0
2011-03-13,1.9,559.0
2011-03-14,3.4,532.0
2011-03-15,3.9,553.0
2011-03-16,5.5,396.0
2011-03-17,5.0,347.0
2011-03-18,5.8,406.0
2011-03-19,0.3,340.0
2011-03-20,-1.3,340.0
2011-03-21,-3.7,362.0
2011-03-22,-1.7,336.0
2011-03-23,0.5,414.0
2011-03-24,4.9,466.0
2011-03-25,0.9,446.0
2011-03-26,2.4,397.0
2011-03-27,2.2,350.0
2011-03-28,2.8,362.0
2011-03-29,2.3,330.0
2011-03-30,2.8,377.0
2011-03-31,6.1,343.0
2011-04-01,2.2,322.0
2011-04-02,-7.4,413.0
2011-04-03,1.6,648.0
2011-04-04,-2.4,587.0
2011-04-05,-0.1,456.0
2011-04-06,3.2,556.0
2011-04-07,0.3,501.0
2011-04-08,0.2,461.0
2011-04-09,-5.5,411.0
2011-04-10,-0.7,391.0
2011-04-11,-0.9,336.0
2011-04-12,8.7,470.0
2011-04-13,-1.1,573.0
2011-04-14,0.6,469.0
2011-04-15,-1.7,404.0
2011-04-16,1.5,349.0
2011-04-17,0.0,331.0
2011-04-18,2.0,323.0
2011-04-19,-0.6,373.0
2011-04-20,3.1,449.0
2011-04-21,1.5,488.0
2011-04-22,1.4,435.0
2011-04-23,-0.1,425.0
2011-04-24,5.8,410.0
2011-04-25,-1.9,446.0
2011-04-26,-0.5,434.0
2011-04-27,0.9,378.0
2011-04-28,2.5,341.0
2011-04-29,-3.0,345.0
2011-04-30,-6.3,485.0
2011-05-01,-2.2,637.0
2011-05-02,-1.2,672.0
2011-05-03,-1.6,624.0
2011-05-04,-0.1,552.0
2011-05-05,-0.1,421.0
2011-05-06,1.9,390.0
2011-05-07,3.1,378.0
2011-05-08,-1.2,331.0
2011-05-09,-1.9,298.0
2011-05-10,3.1,328.0
2011-05-11,-1.2,388.0
2011-05-12,-2.4,345.0
2011-05-13,1.0,338.0
2011-05-14,1.3,346.0
2011-05-15,4.1,351.0
2011-05-16,-0.2,517.0
2011-05-17,2.4,569.0
2011-05-18,0.7,522.0
2011-05-19,0.1,418.0
2011-05-20,1.4,360.0
2011-05-21,2.0,334.0
2011-05-22,3.1,425.0
2011-05-23,1.6,436.0
2011-05-24,-3.1,376.0
2011-05-25,2.1,363.0
2011-05-26,0.2,359.0
2011-05-27,-0.2,370.0
2011-05-28,-2.3,450.0
2011-05-29,-1.5,616.0
2011-05-30,-0.5,640.0
2011-05-31,-1.0,572.0
2011-06-01,2.1,590.0
2011-06-02,-2.1,483.0
2011-06-03,0.5,418.0
2011-06-04,-1.4,390.0
2011-06-05,-3.8,484.0
2011-06-06,-2.0,481.0
2011-06-07,-0.3,410.0
2011-06-08,-6.6,489.0
2011-06-09,-4.0,466.0
2011-06-10,3.2,448.0
2011-06-11,-0.2,387.0
2011-06-12,-0.8,455.0
2011-06-13,0.8,468.0
2011-06-14,3.3,447.0
2011-06-15,-1.2,540.0
2011-06-16,-1.3,436.0
2011-06-17,1.1,451.0
2011-06-18,-1.4,425.0
2011-06-19,1.9,396.0
2011-06-20,0.6,391.0
2011-06-21,-2.5,397.0
2011-06-22,-1.5,472.0
2011-06-23,-2.7,590.0
2011-06-24,0.7,612.0
2011-06-25,-0.4,601.0
2011-06-26,-0.8,560.0
2011-06-27,-0.4,491.0
2011-06-28,0.3,381.0
2011-06-29,3.5,374.0
2011-06-30,3.2,336.0
2011-07-01,-4.7,326.0
2011-07-02,3.0,394.0
2011-07-03,-1.3,386.0
2011-07-04,-0.3,407.0
2011-07-05,-5.9,405.0
2011-07-06,-3.2,385.0
2011-07-07,-0.6,363.0
2011-07-08,-2.6,357.0
2011-07-09,0.6,345.0
2011-07-10,-1.1,435.0
2011-07-11,0.1,491.0
2011-07-12,-2.7,649.0
2011-07-13,3.3,643.0
2011-07-14,0.2,511.0
2011-07-15,0.1,474.0
2011-07-16,0.2,400.0
2011-07-17,-0.2,371.0
2011-07-18,2.4,369.0
2011-07-19,0.4,408.0
2011-07-20,-1.9,625.0
2011-07-21,-2.3,680.0
2011-07-22,0.2,659.0
2011-07-23,-0.6,609.0
2011-07-24,-0.1,504.0
2011-07-25,3.8,436.0
2011-07-26,-0.8,533.0
2011-07-27,-0.2,461.0
2011-07-28,-2.5,347.0
2011-07-29,3.5,317.0
2011-07-30,2.2,369.0
2011-07-31,1.8,528.0
2011-08-01,1.7,687.0
2011-08-02,-0.9,508.0
2011-08-03,-0.3,417.0
2011-08-04,3.9,358.0
2011-08-05,-4.6,417.0
2011-08-06,-3.6,579.0
2011-08-07,-0.1,583.0
2011-08-08,-0.5,488.0
2011-08-09,-0.5,578.0
2011-08-10,-0.6,522.0
2011-08-11,0.1,487.0
2011-08-12,3.0,408.0
2011-08-13,-0.6,389.0
2011-08-14,0.3,343.0
2011-08-15,-3.2,513.0
2011-08-16,1.8,432.0
2011-08-17,-1.1,446.0
2011-08-18,2.3,407.0
2011-08-19,1.7,376.0
2011-08-20,1.8,389.0
2011-08-21,1.8,358.0
2011-08-22,-3.2,414.0
2011-08-23,2.2,350.0
2011-08-24,1.2,538.0
2011-08-25,-1.4,474.0
2011-08-26,1.4,417.0
2011-08-27,-0.4,401.0
2011-08-28,-0.1,414.0
2011-08-29,-2.0,420.0
2011-08-30,0.3,454.0
2011-08-31,0.9,373.0
2011-09-01,0.4,346.0
2011-09-02,-0.2,294.0
2011-09-03,-1.8,306.0
2011-09-04,-2.0,405.0
2011-09-05,-0.4,392.0
2011-09-06,-0.4,432.0
2011-09-07,-2.7,406.0
2011-09-08,-0.8,387.0
2011-09-09,-0.5,330.0
2011-09-10,-5.5,505.0
2011-09-11,-0.5,565.0
2011-09-12,-1.4,589.0
2011-09-13,-0.9,601.0
2011-09-14,1.0,541.0
2011-09-15,2.1,456.0
2011-09-16,0.5,465.0
2011-09-17,-0.6,374.0
2011-09-18,11.2,432.0
2011-09-19,2.9,403.0
2011-09-20,3.8,431.0
2011-09-21,3.5,388.0
2011-09-22,4.2,394.0
2011-09-23,1.5,377.0
2011-09-24,0.9,361.0
2011-09-25,0.5,330.0
2011-09-26,-0.7,358.0
2011-09-27,-0.4,678.0
2011-09-28,-2.2,519.0
2011-09-29,2.4,457.0
2011-09-30,0.8,504.0
2011-10-01,-1.7,463.0
2011-10-02,2.2,527.0
2011-10-03,1.3,422.0
2011-10-04,-1.1,363.0
2011-10-05,-0.6,352.0
2011-10-06,8.4,400.0
2011-10-07,7.4,370.0
2011-10-08,-0.9,353.0
2011-10-09,-6.1,337.0
2011-10-10,5.8,339.0
2011-10-11,2.1,352.0
2011-10-12,1.0,397.0
2011-10-13,-0.3,365.0
2011-10-14,2.3,375.0
2011-10-15,-4.3,417.0
2011-10-16,2.1,433.0
2011-10-17,-1.8,431.0
2011-10-18,0.3,363.0
2011-10-19,1.5,356.0
2011-10-20,-1.8,407.0
2011-10-21,-2.0,352.0
2011-10-22,-1.2,320.0
2011-10-23,2.7,309.0
2011-10-24,1.7,327.0
2011-10-25,-12.8,504.0
2011-10-26,1.3,507.0
2011-10-27,-2.9,436.0
2011-10-28,0.7,383.0
2011-10-29,0.6,316.0
2011-10-30,-0.8,300.0
2011-10-31,-4.8,348.0
2011-11-01,-4.4,374.0
2011-11-02,1.0,381.0
2011-11-03,-0.1,391.0
2011-11-04,-0.1,338.0
2011-11-05,-3.6,347.0
2011-11-06,1.1,288.0
2011-11-07,0.0,329.0
2011-11-08,2.3,365.0
2011-11-09,1.2,392.0
2011-11-10,0.1,328.0
2011-11-11,2.5,378.0
2011-11-12,1.9,372.0
2011-11-13,0.4,421.0
2011-11-14,3.3,366.0
2011-11-15,3.0,374.0
2011-11-16,-0.9,407.0
2011-11-17,0.9,433.0
2011-11-18,1.6,404.0
2011-11-19,0.1,381.0
2011-11-20,3.1,328.0
2011-11-21,-2.2,295.0
2011-11-22,1.9,312.0
2011-11-23,-2.9,370.0
2011-11-24,-1.6,353.0
2011-11-25,-1.9,406.0
2011-11-26,0.7,406.0
2011-11-27,0.5,345.0
2011-11-28,1.0,414.0
2011-11-29,2.0,483.0
2011-11-30,1.8,436.0
2011-12-01,-4.1,464.0
2011-12-02,0.2,462.0
2011-12-03,1.7,397.0
2011-12-04,-2.0,468.0
2011-12-05,1.2,409.0
2011-12-06,-0.6,330.0
2011-12-07,-0.6,302.0
2011-12-08,2.6,313.0
2011-12-09,-1.8,306.0
2011-12-10,-3.9,343.0
2011-12-11,-2.0,368.0
2011-12-12,-2.2,469.0
2011-12-13,-1.4,472.0
2011-12-14,1.5,453.0
2011-12-15,-0.1,368.0
2011-12-16,-0.4,345.0
2011-12-17,0.1,298.0
2011-12-18,-0.3,263.0
2011-12-19,-0.1,301.0
2011-12-20,-3.7,346.0
2011-12-21,-2.4,337.0
2011-12-22,-0.3,384.0
2011-12-23,-0.5,386.0
2011-12-24,1.7,369.0
2011-12-25,-0.9,351.0
2011-12-26,1.4,340.0
2011-12-27,0.1,305.0
2011-12-28,5.0,252.0
2011-12-29,4.1,329.0
2011-12-30,-0.8,426.0
2011-12-31,-1.6,377.0
2012-01-01,0.8,379.0
2012-01-02,2.3,359.0
2012-01-03,-6.7,403.0
2012-01-04,0.0,359.0
2012-01-05,-1.9,312.0
2012-01-06,6.1,356.0
2012-01-07,-0.7,435.0
2012-01-08,-3.0,433.0
2012-01-09,-2.5,433.0
2012-01-10,0.8,434.0
2012-01-11,-0.8,438.0
2012-01-12,-0.4,453.0
2012-01-13,1.9,500.0
2012-01-14,-2.0,445.0
2012-01-15,2.5,363.0
2012-01-16,-0.9,385.0
2012-01-17,-2.7,476.0
2012-01-18,-1.1,400.0
2012-01-19,-0.4,372.0
2012-01-20,-2.3,364.0
2012-01-21,-3.3,313.0
2012-01-22,9.4,331.0
2012-01-23,-7.9,439.0
2012-01-24,-5.7,411.0
2012-01-25,1.5,579.0
2012-01-26,0.6,474.0
2012-01-27,-0.1,458.0
2012-01-28,-1.0,497.0
2012-01-29,-0.7,437.0
2012-01-30,2.4,394.0
2012-01-31,0.8,399.0
2012-02-01,2.8,351.0
2012-02-02,0.6,406.0
2012-02-03,-3.9,404.0
2012-02-04,-1.8,424.0
2012-02-05,1.5,447.0
2012-02-06,2.5,408.0
2012-02-07,-2.2,398.0
2012-02-08,-2.8,503.0
2012-02-09,0.4,429.0
2012-02-10,4.1,423.0
2012-02-11,-1.3,425.0
2012-02-12,-1.3,349.0
2012-02-13,1.3,361.0
2012-02-14,-1.9,365.0
2012-02-15,-4.4,390.0
2012-02-16,-0.1,370.0
2012-02-17,2.6,353.0
2012-02-18,2.2,304.0
2012-02-19,-6.9,360.0
2012-02-20,3.0,516.0
2012-02-21,-3.1,506.0
2012-02-22,-2.6,384.0
2012-02-23,2.7,505.0
2012-02-24,0.9,420.0
2012-02-25,4.8,404.0
2012-02-26,0.6,431.0
2012-02-27,2.1,453.0
2012-02-28,5.2,461.0
2012-02-29,-2.6,439.0
2012-03-01,6.4,476.0
2012-03-02,-2.6,460.0
2012-03-03,-3.9,420.0
2012-03-04,-6.6,380.0
2012-03-05,-3.6,383.0
2012-03-06,-2.5,376.0
2012-03-07,-2.8,382.0
2012-03-08,6.5,516.0
2012-03-09,6.8,664.0
2012-03-10,-2.2,599.0
2012-03-11,0.4,456.0
2012-03-12,0.5,433.0
2012-03-13,-4.5,705.0
2012-03-14,-2.6,527.0
2012-03-15,-3.9,515.0
2012-03-16,-1.4,700.0
2012-03-17,-1.7,670.0
2012-03-18,-2.3,664.0
2012-03-19,0.6,515.0
2012-03-20,-1.7,475.0
2012-03-21,-0.3,421.0
2012-03-22,3.3,367.0
2012-03-23,-1.4,406.0
2012-03-24,0.6,365.0
2012-03-25,0.1,427.0
2012-03-26,1.8,373.0
2012-03-27,-3.0,335.0
2012-03-28,-6.8,384.0
2012-03-29,-0.4,365.0
2012-03-30,-3.3,336.0
2012-03-31,0.3,361.0
2012-04-01,1.1,364.0
2012-04-02,-5.4,347.0
2012-04-03,-4.7,320.0
2012-04-04,-2.3,351.0
2012-04-05,-7.7,330.0
2012-04-06,2.4,359.0
2012-04-07,-0.1,322.0
2012-04-08,-1.8,365.0
2012-04-09,0.1,342.0
2012-04-10,-3.9,329.0
2012-04-11,0.0,331.0
2012-04-12,4.3,329.0
2012-04-13,-3.1,517.0
2012-04-14,-0.7,577.0
2012-04-15,0.8,514.0
2012-04-16,0.0,428.0
2012-04-17,-1.8,330.0
2012-04-18,-3.0,399.0
2012-04-19,-0.4,410.0
2012-04-20,1.9,342.0
2012-04-21,-1.2,326.0
2012-04-22,-4.6,336.0
2012-04-23,-1.2,324.0
2012-04-24,-11.2,362.0
2012-04-25,-3.7,508.0
2012-04-26,3.6,694.0
2012-04-27,-1.9,547.0
2012-04-28,1.9,473.0
2012-04-29,-1.9,420.0
2012-04-30,-0.6,385.0
2012-05-01,-1.5,320.0
2012-05-02,-2.8,305.0
2012-05-03,-3.7,291.0
2012-05-04,4.1,302.0
2012-05-05,2.5,310.0
2012-05-06,4.0,330.0
2012-05-07,3.5,312.0
2012-05-08,5.7,317.0
2012-05-09,7.4,419.0
2012-05-10,-1.8,602.0
2012-05-11,-3.7,622.0
2012-05-12,-0.9,558.0
2012-05-13,-4.5,490.0
2012-05-14,-0.3,465.0
2012-05-15,1.1,425.0
2012-05-16,1.9,372.0
2012-05-17,-3.1,364.0
2012-05-18,-3.2,427.0
2012-05-19,1.8,390.0
2012-05-20,-0.4,356.0
2012-05-21,1.6,371.0
2012-05-22,3.8,366.0
2012-05-23,-3.8,422.0
2012-05-24,0.0,614.0
2012-05-25,0.4,505.0
2012-05-26,-2.4,455.0
2012-05-27,1.3,361.0
2012-05-28,2.1,357.0
2012-05-29,1.3,383.0
2012-05-30,1.1,432.0
2012-05-31,1.7,426.0
2012-06-01,-0.8,357.0
2012-06-02,6.3,371.0
2012-06-03,-0.6,330.0
2012-06-04,3.1,326.0
2012-06-05,2.1,659.0
2012-06-06,-1.0,647.0
2012-06-07,-1.1,675.0
2012-06-08,-0.3,604.0
2012-06-09,0.6,504.0
2012-06-10,4.0,424.0
2012-06-11,-2.8,394.0
2012-06-12,-9.0,422.0
2012-06-13,2.2,382.0
2012-06-14,-0.1,387.0
2012-06-15,1.2,329.0
2012-06-16,1.9,306.0
2012-06-17,31.4,515.0
2012-06-18,-8.9,401.0
2012-06-19,-0.2,543.0
2012-06-20,-3.1,363.0
2012-06-21,0.7,330.0
2012-06-22,0.9,392.0
2012-06-23,1.8,417.0
2012-06-24,-0.2,400.0
2012-06-25,0.2,352.0
2012-06-26,2.1,429.0
2012-06-27,5.2,376.0
2012-06-28,2.8,500.0
2012-06-29,1.2,418.0
2012-06-30,-1.9,398.0
2012-07-01,3.2,650.0
2012-07-02,2.0,653.0
2012-07-03,-1.3,634.0
2012-07-04,-0.1,538.0
2012-07-05,2.0,500.0
2012-07-06,2.2,457.0
2012-07-07,2.0,486.0
2012-07-08,1.8,441.0
2012-07-09,-3.2,438.0
2012-07-10,-1.3,389.0
2012-07-11,-0.6,489.0
2012-07-12,-2.6,502.0
2012-07-13,0.9,395.0
2012-07-14,0.0,324.0
2012-07-15,4.9,665.0
2012-07-16,-14.0,503.0
2012-07-17,-5.6,429.0
2012-07-18,-1.1,467.0
2012-07-19,1.2,419.0
2012-07-20,2.6,381.0
2012-07-21,-4.0,412.0
2012-07-22,4.5,458.0
2012-07-23,-0.6,451.0
2012-07-24,1.4,469.0
2012-07-25,-2.6,522.0
2012-07-26,-0.7,402.0
2012-07-27,3.8,348.0
2012-07-28,10.9,356.0
2012-07-29,-4.0,356.0
2012-07-30,-0.6,352.0
2012-07-31,0.4,408.0
2012-08-01,2.6,403.0
2012-08-02,2.6,377.0
2012-08-03,-0.3,479.0
2012-08-04,0.6,429.0
2012-08-05,2.4,363.0
2012-08-06,-5.2,337.0
2012-08-07,0.5,384.0
2012-08-08,-5.3,417.0
2012-08-09,-2.4,371.0
2012-08-10,3.0,331.0
2012-08-11,3.7,325.0
2012-08-12,-3.5,351.0
2012-08-13,4.2,382.0
2012-08-14,1.1,477.0
2012-08-15,0.2,469.0
2012-08-16,-2.4,466.0
2012-08-17,-3.5,483.0
2012-08-18,-1.5,376.0
2012-08-19,8.7,398.0
2012-08-20,-0.7,583.0
2012-08-21,0.5,495.0
2012-08-22,-1.0,386.0
2012-08-23,-1.0,406.0
2012-08-24,-1.7,395.0
2012-08-25,3.4,401.0
2012-08-26,1.4,526.0
2012-08-27,1.7,658.0
2012-08-28,-0.4,493.0
2012-08-29,-0.2,543.0
2012-08-30,0.7,444.0
2012-08-31,0.6,404.0
2012-09-01,-2.0,304.0
2012-09-02,-4.9,319.0
2012-09-03,-8.0,310.0
2012-09-04,7.5,447.0
2012-09-05,-5.5,483.0
2012-09-06,0.9,451.0
2012-09-07,0.0,376.0
2012-09-08,-3.3,384.0
2012-09-09,-1.1,361.0
2012-09-10,1.4,359.0
2012-09-11,1.2,316.0
2012-09-12,0.5,283.0
2012-09-13,0.0,383.0
2012-09-14,3.1,419.0
2012-09-15,-3.6,436.0
2012-09-16,1.0,392.0
2012-09-17,-1.2,439.0
2012-09-18,1.8,405.0
2012-09-19,4.3,381.0
2012-09-20,-5.4,374.0
2012-09-21,1.0,527.0
2012-09-22,-0.7,497.0
2012-09-23,1.8,393.0
2012-09-24,0.1,335.0
2012-09-25,1.1,355.0
2012-09-26,4.4,328.0
2012-09-27,1.3,415.0
2012-09-28,0.2,375.0
2012-09-29,1.3,321.0
2012-09-30,-1.9,281.0
2012-10-01,-17.1,394.0
2012-10-02,5.9,333.0
2012-10-03,-3.8,312.0
2012-10-04,-1.4,338.0
2012-10-05,-0.9,297.0
2012-10-06,-2.0,325.0
2012-10-07,-1.0,318.0
2012-10-08,-5.2,323.0
2012-10-09,-14.6,380.0
2012-10-10,9.8,543.0
2012-10-11,-2.0,468.0
2012-10-12,-2.6,506.0
2012-10-13,-4.8,476.0
2012-10-14,-2.9,562.0
2012-10-15,-2.1,495.0
2012-10-16,1.4,395.0
2012-10-17,-2.2,416.0
2012-10-18,1.2,477.0
2012-10-19,-1.8,522.0
2012-10-20,1.8,404.0
2012-10-21,-1.4,352.0
2012-10-22,-1.0,355.0
2012-10-23,2.3,352.0
2012-10-24,1.1,351.0
2012-10-25,-1.8,335.0
2012-10-26,-0.6,340.0
2012-10-27,-1.8,322.0
2012-10-28,1.3,349.0
2012-10-29,-2.2,317.0
2012-10-30,-2.3,279.0
2012-10-31,1.9,281.0
2012-11-01,-1.4,361.0
2012-11-02,-1.4,324.0
2012-11-03,-0.2,305.0
2012-11-04,0.1,318.0
2012-11-05,1.3,303.0
2012-11-06,-1.3,285.0
2012-11-07,-0.1,328.0
2012-11-08,1.0,492.0
2012-11-09,2.5,392.0
2012-11-10,1.9,326.0
2012-11-11,-1.8,297.0
2012-11-12,-1.4,308.0
2012-11-13,-4.0,385.0
2012-11-14,-13.9,372.0
2012-11-15,1.1,461.0
2012-11-16,-0.6,394.0
2012-11-17,1.5,391.0
2012-11-18,-1.5,420.0
2012-11-19,-1.5,392.0
2012-11-20,1.1,388.0
2012-11-21,-5.5,435.0
2012-11-22,-0.3,392.0
2012-11-23,0.1,332.0
2012-11-24,-0.3,398.0
2012-11-25,4.7,343.0
2012-11-26,-0.8,433.0
2012-11-27,0.2,472.0
2012-11-28,0.5,412.0
2012-11-29,-1.0,361.0
2012-11-30,-1.3,337.0
2012-12-01,-1.0,318.0
2012-12-02,-2.6,329.0
2012-12-03,0.3,313.0
2012-12-04,2.7,361.0
2012-12-05,0.7,390.0
2012-12-06,-0.4,338.0
2012-12-07,1.5,300.0
2012-12-08,-0.3,282.0
2012-12-09,-0.6,299.0
2012-12-10,-0.3,310.0
2012-12-11,2.0,307.0
2012-12-12,-0.5,287.0
2012-12-13,-3.3,282.0
2012-12-14,1.9,281.0
2012-12-15,3.7,341.0
2012-12-16,4.0,386.0
2012-12-17,-1.6,398.0
2012-12-18,-0.5,448.0
2012-12-19,-0.2,489.0
2012-12-20,1.7,423.0
2012-12-21,0.5,483.0
2012-12-22,1.3,407.0
2012-12-23,1.9,343.0
2012-12-24,0.5,317.0
2012-12-25,-0.3,310.0
2012-12-26,0.1,318.0
2012-12-27,-0.3,308.0
2012-12-28,-0.7,288.0
2012-12-29,-1.0,287.0
2012-12-30,-2.3,312.0
2012-12-31,0.0,469.0
2013-01-01,-0.4,358.0
2013-01-02,1.3,307.0
2013-01-03,-0.4,310.0
2013-01-04,-2.7,305.0
2013-01-05,0.3,335.0
2013-01-06,-0.4,293.0
2013-01-07,0.4,346.0
2013-01-08,-0.7,344.0
2013-01-09,-3.1,331.0
2013-01-10,-0.4,325.0
2013-01-11,1.6,297.0
2013-01-12,-1.4,363.0
2013-01-13,-3.9,384.0
2013-01-14,-2.2,484.0
2013-01-15,1.1,500.0
2013-01-16,0.5,418.0
2013-01-17,1.7,396.0
2013-01-18,-4.1,361.0
2013-01-19,-0.8,439.0
2013-01-20,-5.3,437.0
2013-01-21,-0.9,386.0
2013-01-22,-0.5,343.0
2013-01-23,-0.8,306.0
2013-01-24,-2.7,285.0
2013-01-25,5.5,282.0
2013-01-26,3.2,392.0
2013-01-27,-1.9,525.0
2013-01-28,-0.6,412.0
2013-01-29,-2.2,398.0
2013-01-30,-0.8,349.0
2013-01-31,-0.3,310.0
2013-02-01,-2.5,326.0
2013-02-02,-2.1,380.0
2013-02-03,-0.7,454.0
2013-02-04,-0.4,404.0
2013-02-05,-1.6,343.0
2013-02-06,3.0,331.0
2013-02-07,-0.7,337.0
2013-02-08,3.8,367.0
2013-02-09,-1.3,449.0
2013-02-10,0.5,396.0
2013-02-11,-1.7,354.0
2013-02-12,-1.5,370.0
2013-02-13,-0.6,348.0
2013-02-14,-6.9,367.0
2013-02-15,0.1,381.0
2013-02-16,-0.4,332.0
2013-02-17,3.8,379.0
2013-02-18,5.2,350.0
2013-02-19,2.1,321.0
2013-02-20,-0.2,355.0
2013-02-21,-2.8,405.0
2013-02-22,-3.9,400.0
2013-02-23,-4.6,394.0
2013-02-24,-2.1,360.0
2013-02-25,0.2,316.0
2013-02-26,-0.5,345.0
2013-02-27,-1.1,301.0
2013-02-28,-1.4,336.0
2013-03-01,-3.9,381.0
2013-03-02,0.7,609.0
2013-03-03,-1.4,506.0
2013-03-04,-2.1,434.0
2013-03-05,-2.0,396.0
2013-03-06,-1.4,339.0
2013-03-07,4.0,313.0
2013-03-08,2.8,323.0
2013-03-09,-2.4,341.0
2013-03-10,4.3,347.0
2013-03-11,-2.0,316.0
2013-03-12,0.5,311.0
2013-03-13,-0.7,322.0
2013-03-14,-0.1,309.0
2013-03-15,3.3,349.0
2013-03-16,-2.0,436.0
2013-03-17,-0.8,414.0
2013-03-18,4.6,624.0
2013-03-19,0.4,470.0
2013-03-20,-1.3,480.0
2013-03-21,-4.6,518.0
2013-03-22,6.2,438.0
2013-03-23,2.1,373.0
2013-03-24,0.8,422.0
2013-03-25,2.5,385.0
2013-03-26,1.8,400.0
2013-03-27,1.9,371.0
2013-03-28,-2.4,498.0
2013-03-29,-2.9,400.0
2013-03-30,-1.4,529.0
2013-03-31,-2.9,528.0
2013-04-01,-1.0,463.0
2013-04-02,-1.9,384.0
2013-04-03,-0.5,332.0
2013-04-04,-0.2,301.0
2013-04-05,-1.8,275.0
2013-04-06,1.8,295.0
2013-04-07,-2.3,337.0
2013-04-08,3.7,329.0
2013-04-09,-0.1,359.0
2013-04-10,3.4,340.0
2013-04-11,6.0,380.0
2013-04-12,-0.3,466.0
2013-04-13,-0.2,430.0
2013-04-14,1.8,473.0
2013-04-15,9.2,440.0
2013-04-16,3.0,397.0
2013-04-17,-2.1,342.0
2013-04-18,-1.1,321.0
2013-04-19,0.9,291.0
2013-04-20,1.4,299.0
2013-04-21,2.6,291.0
2013-04-22,-3.5,278.0
2013-04-23,0.8,269.0
2013-04-24,-6.8,321.0
2013-04-25,-1.4,417.0
2013-04-26,0.7,493.0
2013-04-27,-0.9,547.0
2013-04-28,-0.7,427.0
2013-04-29,-0.4,433.0
2013-04-30,-2.5,355.0
2013-05-01,-3.8,379.0
2013-05-02,-4.1,480.0
2013-05-03,0.5,431.0
2013-05-04,-0.6,374.0
2013-05-05,-3.3,362.0
2013-05-06,2.9,426.0
2013-05-07,-2.2,489.0
2013-05-08,-0.3,509.0
2013-05-09,0.9,485.0
2013-05-10,1.3,452.0
2013-05-11,2.2,423.0
2013-05-12,-1.5,374.0
2013-05-13,-0.9,314.0
2013-05-14,3.1,366.0
2013-05-15,5.9,332.0
2013-05-16,5.3,408.0
2013-05-17,1.7,379.0
2013-05-18,-4.0,380.0
2013-05-19,-5.7,403.0
2013-05-20,6.8,420.0
2013-05-21,-3.0,402.0
2013-05-22,-2.5,465.0
2013-05-23,-0.3,451.0
2013-05-24,0.5,456.0
2013-05-25,-2.5,527.0
2013-05-26,3.9,708.0
2013-05-27,-0.4,613.0
2013-05-28,-0.9,698.0
2013-05-29,0.3,592.0
2013-05-30,-0.2,447.0
2013-05-31,0.3,345.0
2013-06-01,8.4,405.0
2013-06-02,0.4,626.0
2013-06-03,2.7,705.0
2013-06-04,-1.2,631.0
2013-06-05,0.6,550.0
2013-06-06,0.2,481.0
2013-06-07,-11.7,450.0
2013-06-08,4.0,406.0
2013-06-09,0.3,409.0
2013-06-10,-3.8,343.0
2013-06-11,3.9,378.0
2013-06-12,-0.5,419.0
2013-06-13,-1.5,389.0
2013-06-14,-0.2,338.0
2013-06-15,-3.4,320.0
2013-06-16,-0.9,330.0
2013-06-17,-1.8,322.0
2013-06-18,-2.0,279.0
2013-06-19,-3.6,282.0
2013-06-20,-7.3,304.0
2013-06-21,-4.6,488.0
2013-06-22,0.0,572.0
2013-06-23,-0.9,606.0
2013-06-24,1.3,560.0
2013-06-25,-2.0,533.0
2013-06-26,0.0,481.0
2013-06-27,-0.9,400.0
2013-06-28,-3.8,422.0
2013-06-29,-11.3,383.0
2013-06-30,-3.9,457.0
2013-07-01,-1.1,538.0
2013-07-02,1.0,433.0
2013-07-03,-0.2,391.0
2013-07-04,-1.5,363.0
2013-07-05,-0.6,366.0
2013-07-06,-9.2,357.0
2013-07-07,-5.2,318.0
2013-07-08,2.6,291.0
2013-07-09,2.4,317.0
2013-07-10,-1.9,388.0
2013-07-11,-4.3,448.0
2013-07-12,-1.1,459.0
2013-07-13,2.8,500.0
2013-07-14,-6.3,412.0
2013-07-15,-5.3,381.0
2013-07-16,2.3,379.0
2013-07-17,2.0,345.0
2013-07-18,0.6,349.0
2013-07-19,-2.1,516.0
2013-07-20,-1.7,598.0
2013-07-21,0.0,412.0
2013-07-22,3.7,397.0
2013-07-23,-1.3,366.0
2013-07-24,-2.5,366.0
2013-07-25,0.5,325.0
2013-07-26,-1.1,480.0
2013-07-27,-2.2,518.0
2013-07-28,0.4,424.0
2013-07-29,-0.7,431.0
2013-07-30,2.0,389.0
2013-07-31,-0.5,375.0
2013-08-01,-0.8,360.0
2013-08-02,-1.2,352.0
2013-08-03,0.1,306.0
2013-08-04,-1.4,322.0
2013-08-05,-7.1,535.0
2013-08-06,-2.1,486.0
2013-08-07,-0.9,436.0
2013-08-08,0.5,405.0
2013-08-09,0.4,361.0
2013-08-10,1.2,478.0
2013-08-11,3.1,440.0
2013-08-12,0.7,375.0
2013-08-13,-0.2,346.0
2013-08-14,-2.6,413.0
2013-08-15,0.5,468.0
2013-08-16,-2.1,580.0
2013-08-17,1.3,749.0
2013-08-18,1.3,595.0
2013-08-19,1.9,512.0
2013-08-20,-0.2,441.0
2013-08-21,4.7,407.0
2013-08-22,-1.1,514.0
2013-08-23,-2.6,544.0
2013-08-24,-0.4,486.0
2013-08-25,-0.3,428.0
2013-08-26,-2.1,372.0
2013-08-27,-2.7,354.0
2013-08-28,-2.7,417.0
2013-08-29,0.6,407.0
2013-08-30,2.2,356.0
2013-08-31,-4.9,407.0
2013-09-01,-2.0,433.0
2013-09-02,-0.4,452.0
2013-09-03,1.8,362.0
2013-09-04,-0.3,443.0
2013-09-05,1.5,430.0
2013-09-06,1.5,419.0
2013-09-07,-3.0,372.0
2013-09-08,1.4,363.0
2013-09-09,1.1,364.0
2013-09-10,-0.1,311.0
2013-09-11,1.6,391.0
2013-09-12,-0.4,394.0
2013-09-13,-0.8,460.0
2013-09-14,2.9,558.0
2013-09-15,-0.4,453.0
2013-09-16,-3.1,372.0
2013-09-17,-0.3,369.0
2013-09-18,1.0,366.0
2013-09-19,-1.0,558.0
2013-09-20,-1.6,525.0
2013-09-21,-2.0,415.0
2013-09-22,-1.1,403.0
2013-09-23,-0.9,388.0
2013-09-24,-2.2,334.0
2013-09-25,1.4,442.0
2013-09-26,1.7,384.0
2013-09-27,2.0,323.0
2013-09-28,-0.1,307.0
2013-09-29,0.2,279.0
2013-09-30,1.6,266.0
2013-10-01,1.5,260.0
2013-10-02,-0.4,374.0
2013-10-03,-2.6,548.0
2013-10-04,4.1,406.0
2013-10-05,1.7,359.0
2013-10-06,1.0,320.0
2013-10-07,1.1,308.0
2013-10-08,1.7,304.0
2013-10-09,-0.0,514.0
2013-10-10,-4.2,471.0
2013-10-11,-0.6,421.0
2013-10-12,-0.3,379.0
2013-10-13,-0.3,376.0
2013-10-14,-1.5,325.0
2013-10-15,-1.6,452.0
2013-10-16,0.4,533.0
2013-10-17,-1.8,464.0
2013-10-18,-0.8,387.0
2013-10-19,1.1,368.0
2013-10-20,1.7,318.0
2013-10-21,-2.5,301.0
2013-10-22,3.0,309.0
2013-10-23,2.1,327.0
2013-10-24,1.0,313.0
2013-10-25,1.6,308.0
2013-10-26,0.4,305.0
2013-10-27,3.3,299.0
2013-10-28,0.8,283.0
2013-10-29,-0.9,295.0
2013-10-30,1.5,329.0
2013-10-31,2.1,343.0
2013-11-01,0.0,351.0
2013-11-02,-1.6,344.0
2013-11-03,-2.8,362.0
2013-11-04,-0.4,371.0
2013-11-05,-3.7,339.0
2013-11-06,0.6,332.0
2013-11-07,1.0,324.0
2013-11-08,-1.4,384.0
2013-11-09,-0.2,407.0
2013-11-10,1.4,604.0
2013-11-11,-3.4,506.0
2013-11-12,-0.5,445.0
2013-11-13,1.8,397.0
2013-11-14,0.9,378.0
2013-11-15,-2.0,355.0
2013-11-16,-5.3,348.0
2013-11-17,1.3,536.0
2013-11-18,0.1,423.0
2013-11-19,0.9,389.0
2013-11-20,-3.6,387.0
2013-11-21,0.5,375.0
2013-11-22,-1.2,315.0
2013-11-23,1.3,301.0
2013-11-24,-1.2,323.0
2013-11-25,-1.1,306.0
2013-11-26,-0.5,296.0
2013-11-27,1.5,306.0
2013-11-28,2.6,286.0
2013-11-29,-1.2,272.0
2013-11-30,1.2,334.0
2013-12-01,-2.5,516.0
2013-12-02,3.2,455.0
2013-12-03,1.0,386.0
2013-12-04,1.4,394.0
2013-12-05,-1.7,350.0
2013-12-06,1.5,325.0
2013-12-07,-2.4,335.0
2013-12-08,-8.3,419.0
2013-12-09,-0.1,530.0
2013-12-10,0.6,420.0
2013-12-11,-0.2,370.0
2013-12-12,-0.8,319.0
2013-12-13,-0.6,285.0
2013-12-14,-1.8,300.0
2013-12-15,4.0,599.0
2013-12-16,2.2,447.0
2013-12-17,-1.6,411.0
2013-12-18,1.6,376.0
2013-12-19,-1.8,357.0
2013-12-20,-1.8,360.0
2013-12-21,-1.2,346.0
2013-12-22,3.0,325.0
2013-12-23,0.0,309.0
2013-12-24,1.6,293.0
2013-12-25,0.8,309.0
2013-12-26,2.4,286.0
2013-12-27,4.3,266.0
2013-12-28,2.0,299.0
2013-12-29,2.8,359.0
2013-12-30,1.0,333.0
2013-12-31,-3.4,415.0
2014-01-01,0.6,399.0
2014-01-02,1.8,551.0
2014-01-03,-1.3,614.0
2014-01-04,0.7,475.0
2014-01-05,1.6,475.0
2014-01-06,1.6,407.0
2014-01-07,-1.4,360.0
2014-01-08,-2.4,374.0
2014-01-09,-3.2,364.0
2014-01-10,4.0,439.0
2014-01-11,1.7,418.0
2014-01-12,3.3,418.0
2014-01-13,-1.8,671.0
2014-01-14,-3.6,687.0
2014-01-15,-0.3,611.0
2014-01-16,-0.0,427.0
2014-01-17,0.5,380.0
2014-01-18,-2.7,340.0
2014-01-19,0.6,326.0
2014-01-20,1.2,286.0
2014-01-21,-1.1,327.0
2014-01-22,2.8,472.0
2014-01-23,1.8,446.0
2014-01-24,-2.4,373.0
2014-01-25,-1.9,373.0
2014-01-26,-0.6,347.0
2014-01-27,3.0,352.0
2014-01-28,3.3,317.0
2014-01-29,4.2,450.0
2014-01-30,1.4,391.0
2014-01-31,2.7,351.0
2014-02-01,1.0,317.0
2014-02-02,-1.7,360.0
2014-02-03,0.5,426.0
2014-02-04,-2.6,334.0
2014-02-05,5.0,361.0
2014-02-06,-1.6,380.0
2014-02-07,0.5,355.0
2014-02-08,9.4,449.0
2014-02-09,-5.4,402.0
2014-02-10,-2.4,469.0
2014-02-11,-1.3,558.0
2014-02-12,-2.1,450.0
2014-02-13,2.6,407.0
2014-02-14,5.0,336.0
2014-02-15,1.7,337.0
2014-02-16,-7.1,419.0
2014-02-17,-2.4,362.0
2014-02-18,-0.4,351.0
2014-02-19,-8.3,393.0
2014-02-20,-2.5,520.0
2014-02-21,-1.4,522.0
2014-02-22,-4.1,463.0
2014-02-23,-1.1,456.0
2014-02-24,6.1,469.0
2014-02-25,0.3,425.0
2014-02-26,-2.5,378.0
2014-02-27,2.3,346.0
2014-02-28,-7.1,442.0
2014-03-01,0.6,394.0
2014-03-02,-1.5,383.0
2014-03-03,-3.5,357.0
2014-03-04,-0.7,340.0
2014-03-05,4.1,406.0
2014-03-06,-0.4,457.0
2014-03-07,-2.0,452.0
2014-03-08,0.3,384.0
2014-03-09,0.1,374.0
2014-03-10,-0.8,292.0
2014-03-11,-0.5,310.0
2014-03-12,-0.8,306.0
2014-03-13,-8.2,320.0
2014-03-14,3.2,475.0
2014-03-15,-1.1,408.0
2014-03-16,0.2,387.0
2014-03-17,0.6,319.0
2014-03-18,-2.4,293.0
2014-03-19,1.5,321.0
2014-03-20,0.7,299.0
2014-03-21,-3.0,312.0
2014-03-22,2.5,366.0
2014-03-23,1.9,485.0
2014-03-24,2.1,487.0
2014-03-25,-0.6,368.0
2014-03-26,-2.1,507.0
2014-03-27,5.7,413.0
2014-03-28,4.7,429.0
2014-03-29,-1.1,422.0
2014-03-30,-0.9,443.0
2014-03-31,2.8,394.0
2014-04-01,3.4,387.0
2014-04-02,2.4,434.0
2014-04-03,0.6,383.0
2014-04-04,5.0,391.0
2014-04-05,-0.2,409.0
2014-04-06,4.8,442.0
2014-04-07,-2.2,359.0
2014-04-08,0.6,441.0
2014-04-09,3.0,437.0
2014-04-10,2.2,443.0
2014-04-11,5.0,402.0
2014-04-12,-7.7,349.0
2014-04-13,-5.5,340.0
2014-04-14,-0.7,357.0
2014-04-15,1.5,341.0
2014-04-16,1.7,327.0
2014-04-17,0.4,329.0
2014-04-18,6.0,389.0
2014-04-19,-3.2,489.0
2014-04-20,1.5,493.0
2014-04-21,3.7,633.0
2014-04-22,3.2,536.0
2014-04-23,0.2,442.0
2014-04-24,-0.9,404.0
2014-04-25,-2.1,473.0
2014-04-26,-3.2,399.0
2014-04-27,-2.3,345.0
2014-04-28,0.2,316.0
2014-04-29,-1.8,275.0
2014-04-30,-7.9,297.0
2014-05-01,-1.6,312.0
2014-05-02,2.4,367.0
2014-05-03,1.9,325.0
2014-05-04,-4.8,344.0
2014-05-05,1.8,339.0
2014-05-06,2.9,370.0
2014-05-07,1.1,349.0
2014-05-08,-3.2,340.0
2014-05-09,-5.3,357.0
2014-05-10,0.5,376.0
2014-05-11,-6.0,348.0
2014-05-12,-0.8,399.0
2014-05-13,1.1,389.0
2014-05-14,1.6,339.0
2014-05-15,-2.2,348.0
2014-05-16,0.1,330.0
2014-05-17,-0.7,335.0
2014-05-18,0.5,337.0
2014-05-19,2.4,339.0
2014-05-20,3.3,350.0
2014-05-21,-0.1,320.0
2014-05-22,0.1,310.0
2014-05-23,-6.3,375.0
2014-05-24,1.5,464.0
2014-05-25,-0.7,439.0
2014-05-26,-0.9,384.0
2014-05-27,-1.0,316.0
2014-05-28,2.5,317.0
2014-05-29,2.1,331.0
2014-05-30,3.1,327.0
2014-05-31,9.1,356.0
2014-06-01,6.8,313.0
2014-06-02,2.0,288.0
2014-06-03,-7.0,310.0
2014-06-04,1.6,330.0
2014-06-05,-3.1,337.0
2014-06-06,-3.8,342.0
2014-06-07,1.5,367.0
2014-06-08,-0.5,415.0
2014-06-09,1.2,596.0
2014-06-10,0.2,415.0
2014-06-11,1.9,454.0
2014-06-12,-0.1,530.0
2014-06-13,1.4,353.0
2014-06-14,-1.0,367.0
2014-06-15,0.3,378.0
2014-06-16,1.6,357.0
2014-06-17,-4.7,392.0
2014-06-18,-6.5,468.0
2014-06-19,5.1,448.0
2014-06-20,-1.7,423.0
2014-06-21,3.8,433.0
2014-06-22,0.1,403.0
2014-06-23,-0.3,376.0
2014-06-24,-2.8,361.0
2014-06-25,0.1,315.0
2014-06-26,4.2,334.0
2014-06-27,0.5,348.0
2014-06-28,-2.6,320.0
2014-06-29,-1.5,342.0
2014-06-30,-4.2,359.0
2014-07-01,1.4,343.0
2014-07-02,1.4,310.0
2014-07-03,1.7,320.0
2014-07-04,-1.9,320.0
2014-07-05,0.2,309.0
2014-07-06,1.5,270.0
2014-07-07,-3.5,275.0
2014-07-08,-0.5,308.0
2014-07-09,-0.2,331.0
2014-07-10,-3.5,358.0
2014-07-11,-1.1,378.0
2014-07-12,1.5,355.0
2014-07-13,1.0,343.0
2014-07-14,4.5,332.0
2014-07-15,5.3,363.0
2014-07-16,-0.7,450.0
2014-07-17,0.9,388.0
2014-07-18,0.5,351.0
2014-07-19,-0.0,329.0
2014-07-20,-0.1,290.0
2014-07-21,-2.1,278.0
2014-07-22,0.2,316.0
2014-07-23,2.1,321.0
2014-07-24,0.9,321.0
2014-07-25,-3.5,324.0
2014-07-26,-1.4,332.0
2014-07-27,-1.4,354.0
2014-07-28,1.7,343.0
2014-07-29,-0.3,412.0
2014-07-30,-1.5,309.0
2014-07-31,-1.7,317.0
2014-08-01,-2.1,317.0
2014-08-02,-0.7,382.0
2014-08-03,2.8,399.0
2014-08-04,-0.4,389.0
2014-08-05,-3.2,454.0
2014-08-06,1.0,475.0
2014-08-07,1.0,420.0
2014-08-08,-4.7,359.0
2014-08-09,-0.3,359.0
2014-08-10,-0.4,319.0
2014-08-11,3.7,416.0
2014-08-12,-2.1,485.0
2014-08-13,1.9,446.0
2014-08-14,0.5,388.0
2014-08-15,2.1,356.0
2014-08-16,-1.0,322.0
2014-08-17,-2.6,291.0
2014-08-18,3.6,299.0
2014-08-19,-1.3,297.0
2014-08-20,9.1,378.0
2014-08-21,-5.1,331.0
2014-08-22,-1.0,337.0
2014-08-23,0.2,334.0
2014-08-24,0.0,294.0
2014-08-25,3.2,280.0
2014-08-26,1.6,259.0
2014-08-27,3.8,291.0
2014-08-28,-7.4,327.0
2014-08-29,-2.7,349.0
2014-08-30,-1.2,412.0
2014-08-31,1.3,400.0
2014-09-01,-0.7,443.0
2014-09-02,-1.6,406.0
2014-09-03,-3.5,428.0
2014-09-04,0.3,411.0
2014-09-05,3.5,417.0
2014-09-06,0.7,339.0
2014-09-07,-3.5,414.0
2014-09-08,5.3,359.0
2014-09-09,-2.6,438.0
2014-09-10,2.8,343.0
2014-09-11,2.6,370.0
2014-09-12,-1.9,430.0
2014-09-13,16.2,699.0
2014-09-14,7.2,555.0
2014-09-15,4.8,480.0
2014-09-16,3.2,458.0
2014-09-17,-1.8,377.0
2014-09-18,7.0,388.0
2014-09-19,-6.6,357.0
2014-09-20,3.1,480.0
2014-09-21,-1.3,532.0
2014-09-22,0.4,457.0
2014-09-23,-1.3,438.0
2014-09-24,-4.1,418.0
2014-09-25,-0.5,429.0
2014-09-26,-2.1,451.0
2014-09-27,-4.1,426.0
2014-09-28,-1.2,396.0
2014-09-29,1.2,389.0
2014-09-30,-4.0,361.0
2014-10-01,-2.9,387.0
2014-10-02,-1.7,374.0
2014-10-03,-1.2,386.0
2014-10-04,1.0,328.0
2014-10-05,4.3,410.0
2014-10-06,-2.4,411.0
2014-10-07,-1.0,396.0
2014-10-08,-1.3,349.0
2014-10-09,-4.4,350.0
2014-10-10,2.8,316.0
2014-10-11,-3.8,336.0
2014-10-12,3.3,344.0
2014-10-13,1.1,322.0
2014-10-14,5.8,398.0
2014-10-15,-4.8,472.0
2014-10-16,-0.2,398.0
2014-10-17,3.5,403.0
2014-10-18,-3.5,465.0
2014-10-19,-3.5,431.0
2014-10-20,0.5,450.0
2014-10-21,1.1,514.0
2014-10-22,-1.7,536.0
2014-10-23,-1.0,449.0
2014-10-24,-1.7,425.0
2014-10-25,-3.4,434.0
2014-10-26,-2.4,370.0
2014-10-27,-1.8,366.0
2014-10-28,-2.2,405.0
2014-10-29,-4.4,409.0
2014-10-30,-0.4,341.0
2014-10-31,3.0,329.0
2014-11-01,1.8,436.0
2014-11-02,2.2,481.0
2014-11-03,2.9,472.0
2014-11-04,3.9,408.0
2014-11-05,-0.6,432.0
2014-11-06,1.4,532.0
2014-11-07,-1.7,458.0
2014-11-08,1.4,486.0
2014-11-09,-0.6,424.0
2014-11-10,-7.9,440.0
2014-11-11,6.2,481.0
2014-11-12,7.0,531.0
2014-11-13,0.4,505.0
2014-11-14,-2.1,442.0
2014-11-15,-1.2,544.0
2014-11-16,-4.1,610.0
2014-11-17,-0.7,498.0
2014-11-18,-0.7,475.0
2014-11-19,-4.7,424.0
2014-11-20,-4.6,395.0
2014-11-21,-5.5,370.0
2014-11-22,-3.0,389.0
2014-11-23,-2.8,365.0
2014-11-24,-1.0,385.0
2014-11-25,1.2,370.0
2014-11-26,-2.0,338.0
2014-11-27,-3.1,310.0
2014-11-28,2.6,357.0
2014-11-29,8.8,371.0
2014-11-30,0.9,390.0
2014-12-01,3.3,416.0
2014-12-02,0.6,577.0
2014-12-03,-0.4,429.0
2014-12-04,-0.4,467.0
2014-12-05,1.7,477.0
2014-12-06,0.0,444.0
2014-12-07,1.1,663.0
2014-12-08,0.5,701.0
2014-12-09,-1.7,681.0
2014-12-10,-2.3,516.0
2014-12-11,-1.9,454.0
2014-12-12,0.8,406.0
2014-12-13,1.8,592.0
2014-12-14,0.4,485.0
2014-12-15,2.7,431.0
2014-12-16,1.6,473.0
2014-12-17,-2.7,453.0
2014-12-18,2.9,367.0
2014-12-19,-2.5,366.0
2014-12-20,-3.2,341.0
2014-12-21,-0.3,335.0
2014-12-22,-3.9,407.0
2014-12-23,2.7,353.0
2014-12-24,-1.5,504.0
2014-12-25,-3.5,476.0
2014-12-26,-6.5,452.0
2014-12-27,-5.1,442.0
2014-12-28,-3.3,403.0
2014-12-29,0.3,443.0
2014-12-30,0.2,664.0
2014-12-31,0.5,572.0
2015-01-01,1.1,568.0
2015-01-02,-2.2,433.0
2015-01-03,-4.6,379.0
2015-01-04,-0.4,448.0
2015-01-05,-1.6,398.0
2015-01-06,0.1,484.0
2015-01-07,7.7,454.0
2015-01-08,-0.7,466.0
2015-01-09,1.7,478.0
2015-01-10,-1.5,406.0
2015-01-11,-0.7,492.0
2015-01-12,3.5,426.0
2015-01-13,0.7,403.0
2015-01-14,2.7,405.0
2015-01-15,4.9,401.0
2015-01-16,4.1,402.0
2015-01-17,-1.5,351.0
2015-01-18,1.0,336.0
2015-01-19,-3.9,313.0
2015-01-20,1.2,302.0
2015-01-21,2.9,299.0
2015-01-22,0.1,482.0
2015-01-23,-2.1,420.0
2015-01-24,1.4,425.0
2015-01-25,1.7,355.0
2015-01-26,-4.2,361.0
2015-01-27,-4.0,368.0
2015-01-28,0.8,460.0
2015-01-29,-0.7,402.0
2015-01-30,2.6,401.0
2015-01-31,-4.0,424.0
2015-02-01,2.1,404.0
2015-02-02,-9.9,622.0
2015-02-03,-2.8,679.0
2015-02-04,-2.6,539.0
2015-02-05,-1.3,423.0
2015-02-06,2.5,396.0
2015-02-07,5.4,420.0
2015-02-08,6.2,416.0
2015-02-09,-2.5,500.0
2015-02-10,2.8,381.0
2015-02-11,2.7,385.0
2015-02-12,0.5,357.0
2015-02-13,2.8,332.0
2015-02-14,4.2,336.0
2015-02-15,6.1,324.0
2015-02-16,5.3,337.0
2015-02-17,-5.4,346.0
2015-02-18,-1.3,418.0
2015-02-19,-3.4,415.0
2015-02-20,0.5,353.0
2015-02-21,-4.1,352.0
2015-02-22,-5.4,333.0
2015-02-23,-2.7,335.0
2015-02-24,10.6,420.0
2015-02-25,3.0,479.0
2015-02-26,-1.6,462.0
2015-02-27,3.4,367.0
2015-02-28,-1.6,338.0
2015-03-01,-4.9,479.0
2015-03-02,-4.4,454.0
2015-03-03,-0.6,552.0
2015-03-04,1.2,443.0
2015-03-05,2.4,502.0
2015-03-06,2.5,423.0
2015-03-07,-0.3,493.0
2015-03-08,1.9,556.0
2015-03-09,-1.8,557.0
2015-03-10,2.2,406.0
2015-03-11,3.4,361.0
2015-03-12,2.8,379.0
2015-03-13,2.7,400.0
2015-03-14,5.9,365.0
2015-03-15,-2.7,324.0
2015-03-16,4.3,314.0
2015-03-17,6.6,420.0
2015-03-18,-5.7,591.0
2015-03-19,-0.8,664.0
2015-03-20,-3.1,595.0
2015-03-21,-1.2,601.0
2015-03-22,9.1,658.0
2015-03-23,2.8,575.0
2015-03-24,2.2,540.0
2015-03-25,2.8,558.0
2015-03-26,0.7,516.0
2015-03-27,-2.1,434.0
2015-03-28,4.6,362.0
2015-03-29,-2.1,404.0
2015-03-30,-1.4,357.0
2015-03-31,0.8,313.0
2015-04-01,12.3,401.0
2015-04-02,10.0,412.0
2015-04-03,4.7,466.0
2015-04-04,2.7,554.0
2015-04-05,1.6,544.0
2015-04-06,-0.0,549.0
2015-04-07,-0.1,448.0
2015-04-08,2.1,369.0
2015-04-09,-2.1,334.0
2015-04-10,-10.7,383.0
2015-04-11,-5.6,373.0
2015-04-12,2.4,369.0
2015-04-13,0.7,330.0
2015-04-14,1.1,301.0
2015-04-15,10.2,325.0
2015-04-16,-2.2,569.0
2015-04-17,0.3,666.0
2015-04-18,0.3,590.0
2015-04-19,-2.2,486.0
2015-04-20,-1.4,390.0
2015-04-21,-2.4,454.0
2015-04-22,2.3,555.0
2015-04-23,3.6,505.0
2015-04-24,-0.1,408.0
2015-04-25,0.8,366.0
2015-04-26,2.5,325.0
2015-04-27,0.9,308.0
2015-04-28,-3.3,298.0
2015-04-29,-0.7,313.0
2015-04-30,-2.8,298.0
2015-05-01,2.5,339.0
2015-05-02,2.3,409.0
2015-05-03,2.0,412.0
2015-05-04,3.7,395.0
2015-05-05,2.4,357.0
2015-05-06,-0.4,353.0
2015-05-07,10.9,428.0
2015-05-08,0.6,405.0
2015-05-09,-0.6,378.0
2015-05-10,1.4,352.0
2015-05-11,-8.3,349.0
2015-05-12,-4.2,345.0
2015-05-13,-5.1,518.0
2015-05-14,2.5,731.0
2015-05-15,2.3,575.0
2015-05-16,-1.0,496.0
2015-05-17,-1.2,410.0
2015-05-18,2.9,369.0
2015-05-19,5.6,457.0
2015-05-20,2.6,494.0
2015-05-21,-0.5,397.0
2015-05-22,-2.4,411.0
2015-05-23,2.0,335.0
2015-05-24,-2.0,326.0
2015-05-25,2.0,336.0
2015-05-26,-2.5,297.0
2015-05-27,4.5,318.0
2015-05-28,-1.0,283.0
2015-05-29,5.6,347.0
2015-05-30,2.0,406.0
2015-05-31,-1.1,386.0
2015-06-01,-3.0,348.0
2015-06-02,3.5,336.0
2015-06-03,3.0,317.0
2015-06-04,2.4,298.0
2015-06-05,-0.3,270.0
2015-06-06,1.4,282.0
2015-06-07,4.2,308.0
2015-06-08,-1.9,382.0
2015-06-09,2.1,629.0
2015-06-10,-0.4,613.0
2015-06-11,-1.3,608.0
2015-06-12,-0.8,504.0
2015-06-13,-1.7,520.0
2015-06-14,-2.2,484.0
2015-06-15,4.6,582.0
2015-06-16,-1.5,518.0
2015-06-17,4.1,520.0
2015-06-18,0.6,433.0
2015-06-19,-3.1,410.0
2015-06-20,0.2,313.0
2015-06-21,0.1,305.0
2015-06-22,2.5,336.0
2015-06-23,15.3,652.0
2015-06-24,-3.3,590.0
2015-06-25,1.5,637.0
2015-06-26,-2.4,523.0
2015-06-27,-2.7,477.0
2015-06-28,-2.1,485.0
2015-06-29,1.8,408.0
2015-06-30,3.2,374.0
2015-07-01,-0.6,366.0
2015-07-02,0.7,396.0
2015-07-03,1.1,337.0
2015-07-04,1.3,310.0
2015-07-05,-5.5,491.0
2015-07-06,-2.1,527.0
2015-07-07,-0.6,508.0
2015-07-08,-1.1,417.0
2015-07-09,0.6,369.0
2015-07-10,-1.0,348.0
2015-07-11,-7.4,517.0
2015-07-12,-1.1,598.0
2015-07-13,-0.7,585.0
2015-07-14,-2.7,472.0
2015-07-15,4.4,539.0
2015-07-16,-0.3,505.0
2015-07-17,-0.3,471.0
2015-07-18,0.8,373.0
2015-07-19,1.4,322.0
2015-07-20,-1.4,285.0
2015-07-21,5.4,307.0
2015-07-22,0.7,363.0
2015-07-23,-1.0,387.0
2015-07-24,2.2,454.0
2015-07-25,0.6,427.0
2015-07-26,-1.6,462.0
2015-07-27,2.9,442.0
2015-07-28,1.2,440.0
2015-07-29,-0.9,424.0
2015-07-30,-0.9,364.0
2015-07-31,-5.9,400.0
2015-08-01,-0.5,570.0
2015-08-02,-2.4,581.0
2015-08-03,2.6,520.0
2015-08-04,0.6,466.0
2015-08-05,-1.4,416.0
2015-08-06,0.1,385.0
2015-08-07,-0.7,544.0
2015-08-08,1.3,521.0
2015-08-09,2.5,485.0
2015-08-10,-1.1,533.0
2015-08-11,2.2,423.0
2015-08-12,-3.0,391.0
2015-08-13,-5.2,415.0
2015-08-14,2.4,358.0
2015-08-15,-3.2,352.0
2015-08-16,-6.8,498.0
2015-08-17,2.4,531.0
2015-08-18,-0.6,536.0
2015-08-19,-4.5,418.0
2015-08-20,-1.0,490.0
2015-08-21,2.4,483.0
2015-08-22,-0.8,419.0
2015-08-23,-0.1,373.0
2015-08-24,-1.3,521.0
2015-08-25,-2.9,421.0
2015-08-26,-3.1,409.0
2015-08-27,-9.7,363.0
2015-08-28,-6.1,347.0
2015-08-29,-3.4,443.0
2015-08-30,4.3,457.0
2015-08-31,1.2,404.0
2015-09-01,1.8,362.0
2015-09-02,-2.2,346.0
2015-09-03,-1.3,401.0
2015-09-04,-6.1,438.0
2015-09-05,0.5,482.0
2015-09-06,-0.6,448.0
2015-09-07,1.0,502.0
2015-09-08,-8.6,570.0
2015-09-09,1.9,436.0
2015-09-10,-2.2,439.0
2015-09-11,0.4,415.0
2015-09-12,-0.0,618.0
2015-09-13,0.7,487.0
2015-09-14,2.6,439.0
2015-09-15,-2.9,506.0
2015-09-16,1.6,505.0
2015-09-17,2.5,454.0
2015-09-18,-1.9,406.0
2015-09-19,-2.2,439.0
2015-09-20,0.5,438.0
2015-09-21,2.0,561.0
2015-09-22,2.9,481.0
2015-09-23,1.0,491.0
2015-09-24,1.5,468.0
2015-09-25,0.6,501.0
2015-09-26,2.2,471.0
2015-09-27,-0.3,415.0
2015-09-28,0.1,396.0
2015-09-29,-2.5,362.0
2015-09-30,1.8,334.0
2015-10-01,-2.8,297.0
2015-10-02,-1.8,338.0
2015-10-03,-4.2,362.0
2015-10-04,-5.7,398.0
2015-10-05,1.0,448.0
2015-10-06,-3.1,435.0
2015-10-07,-0.5,398.0
2015-10-08,0.9,752.0
2015-10-09,0.8,749.0
2015-10-10,0.3,638.0
2015-10-11,-1.4,514.0
2015-10-12,2.1,456.0
2015-10-13,-0.5,505.0
2015-10-14,-2.6,492.0
2015-10-15,-1.4,458.0
2015-10-16,-1.8,423.0
2015-10-17,-2.1,368.0
2015-10-18,-3.7,353.0
2015-10-19,1.4,464.0
2015-10-20,-0.1,378.0
2015-10-21,0.3,363.0
2015-10-22,2.2,451.0
2015-10-23,3.7,459.0
2015-10-24,2.1,452.0
2015-10-25,-0.6,484.0
2015-10-26,3.3,472.0
2015-10-27,-0.9,385.0
2015-10-28,-0.5,353.0
2015-10-29,2.5,307.0
2015-10-30,-1.9,304.0
2015-10-31,2.9,302.0
2015-11-01,0.6,339.0
2015-11-02,0.8,331.0
2015-11-03,1.3,330.0
2015-11-04,-1.3,698.0
2015-11-05,0.4,562.0
2015-11-06,-1.3,521.0
2015-11-07,6.7,603.0
2015-11-08,10.3,492.0
2015-11-09,-2.0,510.0
2015-11-10,-4.2,597.0
2015-11-11,-1.0,676.0
2015-11-12,-0.2,585.0
2015-11-13,-3.1,417.0
2015-11-14,-3.0,462.0
2015-11-15,1.2,427.0
2015-11-16,-5.4,398.0
2015-11-17,1.8,372.0
2015-11-18,2.3,371.0
2015-11-19,-0.3,468.0
2015-11-20,3.1,404.0
2015-11-21,-2.8,405.0
2015-11-22,1.1,351.0
2015-11-23,2.9,330.0
2015-11-24,0.9,307.0
2015-11-25,-0.2,280.0
2015-11-26,2.1,260.0
2015-11-27,-0.1,270.0
2015-11-28,1.3,284.0
2015-11-29,1.5,311.0
2015-11-30,-2.5,464.0
2015-12-01,0.9,463.0
2015-12-02,-0.7,464.0
2015-12-03,0.0,419.0
2015-12-04,1.1,367.0
2015-12-05,-2.8,361.0
2015-12-06,0.0,464.0
2015-12-07,-0.8,516.0
2015-12-08,-3.9,640.0
2015-12-09,-0.7,483.0
2015-12-10,-3.9,448.0
2015-12-11,0.8,652.0
2015-12-12,3.0,653.0
2015-12-13,-1.0,524.0
2015-12-14,-1.0,440.0
2015-12-15,-5.0,527.0
2015-12-16,-6.0,566.0
2015-12-17,1.2,403.0
2015-12-18,-2.0,407.0
2015-12-19,-0.6,390.0
2015-12-20,4.2,474.0
2015-12-21,-17.7,428.0
2015-12-22,-1.9,409.0
2015-12-23,-2.1,424.0
2015-12-24,-1.6,457.0
2015-12-25,3.8,524.0
2015-12-26,0.7,492.0
2015-12-27,0.5,542.0
2015-12-28,1.7,505.0
2015-12-29,-2.2,392.0
2015-12-30,-0.6,374.0
2015-12-31,-0.3,336.0
2016-01-01,-14.0,463.0
2016-01-02,0.5,435.0
2016-01-03,0.0,441.0
2016-01-04,0.3,413.0
2016-01-05,1.1,401.0
2016-01-06,-6.4,504.0
2016-01-07,-0.4,554.0
2016-01-08,0.9,543.0
2016-01-09,-0.0,475.0
2016-01-10,-4.0,443.0
2016-01-11,0.7,446.0
2016-01-12,-2.7,557.0
2016-01-13,-2.2,543.0
2016-01-14,-0.5,502.0
2016-01-15,-1.3,454.0
2016-01-16,0.5,366.0
2016-01-17,2.8,337.0
2016-01-18,-0.2,317.0
2016-01-19,-9.3,353.0
2016-01-20,8.0,349.0
2016-01-21,1.8,353.0
2016-01-22,-0.1,521.0
2016-01-23,0.8,488.0
2016-01-24,-2.1,446.0
2016-01-25,1.4,468.0
2016-01-26,1.4,386.0
2016-01-27,-0.3,359.0
2016-01-28,2.9,340.0
2016-01-29,2.0,326.0
2016-01-30,-0.8,289.0
2016-01-31,-2.8,278.0
2016-02-01,-4.8,308.0
2016-02-02,-0.4,274.0
2016-02-03,-7.9,358.0
2016-02-04,6.0,397.0
2016-02-05,-0.8,408.0
2016-02-06,2.4,469.0
2016-02-07,-1.9,416.0
2016-02-08,-6.4,399.0
2016-02-09,1.5,373.0
2016-02-10,-1.6,378.0
2016-02-11,-3.0,337.0
2016-02-12,-6.5,349.0
2016-02-13,9.4,357.0
2016-02-14,1.1,399.0
2016-02-15,0.9,373.0
2016-02-16,-7.1,410.0
2016-02-17,-3.7,601.0
2016-02-18,3.4,623.0
2016-02-19,-0.2,578.0
2016-02-20,1.5,534.0
2016-02-21,-0.0,398.0
2016-02-22,-1.1,319.0
2016-02-23,-1.6,355.0
2016-02-24,-4.1,336.0
2016-02-25,-0.6,320.0
2016-02-26,2.2,349.0
2016-02-27,4.1,381.0
2016-02-28,2.2,384.0
2016-02-29,-1.1,349.0
2016-03-01,0.9,313.0
2016-03-02,4.9,375.0
2016-03-03,-0.1,451.0
2016-03-04,-2.6,410.0
2016-03-05,0.9,334.0
2016-03-06,5.7,363.0
2016-03-07,0.7,542.0
2016-03-08,-2.8,498.0
2016-03-09,-0.9,428.0
2016-03-10,-1.7,349.0
2016-03-11,-3.1,323.0
2016-03-12,0.1,559.0
2016-03-13,2.4,461.0
2016-03-14,0.3,403.0
2016-03-15,-0.5,549.0
2016-03-16,-5.2,445.0
2016-03-17,-3.2,552.0
2016-03-18,-0.7,476.0
2016-03-19,-2.6,398.0
2016-03-20,0.2,405.0
2016-03-21,0.1,410.0
2016-03-22,0.3,382.0
2016-03-23,2.9,400.0
2016-03-24,-1.2,451.0
2016-03-25,-1.4,539.0
2016-03-26,1.5,426.0
2016-03-27,2.8,377.0
2016-03-28,6.2,412.0
2016-03-29,0.3,504.0
2016-03-30,-0.1,530.0
2016-03-31,-0.3,504.0
2016-04-01,-0.2,416.0
2016-04-02,-0.6,366.0
2016-04-03,-3.3,469.0
2016-04-04,-2.6,411.0
2016-04-05,-2.3,385.0
2016-04-06,0.3,398.0
2016-04-07,-1.9,373.0
2016-04-08,-4.4,362.0
2016-04-09,3.5,340.0
2016-04-10,0.4,338.0
2016-04-11,4.7,375.0
2016-04-12,2.5,354.0
2016-04-13,-8.0,485.0
2016-04-14,-3.4,501.0
2016-04-15,-2.7,398.0
2016-04-16,4.8,369.0
2016-04-17,1.0,412.0
2016-04-18,4.9,398.0
2016-04-19,2.3,387.0
2016-04-20,1.8,355.0
2016-04-21,0.3,359.0
2016-04-22,-0.2,431.0
2016-04-23,2.4,528.0
2016-04-24,6.2,491.0
2016-04-25,1.9,523.0
2016-04-26,0.8,494.0
2016-04-27,2.3,454.0
2016-04-28,0.8,432.0
2016-04-29,1.4,389.0
2016-04-30,2.9,354.0
2016-05-01,0.6,377.0
2016-05-02,-3.7,456.0
2016-05-03,-1.2,554.0
2016-05-04,-0.4,484.0
2016-05-05,1.0,397.0
2016-05-06,-3.7,379.0
2016-05-07,1.9,513.0
2016-05-08,4.6,465.0
2016-05-09,-5.4,612.0
2016-05-10,-0.7,643.0
2016-05-11,-0.8,553.0
2016-05-12,-1.0,413.0
2016-05-13,-1.0,374.0
2016-05-14,-5.0,337.0
2016-05-15,-0.1,352.0
2016-05-16,-0.6,438.0
2016-05-17,1.7,501.0
2016-05-18,-3.9,518.0
2016-05-19,-0.7,444.0
2016-05-20,0.5,431.0
2016-05-21,3.3,446.0
2016-05-22,4.8,594.0
2016-05-23,1.6,548.0
2016-05-24,-1.4,404.0
2016-05-25,3.4,419.0
2016-05-26,0.6,351.0
2016-05-27,-0.5,352.0
2016-05-28,-2.1,487.0
2016-05-29,-2.3,462.0
2016-05-30,-4.5,492.0
2016-05-31,3.4,512.0
2016-06-01,-0.6,480.0
2016-06-02,0.1,402.0
2016-06-03,-1.4,316.0
2016-06-04,-1.2,309.0
2016-06-05,0.3,324.0
2016-06-06,-4.6,580.0
2016-06-07,-0.5,505.0
2016-06-08,-0.9,443.0
2016-06-09,-0.7,407.0
2016-06-10,0.1,342.0
2016-06-11,-5.6,416.0
2016-06-12,1.3,471.0
2016-06-13,1.1,507.0
2016-06-14,-0.5,494.0
2016-06-15,-6.2,604.0
2016-06-16,3.8,595.0
2016-06-17,2.5,514.0
2016-06-18,1.7,562.0
2016-06-19,0.6,589.0
2016-06-20,1.6,476.0
2016-06-21,1.8,432.0
2016-06-22,-0.5,366.0
2016-06-23,1.1,402.0
2016-06-24,-5.6,510.0
2016-06-25,-1.9,526.0
2016-06-26,1.4,459.0
2016-06-27,-0.4,508.0
2016-06-28,-0.4,483.0
2016-06-29,-0.7,409.0
2016-06-30,0.3,346.0
2016-07-01,-1.7,368.0
2016-07-02,2.4,369.0
2016-07-03,4.1,404.0
2016-07-04,1.9,459.0
2016-07-05,-0.1,394.0
2016-07-06,-0.7,330.0
2016-07-07,-0.7,328.0
2016-07-08,-1.0,522.0
2016-07-09,0.7,622.0
2016-07-10,3.7,625.0
2016-07-11,-3.7,568.0
2016-07-12,-3.2,493.0
2016-07-13,-1.3,596.0
2016-07-14,0.3,516.0
2016-07-15,0.4,645.0
2016-07-16,-0.1,610.0
2016-07-17,0.4,502.0
2016-07-18,0.8,439.0
2016-07-19,0.2,353.0
2016-07-20,-0.5,407.0
2016-07-21,6.5,484.0
2016-07-22,-0.9,409.0
2016-07-23,1.4,439.0
2016-07-24,0.2,381.0
2016-07-25,0.1,434.0
2016-07-26,-0.7,384.0
2016-07-27,-0.5,338.0
2016-07-28,-0.8,322.0
2016-07-29,-2.0,528.0
2016-07-30,-0.1,518.0
2016-07-31,-3.3,403.0
2016-08-01,-1.1,350.0
2016-08-02,1.6,323.0
2016-08-03,-0.6,407.0
2016-08-04,-1.5,554.0
2016-08-05,-0.2,545.0
2016-08-06,-0.1,619.0
2016-08-07,-2.7,601.0
2016-08-08,-0.3,493.0
2016-08-09,4.8,502.0
2016-08-10,-0.8,594.0
2016-08-11,0.9,593.0
2016-08-12,-1.3,618.0
2016-08-13,0.1,509.0
2016-08-14,-0.2,413.0
2016-08-15,-0.7,369.0
2016-08-16,-1.0,286.0
2016-08-17,4.8,336.0
2016-08-18,-2.9,412.0
2016-08-19,2.8,346.0
2016-08-20,-3.8,342.0
2016-08-21,1.7,290.0
2016-08-22,0.4,404.0
2016-08-23,1.3,384.0
2016-08-24,-3.6,523.0
2016-08-25,0.7,565.0
2016-08-26,2.8,493.0
2016-08-27,-1.3,433.0
2016-08-28,2.4,409.0
2016-08-29,1.6,362.0
2016-08-30,-3.9,342.0
2016-08-31,-0.5,462.0
2016-09-01,-2.4,414.0
2016-09-02,-5.1,592.0
2016-09-03,-0.5,652.0
2016-09-04,-1.9,666.0
2016-09-05,0.2,620.0
2016-09-06,-0.8,552.0
2016-09-07,0.9,490.0
2016-09-08,-1.5,489.0
2016-09-09,1.0,462.0
2016-09-10,-1.3,401.0
2016-09-11,-1.4,350.0
2016-09-12,-2.6,325.0
2016-09-13,-3.9,293.0
2016-09-14,-3.8,272.0
2016-09-15,-7.8,317.0
2016-09-16,3.8,287.0
2016-09-17,-1.6,296.0
2016-09-18,1.5,297.0
2016-09-19,1.1,335.0
2016-09-20,-3.0,540.0
2016-09-21,-1.9,621.0
2016-09-22,-0.7,511.0
2016-09-23,2.3,436.0
2016-09-24,5.1,381.0
2016-09-25,-4.2,363.0
2016-09-26,-4.5,390.0
2016-09-27,-6.0,483.0
2016-09-28,0.9,695.0
2016-09-29,3.3,677.0
2016-09-30,-1.4,686.0
2016-10-01,0.7,574.0
2016-10-02,-1.1,523.0
2016-10-03,1.9,485.0
2016-10-04,-4.3,527.0
2016-10-05,-1.1,528.0
2016-10-06,-1.2,475.0
2016-10-07,-1.3,442.0
2016-10-08,-1.5,428.0
2016-10-09,-3.4,379.0
2016-10-10,-1.5,351.0
2016-10-11,3.1,377.0
2016-10-12,3.2,386.0
2016-10-13,2.0,424.0
2016-10-14,-9.9,383.0
2016-10-15,4.7,386.0
2016-10-16,-1.6,527.0
2016-10-17,-0.3,716.0
2016-10-18,1.3,698.0
2016-10-19,1.1,572.0
2016-10-20,-1.3,432.0
2016-10-21,1.9,396.0
2016-10-22,-1.2,346.0
2016-10-23,4.6,387.0
2016-10-24,-3.6,420.0
2016-10-25,-3.7,396.0
2016-10-26,0.4,711.0
2016-10-27,-0.6,640.0
2016-10-28,-1.4,550.0
2016-10-29,-4.4,604.0
2016-10-30,0.5,634.0
2016-10-31,-1.0,550.0
2016-11-01,-1.2,469.0
2016-11-02,-4.7,458.0
2016-11-03,-3.6,434.0
2016-11-04,-4.2,400.0
2016-11-05,0.7,359.0
2016-11-06,-2.0,329.0
2016-11-07,-2.6,311.0
2016-11-08,-2.0,308.0
2016-11-09,0.7,293.0
2016-11-10,2.9,344.0
2016-11-11,-3.5,439.0
2016-11-12,2.4,440.0
2016-11-13,-0.4,702.0
2016-11-14,3.6,655.0
2016-11-15,-0.6,633.0
2016-11-16,-0.5,484.0
2016-11-17,1.2,403.0
2016-11-18,-2.5,396.0
2016-11-19,0.9,321.0
2016-11-20,-0.9,335.0
2016-11-21,-0.4,361.0
2016-11-22,3.4,328.0
2016-11-23,-5.0,473.0
2016-11-24,-2.0,407.0
2016-11-25,-2.6,518.0
2016-11-26,-2.3,651.0
2016-11-27,-0.9,607.0
2016-11-28,-0.6,506.0
2016-11-29,-0.1,474.0
2016-11-30,-0.2,397.0
2016-12-01,2.4,376.0
2016-12-02,3.7,357.0
2016-12-03,-0.1,315.0
2016-12-04,-0.2,303.0
2016-12-05,-2.6,284.0
2016-12-06,-0.6,334.0
2016-12-07,0.8,334.0
2016-12-08,-5.6,494.0
2016-12-09,0.2,671.0
2016-12-10,-0.7,680.0
2016-12-11,-0.5,641.0
2016-12-12,-0.4,558.0
2016-12-13,-0.3,531.0
2016-12-14,-0.4,501.0
2016-12-15,0.5,437.0
2016-12-16,-0.3,379.0
2016-12-17,-0.3,378.0
2016-12-18,-2.3,411.0
2016-12-19,-0.2,359.0
2016-12-20,-1.5,331.0
2016-12-21,0.2,361.0
2016-12-22,0.0,593.0
2016-12-23,-0.4,705.0
2016-12-24,0.5,648.0
2016-12-25,3.3,609.0
2016-12-26,-2.1,711.0
2016-12-27,-0.4,632.0
2016-12-28,-0.5,514.0
2016-12-29,-2.4,409.0
2016-12-30,0.0,357.0
2016-12-31,1.2,320.0
2017-01-01,-2.5,552.0
2017-01-02,-0.2,468.0
2017-01-03,-0.3,368.0
2017-01-04,-0.3,414.0
2017-01-05,-2.1,506.0
2017-01-06,-1.0,706.0
2017-01-07,-1.1,686.0
2017-01-08,0.5,671.0
2017-01-09,-1.8,649.0
2017-01-10,0.1,606.0
2017-01-11,-0.4,515.0
2017-01-12,-0.3,425.0
2017-01-13,-1.5,370.0
2017-01-14,-0.3,372.0
2017-01-15,-2.2,345.0
2017-01-16,-1.2,329.0
2017-01-17,-0.4,318.0
2017-01-18,0.4,310.0
2017-01-19,0.6,588.0
2017-01-20,2.9,568.0
2017-01-21,2.5,513.0
2017-01-22,-2.4,516.0
2017-01-23,1.4,474.0
2017-01-24,-0.4,398.0
2017-01-25,2.0,344.0
2017-01-26,0.7,345.0
2017-01-27,1.9,543.0
2017-01-28,0.9,527.0
2017-01-29,-0.3,467.0
2017-01-30,1.6,425.0
2017-01-31,-1.6,425.0
2017-02-01,-3.8,746.0
2017-02-02,-2.4,718.0
2017-02-03,2.6,628.0
2017-02-04,1.3,598.0
2017-02-05,-3.2,531.0
2017-02-06,-1.8,579.0
2017-02-07,-2.1,534.0
2017-02-08,1.9,489.0
2017-02-09,3.6,441.0
2017-02-10,-1.4,430.0
2017-02-11,-1.9,414.0
2017-02-12,0.2,355.0
2017-02-13,-2.2,338.0
2017-02-14,1.3,331.0
2017-02-15,0.6,309.0
2017-02-16,1.8,310.0
2017-02-17,3.5,444.0
2017-02-18,-4.7,476.0
2017-02-19,3.1,533.0
2017-02-20,2.5,529.0
2017-02-21,1.7,447.0
2017-02-22,-2.1,412.0
2017-02-23,-4.0,374.0
2017-02-24,2.3,578.0
2017-02-25,-1.1,563.0
2017-02-26,0.3,468.0
2017-02-27,1.5,382.0
2017-02-28,-2.2,390.0
2017-03-01,1.2,402.0
2017-03-02,-3.5,686.0
2017-03-03,-2.0,680.0
2017-03-04,-1.4,682.0
2017-03-05,-0.4,608.0
2017-03-06,-2.0,632.0
2017-03-07,1.4,581.0
2017-03-08,-2.7,565.0
2017-03-09,-2.8,555.0
2017-03-10,-0.2,484.0
2017-03-11,0.4,394.0
2017-03-12,-3.0,418.0
2017-03-13,-0.9,347.0
2017-03-14,-0.1,341.0
2017-03-15,-0.5,328.0
2017-03-16,-4.4,386.0
2017-03-17,1.7,355.0
2017-03-18,-1.2,334.0
2017-03-19,1.7,305.0
2017-03-20,2.8,313.0
2017-03-21,4.0,341.0
2017-03-22,3.6,584.0
2017-03-23,-1.6,668.0
2017-03-24,2.7,606.0
2017-03-25,2.1,511.0
2017-03-26,1.1,427.0
2017-03-27,-0.3,371.0
2017-03-28,-3.4,660.0
2017-03-29,-0.8,665.0
2017-03-30,-2.6,610.0
2017-03-31,0.1,666.0
2017-04-01,-1.1,622.0
2017-04-02,-1.4,534.0
2017-04-03,0.4,435.0
2017-04-04,-1.2,395.0
2017-04-05,6.2,399.0
2017-04-06,2.2,497.0
2017-04-07,0.1,443.0
2017-04-08,1.9,441.0
2017-04-09,-3.7,569.0
2017-04-10,6.3,463.0
2017-04-11,2.0,398.0
2017-04-12,-2.3,474.0
2017-04-13,-0.4,397.0
2017-04-14,-2.3,439.0
2017-04-15,-4.2,347.0
2017-04-16,-1.9,326.0
2017-04-17,-1.5,305.0
2017-04-18,-2.2,317.0
2017-04-19,10.1,357.0
2017-04-20,-4.6,477.0
2017-04-21,-0.2,548.0
2017-04-22,2.6,638.0
2017-04-23,-2.8,699.0
2017-04-24,-1.5,707.0
2017-04-25,-2.1,640.0
2017-04-26,-1.6,514.0
2017-04-27,-0.9,506.0
2017-04-28,-0.2,464.0
2017-04-29,-3.2,369.0
2017-04-30,-3.5,384.0
2017-05-01,-1.2,353.0
2017-05-02,3.4,398.0
2017-05-03,-1.2,418.0
2017-05-04,0.8,337.0
2017-05-05,2.3,371.0
2017-05-06,6.1,365.0
2017-05-07,0.8,350.0
2017-05-08,-2.3,339.0
2017-05-09,-0.8,376.0
2017-05-10,2.3,364.0
2017-05-11,3.7,379.0
2017-05-12,1.5,381.0
2017-05-13,-1.2,368.0
2017-05-14,2.0,310.0
2017-05-15,3.2,353.0
2017-05-16,4.6,586.0
2017-05-17,0.4,539.0
2017-05-18,-1.4,449.0
2017-05-19,2.1,395.0
2017-05-20,0.3,620.0
2017-05-21,-1.0,653.0
2017-05-22,-0.5,579.0
2017-05-23,1.0,560.0
2017-05-24,-1.0,491.0
2017-05-25,-0.5,391.0
2017-05-26,0.0,334.0
2017-05-27,-0.7,303.0
2017-05-28,-19.5,395.0
2017-05-29,12.0,340.0
2017-05-30,1.3,368.0
2017-05-31,1.8,521.0
2017-06-01,2.9,349.0
2017-06-02,-1.2,421.0
2017-06-03,-0.9,355.0
2017-06-04,2.4,465.0
2017-06-05,0.5,382.0
2017-06-06,-0.5,355.0
2017-06-07,-1.8,335.0
2017-06-08,-1.6,319.0
2017-06-09,-2.4,322.0
2017-06-10,-2.0,293.0
2017-06-11,-0.2,267.0
2017-06-12,3.6,397.0
2017-06-13,1.2,515.0
2017-06-14,2.3,485.0
2017-06-15,1.8,435.0
2017-06-16,-0.5,370.0
2017-06-17,-3.4,521.0
2017-06-18,-2.4,558.0
2017-06-19,0.8,512.0
2017-06-20,-0.6,404.0
2017-06-21,-0.6,341.0
2017-06-22,-3.9,332.0
2017-06-23,0.6,342.0
2017-06-24,3.1,357.0
2017-06-25,2.0,394.0
2017-06-26,-0.8,507.0
2017-06-27,0.2,503.0
2017-06-28,0.7,443.0
2017-06-29,1.6,421.0
2017-06-30,0.0,361.0
2017-07-01,-0.4,347.0
2017-07-02,5.8,395.0
2017-07-03,4.8,448.0
2017-07-04,1.0,396.0
2017-07-05,-0.8,345.0
2017-07-06,0.2,315.0
2017-07-07,0.0,386.0
2017-07-08,-0.5,341.0
2017-07-09,-2.9,344.0
2017-07-10,1.5,506.0
2017-07-11,4.9,557.0
2017-07-12,-1.2,521.0
2017-07-13,0.3,431.0
2017-07-14,0.6,372.0
2017-07-15,0.6,352.0
2017-07-16,-0.2,318.0
2017-07-17,-1.5,565.0
2017-07-18,-1.8,496.0
2017-07-19,0.3,490.0
2017-07-20,0.1,387.0
2017-07-21,-4.4,487.0
2017-07-22,3.9,613.0
2017-07-23,1.4,586.0
2017-07-24,2.0,602.0
2017-07-25,-0.7,612.0
2017-07-26,1.0,615.0
2017-07-27,-0.4,521.0
2017-07-28,0.4,418.0
2017-07-29,1.5,406.0
2017-07-30,-0.5,375.0
2017-07-31,4.4,334.0
2017-08-01,-0.7,330.0
2017-08-02,4.3,421.0
2017-08-03,0.0,351.0
2017-08-04,11.2,410.0
2017-08-05,0.4,663.0
2017-08-06,-0.3,606.0
2017-08-07,0.1,562.0
2017-08-08,0.3,459.0
2017-08-09,1.5,387.0
2017-08-10,-2.4,394.0
2017-08-11,2.0,377.0
2017-08-12,1.8,478.0
2017-08-13,-0.1,555.0
2017-08-14,-2.1,571.0
2017-08-15,-0.6,436.0
2017-08-16,-0.9,368.0
2017-08-17,-0.7,401.0
2017-08-18,1.9,539.0
2017-08-19,-3.4,595.0
2017-08-20,-1.3,705.0
2017-08-21,-0.5,638.0
2017-08-22,-3.0,573.0
2017-08-23,-1.9,476.0
2017-08-24,-2.1,434.0
2017-08-25,0.1,358.0
2017-08-26,-0.5,346.0
2017-08-27,-1.0,318.0
2017-08-28,-1.6,294.0
2017-08-29,2.1,310.0
2017-08-30,1.4,372.0
2017-08-31,0.6,363.0
2017-09-01,-1.9,580.0
2017-09-02,2.8,592.0
2017-09-03,-1.7,545.0
2017-09-04,-2.4,500.0
2017-09-05,1.1,580.0
2017-09-06,1.9,466.0
2017-09-07,6.8,555.0
2017-09-08,-24.2,690.0
2017-09-09,-1.6,657.0
2017-09-10,1.1,508.0
2017-09-11,0.6,615.0
2017-09-12,1.1,522.0
2017-09-13,1.5,594.0
2017-09-14,1.7,349.0
2017-09-15,-0.9,666.0
2017-09-16,-1.9,682.0
2017-09-17,-1.4,676.0
2017-09-18,0.7,623.0
2017-09-19,-1.3,544.0
2017-09-20,-2.5,501.0
2017-09-21,-0.8,429.0
2017-09-22,0.2,391.0
2017-09-23,999.9,357.0
2017-09-24,-1.2,343.0
2017-09-25,3.1,369.0
2017-09-26,0.0,340.0
2017-09-27,-5.5,343.0
2017-09-28,-2.3,621.0
2017-09-29,0.3,612.0
2017-09-30,0.0,533.0
2017-10-01,-3.1,490.0
2017-10-02,0.4,410.0
2017-10-03,-0.7,377.0
2017-10-04,-1.2,395.0
2017-10-05,-1.8,366.0
2017-10-06,-1.5,400.0
2017-10-07,2.1,388.0
2017-10-08,-1.3,441.0
2017-10-09,-1.8,383.0
2017-10-10,2.9,328.0
2017-10-11,-4.7,358.0
2017-10-12,-4.0,499.0
2017-10-13,1.2,482.0
2017-10-14,-3.1,689.0
2017-10-15,-3.1,667.0
2017-10-16,-0.8,550.0
2017-10-17,-0.3,502.0
2017-10-18,-0.1,424.0
2017-10-19,-3.0,350.0
2017-10-20,1.5,461.0
2017-10-21,-0.1,358.0
2017-10-22,-4.4,474.0
2017-10-23,-0.7,389.0
2017-10-24,-0.1,358.0
2017-10-25,-1.6,603.0
2017-10-26,-0.2,565.0
2017-10-27,-1.0,477.0
2017-10-28,-1.1,397.0
2017-10-29,-2.0,354.0
2017-10-30,0.3,318.0
2017-10-31,-1.8,293.0
2017-11-01,-2.8,281.0
2017-11-02,-4.2,297.0
2017-11-03,-5.4,392.0
2017-11-04,1.0,396.0
2017-11-05,-1.4,386.0
2017-11-06,0.5,356.0
2017-11-07,-1.1,308.0
2017-11-08,0.4,623.0
2017-11-09,-0.3,583.0
2017-11-10,1.9,556.0
2017-11-11,1.6,620.0
2017-11-12,0.5,528.0
2017-11-13,0.0,405.0
2017-11-14,-3.5,367.0
2017-11-15,0.1,389.0
2017-11-16,3.9,469.0
2017-11-17,0.2,465.0
2017-11-18,1.6,418.0
2017-11-19,1.1,393.0
2017-11-20,-0.1,359.0
2017-11-21,-0.1,421.0
2017-11-22,-0.7,560.0
2017-11-23,0.0,460.0
2017-11-24,-0.2,391.0
2017-11-25,3.5,428.0
2017-11-26,-0.3,330.0
2017-11-27,1.3,333.0
2017-11-28,-5.7,410.0
2017-11-29,1.0,410.0
2017-11-30,6.5,420.0
2017-12-01,2.5,482.0
2017-12-02,1.4,442.0
2017-12-03,-1.0,365.0
2017-12-04,3.2,320.0
2017-12-05,-0.4,417.0
2017-12-06,-0.8,572.0
2017-12-07,1.1,482.0
2017-12-08,-0.5,478.0
2017-12-09,-2.6,390.0
2017-12-10,0.8,348.0
2017-12-11,-2.5,334.0
2017-12-12,-2.2,423.0
2017-12-13,2.2,461.0
2017-12-14,-2.7,429.0
2017-12-15,0.7,369.0
2017-12-16,2.2,360.0
2017-12-17,0.8,369.0
2017-12-18,1.3,584.0
2017-12-19,1.3,553.0
2017-12-20,-1.3,464.0
2017-12-21,0.8,398.0
2017-12-22,1.8,339.0
2017-12-23,-2.5,326.0
2017-12-24,1.3,357.0
2017-12-25,-0.6,539.0
2017-12-26,-3.7,454.0
2017-12-27,-1.2,452.0
2017-12-28,0.1,384.0
2017-12-29,-0.2,354.0
2017-12-30,-1.2,367.0
2017-12-31,-0.8,360.0
2018-01-01,-5.0,381.0
2018-01-02,-0.2,431.0
2018-01-03,0.7,392.0
2018-01-04,1.3,368.0
2018-01-05,0.9,373.0
2018-01-06,1.0,328.0
2018-01-07,-0.7,292.0
2018-01-08,0.9,296.0
2018-01-09,0.7,493.0
2018-01-10,2.5,468.0
2018-01-11,0.3,403.0
2018-01-12,-0.0,354.0
2018-01-13,2.5,325.0
2018-01-14,1.2,584.0
2018-01-15,-2.2,484.0
2018-01-16,-0.6,461.0
2018-01-17,0.5,347.0
2018-01-18,1.4,323.0
2018-01-19,0.1,328.0
2018-01-20,-0.8,371.0
2018-01-21,-0.6,388.0
2018-01-22,-1.1,520.0
2018-01-23,-1.4,474.0
2018-01-24,0.7,392.0
2018-01-25,-3.3,406.0
2018-01-26,-2.5,419.0
2018-01-27,-1.1,455.0
2018-01-28,0.2,378.0
2018-01-29,-0.7,344.0
2018-01-30,-0.2,333.0
2018-01-31,2.2,331.0
2018-02-01,-1.3,418.0
2018-02-02,-2.0,370.0
2018-02-03,0.7,321.0
2018-02-04,0.4,324.0
2018-02-05,-0.8,392.0
2018-02-06,1.9,384.0
2018-02-07,0.6,396.0
2018-02-08,0.2,370.0
2018-02-09,-1.8,364.0
2018-02-10,-1.1,324.0
2018-02-11,3.6,382.0
2018-02-12,4.1,311.0
2018-02-13,1.6,333.0
2018-02-14,-0.1,309.0
2018-02-15,-2.2,301.0
2018-02-16,2.1,361.0
2018-02-17,-0.6,417.0
2018-02-18,-3.6,471.0
2018-02-19,-2.7,602.0
2018-02-20,-1.2,516.0
2018-02-21,-0.3,368.0
2018-02-22,-1.6,388.0
2018-02-23,1.8,443.0
2018-02-24,-4.3,518.0
2018-02-25,-0.6,422.0
2018-02-26,-1.8,387.0
2018-02-27,-4.0,414.0
2018-02-28,0.4,489.0
2018-03-01,-1.1,410.0
2018-03-02,-1.8,352.0
2018-03-03,-1.3,321.0
2018-03-04,3.0,325.0
2018-03-05,1.1,345.0
2018-03-06,0.6,364.0
2018-03-07,1.9,394.0
2018-03-08,1.0,371.0
2018-03-09,1.5,346.0
2018-03-10,-4.4,441.0
2018-03-11,9.0,376.0
2018-03-12,1.0,367.0
2018-03-13,1.5,351.0
2018-03-14,1.0,336.0
2018-03-15,-6.0,411.0
2018-03-16,0.4,476.0
2018-03-17,-4.2,460.0
2018-03-18,0.9,519.0
2018-03-19,-2.1,582.0
2018-03-20,-0.2,478.0
2018-03-21,-0.7,370.0
2018-03-22,-0.8,349.0
2018-03-23,-3.2,411.0
2018-03-24,-1.9,480.0
2018-03-25,-1.2,465.0
2018-03-26,-0.7,477.0
2018-03-27,-1.3,472.0
2018-03-28,-1.6,445.0
2018-03-29,0.3,358.0
2018-03-30,1.3,428.0
2018-03-31,2.4,417.0
2018-04-01,-0.3,409.0
2018-04-02,0.5,438.0
2018-04-03,-1.2,387.0
2018-04-04,1.8,341.0
2018-04-05,-2.0,332.0
2018-04-06,0.9,434.0
2018-04-07,0.5,349.0
2018-04-08,0.5,378.0
2018-04-09,-1.2,356.0
2018-04-10,2.1,476.0
2018-04-11,-1.2,559.0
2018-04-12,-0.2,520.0
2018-04-13,-2.4,497.0
2018-04-14,1.3,416.0
2018-04-15,-2.4,356.0
2018-04-16,-2.5,308.0
2018-04-17,-1.9,283.0
2018-04-18,-2.1,303.0
2018-04-19,-0.2,305.0
2018-04-20,-0.8,296.0
2018-04-21,0.2,629.0
2018-04-22,-0.8,540.0
2018-04-23,-2.9,421.0
2018-04-24,0.5,362.0
2018-04-25,-3.2,359.0
2018-04-26,-0.9,325.0
2018-04-27,-0.1,362.0
2018-04-28,2.8,380.0
2018-04-29,-0.5,362.0
2018-04-30,4.1,361.0
2018-05-01,1.8,378.0
2018-05-02,3.8,403.0
2018-05-03,2.7,371.0
2018-05-04,1.7,355.0
2018-05-05,-0.7,324.0
2018-05-06,-5.2,622.0
2018-05-07,-0.7,638.0
2018-05-08,-0.5,583.0
2018-05-09,0.7,662.0
2018-05-10,-2.2,562.0
2018-05-11,-0.8,502.0
2018-05-12,-2.8,452.0
2018-05-13,0.3,463.0
2018-05-14,-0.3,424.0
2018-05-15,0.9,358.0
2018-05-16,1.4,344.0
2018-05-17,-5.1,344.0
2018-05-18,-2.5,414.0
2018-05-19,-0.0,409.0
2018-05-20,-2.0,365.0
2018-05-21,-0.5,348.0
2018-05-22,-0.7,305.0
2018-05-23,3.6,358.0
2018-05-24,-0.7,504.0
2018-05-25,-1.0,411.0
2018-05-26,2.0,355.0
2018-05-27,0.8,346.0
2018-05-28,2.5,379.0
2018-05-29,1.4,356.0
2018-05-30,0.8,347.0
2018-05-31,1.7,362.0
2018-06-01,-3.0,468.0
2018-06-02,1.4,680.0
2018-06-03,-1.0,659.0
2018-06-04,0.5,624.0
2018-06-05,-0.3,459.0
2018-06-06,-0.5,423.0
2018-06-07,-2.3,408.0
2018-06-08,-0.2,371.0
2018-06-09,-1.0,350.0
2018-06-10,0.7,334.0
2018-06-11,-2.6,315.0
2018-06-12,-1.4,296.0
2018-06-13,-0.9,299.0
2018-06-14,-2.0,305.0
2018-06-15,0.3,318.0
2018-06-16,0.3,301.0
2018-06-17,-2.0,300.0
2018-06-18,-6.9,377.0
2018-06-19,-0.2,499.0
2018-06-20,-0.6,441.0
2018-06-21,-1.5,438.0
2018-06-22,1.6,374.0
2018-06-23,-4.0,335.0
2018-06-24,-0.5,497.0
2018-06-25,0.7,431.0
2018-06-26,-6.7,412.0
2018-06-27,1.8,626.0
2018-06-28,1.6,516.0
2018-06-29,0.8,495.0
2018-06-30,-0.6,414.0
2018-07-01,-0.8,423.0
2018-07-02,-0.0,364.0
2018-07-03,-0.2,320.0
2018-07-04,4.9,339.0
2018-07-05,-1.8,322.0
2018-07-06,-1.6,430.0
2018-07-07,0.4,459.0
2018-07-08,-0.3,458.0
2018-07-09,-0.4,414.0
2018-07-10,-1.2,366.0
2018-07-11,5.0,335.0
2018-07-12,1.3,364.0
2018-07-13,-2.4,445.0
2018-07-14,2.0,465.0
2018-07-15,-1.5,404.0
2018-07-16,-0.3,327.0
2018-07-17,8.0,347.0
2018-07-18,1.0,406.0
2018-07-19,-0.5,377.0
2018-07-20,3.7,382.0
2018-07-21,-1.5,452.0
2018-07-22,1.5,452.0
2018-07-23,1.4,452.0
2018-07-24,-1.7,397.0
2018-07-25,-2.3,559.0
2018-07-26,0.8,535.0
2018-07-27,-0.1,398.0
2018-07-28,0.2,389.0
2018-07-29,-2.1,361.0
2018-07-30,-0.8,319.0
2018-07-31,-2.2,339.0
2018-08-01,-0.6,315.0
2018-08-02,0.2,376.0
2018-08-03,1.7,392.0
2018-08-04,-1.9,381.0
2018-08-05,-0.1,355.0
2018-08-06,2.4,329.0
2018-08-07,0.4,322.0
2018-08-08,1.3,375.0
2018-08-09,0.2,404.0
2018-08-10,-1.0,341.0
2018-08-11,-0.8,373.0
2018-08-12,0.4,392.0
2018-08-13,1.9,398.0
2018-08-14,-0.9,353.0
2018-08-15,-0.4,339.0
2018-08-16,-1.9,496.0
2018-08-17,-0.0,458.0
2018-08-18,0.7,522.0
2018-08-19,-0.8,466.0
2018-08-20,-1.3,506.0
2018-08-21,-0.5,659.0
2018-08-22,-0.9,531.0
2018-08-23,-0.3,436.0
2018-08-24,1.9,360.0
2018-08-25,2.2,331.0
2018-08-26,-10.8,407.0
2018-08-27,1.8,530.0
2018-08-28,-1.2,573.0
2018-08-29,-0.5,538.0
2018-08-30,-0.7,453.0
2018-08-31,1.1,386.0
2018-09-01,0.3,383.0
2018-09-02,-1.8,353.0
2018-09-03,-0.1,343.0
2018-09-04,1.9,346.0
2018-09-05,-2.5,427.0
2018-09-06,-0.9,434.0
2018-09-07,0.3,401.0
2018-09-08,0.3,401.0
2018-09-09,0.4,399.0
2018-09-10,0.1,405.0
2018-09-11,7.2,489.0
2018-09-12,3.0,544.0
2018-09-13,-2.6,486.0
2018-09-14,-1.3,565.0
2018-09-15,-0.3,679.0
2018-09-16,-0.3,464.0
2018-09-17,-1.9,381.0
2018-09-18,2.5,529.0
2018-09-19,1.7,484.0
2018-09-20,2.3,396.0
2018-09-21,-0.5,327.0
2018-09-22,-3.8,386.0
2018-09-23,-2.7,494.0
2018-09-24,1.3,454.0
2018-09-25,1.4,430.0
2018-09-26,0.6,408.0
2018-09-27,0.2,420.0
2018-09-28,-2.3,418.0
2018-09-29,-0.6,371.0
2018-09-30,3.4,469.0
2018-10-01,0.4,397.0
2018-10-02,-0.4,480.0
2018-10-03,0.1,437.0
2018-10-04,1.1,493.0
2018-10-05,-2.5,390.0
2018-10-06,-2.4,366.0
2018-10-07,0.3,354.0
2018-10-08,-1.7,566.0
2018-10-09,-0.8,547.0
2018-10-10,-0.8,563.0
2018-10-11,-2.6,503.0
2018-10-12,-1.7,451.0
2018-10-13,0.1,347.0
2018-10-14,0.3,482.0
2018-10-15,0.5,581.0
2018-10-16,0.7,594.0
2018-10-17,1.2,465.0
2018-10-18,0.7,376.0
2018-10-19,0.5,321.0
2018-10-20,0.6,307.0
2018-10-21,1.0,289.0
2018-10-22,-1.7,381.0
2018-10-23,-2.3,334.0
2018-10-24,2.4,326.0
2018-10-25,0.8,349.0
2018-10-26,-2.3,348.0
2018-10-27,1.3,403.0
2018-10-28,-0.6,337.0
2018-10-29,2.7,310.0
2018-10-30,-1.4,320.0
2018-10-31,3.0,304.0
2018-11-01,0.3,327.0
2018-11-02,-1.3,337.0
2018-11-03,-0.7,355.0
2018-11-04,-0.5,341.0
2018-11-05,5.1,482.0
2018-11-06,-0.7,534.0
2018-11-07,-1.3,444.0
2018-11-08,1.5,417.0
2018-11-09,-0.9,447.0
2018-11-10,5.3,473.0
2018-11-11,-0.7,593.0
2018-11-12,1.4,609.0
2018-11-13,-0.5,612.0
2018-11-14,1.2,420.0
2018-11-15,-1.5,384.0
2018-11-16,3.2,357.0
2018-11-17,0.2,335.0
2018-11-18,-0.9,301.0
2018-11-19,-1.2,334.0
2018-11-20,-4.1,327.0
2018-11-21,1.2,398.0
2018-11-22,-1.6,398.0
2018-11-23,-0.4,364.0
2018-11-24,1.8,354.0
2018-11-25,-0.1,350.0
2018-11-26,-1.2,333.0
2018-11-27,-1.3,308.0
2018-11-28,-0.6,420.0
2018-11-29,-1.0,378.0
2018-11-30,-1.1,371.0
2018-12-01,0.4,306.0
2018-12-02,2.2,405.0
2018-12-03,5.3,440.0
2018-12-04,-3.0,451.0
2018-12-05,0.6,468.0
2018-12-06,0.4,402.0
2018-12-07,0.2,392.0
2018-12-08,2.4,474.0
2018-12-09,1.5,591.0
2018-12-10,0.4,644.0
2018-12-11,0.2,562.0
2018-12-12,-0.7,506.0
2018-12-13,-1.2,405.0
2018-12-14,1.4,355.0
2018-12-15,0.4,343.0
2018-12-16,-1.0,309.0
2018-12-17,3.6,340.0
2018-12-18,-4.4,417.0
2018-12-19,-0.1,440.0
2018-12-20,-0.1,572.0
2018-12-21,-1.2,536.0
2018-12-22,-0.6,378.0
2018-12-23,0.0,361.0
2018-12-24,0.3,321.0
2018-12-25,-3.6,334.0
2018-12-26,1.9,364.0
2018-12-27,1.2,330.0
2018-12-28,-4.6,392.0
2018-12-29,1.1,561.0
2018-12-30,1.1,511.0
2018-12-31,-1.1,525.0
2019-01-01,1.7,456.0
2019-01-02,-1.0,377.0
2019-01-03,-1.0,336.0
2019-01-04,-1.3,315.0
2019-01-05,4.2,416.0
2019-01-06,-1.0,477.0
2019-01-07,0.5,531.0
2019-01-08,0.7,461.0
2019-01-09,-0.7,431.0
2019-01-10,1.1,403.0
2019-01-11,-1.5,439.0
2019-01-12,-0.4,404.0
2019-01-13,-1.9,362.0
2019-01-14,1.4,333.0
2019-01-15,-1.0,347.0
2019-01-16,1.9,405.0
2019-01-17,-2.6,387.0
2019-01-18,3.2,484.0
2019-01-19,0.6,415.0
2019-01-20,-1.3,365.0
2019-01-21,-0.7,346.0
2019-01-22,-0.1,308.0
2019-01-23,-4.2,340.0
2019-01-24,-1.1,505.0
2019-01-25,3.7,607.0
2019-01-26,0.5,546.0
2019-01-27,-1.3,445.0
2019-01-28,-0.4,401.0
2019-01-29,0.4,368.0
2019-01-30,-0.6,314.0
2019-01-31,1.1,293.0
2019-02-01,0.1,534.0
2019-02-02,-2.6,538.0
2019-02-03,-2.8,604.0
2019-02-04,-1.0,468.0
2019-02-05,-1.3,399.0
2019-02-06,2.6,343.0
2019-02-07,-2.0,402.0
2019-02-08,-0.3,388.0
2019-02-09,-2.3,455.0
2019-02-10,-1.0,452.0
2019-02-11,-1.5,378.0
2019-02-12,-2.3,396.0
2019-02-13,-0.5,381.0
2019-02-14,0.7,479.0
2019-02-15,0.4,471.0
2019-02-16,0.1,392.0
2019-02-17,0.8,353.0
2019-02-18,-3.8,356.0
2019-02-19,-1.8,354.0
2019-02-20,-1.0,306.0
2019-02-21,0.1,368.0
2019-02-22,2.4,466.0
2019-02-23,2.3,417.0
2019-02-24,0.1,334.0
2019-02-25,1.9,308.0
2019-02-26,-1.6,340.0
2019-02-27,-1.0,315.0
2019-02-28,-3.6,461.0
2019-03-01,-3.4,588.0
2019-03-02,-1.6,567.0
2019-03-03,-0.9,478.0
2019-03-04,-1.7,428.0
2019-03-05,-3.1,382.0
2019-03-06,0.5,360.0
2019-03-07,2.3,392.0
2019-03-08,-1.1,414.0
2019-03-09,1.6,404.0
2019-03-10,-1.5,421.0
2019-03-11,3.3,358.0
2019-03-12,2.7,320.0
2019-03-13,-1.8,342.0
2019-03-14,1.0,351.0
2019-03-15,-4.3,353.0
2019-03-16,2.0,376.0
2019-03-17,-5.6,440.0
2019-03-18,2.2,374.0
2019-03-19,0.0,341.0
2019-03-20,2.7,402.0
2019-03-21,0.8,373.0
2019-03-22,2.6,330.0
2019-03-23,0.6,318.0
2019-03-24,1.8,263.0
2019-03-25,2.2,303.0
2019-03-26,-1.8,328.0
2019-03-27,-2.5,362.0
2019-03-28,-0.1,340.0
2019-03-29,-0.5,512.0
2019-03-30,-1.7,411.0
2019-03-31,-1.3,379.0
2019-04-01,-1.8,401.0
2019-04-02,-0.9,379.0
2019-04-03,-1.6,383.0
2019-04-04,-1.6,469.0
2019-04-05,1.5,473.0
2019-04-06,1.8,521.0
2019-04-07,0.4,414.0
2019-04-08,-3.1,382.0
2019-04-09,-3.3,404.0
2019-04-10,-4.2,443.0
2019-04-11,-1.3,438.0
2019-04-12,-2.6,431.0
2019-04-13,-0.6,418.0
2019-04-14,0.0,384.0
2019-04-15,-2.9,319.0
2019-04-16,-0.7,350.0
2019-04-17,-0.1,348.0
2019-04-18,3.5,330.0
2019-04-19,1.1,309.0
2019-04-20,-0.9,335.0
2019-04-21,-0.0,331.0
2019-04-22,3.2,341.0
2019-04-23,1.0,361.0
2019-04-24,-3.1,403.0
2019-04-25,-0.5,357.0
2019-04-26,0.3,384.0
2019-04-27,-2.1,351.0
2019-04-28,-0.6,366.0
2019-04-29,-0.4,377.0
2019-04-30,-3.1,323.0
2019-05-01,2.1,311.0
2019-05-02,-1.3,495.0
2019-05-03,-1.8,466.0
2019-05-04,3.2,392.0
2019-05-05,-1.4,479.0
2019-05-06,-0.3,351.0
2019-05-07,-1.7,361.0
2019-05-08,-0.6,341.0
2019-05-09,-0.7,309.0
2019-05-10,-3.1,375.0
2019-05-11,-6.4,356.0
2019-05-12,-5.1,347.0
2019-05-13,-1.8,321.0
2019-05-14,-0.9,444.0
2019-05-15,3.8,476.0
2019-05-16,3.7,419.0
2019-05-17,5.3,477.0
2019-05-18,2.7,421.0
2019-05-19,2.2,399.0
2019-05-20,-4.8,394.0
2019-05-21,1.7,382.0
2019-05-22,1.4,356.0
2019-05-23,-0.1,348.0
2019-05-24,-0.2,351.0
2019-05-25,-0.7,340.0
2019-05-26,-1.0,331.0
2019-05-27,3.1,355.0
2019-05-28,3.6,320.0
2019-05-29,0.6,461.0
2019-05-30,-3.5,540.0
2019-05-31,-0.6,497.0
2019-06-01,-0.6,367.0
2019-06-02,-1.8,340.0
2019-06-03,-2.2,311.0
2019-06-04,1.6,329.0
2019-06-05,-2.9,344.0
2019-06-06,-0.1,326.0
2019-06-07,-0.9,302.0
2019-06-08,-1.3,286.0
2019-06-09,-1.1,401.0
2019-06-10,0.7,367.0
2019-06-11,-1.3,338.0
2019-06-12,-1.9,310.0
2019-06-13,1.9,388.0
2019-06-14,4.6,467.0
2019-06-15,1.2,425.0
2019-06-16,-0.9,364.0
2019-06-17,-0.5,332.0
2019-06-18,3.2,333.0
2019-06-19,3.3,315.0
2019-06-20,1.5,336.0
2019-06-21,-0.1,356.0
2019-06-22,-2.4,394.0
2019-06-23,0.2,352.0
2019-06-24,-1.1,332.0
2019-06-25,0.3,319.0
2019-06-26,-0.5,347.0
2019-06-27,-0.1,388.0
2019-06-28,-1.7,346.0
2019-06-29,-0.2,340.0
2019-06-30,-2.4,325.0
2019-07-01,-4.3,333.0
2019-07-02,-2.6,361.0
2019-07-03,3.6,322.0
2019-07-04,-0.4,360.0
2019-07-05,1.6,378.0
2019-07-06,-0.8,390.0
2019-07-07,-0.5,344.0
2019-07-08,-4.0,334.0
2019-07-09,6.0,391.0
2019-07-10,1.1,611.0
2019-07-11,-1.4,589.0
2019-07-12,-0.1,471.0
2019-07-13,1.9,427.0
2019-07-14,0.1,432.0
2019-07-15,1.4,434.0
2019-07-16,-1.7,414.0
2019-07-17,0.1,373.0
2019-07-18,-0.2,417.0
2019-07-19,0.6,360.0
2019-07-20,-0.7,334.0
2019-07-21,0.3,324.0
2019-07-22,1.2,360.0
2019-07-23,-0.6,359.0
2019-07-24,-0.0,411.0
2019-07-25,1.7,356.0
2019-07-26,1.8,351.0
2019-07-27,-0.9,320.0
2019-07-28,-2.1,337.0
2019-07-29,-1.1,347.0
2019-07-30,-0.9,351.0
2019-07-31,6.4,453.0
2019-08-01,-1.3,476.0
2019-08-02,0.4,493.0
2019-08-03,0.4,394.0
2019-08-04,-0.1,343.0
2019-08-05,0.6,324.0
2019-08-06,-1.6,705.0
2019-08-07,-1.1,601.0
2019-08-08,-1.5,447.0
2019-08-09,2.2,519.0
2019-08-10,-2.0,630.0
2019-08-11,0.2,478.0
2019-08-12,0.2,393.0
2019-08-13,0.2,457.0
2019-08-14,0.5,461.0
2019-08-15,1.4,467.0
2019-08-16,-0.9,425.0
2019-08-17,0.4,366.0
2019-08-18,-2.5,358.0
2019-08-19,-2.0,361.0
2019-08-20,0.2,328.0
2019-08-21,0.1,404.0
2019-08-22,-0.1,352.0
2019-08-23,2.7,362.0
2019-08-24,0.1,359.0
2019-08-25,-0.7,333.0
2019-08-26,-0.6,325.0
2019-08-27,-2.4,345.0
2019-08-28,0.1,443.0
2019-08-29,0.0,420.0
2019-08-30,1.7,383.0
2019-08-31,-1.4,555.0
2019-09-01,-2.3,681.0
2019-09-02,-3.4,716.0
2019-09-03,0.4,659.0
2019-09-04,-0.5,585.0
2019-09-05,0.8,548.0
2019-09-06,1.6,472.0
2019-09-07,-0.7,487.0
2019-09-08,-2.8,421.0
2019-09-09,-2.1,405.0
2019-09-10,-0.1,456.0
2019-09-11,0.6,449.0
2019-09-12,-1.1,398.0
2019-09-13,4.3,453.0
2019-09-14,1.6,506.0
2019-09-15,-0.8,421.0
2019-09-16,-0.2,462.0
2019-09-17,-2.1,423.0
2019-09-18,-2.3,436.0
2019-09-19,1.7,388.0
2019-09-20,-2.0,359.0
2019-09-21,-0.8,295.0
2019-09-22,-1.7,339.0
2019-09-23,1.0,324.0
2019-09-24,-4.0,322.0
2019-09-25,3.4,497.0
2019-09-26,-1.9,387.0
2019-09-27,0.4,348.0
2019-09-28,-0.1,695.0
2019-09-29,-1.0,584.0
2019-09-30,-1.5,473.0
2019-10-01,4.0,470.0
2019-10-02,-2.5,485.0
2019-10-03,0.9,460.0
2019-10-04,-0.7,408.0
2019-10-05,0.1,403.0
2019-10-06,0.7,399.0
2019-10-07,0.1,359.0
2019-10-08,0.3,382.0
2019-10-09,-0.7,379.0
2019-10-10,6.1,389.0
2019-10-11,0.1,477.0
2019-10-12,-0.3,435.0
2019-10-13,-0.1,377.0
2019-10-14,-1.7,323.0
2019-10-15,6.1,335.0
2019-10-16,2.5,360.0
2019-10-17,-1.1,398.0
2019-10-18,-0.1,362.0
2019-10-19,-0.2,327.0
2019-10-20,-1.2,334.0
2019-10-21,-1.1,339.0
2019-10-22,-0.6,342.0
2019-10-23,1.6,343.0
2019-10-24,-1.0,332.0
2019-10-25,1.5,580.0
2019-10-26,1.1,577.0
2019-10-27,-1.4,624.0
2019-10-28,1.3,579.0
2019-10-29,-2.4,453.0
2019-10-30,3.1,387.0
2019-10-31,5.6,375.0
2019-11-01,0.3,412.0
2019-11-02,0.6,370.0
2019-11-03,-1.8,342.0
2019-11-04,-2.1,313.0
2019-11-05,-0.3,381.0
2019-11-06,-1.5,413.0
2019-11-07,-1.4,423.0
2019-11-08,-0.8,353.0
2019-11-09,-1.1,326.0
2019-11-10,-1.4,339.0
2019-11-11,-0.6,315.0
2019-11-12,0.1,361.0
2019-11-13,3.9,294.0
2019-11-14,-1.7,340.0
2019-11-15,0.8,339.0
2019-11-16,-1.7,366.0
2019-11-17,0.5,413.0
2019-11-18,1.2,355.0
2019-11-19,0.8,356.0
2019-11-20,0.3,336.0
2019-11-21,5.5,369.0
2019-11-22,-0.6,569.0
2019-11-23,-0.8,475.0
2019-11-24,-0.1,524.0
2019-11-25,-0.0,430.0
2019-11-26,0.6,446.0
2019-11-27,-0.3,410.0
2019-11-28,-1.2,376.0
2019-11-29,1.7,342.0
2019-11-30,-0.5,359.0
2019-12-01,0.2,385.0
2019-12-02,1.4,349.0
2019-12-03,0.5,323.0
2019-12-04,1.4,315.0
2019-12-05,1.2,302.0
2019-12-06,2.0,353.0
2019-12-07,-0.5,357.0
2019-12-08,-1.9,342.0
2019-12-09,-3.0,362.0
2019-12-10,2.7,340.0
2019-12-11,0.5,439.0
2019-12-12,-1.5,406.0
2019-12-13,-1.0,391.0
2019-12-14,-1.2,356.0
2019-12-15,0.3,391.0
2019-12-16,0.9,408.0
2019-12-17,2.4,339.0
2019-12-18,1.2,344.0
2019-12-19,0.0,516.0
2019-12-20,1.1,480.0
2019-12-21,-1.7,423.0
2019-12-22,-1.1,339.0
2019-12-23,1.1,349.0
2019-12-24,-0.6,347.0
2019-12-25,1.7,311.0
2019-12-26,0.4,347.0
2019-12-27,-1.7,378.0
2019-12-28,-0.5,361.0
2019-12-29,0.9,321.0
2019-12-30,-0.7,298.0
2019-12-31,0.5,308.0
2020-01-01,-0.3,295.0
